Latitude,Longitude
-60.0,-180.0
-60.0,-178.0
-60.0,-176.0
-60.0,-174.0
-60.0,-172.0
-60.0,-170.0
-60.0,-168.0
-60.0,-166.0
-60.0,-164.0
-60.0,-162.0
-60.0,-160.0
-60.0,-158.0
-60.0,-156.0
-60.0,-154.0
-60.0,-152.0
-60.0,-150.0
-60.0,-148.0
-60.0,-146.0
-60.0,-144.0
-60.0,-142.0
-60.0,-140.0
-60.0,-138.0
-60.0,-136.0
-60.0,-134.0
-60.0,-132.0
-60.0,-130.0
-60.0,-128.0
-60.0,-126.0
-60.0,-124.0
-60.0,-122.0
-60.0,-120.0
-60.0,-118.0
-60.0,-116.0
-60.0,-114.0
-60.0,-112.0
-60.0,-110.0
-60.0,-108.0
-60.0,-106.0
-60.0,-104.0
-60.0,-102.0
-60.0,-100.0
-60.0,-98.0
-60.0,-96.0
-60.0,-94.0
-60.0,-92.0
-60.0,-90.0
-60.0,-88.0
-60.0,-86.0
-60.0,-84.0
-60.0,-82.0
-60.0,-80.0
-60.0,-78.0
-60.0,-76.0
-60.0,-74.0
-60.0,-72.0
-60.0,-70.0
-60.0,-68.0
-60.0,-66.0
-60.0,-64.0
-60.0,-62.0
-60.0,-60.0
-60.0,-58.0
-60.0,-56.0
-60.0,-54.0
-60.0,-52.0
-60.0,-50.0
-60.0,-48.0
-60.0,-46.0
-60.0,-44.0
-60.0,-42.0
-60.0,-40.0
-60.0,-38.0
-60.0,-36.0
-60.0,-34.0
-60.0,-32.0
-60.0,-30.0
-60.0,-28.0
-60.0,-26.0
-60.0,-24.0
-60.0,-22.0
-60.0,-20.0
-60.0,-18.0
-60.0,-16.0
-60.0,-14.0
-60.0,-12.0
-60.0,-10.0
-60.0,-8.0
-60.0,-6.0
-60.0,-4.0
-60.0,-2.0
-60.0,0.0
-60.0,2.0
-60.0,4.0
-60.0,6.0
-60.0,8.0
-60.0,10.0
-60.0,12.0
-60.0,14.0
-60.0,16.0
-60.0,18.0
-60.0,20.0
-60.0,22.0
-60.0,24.0
-60.0,26.0
-60.0,28.0
-60.0,30.0
-60.0,32.0
-60.0,34.0
-60.0,36.0
-60.0,38.0
-60.0,40.0
-60.0,42.0
-60.0,44.0
-60.0,46.0
-60.0,48.0
-60.0,50.0
-60.0,52.0
-60.0,54.0
-60.0,56.0
-60.0,58.0
-60.0,60.0
-60.0,62.0
-60.0,64.0
-60.0,66.0
-60.0,68.0
-60.0,70.0
-60.0,72.0
-60.0,74.0
-60.0,76.0
-60.0,78.0
-60.0,80.0
-60.0,82.0
-60.0,84.0
-60.0,86.0
-60.0,88.0
-60.0,90.0
-60.0,92.0
-60.0,94.0
-60.0,96.0
-60.0,98.0
-60.0,100.0
-60.0,102.0
-60.0,104.0
-60.0,106.0
-60.0,108.0
-60.0,110.0
-60.0,112.0
-60.0,114.0
-60.0,116.0
-60.0,118.0
-60.0,120.0
-60.0,122.0
-60.0,124.0
-60.0,126.0
-60.0,128.0
-60.0,130.0
-60.0,132.0
-60.0,134.0
-60.0,136.0
-60.0,138.0
-60.0,140.0
-60.0,142.0
-60.0,144.0
-60.0,146.0
-60.0,148.0
-60.0,150.0
-60.0,152.0
-60.0,154.0
-60.0,156.0
-60.0,158.0
-60.0,160.0
-60.0,162.0
-60.0,164.0
-60.0,166.0
-60.0,168.0
-60.0,170.0
-60.0,172.0
-60.0,174.0
-60.0,176.0
-60.0,178.0
-59.0,-180.0
-59.0,-178.0
-59.0,-176.0
-59.0,-174.0
-59.0,-172.0
-59.0,-170.0
-59.0,-168.0
-59.0,-166.0
-59.0,-164.0
-59.0,-162.0
-59.0,-160.0
-59.0,-158.0
-59.0,-156.0
-59.0,-154.0
-59.0,-152.0
-59.0,-150.0
-59.0,-148.0
-59.0,-146.0
-59.0,-144.0
-59.0,-142.0
-59.0,-140.0
-59.0,-138.0
-59.0,-136.0
-59.0,-134.0
-59.0,-132.0
-59.0,-130.0
-59.0,-128.0
-59.0,-126.0
-59.0,-124.0
-59.0,-122.0
-59.0,-120.0
-59.0,-118.0
-59.0,-116.0
-59.0,-114.0
-59.0,-112.0
-59.0,-110.0
-59.0,-108.0
-59.0,-106.0
-59.0,-104.0
-59.0,-102.0
-59.0,-100.0
-59.0,-98.0
-59.0,-96.0
-59.0,-94.0
-59.0,-92.0
-59.0,-90.0
-59.0,-88.0
-59.0,-86.0
-59.0,-84.0
-59.0,-82.0
-59.0,-80.0
-59.0,-78.0
-59.0,-76.0
-59.0,-74.0
-59.0,-72.0
-59.0,-70.0
-59.0,-68.0
-59.0,-66.0
-59.0,-64.0
-59.0,-62.0
-59.0,-60.0
-59.0,-58.0
-59.0,-56.0
-59.0,-54.0
-59.0,-52.0
-59.0,-50.0
-59.0,-48.0
-59.0,-46.0
-59.0,-44.0
-59.0,-42.0
-59.0,-40.0
-59.0,-38.0
-59.0,-36.0
-59.0,-34.0
-59.0,-32.0
-59.0,-30.0
-59.0,-28.0
-59.0,-26.0
-59.0,-24.0
-59.0,-22.0
-59.0,-20.0
-59.0,-18.0
-59.0,-16.0
-59.0,-14.0
-59.0,-12.0
-59.0,-10.0
-59.0,-8.0
-59.0,-6.0
-59.0,-4.0
-59.0,-2.0
-59.0,0.0
-59.0,2.0
-59.0,4.0
-59.0,6.0
-59.0,8.0
-59.0,10.0
-59.0,12.0
-59.0,14.0
-59.0,16.0
-59.0,18.0
-59.0,20.0
-59.0,22.0
-59.0,24.0
-59.0,26.0
-59.0,28.0
-59.0,30.0
-59.0,32.0
-59.0,34.0
-59.0,36.0
-59.0,38.0
-59.0,40.0
-59.0,42.0
-59.0,44.0
-59.0,46.0
-59.0,48.0
-59.0,50.0
-59.0,52.0
-59.0,54.0
-59.0,56.0
-59.0,58.0
-59.0,60.0
-59.0,62.0
-59.0,64.0
-59.0,66.0
-59.0,68.0
-59.0,70.0
-59.0,72.0
-59.0,74.0
-59.0,76.0
-59.0,78.0
-59.0,80.0
-59.0,82.0
-59.0,84.0
-59.0,86.0
-59.0,88.0
-59.0,90.0
-59.0,92.0
-59.0,94.0
-59.0,96.0
-59.0,98.0
-59.0,100.0
-59.0,102.0
-59.0,104.0
-59.0,106.0
-59.0,108.0
-59.0,110.0
-59.0,112.0
-59.0,114.0
-59.0,116.0
-59.0,118.0
-59.0,120.0
-59.0,122.0
-59.0,124.0
-59.0,126.0
-59.0,128.0
-59.0,130.0
-59.0,132.0
-59.0,134.0
-59.0,136.0
-59.0,138.0
-59.0,140.0
-59.0,142.0
-59.0,144.0
-59.0,146.0
-59.0,148.0
-59.0,150.0
-59.0,152.0
-59.0,154.0
-59.0,156.0
-59.0,158.0
-59.0,160.0
-59.0,162.0
-59.0,164.0
-59.0,166.0
-59.0,168.0
-59.0,170.0
-59.0,172.0
-59.0,174.0
-59.0,176.0
-59.0,178.0
-58.0,-180.0
-58.0,-178.0
-58.0,-176.0
-58.0,-174.0
-58.0,-172.0
-58.0,-170.0
-58.0,-168.0
-58.0,-166.0
-58.0,-164.0
-58.0,-162.0
-58.0,-160.0
-58.0,-158.0
-58.0,-156.0
-58.0,-154.0
-58.0,-152.0
-58.0,-150.0
-58.0,-148.0
-58.0,-146.0
-58.0,-144.0
-58.0,-142.0
-58.0,-140.0
-58.0,-138.0
-58.0,-136.0
-58.0,-134.0
-58.0,-132.0
-58.0,-130.0
-58.0,-128.0
-58.0,-126.0
-58.0,-124.0
-58.0,-122.0
-58.0,-120.0
-58.0,-118.0
-58.0,-116.0
-58.0,-114.0
-58.0,-112.0
-58.0,-110.0
-58.0,-108.0
-58.0,-106.0
-58.0,-104.0
-58.0,-102.0
-58.0,-100.0
-58.0,-98.0
-58.0,-96.0
-58.0,-94.0
-58.0,-92.0
-58.0,-90.0
-58.0,-88.0
-58.0,-86.0
-58.0,-84.0
-58.0,-82.0
-58.0,-80.0
-58.0,-78.0
-58.0,-76.0
-58.0,-74.0
-58.0,-72.0
-58.0,-70.0
-58.0,-68.0
-58.0,-66.0
-58.0,-64.0
-58.0,-62.0
-58.0,-60.0
-58.0,-58.0
-58.0,-56.0
-58.0,-54.0
-58.0,-52.0
-58.0,-50.0
-58.0,-48.0
-58.0,-46.0
-58.0,-44.0
-58.0,-42.0
-58.0,-40.0
-58.0,-38.0
-58.0,-36.0
-58.0,-34.0
-58.0,-32.0
-58.0,-30.0
-58.0,-28.0
-58.0,-26.0
-58.0,-24.0
-58.0,-22.0
-58.0,-20.0
-58.0,-18.0
-58.0,-16.0
-58.0,-14.0
-58.0,-12.0
-58.0,-10.0
-58.0,-8.0
-58.0,-6.0
-58.0,-4.0
-58.0,-2.0
-58.0,0.0
-58.0,2.0
-58.0,4.0
-58.0,6.0
-58.0,8.0
-58.0,10.0
-58.0,12.0
-58.0,14.0
-58.0,16.0
-58.0,18.0
-58.0,20.0
-58.0,22.0
-58.0,24.0
-58.0,26.0
-58.0,28.0
-58.0,30.0
-58.0,32.0
-58.0,34.0
-58.0,36.0
-58.0,38.0
-58.0,40.0
-58.0,42.0
-58.0,44.0
-58.0,46.0
-58.0,48.0
-58.0,50.0
-58.0,52.0
-58.0,54.0
-58.0,56.0
-58.0,58.0
-58.0,60.0
-58.0,62.0
-58.0,64.0
-58.0,66.0
-58.0,68.0
-58.0,70.0
-58.0,72.0
-58.0,74.0
-58.0,76.0
-58.0,78.0
-58.0,80.0
-58.0,82.0
-58.0,84.0
-58.0,86.0
-58.0,88.0
-58.0,90.0
-58.0,92.0
-58.0,94.0
-58.0,96.0
-58.0,98.0
-58.0,100.0
-58.0,102.0
-58.0,104.0
-58.0,106.0
-58.0,108.0
-58.0,110.0
-58.0,112.0
-58.0,114.0
-58.0,116.0
-58.0,118.0
-58.0,120.0
-58.0,122.0
-58.0,124.0
-58.0,126.0
-58.0,128.0
-58.0,130.0
-58.0,132.0
-58.0,134.0
-58.0,136.0
-58.0,138.0
-58.0,140.0
-58.0,142.0
-58.0,144.0
-58.0,146.0
-58.0,148.0
-58.0,150.0
-58.0,152.0
-58.0,154.0
-58.0,156.0
-58.0,158.0
-58.0,160.0
-58.0,162.0
-58.0,164.0
-58.0,166.0
-58.0,168.0
-58.0,170.0
-58.0,172.0
-58.0,174.0
-58.0,176.0
-58.0,178.0
-57.0,-180.0
-57.0,-178.0
-57.0,-176.0
-57.0,-174.0
-57.0,-172.0
-57.0,-170.0
-57.0,-168.0
-57.0,-166.0
-57.0,-164.0
-57.0,-162.0
-57.0,-160.0
-57.0,-158.0
-57.0,-156.0
-57.0,-154.0
-57.0,-152.0
-57.0,-150.0
-57.0,-148.0
-57.0,-146.0
-57.0,-144.0
-57.0,-142.0
-57.0,-140.0
-57.0,-138.0
-57.0,-136.0
-57.0,-134.0
-57.0,-132.0
-57.0,-130.0
-57.0,-128.0
-57.0,-126.0
-57.0,-124.0
-57.0,-122.0
-57.0,-120.0
-57.0,-118.0
-57.0,-116.0
-57.0,-114.0
-57.0,-112.0
-57.0,-110.0
-57.0,-108.0
-57.0,-106.0
-57.0,-104.0
-57.0,-102.0
-57.0,-100.0
-57.0,-98.0
-57.0,-96.0
-57.0,-94.0
-57.0,-92.0
-57.0,-90.0
-57.0,-88.0
-57.0,-86.0
-57.0,-84.0
-57.0,-82.0
-57.0,-80.0
-57.0,-78.0
-57.0,-76.0
-57.0,-74.0
-57.0,-72.0
-57.0,-70.0
-57.0,-68.0
-57.0,-66.0
-57.0,-64.0
-57.0,-62.0
-57.0,-60.0
-57.0,-58.0
-57.0,-56.0
-57.0,-54.0
-57.0,-52.0
-57.0,-50.0
-57.0,-48.0
-57.0,-46.0
-57.0,-44.0
-57.0,-42.0
-57.0,-40.0
-57.0,-38.0
-57.0,-36.0
-57.0,-34.0
-57.0,-32.0
-57.0,-30.0
-57.0,-28.0
-57.0,-26.0
-57.0,-24.0
-57.0,-22.0
-57.0,-20.0
-57.0,-18.0
-57.0,-16.0
-57.0,-14.0
-57.0,-12.0
-57.0,-10.0
-57.0,-8.0
-57.0,-6.0
-57.0,-4.0
-57.0,-2.0
-57.0,0.0
-57.0,2.0
-57.0,4.0
-57.0,6.0
-57.0,8.0
-57.0,10.0
-57.0,12.0
-57.0,14.0
-57.0,16.0
-57.0,18.0
-57.0,20.0
-57.0,22.0
-57.0,24.0
-57.0,26.0
-57.0,28.0
-57.0,30.0
-57.0,32.0
-57.0,34.0
-57.0,36.0
-57.0,38.0
-57.0,40.0
-57.0,42.0
-57.0,44.0
-57.0,46.0
-57.0,48.0
-57.0,50.0
-57.0,52.0
-57.0,54.0
-57.0,56.0
-57.0,58.0
-57.0,60.0
-57.0,62.0
-57.0,64.0
-57.0,66.0
-57.0,68.0
-57.0,70.0
-57.0,72.0
-57.0,74.0
-57.0,76.0
-57.0,78.0
-57.0,80.0
-57.0,82.0
-57.0,84.0
-57.0,86.0
-57.0,88.0
-57.0,90.0
-57.0,92.0
-57.0,94.0
-57.0,96.0
-57.0,98.0
-57.0,100.0
-57.0,102.0
-57.0,104.0
-57.0,106.0
-57.0,108.0
-57.0,110.0
-57.0,112.0
-57.0,114.0
-57.0,116.0
-57.0,118.0
-57.0,120.0
-57.0,122.0
-57.0,124.0
-57.0,126.0
-57.0,128.0
-57.0,130.0
-57.0,132.0
-57.0,134.0
-57.0,136.0
-57.0,138.0
-57.0,140.0
-57.0,142.0
-57.0,144.0
-57.0,146.0
-57.0,148.0
-57.0,150.0
-57.0,152.0
-57.0,154.0
-57.0,156.0
-57.0,158.0
-57.0,160.0
-57.0,162.0
-57.0,164.0
-57.0,166.0
-57.0,168.0
-57.0,170.0
-57.0,172.0
-57.0,174.0
-57.0,176.0
-57.0,178.0
-56.0,-180.0
-56.0,-178.0
-56.0,-176.0
-56.0,-174.0
-56.0,-172.0
-56.0,-170.0
-56.0,-168.0
-56.0,-166.0
-56.0,-164.0
-56.0,-162.0
-56.0,-160.0
-56.0,-158.0
-56.0,-156.0
-56.0,-154.0
-56.0,-152.0
-56.0,-150.0
-56.0,-148.0
-56.0,-146.0
-56.0,-144.0
-56.0,-142.0
-56.0,-140.0
-56.0,-138.0
-56.0,-136.0
-56.0,-134.0
-56.0,-132.0
-56.0,-130.0
-56.0,-128.0
-56.0,-126.0
-56.0,-124.0
-56.0,-122.0
-56.0,-120.0
-56.0,-118.0
-56.0,-116.0
-56.0,-114.0
-56.0,-112.0
-56.0,-110.0
-56.0,-108.0
-56.0,-106.0
-56.0,-104.0
-56.0,-102.0
-56.0,-100.0
-56.0,-98.0
-56.0,-96.0
-56.0,-94.0
-56.0,-92.0
-56.0,-90.0
-56.0,-88.0
-56.0,-86.0
-56.0,-84.0
-56.0,-82.0
-56.0,-80.0
-56.0,-78.0
-56.0,-76.0
-56.0,-74.0
-56.0,-72.0
-56.0,-70.0
-56.0,-68.0
-56.0,-66.0
-56.0,-64.0
-56.0,-62.0
-56.0,-60.0
-56.0,-58.0
-56.0,-56.0
-56.0,-54.0
-56.0,-52.0
-56.0,-50.0
-56.0,-48.0
-56.0,-46.0
-56.0,-44.0
-56.0,-42.0
-56.0,-40.0
-56.0,-38.0
-56.0,-36.0
-56.0,-34.0
-56.0,-32.0
-56.0,-30.0
-56.0,-28.0
-56.0,-26.0
-56.0,-24.0
-56.0,-22.0
-56.0,-20.0
-56.0,-18.0
-56.0,-16.0
-56.0,-14.0
-56.0,-12.0
-56.0,-10.0
-56.0,-8.0
-56.0,-6.0
-56.0,-4.0
-56.0,-2.0
-56.0,0.0
-56.0,2.0
-56.0,4.0
-56.0,6.0
-56.0,8.0
-56.0,10.0
-56.0,12.0
-56.0,14.0
-56.0,16.0
-56.0,18.0
-56.0,20.0
-56.0,22.0
-56.0,24.0
-56.0,26.0
-56.0,28.0
-56.0,30.0
-56.0,32.0
-56.0,34.0
-56.0,36.0
-56.0,38.0
-56.0,40.0
-56.0,42.0
-56.0,44.0
-56.0,46.0
-56.0,48.0
-56.0,50.0
-56.0,52.0
-56.0,54.0
-56.0,56.0
-56.0,58.0
-56.0,60.0
-56.0,62.0
-56.0,64.0
-56.0,66.0
-56.0,68.0
-56.0,70.0
-56.0,72.0
-56.0,74.0
-56.0,76.0
-56.0,78.0
-56.0,80.0
-56.0,82.0
-56.0,84.0
-56.0,86.0
-56.0,88.0
-56.0,90.0
-56.0,92.0
-56.0,94.0
-56.0,96.0
-56.0,98.0
-56.0,100.0
-56.0,102.0
-56.0,104.0
-56.0,106.0
-56.0,108.0
-56.0,110.0
-56.0,112.0
-56.0,114.0
-56.0,116.0
-56.0,118.0
-56.0,120.0
-56.0,122.0
-56.0,124.0
-56.0,126.0
-56.0,128.0
-56.0,130.0
-56.0,132.0
-56.0,134.0
-56.0,136.0
-56.0,138.0
-56.0,140.0
-56.0,142.0
-56.0,144.0
-56.0,146.0
-56.0,148.0
-56.0,150.0
-56.0,152.0
-56.0,154.0
-56.0,156.0
-56.0,158.0
-56.0,160.0
-56.0,162.0
-56.0,164.0
-56.0,166.0
-56.0,168.0
-56.0,170.0
-56.0,172.0
-56.0,174.0
-56.0,176.0
-56.0,178.0
-55.0,-180.0
-55.0,-178.0
-55.0,-176.0
-55.0,-174.0
-55.0,-172.0
-55.0,-170.0
-55.0,-168.0
-55.0,-166.0
-55.0,-164.0
-55.0,-162.0
-55.0,-160.0
-55.0,-158.0
-55.0,-156.0
-55.0,-154.0
-55.0,-152.0
-55.0,-150.0
-55.0,-148.0
-55.0,-146.0
-55.0,-144.0
-55.0,-142.0
-55.0,-140.0
-55.0,-138.0
-55.0,-136.0
-55.0,-134.0
-55.0,-132.0
-55.0,-130.0
-55.0,-128.0
-55.0,-126.0
-55.0,-124.0
-55.0,-122.0
-55.0,-120.0
-55.0,-118.0
-55.0,-116.0
-55.0,-114.0
-55.0,-112.0
-55.0,-110.0
-55.0,-108.0
-55.0,-106.0
-55.0,-104.0
-55.0,-102.0
-55.0,-100.0
-55.0,-98.0
-55.0,-96.0
-55.0,-94.0
-55.0,-92.0
-55.0,-90.0
-55.0,-88.0
-55.0,-86.0
-55.0,-84.0
-55.0,-82.0
-55.0,-80.0
-55.0,-78.0
-55.0,-76.0
-55.0,-74.0
-55.0,-72.0
-55.0,-64.0
-55.0,-62.0
-55.0,-60.0
-55.0,-58.0
-55.0,-56.0
-55.0,-54.0
-55.0,-52.0
-55.0,-50.0
-55.0,-48.0
-55.0,-46.0
-55.0,-24.0
-55.0,-22.0
-55.0,-20.0
-55.0,-18.0
-55.0,-16.0
-55.0,-14.0
-55.0,-12.0
-55.0,-10.0
-55.0,-8.0
-55.0,-6.0
-55.0,-4.0
-55.0,-2.0
-55.0,0.0
-55.0,2.0
-55.0,4.0
-55.0,6.0
-55.0,8.0
-55.0,10.0
-55.0,12.0
-55.0,14.0
-55.0,16.0
-55.0,18.0
-55.0,20.0
-55.0,22.0
-55.0,24.0
-55.0,26.0
-55.0,28.0
-55.0,30.0
-55.0,32.0
-55.0,34.0
-55.0,36.0
-55.0,38.0
-55.0,40.0
-55.0,42.0
-55.0,44.0
-55.0,46.0
-55.0,48.0
-55.0,50.0
-55.0,52.0
-55.0,54.0
-55.0,56.0
-55.0,58.0
-55.0,60.0
-55.0,62.0
-55.0,64.0
-55.0,66.0
-55.0,68.0
-55.0,70.0
-55.0,72.0
-55.0,74.0
-55.0,76.0
-55.0,78.0
-55.0,80.0
-55.0,82.0
-55.0,84.0
-55.0,86.0
-55.0,88.0
-55.0,90.0
-55.0,92.0
-55.0,94.0
-55.0,96.0
-55.0,98.0
-55.0,100.0
-55.0,102.0
-55.0,104.0
-55.0,106.0
-55.0,108.0
-55.0,110.0
-55.0,112.0
-55.0,114.0
-55.0,116.0
-55.0,118.0
-55.0,120.0
-55.0,122.0
-55.0,124.0
-55.0,126.0
-55.0,128.0
-55.0,130.0
-55.0,132.0
-55.0,134.0
-55.0,136.0
-55.0,138.0
-55.0,140.0
-55.0,142.0
-55.0,144.0
-55.0,146.0
-55.0,148.0
-55.0,150.0
-55.0,152.0
-55.0,154.0
-55.0,156.0
-55.0,158.0
-55.0,160.0
-55.0,162.0
-55.0,164.0
-55.0,166.0
-55.0,168.0
-55.0,170.0
-55.0,172.0
-55.0,174.0
-55.0,176.0
-55.0,178.0
-54.0,-180.0
-54.0,-178.0
-54.0,-176.0
-54.0,-174.0
-54.0,-172.0
-54.0,-170.0
-54.0,-168.0
-54.0,-166.0
-54.0,-164.0
-54.0,-162.0
-54.0,-160.0
-54.0,-158.0
-54.0,-156.0
-54.0,-154.0
-54.0,-152.0
-54.0,-150.0
-54.0,-148.0
-54.0,-146.0
-54.0,-144.0
-54.0,-142.0
-54.0,-140.0
-54.0,-138.0
-54.0,-136.0
-54.0,-134.0
-54.0,-132.0
-54.0,-130.0
-54.0,-128.0
-54.0,-126.0
-54.0,-124.0
-54.0,-122.0
-54.0,-120.0
-54.0,-118.0
-54.0,-116.0
-54.0,-114.0
-54.0,-112.0
-54.0,-110.0
-54.0,-108.0
-54.0,-106.0
-54.0,-104.0
-54.0,-102.0
-54.0,-100.0
-54.0,-98.0
-54.0,-96.0
-54.0,-94.0
-54.0,-92.0
-54.0,-90.0
-54.0,-88.0
-54.0,-86.0
-54.0,-84.0
-54.0,-82.0
-54.0,-80.0
-54.0,-78.0
-54.0,-76.0
-54.0,-74.0
-54.0,-66.0
-54.0,-64.0
-54.0,-62.0
-54.0,-60.0
-54.0,-58.0
-54.0,-56.0
-54.0,-54.0
-54.0,-52.0
-54.0,-50.0
-54.0,-48.0
-54.0,-46.0
-54.0,-44.0
-54.0,-42.0
-54.0,-40.0
-54.0,-38.0
-54.0,-36.0
-54.0,-34.0
-54.0,-32.0
-54.0,-30.0
-54.0,-28.0
-54.0,-26.0
-54.0,-24.0
-54.0,-22.0
-54.0,-20.0
-54.0,-18.0
-54.0,-16.0
-54.0,-14.0
-54.0,-12.0
-54.0,-10.0
-54.0,-8.0
-54.0,-6.0
-54.0,-4.0
-54.0,-2.0
-54.0,0.0
-54.0,2.0
-54.0,4.0
-54.0,6.0
-54.0,8.0
-54.0,10.0
-54.0,12.0
-54.0,14.0
-54.0,16.0
-54.0,18.0
-54.0,20.0
-54.0,22.0
-54.0,24.0
-54.0,26.0
-54.0,28.0
-54.0,30.0
-54.0,32.0
-54.0,34.0
-54.0,36.0
-54.0,38.0
-54.0,40.0
-54.0,42.0
-54.0,44.0
-54.0,46.0
-54.0,48.0
-54.0,50.0
-54.0,52.0
-54.0,54.0
-54.0,56.0
-54.0,58.0
-54.0,60.0
-54.0,62.0
-54.0,64.0
-54.0,66.0
-54.0,68.0
-54.0,70.0
-54.0,72.0
-54.0,74.0
-54.0,76.0
-54.0,78.0
-54.0,80.0
-54.0,82.0
-54.0,84.0
-54.0,86.0
-54.0,88.0
-54.0,90.0
-54.0,92.0
-54.0,94.0
-54.0,96.0
-54.0,98.0
-54.0,100.0
-54.0,102.0
-54.0,104.0
-54.0,106.0
-54.0,108.0
-54.0,110.0
-54.0,112.0
-54.0,114.0
-54.0,116.0
-54.0,118.0
-54.0,120.0
-54.0,122.0
-54.0,124.0
-54.0,126.0
-54.0,128.0
-54.0,130.0
-54.0,132.0
-54.0,134.0
-54.0,136.0
-54.0,138.0
-54.0,140.0
-54.0,142.0
-54.0,144.0
-54.0,146.0
-54.0,148.0
-54.0,150.0
-54.0,152.0
-54.0,154.0
-54.0,156.0
-54.0,158.0
-54.0,160.0
-54.0,162.0
-54.0,164.0
-54.0,166.0
-54.0,168.0
-54.0,170.0
-54.0,172.0
-54.0,174.0
-54.0,176.0
-54.0,178.0
-53.0,-180.0
-53.0,-178.0
-53.0,-176.0
-53.0,-174.0
-53.0,-172.0
-53.0,-170.0
-53.0,-168.0
-53.0,-166.0
-53.0,-164.0
-53.0,-162.0
-53.0,-160.0
-53.0,-158.0
-53.0,-156.0
-53.0,-154.0
-53.0,-152.0
-53.0,-150.0
-53.0,-148.0
-53.0,-146.0
-53.0,-144.0
-53.0,-142.0
-53.0,-140.0
-53.0,-138.0
-53.0,-136.0
-53.0,-134.0
-53.0,-132.0
-53.0,-130.0
-53.0,-128.0
-53.0,-126.0
-53.0,-124.0
-53.0,-122.0
-53.0,-120.0
-53.0,-118.0
-53.0,-116.0
-53.0,-114.0
-53.0,-112.0
-53.0,-110.0
-53.0,-108.0
-53.0,-106.0
-53.0,-104.0
-53.0,-102.0
-53.0,-100.0
-53.0,-98.0
-53.0,-96.0
-53.0,-94.0
-53.0,-92.0
-53.0,-90.0
-53.0,-88.0
-53.0,-86.0
-53.0,-84.0
-53.0,-82.0
-53.0,-80.0
-53.0,-78.0
-53.0,-76.0
-53.0,-74.0
-53.0,-68.0
-53.0,-66.0
-53.0,-64.0
-53.0,-62.0
-53.0,-60.0
-53.0,-58.0
-53.0,-56.0
-53.0,-54.0
-53.0,-52.0
-53.0,-50.0
-53.0,-48.0
-53.0,-46.0
-53.0,-44.0
-53.0,-42.0
-53.0,-40.0
-53.0,-38.0
-53.0,-36.0
-53.0,-34.0
-53.0,-32.0
-53.0,-30.0
-53.0,-28.0
-53.0,-26.0
-53.0,-24.0
-53.0,-22.0
-53.0,-20.0
-53.0,-18.0
-53.0,-16.0
-53.0,-14.0
-53.0,-12.0
-53.0,-10.0
-53.0,-8.0
-53.0,-6.0
-53.0,-4.0
-53.0,-2.0
-53.0,0.0
-53.0,2.0
-53.0,4.0
-53.0,6.0
-53.0,8.0
-53.0,10.0
-53.0,12.0
-53.0,14.0
-53.0,16.0
-53.0,18.0
-53.0,20.0
-53.0,22.0
-53.0,24.0
-53.0,26.0
-53.0,28.0
-53.0,30.0
-53.0,32.0
-53.0,34.0
-53.0,36.0
-53.0,38.0
-53.0,40.0
-53.0,42.0
-53.0,44.0
-53.0,46.0
-53.0,48.0
-53.0,50.0
-53.0,52.0
-53.0,54.0
-53.0,56.0
-53.0,58.0
-53.0,60.0
-53.0,62.0
-53.0,64.0
-53.0,66.0
-53.0,68.0
-53.0,70.0
-53.0,72.0
-53.0,74.0
-53.0,76.0
-53.0,78.0
-53.0,80.0
-53.0,82.0
-53.0,84.0
-53.0,86.0
-53.0,88.0
-53.0,90.0
-53.0,92.0
-53.0,94.0
-53.0,96.0
-53.0,98.0
-53.0,100.0
-53.0,102.0
-53.0,104.0
-53.0,106.0
-53.0,108.0
-53.0,110.0
-53.0,112.0
-53.0,114.0
-53.0,116.0
-53.0,118.0
-53.0,120.0
-53.0,122.0
-53.0,124.0
-53.0,126.0
-53.0,128.0
-53.0,130.0
-53.0,132.0
-53.0,134.0
-53.0,136.0
-53.0,138.0
-53.0,140.0
-53.0,142.0
-53.0,144.0
-53.0,146.0
-53.0,148.0
-53.0,150.0
-53.0,152.0
-53.0,154.0
-53.0,156.0
-53.0,158.0
-53.0,160.0
-53.0,162.0
-53.0,164.0
-53.0,166.0
-53.0,168.0
-53.0,170.0
-53.0,172.0
-53.0,174.0
-53.0,176.0
-53.0,178.0
-52.0,-180.0
-52.0,-178.0
-52.0,-176.0
-52.0,-174.0
-52.0,-172.0
-52.0,-170.0
-52.0,-168.0
-52.0,-166.0
-52.0,-164.0
-52.0,-162.0
-52.0,-160.0
-52.0,-158.0
-52.0,-156.0
-52.0,-154.0
-52.0,-152.0
-52.0,-150.0
-52.0,-148.0
-52.0,-146.0
-52.0,-144.0
-52.0,-142.0
-52.0,-140.0
-52.0,-138.0
-52.0,-136.0
-52.0,-134.0
-52.0,-132.0
-52.0,-130.0
-52.0,-128.0
-52.0,-126.0
-52.0,-124.0
-52.0,-122.0
-52.0,-120.0
-52.0,-118.0
-52.0,-116.0
-52.0,-114.0
-52.0,-112.0
-52.0,-110.0
-52.0,-108.0
-52.0,-106.0
-52.0,-104.0
-52.0,-102.0
-52.0,-100.0
-52.0,-98.0
-52.0,-96.0
-52.0,-94.0
-52.0,-92.0
-52.0,-90.0
-52.0,-88.0
-52.0,-86.0
-52.0,-84.0
-52.0,-82.0
-52.0,-80.0
-52.0,-78.0
-52.0,-76.0
-52.0,-68.0
-52.0,-66.0
-52.0,-64.0
-52.0,-62.0
-52.0,-60.0
-52.0,-58.0
-52.0,-56.0
-52.0,-54.0
-52.0,-52.0
-52.0,-50.0
-52.0,-48.0
-52.0,-46.0
-52.0,-44.0
-52.0,-42.0
-52.0,-40.0
-52.0,-38.0
-52.0,-36.0
-52.0,-34.0
-52.0,-32.0
-52.0,-30.0
-52.0,-28.0
-52.0,-26.0
-52.0,-24.0
-52.0,-22.0
-52.0,-20.0
-52.0,-18.0
-52.0,-16.0
-52.0,-14.0
-52.0,-12.0
-52.0,-10.0
-52.0,-8.0
-52.0,-6.0
-52.0,-4.0
-52.0,-2.0
-52.0,0.0
-52.0,2.0
-52.0,4.0
-52.0,6.0
-52.0,8.0
-52.0,10.0
-52.0,12.0
-52.0,14.0
-52.0,16.0
-52.0,18.0
-52.0,20.0
-52.0,22.0
-52.0,24.0
-52.0,26.0
-52.0,28.0
-52.0,30.0
-52.0,32.0
-52.0,34.0
-52.0,36.0
-52.0,38.0
-52.0,40.0
-52.0,42.0
-52.0,44.0
-52.0,46.0
-52.0,48.0
-52.0,50.0
-52.0,52.0
-52.0,54.0
-52.0,56.0
-52.0,58.0
-52.0,60.0
-52.0,62.0
-52.0,64.0
-52.0,66.0
-52.0,68.0
-52.0,70.0
-52.0,72.0
-52.0,74.0
-52.0,76.0
-52.0,78.0
-52.0,80.0
-52.0,82.0
-52.0,84.0
-52.0,86.0
-52.0,88.0
-52.0,90.0
-52.0,92.0
-52.0,94.0
-52.0,96.0
-52.0,98.0
-52.0,100.0
-52.0,102.0
-52.0,104.0
-52.0,106.0
-52.0,108.0
-52.0,110.0
-52.0,112.0
-52.0,114.0
-52.0,116.0
-52.0,118.0
-52.0,120.0
-52.0,122.0
-52.0,124.0
-52.0,126.0
-52.0,128.0
-52.0,130.0
-52.0,132.0
-52.0,134.0
-52.0,136.0
-52.0,138.0
-52.0,140.0
-52.0,142.0
-52.0,144.0
-52.0,146.0
-52.0,148.0
-52.0,150.0
-52.0,152.0
-52.0,154.0
-52.0,156.0
-52.0,158.0
-52.0,160.0
-52.0,162.0
-52.0,164.0
-52.0,166.0
-52.0,168.0
-52.0,170.0
-52.0,172.0
-52.0,174.0
-52.0,176.0
-52.0,178.0
-51.0,-180.0
-51.0,-178.0
-51.0,-176.0
-51.0,-174.0
-51.0,-172.0
-51.0,-170.0
-51.0,-168.0
-51.0,-166.0
-51.0,-164.0
-51.0,-162.0
-51.0,-160.0
-51.0,-158.0
-51.0,-156.0
-51.0,-154.0
-51.0,-152.0
-51.0,-150.0
-51.0,-148.0
-51.0,-146.0
-51.0,-144.0
-51.0,-142.0
-51.0,-140.0
-51.0,-138.0
-51.0,-136.0
-51.0,-134.0
-51.0,-132.0
-51.0,-130.0
-51.0,-128.0
-51.0,-126.0
-51.0,-124.0
-51.0,-122.0
-51.0,-120.0
-51.0,-118.0
-51.0,-116.0
-51.0,-114.0
-51.0,-112.0
-51.0,-110.0
-51.0,-108.0
-51.0,-106.0
-51.0,-104.0
-51.0,-102.0
-51.0,-100.0
-51.0,-98.0
-51.0,-96.0
-51.0,-94.0
-51.0,-92.0
-51.0,-90.0
-51.0,-88.0
-51.0,-86.0
-51.0,-84.0
-51.0,-82.0
-51.0,-80.0
-51.0,-78.0
-51.0,-76.0
-51.0,-68.0
-51.0,-66.0
-51.0,-64.0
-51.0,-62.0
-51.0,-60.0
-51.0,-58.0
-51.0,-56.0
-51.0,-54.0
-51.0,-52.0
-51.0,-50.0
-51.0,-48.0
-51.0,-46.0
-51.0,-44.0
-51.0,-42.0
-51.0,-40.0
-51.0,-38.0
-51.0,-36.0
-51.0,-34.0
-51.0,-32.0
-51.0,-30.0
-51.0,-28.0
-51.0,-26.0
-51.0,-24.0
-51.0,-22.0
-51.0,-20.0
-51.0,-18.0
-51.0,-16.0
-51.0,-14.0
-51.0,-12.0
-51.0,-10.0
-51.0,-8.0
-51.0,-6.0
-51.0,-4.0
-51.0,-2.0
-51.0,0.0
-51.0,2.0
-51.0,4.0
-51.0,6.0
-51.0,8.0
-51.0,10.0
-51.0,12.0
-51.0,14.0
-51.0,16.0
-51.0,18.0
-51.0,20.0
-51.0,22.0
-51.0,24.0
-51.0,26.0
-51.0,28.0
-51.0,30.0
-51.0,32.0
-51.0,34.0
-51.0,36.0
-51.0,38.0
-51.0,40.0
-51.0,42.0
-51.0,44.0
-51.0,46.0
-51.0,48.0
-51.0,50.0
-51.0,52.0
-51.0,54.0
-51.0,56.0
-51.0,58.0
-51.0,60.0
-51.0,62.0
-51.0,64.0
-51.0,66.0
-51.0,68.0
-51.0,70.0
-51.0,72.0
-51.0,74.0
-51.0,76.0
-51.0,78.0
-51.0,80.0
-51.0,82.0
-51.0,84.0
-51.0,86.0
-51.0,88.0
-51.0,90.0
-51.0,92.0
-51.0,94.0
-51.0,96.0
-51.0,98.0
-51.0,100.0
-51.0,102.0
-51.0,104.0
-51.0,106.0
-51.0,108.0
-51.0,110.0
-51.0,112.0
-51.0,114.0
-51.0,116.0
-51.0,118.0
-51.0,120.0
-51.0,122.0
-51.0,124.0
-51.0,126.0
-51.0,128.0
-51.0,130.0
-51.0,132.0
-51.0,134.0
-51.0,136.0
-51.0,138.0
-51.0,140.0
-51.0,142.0
-51.0,144.0
-51.0,146.0
-51.0,148.0
-51.0,150.0
-51.0,152.0
-51.0,154.0
-51.0,156.0
-51.0,158.0
-51.0,160.0
-51.0,162.0
-51.0,164.0
-51.0,166.0
-51.0,168.0
-51.0,170.0
-51.0,172.0
-51.0,174.0
-51.0,176.0
-51.0,178.0
-50.0,-180.0
-50.0,-178.0
-50.0,-176.0
-50.0,-174.0
-50.0,-172.0
-50.0,-170.0
-50.0,-168.0
-50.0,-166.0
-50.0,-164.0
-50.0,-162.0
-50.0,-160.0
-50.0,-158.0
-50.0,-156.0
-50.0,-154.0
-50.0,-152.0
-50.0,-150.0
-50.0,-148.0
-50.0,-146.0
-50.0,-144.0
-50.0,-142.0
-50.0,-140.0
-50.0,-138.0
-50.0,-136.0
-50.0,-134.0
-50.0,-132.0
-50.0,-130.0
-50.0,-128.0
-50.0,-126.0
-50.0,-124.0
-50.0,-122.0
-50.0,-120.0
-50.0,-118.0
-50.0,-116.0
-50.0,-114.0
-50.0,-112.0
-50.0,-110.0
-50.0,-108.0
-50.0,-106.0
-50.0,-104.0
-50.0,-102.0
-50.0,-100.0
-50.0,-98.0
-50.0,-96.0
-50.0,-94.0
-50.0,-92.0
-50.0,-90.0
-50.0,-88.0
-50.0,-86.0
-50.0,-84.0
-50.0,-82.0
-50.0,-80.0
-50.0,-78.0
-50.0,-76.0
-50.0,-68.0
-50.0,-66.0
-50.0,-64.0
-50.0,-62.0
-50.0,-60.0
-50.0,-58.0
-50.0,-56.0
-50.0,-54.0
-50.0,-52.0
-50.0,-50.0
-50.0,-48.0
-50.0,-46.0
-50.0,-44.0
-50.0,-42.0
-50.0,-40.0
-50.0,-38.0
-50.0,-36.0
-50.0,-34.0
-50.0,-32.0
-50.0,-30.0
-50.0,-28.0
-50.0,-26.0
-50.0,-24.0
-50.0,-22.0
-50.0,-20.0
-50.0,-18.0
-50.0,-16.0
-50.0,-14.0
-50.0,-12.0
-50.0,-10.0
-50.0,-8.0
-50.0,-6.0
-50.0,-4.0
-50.0,-2.0
-50.0,0.0
-50.0,2.0
-50.0,4.0
-50.0,6.0
-50.0,8.0
-50.0,10.0
-50.0,12.0
-50.0,14.0
-50.0,16.0
-50.0,18.0
-50.0,20.0
-50.0,22.0
-50.0,24.0
-50.0,26.0
-50.0,28.0
-50.0,30.0
-50.0,32.0
-50.0,34.0
-50.0,36.0
-50.0,38.0
-50.0,40.0
-50.0,42.0
-50.0,44.0
-50.0,46.0
-50.0,48.0
-50.0,50.0
-50.0,52.0
-50.0,54.0
-50.0,56.0
-50.0,58.0
-50.0,60.0
-50.0,62.0
-50.0,64.0
-50.0,66.0
-50.0,68.0
-50.0,70.0
-50.0,72.0
-50.0,74.0
-50.0,76.0
-50.0,78.0
-50.0,80.0
-50.0,82.0
-50.0,84.0
-50.0,86.0
-50.0,88.0
-50.0,90.0
-50.0,92.0
-50.0,94.0
-50.0,96.0
-50.0,98.0
-50.0,100.0
-50.0,102.0
-50.0,104.0
-50.0,106.0
-50.0,108.0
-50.0,110.0
-50.0,112.0
-50.0,114.0
-50.0,116.0
-50.0,118.0
-50.0,120.0
-50.0,122.0
-50.0,124.0
-50.0,126.0
-50.0,128.0
-50.0,130.0
-50.0,132.0
-50.0,134.0
-50.0,136.0
-50.0,138.0
-50.0,140.0
-50.0,142.0
-50.0,144.0
-50.0,146.0
-50.0,148.0
-50.0,150.0
-50.0,152.0
-50.0,154.0
-50.0,156.0
-50.0,158.0
-50.0,160.0
-50.0,162.0
-50.0,164.0
-50.0,166.0
-50.0,168.0
-50.0,170.0
-50.0,172.0
-50.0,174.0
-50.0,176.0
-50.0,178.0
-49.0,-180.0
-49.0,-178.0
-49.0,-176.0
-49.0,-174.0
-49.0,-172.0
-49.0,-170.0
-49.0,-168.0
-49.0,-166.0
-49.0,-164.0
-49.0,-162.0
-49.0,-160.0
-49.0,-158.0
-49.0,-156.0
-49.0,-154.0
-49.0,-152.0
-49.0,-150.0
-49.0,-148.0
-49.0,-146.0
-49.0,-144.0
-49.0,-142.0
-49.0,-140.0
-49.0,-138.0
-49.0,-136.0
-49.0,-134.0
-49.0,-132.0
-49.0,-130.0
-49.0,-128.0
-49.0,-126.0
-49.0,-124.0
-49.0,-122.0
-49.0,-120.0
-49.0,-118.0
-49.0,-116.0
-49.0,-114.0
-49.0,-112.0
-49.0,-110.0
-49.0,-108.0
-49.0,-106.0
-49.0,-104.0
-49.0,-102.0
-49.0,-100.0
-49.0,-98.0
-49.0,-96.0
-49.0,-94.0
-49.0,-92.0
-49.0,-90.0
-49.0,-88.0
-49.0,-86.0
-49.0,-84.0
-49.0,-82.0
-49.0,-80.0
-49.0,-78.0
-49.0,-76.0
-49.0,-66.0
-49.0,-64.0
-49.0,-62.0
-49.0,-60.0
-49.0,-58.0
-49.0,-56.0
-49.0,-54.0
-49.0,-52.0
-49.0,-50.0
-49.0,-48.0
-49.0,-46.0
-49.0,-44.0
-49.0,-42.0
-49.0,-40.0
-49.0,-38.0
-49.0,-36.0
-49.0,-34.0
-49.0,-32.0
-49.0,-30.0
-49.0,-28.0
-49.0,-26.0
-49.0,-24.0
-49.0,-22.0
-49.0,-20.0
-49.0,-18.0
-49.0,-16.0
-49.0,-14.0
-49.0,-12.0
-49.0,-10.0
-49.0,-8.0
-49.0,-6.0
-49.0,-4.0
-49.0,-2.0
-49.0,0.0
-49.0,2.0
-49.0,4.0
-49.0,6.0
-49.0,8.0
-49.0,10.0
-49.0,12.0
-49.0,14.0
-49.0,16.0
-49.0,18.0
-49.0,20.0
-49.0,22.0
-49.0,24.0
-49.0,26.0
-49.0,28.0
-49.0,30.0
-49.0,32.0
-49.0,34.0
-49.0,36.0
-49.0,38.0
-49.0,40.0
-49.0,42.0
-49.0,44.0
-49.0,46.0
-49.0,48.0
-49.0,50.0
-49.0,52.0
-49.0,54.0
-49.0,56.0
-49.0,58.0
-49.0,60.0
-49.0,62.0
-49.0,64.0
-49.0,66.0
-49.0,68.0
-49.0,72.0
-49.0,74.0
-49.0,76.0
-49.0,78.0
-49.0,80.0
-49.0,82.0
-49.0,84.0
-49.0,86.0
-49.0,88.0
-49.0,90.0
-49.0,92.0
-49.0,94.0
-49.0,96.0
-49.0,98.0
-49.0,100.0
-49.0,102.0
-49.0,104.0
-49.0,106.0
-49.0,108.0
-49.0,110.0
-49.0,112.0
-49.0,114.0
-49.0,116.0
-49.0,118.0
-49.0,120.0
-49.0,122.0
-49.0,124.0
-49.0,126.0
-49.0,128.0
-49.0,130.0
-49.0,132.0
-49.0,134.0
-49.0,136.0
-49.0,138.0
-49.0,140.0
-49.0,142.0
-49.0,144.0
-49.0,146.0
-49.0,148.0
-49.0,150.0
-49.0,152.0
-49.0,154.0
-49.0,156.0
-49.0,158.0
-49.0,160.0
-49.0,162.0
-49.0,164.0
-49.0,166.0
-49.0,168.0
-49.0,170.0
-49.0,172.0
-49.0,174.0
-49.0,176.0
-49.0,178.0
-48.0,-180.0
-48.0,-178.0
-48.0,-176.0
-48.0,-174.0
-48.0,-172.0
-48.0,-170.0
-48.0,-168.0
-48.0,-166.0
-48.0,-164.0
-48.0,-162.0
-48.0,-160.0
-48.0,-158.0
-48.0,-156.0
-48.0,-154.0
-48.0,-152.0
-48.0,-150.0
-48.0,-148.0
-48.0,-146.0
-48.0,-144.0
-48.0,-142.0
-48.0,-140.0
-48.0,-138.0
-48.0,-136.0
-48.0,-134.0
-48.0,-132.0
-48.0,-130.0
-48.0,-128.0
-48.0,-126.0
-48.0,-124.0
-48.0,-122.0
-48.0,-120.0
-48.0,-118.0
-48.0,-116.0
-48.0,-114.0
-48.0,-112.0
-48.0,-110.0
-48.0,-108.0
-48.0,-106.0
-48.0,-104.0
-48.0,-102.0
-48.0,-100.0
-48.0,-98.0
-48.0,-96.0
-48.0,-94.0
-48.0,-92.0
-48.0,-90.0
-48.0,-88.0
-48.0,-86.0
-48.0,-84.0
-48.0,-82.0
-48.0,-80.0
-48.0,-78.0
-48.0,-76.0
-48.0,-64.0
-48.0,-62.0
-48.0,-60.0
-48.0,-58.0
-48.0,-56.0
-48.0,-54.0
-48.0,-52.0
-48.0,-50.0
-48.0,-48.0
-48.0,-46.0
-48.0,-44.0
-48.0,-42.0
-48.0,-40.0
-48.0,-38.0
-48.0,-36.0
-48.0,-34.0
-48.0,-32.0
-48.0,-30.0
-48.0,-28.0
-48.0,-26.0
-48.0,-24.0
-48.0,-22.0
-48.0,-20.0
-48.0,-18.0
-48.0,-16.0
-48.0,-14.0
-48.0,-12.0
-48.0,-10.0
-48.0,-8.0
-48.0,-6.0
-48.0,-4.0
-48.0,-2.0
-48.0,0.0
-48.0,2.0
-48.0,4.0
-48.0,6.0
-48.0,8.0
-48.0,10.0
-48.0,12.0
-48.0,14.0
-48.0,16.0
-48.0,18.0
-48.0,20.0
-48.0,22.0
-48.0,24.0
-48.0,26.0
-48.0,28.0
-48.0,30.0
-48.0,32.0
-48.0,34.0
-48.0,36.0
-48.0,38.0
-48.0,40.0
-48.0,42.0
-48.0,44.0
-48.0,46.0
-48.0,48.0
-48.0,50.0
-48.0,52.0
-48.0,54.0
-48.0,56.0
-48.0,58.0
-48.0,60.0
-48.0,62.0
-48.0,64.0
-48.0,66.0
-48.0,68.0
-48.0,70.0
-48.0,72.0
-48.0,74.0
-48.0,76.0
-48.0,78.0
-48.0,80.0
-48.0,82.0
-48.0,84.0
-48.0,86.0
-48.0,88.0
-48.0,90.0
-48.0,92.0
-48.0,94.0
-48.0,96.0
-48.0,98.0
-48.0,100.0
-48.0,102.0
-48.0,104.0
-48.0,106.0
-48.0,108.0
-48.0,110.0
-48.0,112.0
-48.0,114.0
-48.0,116.0
-48.0,118.0
-48.0,120.0
-48.0,122.0
-48.0,124.0
-48.0,126.0
-48.0,128.0
-48.0,130.0
-48.0,132.0
-48.0,134.0
-48.0,136.0
-48.0,138.0
-48.0,140.0
-48.0,142.0
-48.0,144.0
-48.0,146.0
-48.0,148.0
-48.0,150.0
-48.0,152.0
-48.0,154.0
-48.0,156.0
-48.0,158.0
-48.0,160.0
-48.0,162.0
-48.0,164.0
-48.0,166.0
-48.0,168.0
-48.0,170.0
-48.0,172.0
-48.0,174.0
-48.0,176.0
-48.0,178.0
-47.0,-180.0
-47.0,-178.0
-47.0,-176.0
-47.0,-174.0
-47.0,-172.0
-47.0,-170.0
-47.0,-168.0
-47.0,-166.0
-47.0,-164.0
-47.0,-162.0
-47.0,-160.0
-47.0,-158.0
-47.0,-156.0
-47.0,-154.0
-47.0,-152.0
-47.0,-150.0
-47.0,-148.0
-47.0,-146.0
-47.0,-144.0
-47.0,-142.0
-47.0,-140.0
-47.0,-138.0
-47.0,-136.0
-47.0,-134.0
-47.0,-132.0
-47.0,-130.0
-47.0,-128.0
-47.0,-126.0
-47.0,-124.0
-47.0,-122.0
-47.0,-120.0
-47.0,-118.0
-47.0,-116.0
-47.0,-114.0
-47.0,-112.0
-47.0,-110.0
-47.0,-108.0
-47.0,-106.0
-47.0,-104.0
-47.0,-102.0
-47.0,-100.0
-47.0,-98.0
-47.0,-96.0
-47.0,-94.0
-47.0,-92.0
-47.0,-90.0
-47.0,-88.0
-47.0,-86.0
-47.0,-84.0
-47.0,-82.0
-47.0,-80.0
-47.0,-78.0
-47.0,-76.0
-47.0,-66.0
-47.0,-64.0
-47.0,-62.0
-47.0,-60.0
-47.0,-58.0
-47.0,-56.0
-47.0,-54.0
-47.0,-52.0
-47.0,-50.0
-47.0,-48.0
-47.0,-46.0
-47.0,-44.0
-47.0,-42.0
-47.0,-40.0
-47.0,-38.0
-47.0,-36.0
-47.0,-34.0
-47.0,-32.0
-47.0,-30.0
-47.0,-28.0
-47.0,-26.0
-47.0,-24.0
-47.0,-22.0
-47.0,-20.0
-47.0,-18.0
-47.0,-16.0
-47.0,-14.0
-47.0,-12.0
-47.0,-10.0
-47.0,-8.0
-47.0,-6.0
-47.0,-4.0
-47.0,-2.0
-47.0,0.0
-47.0,2.0
-47.0,4.0
-47.0,6.0
-47.0,8.0
-47.0,10.0
-47.0,12.0
-47.0,14.0
-47.0,16.0
-47.0,18.0
-47.0,20.0
-47.0,22.0
-47.0,24.0
-47.0,26.0
-47.0,28.0
-47.0,30.0
-47.0,32.0
-47.0,34.0
-47.0,36.0
-47.0,38.0
-47.0,40.0
-47.0,42.0
-47.0,44.0
-47.0,46.0
-47.0,48.0
-47.0,50.0
-47.0,52.0
-47.0,54.0
-47.0,56.0
-47.0,58.0
-47.0,60.0
-47.0,62.0
-47.0,64.0
-47.0,66.0
-47.0,68.0
-47.0,70.0
-47.0,72.0
-47.0,74.0
-47.0,76.0
-47.0,78.0
-47.0,80.0
-47.0,82.0
-47.0,84.0
-47.0,86.0
-47.0,88.0
-47.0,90.0
-47.0,92.0
-47.0,94.0
-47.0,96.0
-47.0,98.0
-47.0,100.0
-47.0,102.0
-47.0,104.0
-47.0,106.0
-47.0,108.0
-47.0,110.0
-47.0,112.0
-47.0,114.0
-47.0,116.0
-47.0,118.0
-47.0,120.0
-47.0,122.0
-47.0,124.0
-47.0,126.0
-47.0,128.0
-47.0,130.0
-47.0,132.0
-47.0,134.0
-47.0,136.0
-47.0,138.0
-47.0,140.0
-47.0,142.0
-47.0,144.0
-47.0,146.0
-47.0,148.0
-47.0,150.0
-47.0,152.0
-47.0,154.0
-47.0,156.0
-47.0,158.0
-47.0,160.0
-47.0,162.0
-47.0,164.0
-47.0,166.0
-47.0,168.0
-47.0,170.0
-47.0,172.0
-47.0,174.0
-47.0,176.0
-47.0,178.0
-46.0,-180.0
-46.0,-178.0
-46.0,-176.0
-46.0,-174.0
-46.0,-172.0
-46.0,-170.0
-46.0,-168.0
-46.0,-166.0
-46.0,-164.0
-46.0,-162.0
-46.0,-160.0
-46.0,-158.0
-46.0,-156.0
-46.0,-154.0
-46.0,-152.0
-46.0,-150.0
-46.0,-148.0
-46.0,-146.0
-46.0,-144.0
-46.0,-142.0
-46.0,-140.0
-46.0,-138.0
-46.0,-136.0
-46.0,-134.0
-46.0,-132.0
-46.0,-130.0
-46.0,-128.0
-46.0,-126.0
-46.0,-124.0
-46.0,-122.0
-46.0,-120.0
-46.0,-118.0
-46.0,-116.0
-46.0,-114.0
-46.0,-112.0
-46.0,-110.0
-46.0,-108.0
-46.0,-106.0
-46.0,-104.0
-46.0,-102.0
-46.0,-100.0
-46.0,-98.0
-46.0,-96.0
-46.0,-94.0
-46.0,-92.0
-46.0,-90.0
-46.0,-88.0
-46.0,-86.0
-46.0,-84.0
-46.0,-82.0
-46.0,-80.0
-46.0,-78.0
-46.0,-76.0
-46.0,-66.0
-46.0,-64.0
-46.0,-62.0
-46.0,-60.0
-46.0,-58.0
-46.0,-56.0
-46.0,-54.0
-46.0,-52.0
-46.0,-50.0
-46.0,-48.0
-46.0,-46.0
-46.0,-44.0
-46.0,-42.0
-46.0,-40.0
-46.0,-38.0
-46.0,-36.0
-46.0,-34.0
-46.0,-32.0
-46.0,-30.0
-46.0,-28.0
-46.0,-26.0
-46.0,-24.0
-46.0,-22.0
-46.0,-20.0
-46.0,-18.0
-46.0,-16.0
-46.0,-14.0
-46.0,-12.0
-46.0,-10.0
-46.0,-8.0
-46.0,-6.0
-46.0,-4.0
-46.0,-2.0
-46.0,0.0
-46.0,2.0
-46.0,4.0
-46.0,6.0
-46.0,8.0
-46.0,10.0
-46.0,12.0
-46.0,14.0
-46.0,16.0
-46.0,18.0
-46.0,20.0
-46.0,22.0
-46.0,24.0
-46.0,26.0
-46.0,28.0
-46.0,30.0
-46.0,32.0
-46.0,34.0
-46.0,36.0
-46.0,38.0
-46.0,40.0
-46.0,42.0
-46.0,44.0
-46.0,46.0
-46.0,48.0
-46.0,50.0
-46.0,52.0
-46.0,54.0
-46.0,56.0
-46.0,58.0
-46.0,60.0
-46.0,62.0
-46.0,64.0
-46.0,66.0
-46.0,68.0
-46.0,70.0
-46.0,72.0
-46.0,74.0
-46.0,76.0
-46.0,78.0
-46.0,80.0
-46.0,82.0
-46.0,84.0
-46.0,86.0
-46.0,88.0
-46.0,90.0
-46.0,92.0
-46.0,94.0
-46.0,96.0
-46.0,98.0
-46.0,100.0
-46.0,102.0
-46.0,104.0
-46.0,106.0
-46.0,108.0
-46.0,110.0
-46.0,112.0
-46.0,114.0
-46.0,116.0
-46.0,118.0
-46.0,120.0
-46.0,122.0
-46.0,124.0
-46.0,126.0
-46.0,128.0
-46.0,130.0
-46.0,132.0
-46.0,134.0
-46.0,136.0
-46.0,138.0
-46.0,140.0
-46.0,142.0
-46.0,144.0
-46.0,146.0
-46.0,148.0
-46.0,150.0
-46.0,152.0
-46.0,154.0
-46.0,156.0
-46.0,158.0
-46.0,160.0
-46.0,162.0
-46.0,164.0
-46.0,166.0
-46.0,172.0
-46.0,174.0
-46.0,176.0
-46.0,178.0
-45.0,-180.0
-45.0,-178.0
-45.0,-176.0
-45.0,-174.0
-45.0,-172.0
-45.0,-170.0
-45.0,-168.0
-45.0,-166.0
-45.0,-164.0
-45.0,-162.0
-45.0,-160.0
-45.0,-158.0
-45.0,-156.0
-45.0,-154.0
-45.0,-152.0
-45.0,-150.0
-45.0,-148.0
-45.0,-146.0
-45.0,-144.0
-45.0,-142.0
-45.0,-140.0
-45.0,-138.0
-45.0,-136.0
-45.0,-134.0
-45.0,-132.0
-45.0,-130.0
-45.0,-128.0
-45.0,-126.0
-45.0,-124.0
-45.0,-122.0
-45.0,-120.0
-45.0,-118.0
-45.0,-116.0
-45.0,-114.0
-45.0,-112.0
-45.0,-110.0
-45.0,-108.0
-45.0,-106.0
-45.0,-104.0
-45.0,-102.0
-45.0,-100.0
-45.0,-98.0
-45.0,-96.0
-45.0,-94.0
-45.0,-92.0
-45.0,-90.0
-45.0,-88.0
-45.0,-86.0
-45.0,-84.0
-45.0,-82.0
-45.0,-80.0
-45.0,-78.0
-45.0,-76.0
-45.0,-64.0
-45.0,-62.0
-45.0,-60.0
-45.0,-58.0
-45.0,-56.0
-45.0,-54.0
-45.0,-52.0
-45.0,-50.0
-45.0,-48.0
-45.0,-46.0
-45.0,-44.0
-45.0,-42.0
-45.0,-40.0
-45.0,-38.0
-45.0,-36.0
-45.0,-34.0
-45.0,-32.0
-45.0,-30.0
-45.0,-28.0
-45.0,-26.0
-45.0,-24.0
-45.0,-22.0
-45.0,-20.0
-45.0,-18.0
-45.0,-16.0
-45.0,-14.0
-45.0,-12.0
-45.0,-10.0
-45.0,-8.0
-45.0,-6.0
-45.0,-4.0
-45.0,-2.0
-45.0,0.0
-45.0,2.0
-45.0,4.0
-45.0,6.0
-45.0,8.0
-45.0,10.0
-45.0,12.0
-45.0,14.0
-45.0,16.0
-45.0,18.0
-45.0,20.0
-45.0,22.0
-45.0,24.0
-45.0,26.0
-45.0,28.0
-45.0,30.0
-45.0,32.0
-45.0,34.0
-45.0,36.0
-45.0,38.0
-45.0,40.0
-45.0,42.0
-45.0,44.0
-45.0,46.0
-45.0,48.0
-45.0,50.0
-45.0,52.0
-45.0,54.0
-45.0,56.0
-45.0,58.0
-45.0,60.0
-45.0,62.0
-45.0,64.0
-45.0,66.0
-45.0,68.0
-45.0,70.0
-45.0,72.0
-45.0,74.0
-45.0,76.0
-45.0,78.0
-45.0,80.0
-45.0,82.0
-45.0,84.0
-45.0,86.0
-45.0,88.0
-45.0,90.0
-45.0,92.0
-45.0,94.0
-45.0,96.0
-45.0,98.0
-45.0,100.0
-45.0,102.0
-45.0,104.0
-45.0,106.0
-45.0,108.0
-45.0,110.0
-45.0,112.0
-45.0,114.0
-45.0,116.0
-45.0,118.0
-45.0,120.0
-45.0,122.0
-45.0,124.0
-45.0,126.0
-45.0,128.0
-45.0,130.0
-45.0,132.0
-45.0,134.0
-45.0,136.0
-45.0,138.0
-45.0,140.0
-45.0,142.0
-45.0,144.0
-45.0,146.0
-45.0,148.0
-45.0,150.0
-45.0,152.0
-45.0,154.0
-45.0,156.0
-45.0,158.0
-45.0,160.0
-45.0,162.0
-45.0,164.0
-45.0,166.0
-45.0,172.0
-45.0,174.0
-45.0,176.0
-45.0,178.0
-44.0,-180.0
-44.0,-178.0
-44.0,-176.0
-44.0,-174.0
-44.0,-172.0
-44.0,-170.0
-44.0,-168.0
-44.0,-166.0
-44.0,-164.0
-44.0,-162.0
-44.0,-160.0
-44.0,-158.0
-44.0,-156.0
-44.0,-154.0
-44.0,-152.0
-44.0,-150.0
-44.0,-148.0
-44.0,-146.0
-44.0,-144.0
-44.0,-142.0
-44.0,-140.0
-44.0,-138.0
-44.0,-136.0
-44.0,-134.0
-44.0,-132.0
-44.0,-130.0
-44.0,-128.0
-44.0,-126.0
-44.0,-124.0
-44.0,-122.0
-44.0,-120.0
-44.0,-118.0
-44.0,-116.0
-44.0,-114.0
-44.0,-112.0
-44.0,-110.0
-44.0,-108.0
-44.0,-106.0
-44.0,-104.0
-44.0,-102.0
-44.0,-100.0
-44.0,-98.0
-44.0,-96.0
-44.0,-94.0
-44.0,-92.0
-44.0,-90.0
-44.0,-88.0
-44.0,-86.0
-44.0,-84.0
-44.0,-82.0
-44.0,-80.0
-44.0,-78.0
-44.0,-76.0
-44.0,-74.0
-44.0,-64.0
-44.0,-62.0
-44.0,-60.0
-44.0,-58.0
-44.0,-56.0
-44.0,-54.0
-44.0,-52.0
-44.0,-50.0
-44.0,-48.0
-44.0,-46.0
-44.0,-44.0
-44.0,-42.0
-44.0,-40.0
-44.0,-38.0
-44.0,-36.0
-44.0,-34.0
-44.0,-32.0
-44.0,-30.0
-44.0,-28.0
-44.0,-26.0
-44.0,-24.0
-44.0,-22.0
-44.0,-20.0
-44.0,-18.0
-44.0,-16.0
-44.0,-14.0
-44.0,-12.0
-44.0,-10.0
-44.0,-8.0
-44.0,-6.0
-44.0,-4.0
-44.0,-2.0
-44.0,0.0
-44.0,2.0
-44.0,4.0
-44.0,6.0
-44.0,8.0
-44.0,10.0
-44.0,12.0
-44.0,14.0
-44.0,16.0
-44.0,18.0
-44.0,20.0
-44.0,22.0
-44.0,24.0
-44.0,26.0
-44.0,28.0
-44.0,30.0
-44.0,32.0
-44.0,34.0
-44.0,36.0
-44.0,38.0
-44.0,40.0
-44.0,42.0
-44.0,44.0
-44.0,46.0
-44.0,48.0
-44.0,50.0
-44.0,52.0
-44.0,54.0
-44.0,56.0
-44.0,58.0
-44.0,60.0
-44.0,62.0
-44.0,64.0
-44.0,66.0
-44.0,68.0
-44.0,70.0
-44.0,72.0
-44.0,74.0
-44.0,76.0
-44.0,78.0
-44.0,80.0
-44.0,82.0
-44.0,84.0
-44.0,86.0
-44.0,88.0
-44.0,90.0
-44.0,92.0
-44.0,94.0
-44.0,96.0
-44.0,98.0
-44.0,100.0
-44.0,102.0
-44.0,104.0
-44.0,106.0
-44.0,108.0
-44.0,110.0
-44.0,112.0
-44.0,114.0
-44.0,116.0
-44.0,118.0
-44.0,120.0
-44.0,122.0
-44.0,124.0
-44.0,126.0
-44.0,128.0
-44.0,130.0
-44.0,132.0
-44.0,134.0
-44.0,136.0
-44.0,138.0
-44.0,140.0
-44.0,142.0
-44.0,144.0
-44.0,146.0
-44.0,148.0
-44.0,150.0
-44.0,152.0
-44.0,154.0
-44.0,156.0
-44.0,158.0
-44.0,160.0
-44.0,162.0
-44.0,164.0
-44.0,166.0
-44.0,168.0
-44.0,174.0
-44.0,176.0
-44.0,178.0
-43.0,-180.0
-43.0,-178.0
-43.0,-176.0
-43.0,-174.0
-43.0,-172.0
-43.0,-170.0
-43.0,-168.0
-43.0,-166.0
-43.0,-164.0
-43.0,-162.0
-43.0,-160.0
-43.0,-158.0
-43.0,-156.0
-43.0,-154.0
-43.0,-152.0
-43.0,-150.0
-43.0,-148.0
-43.0,-146.0
-43.0,-144.0
-43.0,-142.0
-43.0,-140.0
-43.0,-138.0
-43.0,-136.0
-43.0,-134.0
-43.0,-132.0
-43.0,-130.0
-43.0,-128.0
-43.0,-126.0
-43.0,-124.0
-43.0,-122.0
-43.0,-120.0
-43.0,-118.0
-43.0,-116.0
-43.0,-114.0
-43.0,-112.0
-43.0,-110.0
-43.0,-108.0
-43.0,-106.0
-43.0,-104.0
-43.0,-102.0
-43.0,-100.0
-43.0,-98.0
-43.0,-96.0
-43.0,-94.0
-43.0,-92.0
-43.0,-90.0
-43.0,-88.0
-43.0,-86.0
-43.0,-84.0
-43.0,-82.0
-43.0,-80.0
-43.0,-78.0
-43.0,-76.0
-43.0,-64.0
-43.0,-62.0
-43.0,-60.0
-43.0,-58.0
-43.0,-56.0
-43.0,-54.0
-43.0,-52.0
-43.0,-50.0
-43.0,-48.0
-43.0,-46.0
-43.0,-44.0
-43.0,-42.0
-43.0,-40.0
-43.0,-38.0
-43.0,-36.0
-43.0,-34.0
-43.0,-32.0
-43.0,-30.0
-43.0,-28.0
-43.0,-26.0
-43.0,-24.0
-43.0,-22.0
-43.0,-20.0
-43.0,-18.0
-43.0,-16.0
-43.0,-14.0
-43.0,-12.0
-43.0,-10.0
-43.0,-8.0
-43.0,-6.0
-43.0,-4.0
-43.0,-2.0
-43.0,0.0
-43.0,2.0
-43.0,4.0
-43.0,6.0
-43.0,8.0
-43.0,10.0
-43.0,12.0
-43.0,14.0
-43.0,16.0
-43.0,18.0
-43.0,20.0
-43.0,22.0
-43.0,24.0
-43.0,26.0
-43.0,28.0
-43.0,30.0
-43.0,32.0
-43.0,34.0
-43.0,36.0
-43.0,38.0
-43.0,40.0
-43.0,42.0
-43.0,44.0
-43.0,46.0
-43.0,48.0
-43.0,50.0
-43.0,52.0
-43.0,54.0
-43.0,56.0
-43.0,58.0
-43.0,60.0
-43.0,62.0
-43.0,64.0
-43.0,66.0
-43.0,68.0
-43.0,70.0
-43.0,72.0
-43.0,74.0
-43.0,76.0
-43.0,78.0
-43.0,80.0
-43.0,82.0
-43.0,84.0
-43.0,86.0
-43.0,88.0
-43.0,90.0
-43.0,92.0
-43.0,94.0
-43.0,96.0
-43.0,98.0
-43.0,100.0
-43.0,102.0
-43.0,104.0
-43.0,106.0
-43.0,108.0
-43.0,110.0
-43.0,112.0
-43.0,114.0
-43.0,116.0
-43.0,118.0
-43.0,120.0
-43.0,122.0
-43.0,124.0
-43.0,126.0
-43.0,128.0
-43.0,130.0
-43.0,132.0
-43.0,134.0
-43.0,136.0
-43.0,138.0
-43.0,140.0
-43.0,142.0
-43.0,144.0
-43.0,148.0
-43.0,150.0
-43.0,152.0
-43.0,154.0
-43.0,156.0
-43.0,158.0
-43.0,160.0
-43.0,162.0
-43.0,164.0
-43.0,166.0
-43.0,168.0
-43.0,170.0
-43.0,174.0
-43.0,176.0
-43.0,178.0
-42.0,-180.0
-42.0,-178.0
-42.0,-176.0
-42.0,-174.0
-42.0,-172.0
-42.0,-170.0
-42.0,-168.0
-42.0,-166.0
-42.0,-164.0
-42.0,-162.0
-42.0,-160.0
-42.0,-158.0
-42.0,-156.0
-42.0,-154.0
-42.0,-152.0
-42.0,-150.0
-42.0,-148.0
-42.0,-146.0
-42.0,-144.0
-42.0,-142.0
-42.0,-140.0
-42.0,-138.0
-42.0,-136.0
-42.0,-134.0
-42.0,-132.0
-42.0,-130.0
-42.0,-128.0
-42.0,-126.0
-42.0,-124.0
-42.0,-122.0
-42.0,-120.0
-42.0,-118.0
-42.0,-116.0
-42.0,-114.0
-42.0,-112.0
-42.0,-110.0
-42.0,-108.0
-42.0,-106.0
-42.0,-104.0
-42.0,-102.0
-42.0,-100.0
-42.0,-98.0
-42.0,-96.0
-42.0,-94.0
-42.0,-92.0
-42.0,-90.0
-42.0,-88.0
-42.0,-86.0
-42.0,-84.0
-42.0,-82.0
-42.0,-80.0
-42.0,-78.0
-42.0,-76.0
-42.0,-64.0
-42.0,-62.0
-42.0,-60.0
-42.0,-58.0
-42.0,-56.0
-42.0,-54.0
-42.0,-52.0
-42.0,-50.0
-42.0,-48.0
-42.0,-46.0
-42.0,-44.0
-42.0,-42.0
-42.0,-40.0
-42.0,-38.0
-42.0,-36.0
-42.0,-34.0
-42.0,-32.0
-42.0,-30.0
-42.0,-28.0
-42.0,-26.0
-42.0,-24.0
-42.0,-22.0
-42.0,-20.0
-42.0,-18.0
-42.0,-16.0
-42.0,-14.0
-42.0,-12.0
-42.0,-10.0
-42.0,-8.0
-42.0,-6.0
-42.0,-4.0
-42.0,-2.0
-42.0,0.0
-42.0,2.0
-42.0,4.0
-42.0,6.0
-42.0,8.0
-42.0,10.0
-42.0,12.0
-42.0,14.0
-42.0,16.0
-42.0,18.0
-42.0,20.0
-42.0,22.0
-42.0,24.0
-42.0,26.0
-42.0,28.0
-42.0,30.0
-42.0,32.0
-42.0,34.0
-42.0,36.0
-42.0,38.0
-42.0,40.0
-42.0,42.0
-42.0,44.0
-42.0,46.0
-42.0,48.0
-42.0,50.0
-42.0,52.0
-42.0,54.0
-42.0,56.0
-42.0,58.0
-42.0,60.0
-42.0,62.0
-42.0,64.0
-42.0,66.0
-42.0,68.0
-42.0,70.0
-42.0,72.0
-42.0,74.0
-42.0,76.0
-42.0,78.0
-42.0,80.0
-42.0,82.0
-42.0,84.0
-42.0,86.0
-42.0,88.0
-42.0,90.0
-42.0,92.0
-42.0,94.0
-42.0,96.0
-42.0,98.0
-42.0,100.0
-42.0,102.0
-42.0,104.0
-42.0,106.0
-42.0,108.0
-42.0,110.0
-42.0,112.0
-42.0,114.0
-42.0,116.0
-42.0,118.0
-42.0,120.0
-42.0,122.0
-42.0,124.0
-42.0,126.0
-42.0,128.0
-42.0,130.0
-42.0,132.0
-42.0,134.0
-42.0,136.0
-42.0,138.0
-42.0,140.0
-42.0,142.0
-42.0,144.0
-42.0,150.0
-42.0,152.0
-42.0,154.0
-42.0,156.0
-42.0,158.0
-42.0,160.0
-42.0,162.0
-42.0,164.0
-42.0,166.0
-42.0,168.0
-42.0,170.0
-42.0,176.0
-42.0,178.0
-41.0,-180.0
-41.0,-178.0
-41.0,-176.0
-41.0,-174.0
-41.0,-172.0
-41.0,-170.0
-41.0,-168.0
-41.0,-166.0
-41.0,-164.0
-41.0,-162.0
-41.0,-160.0
-41.0,-158.0
-41.0,-156.0
-41.0,-154.0
-41.0,-152.0
-41.0,-150.0
-41.0,-148.0
-41.0,-146.0
-41.0,-144.0
-41.0,-142.0
-41.0,-140.0
-41.0,-138.0
-41.0,-136.0
-41.0,-134.0
-41.0,-132.0
-41.0,-130.0
-41.0,-128.0
-41.0,-126.0
-41.0,-124.0
-41.0,-122.0
-41.0,-120.0
-41.0,-118.0
-41.0,-116.0
-41.0,-114.0
-41.0,-112.0
-41.0,-110.0
-41.0,-108.0
-41.0,-106.0
-41.0,-104.0
-41.0,-102.0
-41.0,-100.0
-41.0,-98.0
-41.0,-96.0
-41.0,-94.0
-41.0,-92.0
-41.0,-90.0
-41.0,-88.0
-41.0,-86.0
-41.0,-84.0
-41.0,-82.0
-41.0,-80.0
-41.0,-78.0
-41.0,-76.0
-41.0,-74.0
-41.0,-62.0
-41.0,-60.0
-41.0,-58.0
-41.0,-56.0
-41.0,-54.0
-41.0,-52.0
-41.0,-50.0
-41.0,-48.0
-41.0,-46.0
-41.0,-44.0
-41.0,-42.0
-41.0,-40.0
-41.0,-38.0
-41.0,-36.0
-41.0,-34.0
-41.0,-32.0
-41.0,-30.0
-41.0,-28.0
-41.0,-26.0
-41.0,-24.0
-41.0,-22.0
-41.0,-20.0
-41.0,-18.0
-41.0,-16.0
-41.0,-14.0
-41.0,-12.0
-41.0,-10.0
-41.0,-8.0
-41.0,-6.0
-41.0,-4.0
-41.0,-2.0
-41.0,0.0
-41.0,2.0
-41.0,4.0
-41.0,6.0
-41.0,8.0
-41.0,10.0
-41.0,12.0
-41.0,14.0
-41.0,16.0
-41.0,18.0
-41.0,20.0
-41.0,22.0
-41.0,24.0
-41.0,26.0
-41.0,28.0
-41.0,30.0
-41.0,32.0
-41.0,34.0
-41.0,36.0
-41.0,38.0
-41.0,40.0
-41.0,42.0
-41.0,44.0
-41.0,46.0
-41.0,48.0
-41.0,50.0
-41.0,52.0
-41.0,54.0
-41.0,56.0
-41.0,58.0
-41.0,60.0
-41.0,62.0
-41.0,64.0
-41.0,66.0
-41.0,68.0
-41.0,70.0
-41.0,72.0
-41.0,74.0
-41.0,76.0
-41.0,78.0
-41.0,80.0
-41.0,82.0
-41.0,84.0
-41.0,86.0
-41.0,88.0
-41.0,90.0
-41.0,92.0
-41.0,94.0
-41.0,96.0
-41.0,98.0
-41.0,100.0
-41.0,102.0
-41.0,104.0
-41.0,106.0
-41.0,108.0
-41.0,110.0
-41.0,112.0
-41.0,114.0
-41.0,116.0
-41.0,118.0
-41.0,120.0
-41.0,122.0
-41.0,124.0
-41.0,126.0
-41.0,128.0
-41.0,130.0
-41.0,132.0
-41.0,134.0
-41.0,136.0
-41.0,138.0
-41.0,140.0
-41.0,142.0
-41.0,144.0
-41.0,146.0
-41.0,150.0
-41.0,152.0
-41.0,154.0
-41.0,156.0
-41.0,158.0
-41.0,160.0
-41.0,162.0
-41.0,164.0
-41.0,166.0
-41.0,168.0
-41.0,170.0
-41.0,172.0
-41.0,178.0
-40.0,-180.0
-40.0,-178.0
-40.0,-176.0
-40.0,-174.0
-40.0,-172.0
-40.0,-170.0
-40.0,-168.0
-40.0,-166.0
-40.0,-164.0
-40.0,-162.0
-40.0,-160.0
-40.0,-158.0
-40.0,-156.0
-40.0,-154.0
-40.0,-152.0
-40.0,-150.0
-40.0,-148.0
-40.0,-146.0
-40.0,-144.0
-40.0,-142.0
-40.0,-140.0
-40.0,-138.0
-40.0,-136.0
-40.0,-134.0
-40.0,-132.0
-40.0,-130.0
-40.0,-128.0
-40.0,-126.0
-40.0,-124.0
-40.0,-122.0
-40.0,-120.0
-40.0,-118.0
-40.0,-116.0
-40.0,-114.0
-40.0,-112.0
-40.0,-110.0
-40.0,-108.0
-40.0,-106.0
-40.0,-104.0
-40.0,-102.0
-40.0,-100.0
-40.0,-98.0
-40.0,-96.0
-40.0,-94.0
-40.0,-92.0
-40.0,-90.0
-40.0,-88.0
-40.0,-86.0
-40.0,-84.0
-40.0,-82.0
-40.0,-80.0
-40.0,-78.0
-40.0,-76.0
-40.0,-74.0
-40.0,-62.0
-40.0,-60.0
-40.0,-58.0
-40.0,-56.0
-40.0,-54.0
-40.0,-52.0
-40.0,-50.0
-40.0,-48.0
-40.0,-46.0
-40.0,-44.0
-40.0,-42.0
-40.0,-40.0
-40.0,-38.0
-40.0,-36.0
-40.0,-34.0
-40.0,-32.0
-40.0,-30.0
-40.0,-28.0
-40.0,-26.0
-40.0,-24.0
-40.0,-22.0
-40.0,-20.0
-40.0,-18.0
-40.0,-16.0
-40.0,-14.0
-40.0,-12.0
-40.0,-10.0
-40.0,-8.0
-40.0,-6.0
-40.0,-4.0
-40.0,-2.0
-40.0,0.0
-40.0,2.0
-40.0,4.0
-40.0,6.0
-40.0,8.0
-40.0,10.0
-40.0,12.0
-40.0,14.0
-40.0,16.0
-40.0,18.0
-40.0,20.0
-40.0,22.0
-40.0,24.0
-40.0,26.0
-40.0,28.0
-40.0,30.0
-40.0,32.0
-40.0,34.0
-40.0,36.0
-40.0,38.0
-40.0,40.0
-40.0,42.0
-40.0,44.0
-40.0,46.0
-40.0,48.0
-40.0,50.0
-40.0,52.0
-40.0,54.0
-40.0,56.0
-40.0,58.0
-40.0,60.0
-40.0,62.0
-40.0,64.0
-40.0,66.0
-40.0,68.0
-40.0,70.0
-40.0,72.0
-40.0,74.0
-40.0,76.0
-40.0,78.0
-40.0,80.0
-40.0,82.0
-40.0,84.0
-40.0,86.0
-40.0,88.0
-40.0,90.0
-40.0,92.0
-40.0,94.0
-40.0,96.0
-40.0,98.0
-40.0,100.0
-40.0,102.0
-40.0,104.0
-40.0,106.0
-40.0,108.0
-40.0,110.0
-40.0,112.0
-40.0,114.0
-40.0,116.0
-40.0,118.0
-40.0,120.0
-40.0,122.0
-40.0,124.0
-40.0,126.0
-40.0,128.0
-40.0,130.0
-40.0,132.0
-40.0,134.0
-40.0,136.0
-40.0,138.0
-40.0,140.0
-40.0,142.0
-40.0,144.0
-40.0,146.0
-40.0,148.0
-40.0,150.0
-40.0,152.0
-40.0,154.0
-40.0,156.0
-40.0,158.0
-40.0,160.0
-40.0,162.0
-40.0,164.0
-40.0,166.0
-40.0,168.0
-40.0,170.0
-40.0,172.0
-40.0,174.0
-40.0,178.0
-39.0,-180.0
-39.0,-178.0
-39.0,-176.0
-39.0,-174.0
-39.0,-172.0
-39.0,-170.0
-39.0,-168.0
-39.0,-166.0
-39.0,-164.0
-39.0,-162.0
-39.0,-160.0
-39.0,-158.0
-39.0,-156.0
-39.0,-154.0
-39.0,-152.0
-39.0,-150.0
-39.0,-148.0
-39.0,-146.0
-39.0,-144.0
-39.0,-142.0
-39.0,-140.0
-39.0,-138.0
-39.0,-136.0
-39.0,-134.0
-39.0,-132.0
-39.0,-130.0
-39.0,-128.0
-39.0,-126.0
-39.0,-124.0
-39.0,-122.0
-39.0,-120.0
-39.0,-118.0
-39.0,-116.0
-39.0,-114.0
-39.0,-112.0
-39.0,-110.0
-39.0,-108.0
-39.0,-106.0
-39.0,-104.0
-39.0,-102.0
-39.0,-100.0
-39.0,-98.0
-39.0,-96.0
-39.0,-94.0
-39.0,-92.0
-39.0,-90.0
-39.0,-88.0
-39.0,-86.0
-39.0,-84.0
-39.0,-82.0
-39.0,-80.0
-39.0,-78.0
-39.0,-76.0
-39.0,-74.0
-39.0,-62.0
-39.0,-60.0
-39.0,-58.0
-39.0,-56.0
-39.0,-54.0
-39.0,-52.0
-39.0,-50.0
-39.0,-48.0
-39.0,-46.0
-39.0,-44.0
-39.0,-42.0
-39.0,-40.0
-39.0,-38.0
-39.0,-36.0
-39.0,-34.0
-39.0,-32.0
-39.0,-30.0
-39.0,-28.0
-39.0,-26.0
-39.0,-24.0
-39.0,-22.0
-39.0,-20.0
-39.0,-18.0
-39.0,-16.0
-39.0,-14.0
-39.0,-12.0
-39.0,-10.0
-39.0,-8.0
-39.0,-6.0
-39.0,-4.0
-39.0,-2.0
-39.0,0.0
-39.0,2.0
-39.0,4.0
-39.0,6.0
-39.0,8.0
-39.0,10.0
-39.0,12.0
-39.0,14.0
-39.0,16.0
-39.0,18.0
-39.0,20.0
-39.0,22.0
-39.0,24.0
-39.0,26.0
-39.0,28.0
-39.0,30.0
-39.0,32.0
-39.0,34.0
-39.0,36.0
-39.0,38.0
-39.0,40.0
-39.0,42.0
-39.0,44.0
-39.0,46.0
-39.0,48.0
-39.0,50.0
-39.0,52.0
-39.0,54.0
-39.0,56.0
-39.0,58.0
-39.0,60.0
-39.0,62.0
-39.0,64.0
-39.0,66.0
-39.0,68.0
-39.0,70.0
-39.0,72.0
-39.0,74.0
-39.0,76.0
-39.0,78.0
-39.0,80.0
-39.0,82.0
-39.0,84.0
-39.0,86.0
-39.0,88.0
-39.0,90.0
-39.0,92.0
-39.0,94.0
-39.0,96.0
-39.0,98.0
-39.0,100.0
-39.0,102.0
-39.0,104.0
-39.0,106.0
-39.0,108.0
-39.0,110.0
-39.0,112.0
-39.0,114.0
-39.0,116.0
-39.0,118.0
-39.0,120.0
-39.0,122.0
-39.0,124.0
-39.0,126.0
-39.0,128.0
-39.0,130.0
-39.0,132.0
-39.0,134.0
-39.0,136.0
-39.0,138.0
-39.0,140.0
-39.0,142.0
-39.0,144.0
-39.0,146.0
-39.0,148.0
-39.0,150.0
-39.0,152.0
-39.0,154.0
-39.0,156.0
-39.0,158.0
-39.0,160.0
-39.0,162.0
-39.0,164.0
-39.0,166.0
-39.0,168.0
-39.0,170.0
-39.0,172.0
-39.0,174.0
-38.0,-180.0
-38.0,-178.0
-38.0,-176.0
-38.0,-174.0
-38.0,-172.0
-38.0,-170.0
-38.0,-168.0
-38.0,-166.0
-38.0,-164.0
-38.0,-162.0
-38.0,-160.0
-38.0,-158.0
-38.0,-156.0
-38.0,-154.0
-38.0,-152.0
-38.0,-150.0
-38.0,-148.0
-38.0,-146.0
-38.0,-144.0
-38.0,-142.0
-38.0,-140.0
-38.0,-138.0
-38.0,-136.0
-38.0,-134.0
-38.0,-132.0
-38.0,-130.0
-38.0,-128.0
-38.0,-126.0
-38.0,-124.0
-38.0,-122.0
-38.0,-120.0
-38.0,-118.0
-38.0,-116.0
-38.0,-114.0
-38.0,-112.0
-38.0,-110.0
-38.0,-108.0
-38.0,-106.0
-38.0,-104.0
-38.0,-102.0
-38.0,-100.0
-38.0,-98.0
-38.0,-96.0
-38.0,-94.0
-38.0,-92.0
-38.0,-90.0
-38.0,-88.0
-38.0,-86.0
-38.0,-84.0
-38.0,-82.0
-38.0,-80.0
-38.0,-78.0
-38.0,-76.0
-38.0,-74.0
-38.0,-56.0
-38.0,-54.0
-38.0,-52.0
-38.0,-50.0
-38.0,-48.0
-38.0,-46.0
-38.0,-44.0
-38.0,-42.0
-38.0,-40.0
-38.0,-38.0
-38.0,-36.0
-38.0,-34.0
-38.0,-32.0
-38.0,-30.0
-38.0,-28.0
-38.0,-26.0
-38.0,-24.0
-38.0,-22.0
-38.0,-20.0
-38.0,-18.0
-38.0,-16.0
-38.0,-14.0
-38.0,-12.0
-38.0,-10.0
-38.0,-8.0
-38.0,-6.0
-38.0,-4.0
-38.0,-2.0
-38.0,0.0
-38.0,2.0
-38.0,4.0
-38.0,6.0
-38.0,8.0
-38.0,10.0
-38.0,12.0
-38.0,14.0
-38.0,16.0
-38.0,18.0
-38.0,20.0
-38.0,22.0
-38.0,24.0
-38.0,26.0
-38.0,28.0
-38.0,30.0
-38.0,32.0
-38.0,34.0
-38.0,36.0
-38.0,38.0
-38.0,40.0
-38.0,42.0
-38.0,44.0
-38.0,46.0
-38.0,48.0
-38.0,50.0
-38.0,52.0
-38.0,54.0
-38.0,56.0
-38.0,58.0
-38.0,60.0
-38.0,62.0
-38.0,64.0
-38.0,66.0
-38.0,68.0
-38.0,70.0
-38.0,72.0
-38.0,74.0
-38.0,76.0
-38.0,78.0
-38.0,80.0
-38.0,82.0
-38.0,84.0
-38.0,86.0
-38.0,88.0
-38.0,90.0
-38.0,92.0
-38.0,94.0
-38.0,96.0
-38.0,98.0
-38.0,100.0
-38.0,102.0
-38.0,104.0
-38.0,106.0
-38.0,108.0
-38.0,110.0
-38.0,112.0
-38.0,114.0
-38.0,116.0
-38.0,118.0
-38.0,120.0
-38.0,122.0
-38.0,124.0
-38.0,126.0
-38.0,128.0
-38.0,130.0
-38.0,132.0
-38.0,134.0
-38.0,136.0
-38.0,138.0
-38.0,140.0
-38.0,148.0
-38.0,150.0
-38.0,152.0
-38.0,154.0
-38.0,156.0
-38.0,158.0
-38.0,160.0
-38.0,162.0
-38.0,164.0
-38.0,166.0
-38.0,168.0
-38.0,170.0
-38.0,172.0
-38.0,174.0
-37.0,-180.0
-37.0,-178.0
-37.0,-176.0
-37.0,-174.0
-37.0,-172.0
-37.0,-170.0
-37.0,-168.0
-37.0,-166.0
-37.0,-164.0
-37.0,-162.0
-37.0,-160.0
-37.0,-158.0
-37.0,-156.0
-37.0,-154.0
-37.0,-152.0
-37.0,-150.0
-37.0,-148.0
-37.0,-146.0
-37.0,-144.0
-37.0,-142.0
-37.0,-140.0
-37.0,-138.0
-37.0,-136.0
-37.0,-134.0
-37.0,-132.0
-37.0,-130.0
-37.0,-128.0
-37.0,-126.0
-37.0,-124.0
-37.0,-122.0
-37.0,-120.0
-37.0,-118.0
-37.0,-116.0
-37.0,-114.0
-37.0,-112.0
-37.0,-110.0
-37.0,-108.0
-37.0,-106.0
-37.0,-104.0
-37.0,-102.0
-37.0,-100.0
-37.0,-98.0
-37.0,-96.0
-37.0,-94.0
-37.0,-92.0
-37.0,-90.0
-37.0,-88.0
-37.0,-86.0
-37.0,-84.0
-37.0,-82.0
-37.0,-80.0
-37.0,-78.0
-37.0,-76.0
-37.0,-74.0
-37.0,-56.0
-37.0,-54.0
-37.0,-52.0
-37.0,-50.0
-37.0,-48.0
-37.0,-46.0
-37.0,-44.0
-37.0,-42.0
-37.0,-40.0
-37.0,-38.0
-37.0,-36.0
-37.0,-34.0
-37.0,-32.0
-37.0,-30.0
-37.0,-28.0
-37.0,-26.0
-37.0,-24.0
-37.0,-22.0
-37.0,-20.0
-37.0,-18.0
-37.0,-16.0
-37.0,-14.0
-37.0,-12.0
-37.0,-10.0
-37.0,-8.0
-37.0,-6.0
-37.0,-4.0
-37.0,-2.0
-37.0,0.0
-37.0,2.0
-37.0,4.0
-37.0,6.0
-37.0,8.0
-37.0,10.0
-37.0,12.0
-37.0,14.0
-37.0,16.0
-37.0,18.0
-37.0,20.0
-37.0,22.0
-37.0,24.0
-37.0,26.0
-37.0,28.0
-37.0,30.0
-37.0,32.0
-37.0,34.0
-37.0,36.0
-37.0,38.0
-37.0,40.0
-37.0,42.0
-37.0,44.0
-37.0,46.0
-37.0,48.0
-37.0,50.0
-37.0,52.0
-37.0,54.0
-37.0,56.0
-37.0,58.0
-37.0,60.0
-37.0,62.0
-37.0,64.0
-37.0,66.0
-37.0,68.0
-37.0,70.0
-37.0,72.0
-37.0,74.0
-37.0,76.0
-37.0,78.0
-37.0,80.0
-37.0,82.0
-37.0,84.0
-37.0,86.0
-37.0,88.0
-37.0,90.0
-37.0,92.0
-37.0,94.0
-37.0,96.0
-37.0,98.0
-37.0,100.0
-37.0,102.0
-37.0,104.0
-37.0,106.0
-37.0,108.0
-37.0,110.0
-37.0,112.0
-37.0,114.0
-37.0,116.0
-37.0,118.0
-37.0,120.0
-37.0,122.0
-37.0,124.0
-37.0,126.0
-37.0,128.0
-37.0,130.0
-37.0,132.0
-37.0,134.0
-37.0,136.0
-37.0,138.0
-37.0,150.0
-37.0,152.0
-37.0,154.0
-37.0,156.0
-37.0,158.0
-37.0,160.0
-37.0,162.0
-37.0,164.0
-37.0,166.0
-37.0,168.0
-37.0,170.0
-37.0,172.0
-37.0,174.0
-37.0,176.0
-37.0,178.0
-36.0,-180.0
-36.0,-178.0
-36.0,-176.0
-36.0,-174.0
-36.0,-172.0
-36.0,-170.0
-36.0,-168.0
-36.0,-166.0
-36.0,-164.0
-36.0,-162.0
-36.0,-160.0
-36.0,-158.0
-36.0,-156.0
-36.0,-154.0
-36.0,-152.0
-36.0,-150.0
-36.0,-148.0
-36.0,-146.0
-36.0,-144.0
-36.0,-142.0
-36.0,-140.0
-36.0,-138.0
-36.0,-136.0
-36.0,-134.0
-36.0,-132.0
-36.0,-130.0
-36.0,-128.0
-36.0,-126.0
-36.0,-124.0
-36.0,-122.0
-36.0,-120.0
-36.0,-118.0
-36.0,-116.0
-36.0,-114.0
-36.0,-112.0
-36.0,-110.0
-36.0,-108.0
-36.0,-106.0
-36.0,-104.0
-36.0,-102.0
-36.0,-100.0
-36.0,-98.0
-36.0,-96.0
-36.0,-94.0
-36.0,-92.0
-36.0,-90.0
-36.0,-88.0
-36.0,-86.0
-36.0,-84.0
-36.0,-82.0
-36.0,-80.0
-36.0,-78.0
-36.0,-76.0
-36.0,-74.0
-36.0,-56.0
-36.0,-54.0
-36.0,-52.0
-36.0,-50.0
-36.0,-48.0
-36.0,-46.0
-36.0,-44.0
-36.0,-42.0
-36.0,-40.0
-36.0,-38.0
-36.0,-36.0
-36.0,-34.0
-36.0,-32.0
-36.0,-30.0
-36.0,-28.0
-36.0,-26.0
-36.0,-24.0
-36.0,-22.0
-36.0,-20.0
-36.0,-18.0
-36.0,-16.0
-36.0,-14.0
-36.0,-12.0
-36.0,-10.0
-36.0,-8.0
-36.0,-6.0
-36.0,-4.0
-36.0,-2.0
-36.0,0.0
-36.0,2.0
-36.0,4.0
-36.0,6.0
-36.0,8.0
-36.0,10.0
-36.0,12.0
-36.0,14.0
-36.0,16.0
-36.0,18.0
-36.0,20.0
-36.0,22.0
-36.0,24.0
-36.0,26.0
-36.0,28.0
-36.0,30.0
-36.0,32.0
-36.0,34.0
-36.0,36.0
-36.0,38.0
-36.0,40.0
-36.0,42.0
-36.0,44.0
-36.0,46.0
-36.0,48.0
-36.0,50.0
-36.0,52.0
-36.0,54.0
-36.0,56.0
-36.0,58.0
-36.0,60.0
-36.0,62.0
-36.0,64.0
-36.0,66.0
-36.0,68.0
-36.0,70.0
-36.0,72.0
-36.0,74.0
-36.0,76.0
-36.0,78.0
-36.0,80.0
-36.0,82.0
-36.0,84.0
-36.0,86.0
-36.0,88.0
-36.0,90.0
-36.0,92.0
-36.0,94.0
-36.0,96.0
-36.0,98.0
-36.0,100.0
-36.0,102.0
-36.0,104.0
-36.0,106.0
-36.0,108.0
-36.0,110.0
-36.0,112.0
-36.0,114.0
-36.0,116.0
-36.0,118.0
-36.0,120.0
-36.0,122.0
-36.0,124.0
-36.0,126.0
-36.0,128.0
-36.0,130.0
-36.0,132.0
-36.0,134.0
-36.0,136.0
-36.0,138.0
-36.0,152.0
-36.0,154.0
-36.0,156.0
-36.0,158.0
-36.0,160.0
-36.0,162.0
-36.0,164.0
-36.0,166.0
-36.0,168.0
-36.0,170.0
-36.0,172.0
-36.0,176.0
-36.0,178.0
-35.0,-180.0
-35.0,-178.0
-35.0,-176.0
-35.0,-174.0
-35.0,-172.0
-35.0,-170.0
-35.0,-168.0
-35.0,-166.0
-35.0,-164.0
-35.0,-162.0
-35.0,-160.0
-35.0,-158.0
-35.0,-156.0
-35.0,-154.0
-35.0,-152.0
-35.0,-150.0
-35.0,-148.0
-35.0,-146.0
-35.0,-144.0
-35.0,-142.0
-35.0,-140.0
-35.0,-138.0
-35.0,-136.0
-35.0,-134.0
-35.0,-132.0
-35.0,-130.0
-35.0,-128.0
-35.0,-126.0
-35.0,-124.0
-35.0,-122.0
-35.0,-120.0
-35.0,-118.0
-35.0,-116.0
-35.0,-114.0
-35.0,-112.0
-35.0,-110.0
-35.0,-108.0
-35.0,-106.0
-35.0,-104.0
-35.0,-102.0
-35.0,-100.0
-35.0,-98.0
-35.0,-96.0
-35.0,-94.0
-35.0,-92.0
-35.0,-90.0
-35.0,-88.0
-35.0,-86.0
-35.0,-84.0
-35.0,-82.0
-35.0,-80.0
-35.0,-78.0
-35.0,-76.0
-35.0,-74.0
-35.0,-56.0
-35.0,-54.0
-35.0,-52.0
-35.0,-50.0
-35.0,-48.0
-35.0,-46.0
-35.0,-44.0
-35.0,-42.0
-35.0,-40.0
-35.0,-38.0
-35.0,-36.0
-35.0,-34.0
-35.0,-32.0
-35.0,-30.0
-35.0,-28.0
-35.0,-26.0
-35.0,-24.0
-35.0,-22.0
-35.0,-20.0
-35.0,-18.0
-35.0,-16.0
-35.0,-14.0
-35.0,-12.0
-35.0,-10.0
-35.0,-8.0
-35.0,-6.0
-35.0,-4.0
-35.0,-2.0
-35.0,0.0
-35.0,2.0
-35.0,4.0
-35.0,6.0
-35.0,8.0
-35.0,10.0
-35.0,12.0
-35.0,14.0
-35.0,16.0
-35.0,18.0
-35.0,20.0
-35.0,22.0
-35.0,24.0
-35.0,26.0
-35.0,28.0
-35.0,30.0
-35.0,32.0
-35.0,34.0
-35.0,36.0
-35.0,38.0
-35.0,40.0
-35.0,42.0
-35.0,44.0
-35.0,46.0
-35.0,48.0
-35.0,50.0
-35.0,52.0
-35.0,54.0
-35.0,56.0
-35.0,58.0
-35.0,60.0
-35.0,62.0
-35.0,64.0
-35.0,66.0
-35.0,68.0
-35.0,70.0
-35.0,72.0
-35.0,74.0
-35.0,76.0
-35.0,78.0
-35.0,80.0
-35.0,82.0
-35.0,84.0
-35.0,86.0
-35.0,88.0
-35.0,90.0
-35.0,92.0
-35.0,94.0
-35.0,96.0
-35.0,98.0
-35.0,100.0
-35.0,102.0
-35.0,104.0
-35.0,106.0
-35.0,108.0
-35.0,110.0
-35.0,112.0
-35.0,114.0
-35.0,116.0
-35.0,120.0
-35.0,122.0
-35.0,124.0
-35.0,126.0
-35.0,128.0
-35.0,130.0
-35.0,132.0
-35.0,134.0
-35.0,136.0
-35.0,138.0
-35.0,152.0
-35.0,154.0
-35.0,156.0
-35.0,158.0
-35.0,160.0
-35.0,162.0
-35.0,164.0
-35.0,166.0
-35.0,168.0
-35.0,170.0
-35.0,172.0
-35.0,174.0
-35.0,176.0
-35.0,178.0
-34.0,-180.0
-34.0,-178.0
-34.0,-176.0
-34.0,-174.0
-34.0,-172.0
-34.0,-170.0
-34.0,-168.0
-34.0,-166.0
-34.0,-164.0
-34.0,-162.0
-34.0,-160.0
-34.0,-158.0
-34.0,-156.0
-34.0,-154.0
-34.0,-152.0
-34.0,-150.0
-34.0,-148.0
-34.0,-146.0
-34.0,-144.0
-34.0,-142.0
-34.0,-140.0
-34.0,-138.0
-34.0,-136.0
-34.0,-134.0
-34.0,-132.0
-34.0,-130.0
-34.0,-128.0
-34.0,-126.0
-34.0,-124.0
-34.0,-122.0
-34.0,-120.0
-34.0,-118.0
-34.0,-116.0
-34.0,-114.0
-34.0,-112.0
-34.0,-110.0
-34.0,-108.0
-34.0,-106.0
-34.0,-104.0
-34.0,-102.0
-34.0,-100.0
-34.0,-98.0
-34.0,-96.0
-34.0,-94.0
-34.0,-92.0
-34.0,-90.0
-34.0,-88.0
-34.0,-86.0
-34.0,-84.0
-34.0,-82.0
-34.0,-80.0
-34.0,-78.0
-34.0,-76.0
-34.0,-74.0
-34.0,-72.0
-34.0,-52.0
-34.0,-50.0
-34.0,-48.0
-34.0,-46.0
-34.0,-44.0
-34.0,-42.0
-34.0,-40.0
-34.0,-38.0
-34.0,-36.0
-34.0,-34.0
-34.0,-32.0
-34.0,-30.0
-34.0,-28.0
-34.0,-26.0
-34.0,-24.0
-34.0,-22.0
-34.0,-20.0
-34.0,-18.0
-34.0,-16.0
-34.0,-14.0
-34.0,-12.0
-34.0,-10.0
-34.0,-8.0
-34.0,-6.0
-34.0,-4.0
-34.0,-2.0
-34.0,0.0
-34.0,2.0
-34.0,4.0
-34.0,6.0
-34.0,8.0
-34.0,10.0
-34.0,12.0
-34.0,14.0
-34.0,16.0
-34.0,18.0
-34.0,24.0
-34.0,26.0
-34.0,28.0
-34.0,30.0
-34.0,32.0
-34.0,34.0
-34.0,36.0
-34.0,38.0
-34.0,40.0
-34.0,42.0
-34.0,44.0
-34.0,46.0
-34.0,48.0
-34.0,50.0
-34.0,52.0
-34.0,54.0
-34.0,56.0
-34.0,58.0
-34.0,60.0
-34.0,62.0
-34.0,64.0
-34.0,66.0
-34.0,68.0
-34.0,70.0
-34.0,72.0
-34.0,74.0
-34.0,76.0
-34.0,78.0
-34.0,80.0
-34.0,82.0
-34.0,84.0
-34.0,86.0
-34.0,88.0
-34.0,90.0
-34.0,92.0
-34.0,94.0
-34.0,96.0
-34.0,98.0
-34.0,100.0
-34.0,102.0
-34.0,104.0
-34.0,106.0
-34.0,108.0
-34.0,110.0
-34.0,112.0
-34.0,114.0
-34.0,120.0
-34.0,122.0
-34.0,124.0
-34.0,126.0
-34.0,128.0
-34.0,130.0
-34.0,132.0
-34.0,134.0
-34.0,152.0
-34.0,154.0
-34.0,156.0
-34.0,158.0
-34.0,160.0
-34.0,162.0
-34.0,164.0
-34.0,166.0
-34.0,168.0
-34.0,170.0
-34.0,172.0
-34.0,174.0
-34.0,176.0
-34.0,178.0
-33.0,-180.0
-33.0,-178.0
-33.0,-176.0
-33.0,-174.0
-33.0,-172.0
-33.0,-170.0
-33.0,-168.0
-33.0,-166.0
-33.0,-164.0
-33.0,-162.0
-33.0,-160.0
-33.0,-158.0
-33.0,-156.0
-33.0,-154.0
-33.0,-152.0
-33.0,-150.0
-33.0,-148.0
-33.0,-146.0
-33.0,-144.0
-33.0,-142.0
-33.0,-140.0
-33.0,-138.0
-33.0,-136.0
-33.0,-134.0
-33.0,-132.0
-33.0,-130.0
-33.0,-128.0
-33.0,-126.0
-33.0,-124.0
-33.0,-122.0
-33.0,-120.0
-33.0,-118.0
-33.0,-116.0
-33.0,-114.0
-33.0,-112.0
-33.0,-110.0
-33.0,-108.0
-33.0,-106.0
-33.0,-104.0
-33.0,-102.0
-33.0,-100.0
-33.0,-98.0
-33.0,-96.0
-33.0,-94.0
-33.0,-92.0
-33.0,-90.0
-33.0,-88.0
-33.0,-86.0
-33.0,-84.0
-33.0,-82.0
-33.0,-80.0
-33.0,-78.0
-33.0,-76.0
-33.0,-74.0
-33.0,-72.0
-33.0,-52.0
-33.0,-50.0
-33.0,-48.0
-33.0,-46.0
-33.0,-44.0
-33.0,-42.0
-33.0,-40.0
-33.0,-38.0
-33.0,-36.0
-33.0,-34.0
-33.0,-32.0
-33.0,-30.0
-33.0,-28.0
-33.0,-26.0
-33.0,-24.0
-33.0,-22.0
-33.0,-20.0
-33.0,-18.0
-33.0,-16.0
-33.0,-14.0
-33.0,-12.0
-33.0,-10.0
-33.0,-8.0
-33.0,-6.0
-33.0,-4.0
-33.0,-2.0
-33.0,0.0
-33.0,2.0
-33.0,4.0
-33.0,6.0
-33.0,8.0
-33.0,10.0
-33.0,12.0
-33.0,14.0
-33.0,16.0
-33.0,18.0
-33.0,28.0
-33.0,30.0
-33.0,32.0
-33.0,34.0
-33.0,36.0
-33.0,38.0
-33.0,40.0
-33.0,42.0
-33.0,44.0
-33.0,46.0
-33.0,48.0
-33.0,50.0
-33.0,52.0
-33.0,54.0
-33.0,56.0
-33.0,58.0
-33.0,60.0
-33.0,62.0
-33.0,64.0
-33.0,66.0
-33.0,68.0
-33.0,70.0
-33.0,72.0
-33.0,74.0
-33.0,76.0
-33.0,78.0
-33.0,80.0
-33.0,82.0
-33.0,84.0
-33.0,86.0
-33.0,88.0
-33.0,90.0
-33.0,92.0
-33.0,94.0
-33.0,96.0
-33.0,98.0
-33.0,100.0
-33.0,102.0
-33.0,104.0
-33.0,106.0
-33.0,108.0
-33.0,110.0
-33.0,112.0
-33.0,114.0
-33.0,126.0
-33.0,128.0
-33.0,130.0
-33.0,132.0
-33.0,134.0
-33.0,152.0
-33.0,154.0
-33.0,156.0
-33.0,158.0
-33.0,160.0
-33.0,162.0
-33.0,164.0
-33.0,166.0
-33.0,168.0
-33.0,170.0
-33.0,172.0
-33.0,174.0
-33.0,176.0
-33.0,178.0
-32.0,-180.0
-32.0,-178.0
-32.0,-176.0
-32.0,-174.0
-32.0,-172.0
-32.0,-170.0
-32.0,-168.0
-32.0,-166.0
-32.0,-164.0
-32.0,-162.0
-32.0,-160.0
-32.0,-158.0
-32.0,-156.0
-32.0,-154.0
-32.0,-152.0
-32.0,-150.0
-32.0,-148.0
-32.0,-146.0
-32.0,-144.0
-32.0,-142.0
-32.0,-140.0
-32.0,-138.0
-32.0,-136.0
-32.0,-134.0
-32.0,-132.0
-32.0,-130.0
-32.0,-128.0
-32.0,-126.0
-32.0,-124.0
-32.0,-122.0
-32.0,-120.0
-32.0,-118.0
-32.0,-116.0
-32.0,-114.0
-32.0,-112.0
-32.0,-110.0
-32.0,-108.0
-32.0,-106.0
-32.0,-104.0
-32.0,-102.0
-32.0,-100.0
-32.0,-98.0
-32.0,-96.0
-32.0,-94.0
-32.0,-92.0
-32.0,-90.0
-32.0,-88.0
-32.0,-86.0
-32.0,-84.0
-32.0,-82.0
-32.0,-80.0
-32.0,-78.0
-32.0,-76.0
-32.0,-74.0
-32.0,-72.0
-32.0,-50.0
-32.0,-48.0
-32.0,-46.0
-32.0,-44.0
-32.0,-42.0
-32.0,-40.0
-32.0,-38.0
-32.0,-36.0
-32.0,-34.0
-32.0,-32.0
-32.0,-30.0
-32.0,-28.0
-32.0,-26.0
-32.0,-24.0
-32.0,-22.0
-32.0,-20.0
-32.0,-18.0
-32.0,-16.0
-32.0,-14.0
-32.0,-12.0
-32.0,-10.0
-32.0,-8.0
-32.0,-6.0
-32.0,-4.0
-32.0,-2.0
-32.0,0.0
-32.0,2.0
-32.0,4.0
-32.0,6.0
-32.0,8.0
-32.0,10.0
-32.0,12.0
-32.0,14.0
-32.0,16.0
-32.0,18.0
-32.0,30.0
-32.0,32.0
-32.0,34.0
-32.0,36.0
-32.0,38.0
-32.0,40.0
-32.0,42.0
-32.0,44.0
-32.0,46.0
-32.0,48.0
-32.0,50.0
-32.0,52.0
-32.0,54.0
-32.0,56.0
-32.0,58.0
-32.0,60.0
-32.0,62.0
-32.0,64.0
-32.0,66.0
-32.0,68.0
-32.0,70.0
-32.0,72.0
-32.0,74.0
-32.0,76.0
-32.0,78.0
-32.0,80.0
-32.0,82.0
-32.0,84.0
-32.0,86.0
-32.0,88.0
-32.0,90.0
-32.0,92.0
-32.0,94.0
-32.0,96.0
-32.0,98.0
-32.0,100.0
-32.0,102.0
-32.0,104.0
-32.0,106.0
-32.0,108.0
-32.0,110.0
-32.0,112.0
-32.0,114.0
-32.0,130.0
-32.0,132.0
-32.0,154.0
-32.0,156.0
-32.0,158.0
-32.0,160.0
-32.0,162.0
-32.0,164.0
-32.0,166.0
-32.0,168.0
-32.0,170.0
-32.0,172.0
-32.0,174.0
-32.0,176.0
-32.0,178.0
-31.0,-180.0
-31.0,-178.0
-31.0,-176.0
-31.0,-174.0
-31.0,-172.0
-31.0,-170.0
-31.0,-168.0
-31.0,-166.0
-31.0,-164.0
-31.0,-162.0
-31.0,-160.0
-31.0,-158.0
-31.0,-156.0
-31.0,-154.0
-31.0,-152.0
-31.0,-150.0
-31.0,-148.0
-31.0,-146.0
-31.0,-144.0
-31.0,-142.0
-31.0,-140.0
-31.0,-138.0
-31.0,-136.0
-31.0,-134.0
-31.0,-132.0
-31.0,-130.0
-31.0,-128.0
-31.0,-126.0
-31.0,-124.0
-31.0,-122.0
-31.0,-120.0
-31.0,-118.0
-31.0,-116.0
-31.0,-114.0
-31.0,-112.0
-31.0,-110.0
-31.0,-108.0
-31.0,-106.0
-31.0,-104.0
-31.0,-102.0
-31.0,-100.0
-31.0,-98.0
-31.0,-96.0
-31.0,-94.0
-31.0,-92.0
-31.0,-90.0
-31.0,-88.0
-31.0,-86.0
-31.0,-84.0
-31.0,-82.0
-31.0,-80.0
-31.0,-78.0
-31.0,-76.0
-31.0,-74.0
-31.0,-72.0
-31.0,-50.0
-31.0,-48.0
-31.0,-46.0
-31.0,-44.0
-31.0,-42.0
-31.0,-40.0
-31.0,-38.0
-31.0,-36.0
-31.0,-34.0
-31.0,-32.0
-31.0,-30.0
-31.0,-28.0
-31.0,-26.0
-31.0,-24.0
-31.0,-22.0
-31.0,-20.0
-31.0,-18.0
-31.0,-16.0
-31.0,-14.0
-31.0,-12.0
-31.0,-10.0
-31.0,-8.0
-31.0,-6.0
-31.0,-4.0
-31.0,-2.0
-31.0,0.0
-31.0,2.0
-31.0,4.0
-31.0,6.0
-31.0,8.0
-31.0,10.0
-31.0,12.0
-31.0,14.0
-31.0,16.0
-31.0,32.0
-31.0,34.0
-31.0,36.0
-31.0,38.0
-31.0,40.0
-31.0,42.0
-31.0,44.0
-31.0,46.0
-31.0,48.0
-31.0,50.0
-31.0,52.0
-31.0,54.0
-31.0,56.0
-31.0,58.0
-31.0,60.0
-31.0,62.0
-31.0,64.0
-31.0,66.0
-31.0,68.0
-31.0,70.0
-31.0,72.0
-31.0,74.0
-31.0,76.0
-31.0,78.0
-31.0,80.0
-31.0,82.0
-31.0,84.0
-31.0,86.0
-31.0,88.0
-31.0,90.0
-31.0,92.0
-31.0,94.0
-31.0,96.0
-31.0,98.0
-31.0,100.0
-31.0,102.0
-31.0,104.0
-31.0,106.0
-31.0,108.0
-31.0,110.0
-31.0,112.0
-31.0,114.0
-31.0,154.0
-31.0,156.0
-31.0,158.0
-31.0,160.0
-31.0,162.0
-31.0,164.0
-31.0,166.0
-31.0,168.0
-31.0,170.0
-31.0,172.0
-31.0,174.0
-31.0,176.0
-31.0,178.0
-30.0,-180.0
-30.0,-178.0
-30.0,-176.0
-30.0,-174.0
-30.0,-172.0
-30.0,-170.0
-30.0,-168.0
-30.0,-166.0
-30.0,-164.0
-30.0,-162.0
-30.0,-160.0
-30.0,-158.0
-30.0,-156.0
-30.0,-154.0
-30.0,-152.0
-30.0,-150.0
-30.0,-148.0
-30.0,-146.0
-30.0,-144.0
-30.0,-142.0
-30.0,-140.0
-30.0,-138.0
-30.0,-136.0
-30.0,-134.0
-30.0,-132.0
-30.0,-130.0
-30.0,-128.0
-30.0,-126.0
-30.0,-124.0
-30.0,-122.0
-30.0,-120.0
-30.0,-118.0
-30.0,-116.0
-30.0,-114.0
-30.0,-112.0
-30.0,-110.0
-30.0,-108.0
-30.0,-106.0
-30.0,-104.0
-30.0,-102.0
-30.0,-100.0
-30.0,-98.0
-30.0,-96.0
-30.0,-94.0
-30.0,-92.0
-30.0,-90.0
-30.0,-88.0
-30.0,-86.0
-30.0,-84.0
-30.0,-82.0
-30.0,-80.0
-30.0,-78.0
-30.0,-76.0
-30.0,-74.0
-30.0,-72.0
-30.0,-50.0
-30.0,-48.0
-30.0,-46.0
-30.0,-44.0
-30.0,-42.0
-30.0,-40.0
-30.0,-38.0
-30.0,-36.0
-30.0,-34.0
-30.0,-32.0
-30.0,-30.0
-30.0,-28.0
-30.0,-26.0
-30.0,-24.0
-30.0,-22.0
-30.0,-20.0
-30.0,-18.0
-30.0,-16.0
-30.0,-14.0
-30.0,-12.0
-30.0,-10.0
-30.0,-8.0
-30.0,-6.0
-30.0,-4.0
-30.0,-2.0
-30.0,0.0
-30.0,2.0
-30.0,4.0
-30.0,6.0
-30.0,8.0
-30.0,10.0
-30.0,12.0
-30.0,14.0
-30.0,16.0
-30.0,32.0
-30.0,34.0
-30.0,36.0
-30.0,38.0
-30.0,40.0
-30.0,42.0
-30.0,44.0
-30.0,46.0
-30.0,48.0
-30.0,50.0
-30.0,52.0
-30.0,54.0
-30.0,56.0
-30.0,58.0
-30.0,60.0
-30.0,62.0
-30.0,64.0
-30.0,66.0
-30.0,68.0
-30.0,70.0
-30.0,72.0
-30.0,74.0
-30.0,76.0
-30.0,78.0
-30.0,80.0
-30.0,82.0
-30.0,84.0
-30.0,86.0
-30.0,88.0
-30.0,90.0
-30.0,92.0
-30.0,94.0
-30.0,96.0
-30.0,98.0
-30.0,100.0
-30.0,102.0
-30.0,104.0
-30.0,106.0
-30.0,108.0
-30.0,110.0
-30.0,112.0
-30.0,114.0
-30.0,154.0
-30.0,156.0
-30.0,158.0
-30.0,160.0
-30.0,162.0
-30.0,164.0
-30.0,166.0
-30.0,168.0
-30.0,170.0
-30.0,172.0
-30.0,174.0
-30.0,176.0
-30.0,178.0
-29.0,-180.0
-29.0,-178.0
-29.0,-176.0
-29.0,-174.0
-29.0,-172.0
-29.0,-170.0
-29.0,-168.0
-29.0,-166.0
-29.0,-164.0
-29.0,-162.0
-29.0,-160.0
-29.0,-158.0
-29.0,-156.0
-29.0,-154.0
-29.0,-152.0
-29.0,-150.0
-29.0,-148.0
-29.0,-146.0
-29.0,-144.0
-29.0,-142.0
-29.0,-140.0
-29.0,-138.0
-29.0,-136.0
-29.0,-134.0
-29.0,-132.0
-29.0,-130.0
-29.0,-128.0
-29.0,-126.0
-29.0,-124.0
-29.0,-122.0
-29.0,-120.0
-29.0,-118.0
-29.0,-116.0
-29.0,-114.0
-29.0,-112.0
-29.0,-110.0
-29.0,-108.0
-29.0,-106.0
-29.0,-104.0
-29.0,-102.0
-29.0,-100.0
-29.0,-98.0
-29.0,-96.0
-29.0,-94.0
-29.0,-92.0
-29.0,-90.0
-29.0,-88.0
-29.0,-86.0
-29.0,-84.0
-29.0,-82.0
-29.0,-80.0
-29.0,-78.0
-29.0,-76.0
-29.0,-74.0
-29.0,-72.0
-29.0,-48.0
-29.0,-46.0
-29.0,-44.0
-29.0,-42.0
-29.0,-40.0
-29.0,-38.0
-29.0,-36.0
-29.0,-34.0
-29.0,-32.0
-29.0,-30.0
-29.0,-28.0
-29.0,-26.0
-29.0,-24.0
-29.0,-22.0
-29.0,-20.0
-29.0,-18.0
-29.0,-16.0
-29.0,-14.0
-29.0,-12.0
-29.0,-10.0
-29.0,-8.0
-29.0,-6.0
-29.0,-4.0
-29.0,-2.0
-29.0,0.0
-29.0,2.0
-29.0,4.0
-29.0,6.0
-29.0,8.0
-29.0,10.0
-29.0,12.0
-29.0,14.0
-29.0,16.0
-29.0,32.0
-29.0,34.0
-29.0,36.0
-29.0,38.0
-29.0,40.0
-29.0,42.0
-29.0,44.0
-29.0,46.0
-29.0,48.0
-29.0,50.0
-29.0,52.0
-29.0,54.0
-29.0,56.0
-29.0,58.0
-29.0,60.0
-29.0,62.0
-29.0,64.0
-29.0,66.0
-29.0,68.0
-29.0,70.0
-29.0,72.0
-29.0,74.0
-29.0,76.0
-29.0,78.0
-29.0,80.0
-29.0,82.0
-29.0,84.0
-29.0,86.0
-29.0,88.0
-29.0,90.0
-29.0,92.0
-29.0,94.0
-29.0,96.0
-29.0,98.0
-29.0,100.0
-29.0,102.0
-29.0,104.0
-29.0,106.0
-29.0,108.0
-29.0,110.0
-29.0,112.0
-29.0,114.0
-29.0,154.0
-29.0,156.0
-29.0,158.0
-29.0,160.0
-29.0,162.0
-29.0,164.0
-29.0,166.0
-29.0,168.0
-29.0,170.0
-29.0,172.0
-29.0,174.0
-29.0,176.0
-29.0,178.0
-28.0,-180.0
-28.0,-178.0
-28.0,-176.0
-28.0,-174.0
-28.0,-172.0
-28.0,-170.0
-28.0,-168.0
-28.0,-166.0
-28.0,-164.0
-28.0,-162.0
-28.0,-160.0
-28.0,-158.0
-28.0,-156.0
-28.0,-154.0
-28.0,-152.0
-28.0,-150.0
-28.0,-148.0
-28.0,-146.0
-28.0,-144.0
-28.0,-142.0
-28.0,-140.0
-28.0,-138.0
-28.0,-136.0
-28.0,-134.0
-28.0,-132.0
-28.0,-130.0
-28.0,-128.0
-28.0,-126.0
-28.0,-124.0
-28.0,-122.0
-28.0,-120.0
-28.0,-118.0
-28.0,-116.0
-28.0,-114.0
-28.0,-112.0
-28.0,-110.0
-28.0,-108.0
-28.0,-106.0
-28.0,-104.0
-28.0,-102.0
-28.0,-100.0
-28.0,-98.0
-28.0,-96.0
-28.0,-94.0
-28.0,-92.0
-28.0,-90.0
-28.0,-88.0
-28.0,-86.0
-28.0,-84.0
-28.0,-82.0
-28.0,-80.0
-28.0,-78.0
-28.0,-76.0
-28.0,-74.0
-28.0,-72.0
-28.0,-48.0
-28.0,-46.0
-28.0,-44.0
-28.0,-42.0
-28.0,-40.0
-28.0,-38.0
-28.0,-36.0
-28.0,-34.0
-28.0,-32.0
-28.0,-30.0
-28.0,-28.0
-28.0,-26.0
-28.0,-24.0
-28.0,-22.0
-28.0,-20.0
-28.0,-18.0
-28.0,-16.0
-28.0,-14.0
-28.0,-12.0
-28.0,-10.0
-28.0,-8.0
-28.0,-6.0
-28.0,-4.0
-28.0,-2.0
-28.0,0.0
-28.0,2.0
-28.0,4.0
-28.0,6.0
-28.0,8.0
-28.0,10.0
-28.0,12.0
-28.0,14.0
-28.0,34.0
-28.0,36.0
-28.0,38.0
-28.0,40.0
-28.0,42.0
-28.0,44.0
-28.0,46.0
-28.0,48.0
-28.0,50.0
-28.0,52.0
-28.0,54.0
-28.0,56.0
-28.0,58.0
-28.0,60.0
-28.0,62.0
-28.0,64.0
-28.0,66.0
-28.0,68.0
-28.0,70.0
-28.0,72.0
-28.0,74.0
-28.0,76.0
-28.0,78.0
-28.0,80.0
-28.0,82.0
-28.0,84.0
-28.0,86.0
-28.0,88.0
-28.0,90.0
-28.0,92.0
-28.0,94.0
-28.0,96.0
-28.0,98.0
-28.0,100.0
-28.0,102.0
-28.0,104.0
-28.0,106.0
-28.0,108.0
-28.0,110.0
-28.0,112.0
-28.0,114.0
-28.0,154.0
-28.0,156.0
-28.0,158.0
-28.0,160.0
-28.0,162.0
-28.0,164.0
-28.0,166.0
-28.0,168.0
-28.0,170.0
-28.0,172.0
-28.0,174.0
-28.0,176.0
-28.0,178.0
-27.0,-180.0
-27.0,-178.0
-27.0,-176.0
-27.0,-174.0
-27.0,-172.0
-27.0,-170.0
-27.0,-168.0
-27.0,-166.0
-27.0,-164.0
-27.0,-162.0
-27.0,-160.0
-27.0,-158.0
-27.0,-156.0
-27.0,-154.0
-27.0,-152.0
-27.0,-150.0
-27.0,-148.0
-27.0,-146.0
-27.0,-144.0
-27.0,-142.0
-27.0,-140.0
-27.0,-138.0
-27.0,-136.0
-27.0,-134.0
-27.0,-132.0
-27.0,-130.0
-27.0,-128.0
-27.0,-126.0
-27.0,-124.0
-27.0,-122.0
-27.0,-120.0
-27.0,-118.0
-27.0,-116.0
-27.0,-114.0
-27.0,-112.0
-27.0,-110.0
-27.0,-108.0
-27.0,-106.0
-27.0,-104.0
-27.0,-102.0
-27.0,-100.0
-27.0,-98.0
-27.0,-96.0
-27.0,-94.0
-27.0,-92.0
-27.0,-90.0
-27.0,-88.0
-27.0,-86.0
-27.0,-84.0
-27.0,-82.0
-27.0,-80.0
-27.0,-78.0
-27.0,-76.0
-27.0,-74.0
-27.0,-72.0
-27.0,-48.0
-27.0,-46.0
-27.0,-44.0
-27.0,-42.0
-27.0,-40.0
-27.0,-38.0
-27.0,-36.0
-27.0,-34.0
-27.0,-32.0
-27.0,-30.0
-27.0,-28.0
-27.0,-26.0
-27.0,-24.0
-27.0,-22.0
-27.0,-20.0
-27.0,-18.0
-27.0,-16.0
-27.0,-14.0
-27.0,-12.0
-27.0,-10.0
-27.0,-8.0
-27.0,-6.0
-27.0,-4.0
-27.0,-2.0
-27.0,0.0
-27.0,2.0
-27.0,4.0
-27.0,6.0
-27.0,8.0
-27.0,10.0
-27.0,12.0
-27.0,14.0
-27.0,34.0
-27.0,36.0
-27.0,38.0
-27.0,40.0
-27.0,42.0
-27.0,44.0
-27.0,46.0
-27.0,48.0
-27.0,50.0
-27.0,52.0
-27.0,54.0
-27.0,56.0
-27.0,58.0
-27.0,60.0
-27.0,62.0
-27.0,64.0
-27.0,66.0
-27.0,68.0
-27.0,70.0
-27.0,72.0
-27.0,74.0
-27.0,76.0
-27.0,78.0
-27.0,80.0
-27.0,82.0
-27.0,84.0
-27.0,86.0
-27.0,88.0
-27.0,90.0
-27.0,92.0
-27.0,94.0
-27.0,96.0
-27.0,98.0
-27.0,100.0
-27.0,102.0
-27.0,104.0
-27.0,106.0
-27.0,108.0
-27.0,110.0
-27.0,112.0
-27.0,154.0
-27.0,156.0
-27.0,158.0
-27.0,160.0
-27.0,162.0
-27.0,164.0
-27.0,166.0
-27.0,168.0
-27.0,170.0
-27.0,172.0
-27.0,174.0
-27.0,176.0
-27.0,178.0
-26.0,-180.0
-26.0,-178.0
-26.0,-176.0
-26.0,-174.0
-26.0,-172.0
-26.0,-170.0
-26.0,-168.0
-26.0,-166.0
-26.0,-164.0
-26.0,-162.0
-26.0,-160.0
-26.0,-158.0
-26.0,-156.0
-26.0,-154.0
-26.0,-152.0
-26.0,-150.0
-26.0,-148.0
-26.0,-146.0
-26.0,-144.0
-26.0,-142.0
-26.0,-140.0
-26.0,-138.0
-26.0,-136.0
-26.0,-134.0
-26.0,-132.0
-26.0,-130.0
-26.0,-128.0
-26.0,-126.0
-26.0,-124.0
-26.0,-122.0
-26.0,-120.0
-26.0,-118.0
-26.0,-116.0
-26.0,-114.0
-26.0,-112.0
-26.0,-110.0
-26.0,-108.0
-26.0,-106.0
-26.0,-104.0
-26.0,-102.0
-26.0,-100.0
-26.0,-98.0
-26.0,-96.0
-26.0,-94.0
-26.0,-92.0
-26.0,-90.0
-26.0,-88.0
-26.0,-86.0
-26.0,-84.0
-26.0,-82.0
-26.0,-80.0
-26.0,-78.0
-26.0,-76.0
-26.0,-74.0
-26.0,-72.0
-26.0,-48.0
-26.0,-46.0
-26.0,-44.0
-26.0,-42.0
-26.0,-40.0
-26.0,-38.0
-26.0,-36.0
-26.0,-34.0
-26.0,-32.0
-26.0,-30.0
-26.0,-28.0
-26.0,-26.0
-26.0,-24.0
-26.0,-22.0
-26.0,-20.0
-26.0,-18.0
-26.0,-16.0
-26.0,-14.0
-26.0,-12.0
-26.0,-10.0
-26.0,-8.0
-26.0,-6.0
-26.0,-4.0
-26.0,-2.0
-26.0,0.0
-26.0,2.0
-26.0,4.0
-26.0,6.0
-26.0,8.0
-26.0,10.0
-26.0,12.0
-26.0,14.0
-26.0,34.0
-26.0,36.0
-26.0,38.0
-26.0,40.0
-26.0,42.0
-26.0,44.0
-26.0,46.0
-26.0,48.0
-26.0,50.0
-26.0,52.0
-26.0,54.0
-26.0,56.0
-26.0,58.0
-26.0,60.0
-26.0,62.0
-26.0,64.0
-26.0,66.0
-26.0,68.0
-26.0,70.0
-26.0,72.0
-26.0,74.0
-26.0,76.0
-26.0,78.0
-26.0,80.0
-26.0,82.0
-26.0,84.0
-26.0,86.0
-26.0,88.0
-26.0,90.0
-26.0,92.0
-26.0,94.0
-26.0,96.0
-26.0,98.0
-26.0,100.0
-26.0,102.0
-26.0,104.0
-26.0,106.0
-26.0,108.0
-26.0,110.0
-26.0,112.0
-26.0,154.0
-26.0,156.0
-26.0,158.0
-26.0,160.0
-26.0,162.0
-26.0,164.0
-26.0,166.0
-26.0,168.0
-26.0,170.0
-26.0,172.0
-26.0,174.0
-26.0,176.0
-26.0,178.0
-25.0,-180.0
-25.0,-178.0
-25.0,-176.0
-25.0,-174.0
-25.0,-172.0
-25.0,-170.0
-25.0,-168.0
-25.0,-166.0
-25.0,-164.0
-25.0,-162.0
-25.0,-160.0
-25.0,-158.0
-25.0,-156.0
-25.0,-154.0
-25.0,-152.0
-25.0,-150.0
-25.0,-148.0
-25.0,-146.0
-25.0,-144.0
-25.0,-142.0
-25.0,-140.0
-25.0,-138.0
-25.0,-136.0
-25.0,-134.0
-25.0,-132.0
-25.0,-130.0
-25.0,-128.0
-25.0,-126.0
-25.0,-124.0
-25.0,-122.0
-25.0,-120.0
-25.0,-118.0
-25.0,-116.0
-25.0,-114.0
-25.0,-112.0
-25.0,-110.0
-25.0,-108.0
-25.0,-106.0
-25.0,-104.0
-25.0,-102.0
-25.0,-100.0
-25.0,-98.0
-25.0,-96.0
-25.0,-94.0
-25.0,-92.0
-25.0,-90.0
-25.0,-88.0
-25.0,-86.0
-25.0,-84.0
-25.0,-82.0
-25.0,-80.0
-25.0,-78.0
-25.0,-76.0
-25.0,-74.0
-25.0,-72.0
-25.0,-46.0
-25.0,-44.0
-25.0,-42.0
-25.0,-40.0
-25.0,-38.0
-25.0,-36.0
-25.0,-34.0
-25.0,-32.0
-25.0,-30.0
-25.0,-28.0
-25.0,-26.0
-25.0,-24.0
-25.0,-22.0
-25.0,-20.0
-25.0,-18.0
-25.0,-16.0
-25.0,-14.0
-25.0,-12.0
-25.0,-10.0
-25.0,-8.0
-25.0,-6.0
-25.0,-4.0
-25.0,-2.0
-25.0,0.0
-25.0,2.0
-25.0,4.0
-25.0,6.0
-25.0,8.0
-25.0,10.0
-25.0,12.0
-25.0,14.0
-25.0,34.0
-25.0,36.0
-25.0,38.0
-25.0,40.0
-25.0,42.0
-25.0,44.0
-25.0,48.0
-25.0,50.0
-25.0,52.0
-25.0,54.0
-25.0,56.0
-25.0,58.0
-25.0,60.0
-25.0,62.0
-25.0,64.0
-25.0,66.0
-25.0,68.0
-25.0,70.0
-25.0,72.0
-25.0,74.0
-25.0,76.0
-25.0,78.0
-25.0,80.0
-25.0,82.0
-25.0,84.0
-25.0,86.0
-25.0,88.0
-25.0,90.0
-25.0,92.0
-25.0,94.0
-25.0,96.0
-25.0,98.0
-25.0,100.0
-25.0,102.0
-25.0,104.0
-25.0,106.0
-25.0,108.0
-25.0,110.0
-25.0,112.0
-25.0,154.0
-25.0,156.0
-25.0,158.0
-25.0,160.0
-25.0,162.0
-25.0,164.0
-25.0,166.0
-25.0,168.0
-25.0,170.0
-25.0,172.0
-25.0,174.0
-25.0,176.0
-25.0,178.0
-24.0,-180.0
-24.0,-178.0
-24.0,-176.0
-24.0,-174.0
-24.0,-172.0
-24.0,-170.0
-24.0,-168.0
-24.0,-166.0
-24.0,-164.0
-24.0,-162.0
-24.0,-160.0
-24.0,-158.0
-24.0,-156.0
-24.0,-154.0
-24.0,-152.0
-24.0,-150.0
-24.0,-148.0
-24.0,-146.0
-24.0,-144.0
-24.0,-142.0
-24.0,-140.0
-24.0,-138.0
-24.0,-136.0
-24.0,-134.0
-24.0,-132.0
-24.0,-130.0
-24.0,-128.0
-24.0,-126.0
-24.0,-124.0
-24.0,-122.0
-24.0,-120.0
-24.0,-118.0
-24.0,-116.0
-24.0,-114.0
-24.0,-112.0
-24.0,-110.0
-24.0,-108.0
-24.0,-106.0
-24.0,-104.0
-24.0,-102.0
-24.0,-100.0
-24.0,-98.0
-24.0,-96.0
-24.0,-94.0
-24.0,-92.0
-24.0,-90.0
-24.0,-88.0
-24.0,-86.0
-24.0,-84.0
-24.0,-82.0
-24.0,-80.0
-24.0,-78.0
-24.0,-76.0
-24.0,-74.0
-24.0,-72.0
-24.0,-46.0
-24.0,-44.0
-24.0,-42.0
-24.0,-40.0
-24.0,-38.0
-24.0,-36.0
-24.0,-34.0
-24.0,-32.0
-24.0,-30.0
-24.0,-28.0
-24.0,-26.0
-24.0,-24.0
-24.0,-22.0
-24.0,-20.0
-24.0,-18.0
-24.0,-16.0
-24.0,-14.0
-24.0,-12.0
-24.0,-10.0
-24.0,-8.0
-24.0,-6.0
-24.0,-4.0
-24.0,-2.0
-24.0,0.0
-24.0,2.0
-24.0,4.0
-24.0,6.0
-24.0,8.0
-24.0,10.0
-24.0,12.0
-24.0,14.0
-24.0,36.0
-24.0,38.0
-24.0,40.0
-24.0,42.0
-24.0,48.0
-24.0,50.0
-24.0,52.0
-24.0,54.0
-24.0,56.0
-24.0,58.0
-24.0,60.0
-24.0,62.0
-24.0,64.0
-24.0,66.0
-24.0,68.0
-24.0,70.0
-24.0,72.0
-24.0,74.0
-24.0,76.0
-24.0,78.0
-24.0,80.0
-24.0,82.0
-24.0,84.0
-24.0,86.0
-24.0,88.0
-24.0,90.0
-24.0,92.0
-24.0,94.0
-24.0,96.0
-24.0,98.0
-24.0,100.0
-24.0,102.0
-24.0,104.0
-24.0,106.0
-24.0,108.0
-24.0,110.0
-24.0,112.0
-24.0,152.0
-24.0,154.0
-24.0,156.0
-24.0,158.0
-24.0,160.0
-24.0,162.0
-24.0,164.0
-24.0,166.0
-24.0,168.0
-24.0,170.0
-24.0,172.0
-24.0,174.0
-24.0,176.0
-24.0,178.0
-23.0,-180.0
-23.0,-178.0
-23.0,-176.0
-23.0,-174.0
-23.0,-172.0
-23.0,-170.0
-23.0,-168.0
-23.0,-166.0
-23.0,-164.0
-23.0,-162.0
-23.0,-160.0
-23.0,-158.0
-23.0,-156.0
-23.0,-154.0
-23.0,-152.0
-23.0,-150.0
-23.0,-148.0
-23.0,-146.0
-23.0,-144.0
-23.0,-142.0
-23.0,-140.0
-23.0,-138.0
-23.0,-136.0
-23.0,-134.0
-23.0,-132.0
-23.0,-130.0
-23.0,-128.0
-23.0,-126.0
-23.0,-124.0
-23.0,-122.0
-23.0,-120.0
-23.0,-118.0
-23.0,-116.0
-23.0,-114.0
-23.0,-112.0
-23.0,-110.0
-23.0,-108.0
-23.0,-106.0
-23.0,-104.0
-23.0,-102.0
-23.0,-100.0
-23.0,-98.0
-23.0,-96.0
-23.0,-94.0
-23.0,-92.0
-23.0,-90.0
-23.0,-88.0
-23.0,-86.0
-23.0,-84.0
-23.0,-82.0
-23.0,-80.0
-23.0,-78.0
-23.0,-76.0
-23.0,-74.0
-23.0,-72.0
-23.0,-42.0
-23.0,-40.0
-23.0,-38.0
-23.0,-36.0
-23.0,-34.0
-23.0,-32.0
-23.0,-30.0
-23.0,-28.0
-23.0,-26.0
-23.0,-24.0
-23.0,-22.0
-23.0,-20.0
-23.0,-18.0
-23.0,-16.0
-23.0,-14.0
-23.0,-12.0
-23.0,-10.0
-23.0,-8.0
-23.0,-6.0
-23.0,-4.0
-23.0,-2.0
-23.0,0.0
-23.0,2.0
-23.0,4.0
-23.0,6.0
-23.0,8.0
-23.0,10.0
-23.0,12.0
-23.0,14.0
-23.0,36.0
-23.0,38.0
-23.0,40.0
-23.0,42.0
-23.0,48.0
-23.0,50.0
-23.0,52.0
-23.0,54.0
-23.0,56.0
-23.0,58.0
-23.0,60.0
-23.0,62.0
-23.0,64.0
-23.0,66.0
-23.0,68.0
-23.0,70.0
-23.0,72.0
-23.0,74.0
-23.0,76.0
-23.0,78.0
-23.0,80.0
-23.0,82.0
-23.0,84.0
-23.0,86.0
-23.0,88.0
-23.0,90.0
-23.0,92.0
-23.0,94.0
-23.0,96.0
-23.0,98.0
-23.0,100.0
-23.0,102.0
-23.0,104.0
-23.0,106.0
-23.0,108.0
-23.0,110.0
-23.0,112.0
-23.0,152.0
-23.0,154.0
-23.0,156.0
-23.0,158.0
-23.0,160.0
-23.0,162.0
-23.0,164.0
-23.0,166.0
-23.0,168.0
-23.0,170.0
-23.0,172.0
-23.0,174.0
-23.0,176.0
-23.0,178.0
-22.0,-180.0
-22.0,-178.0
-22.0,-176.0
-22.0,-174.0
-22.0,-172.0
-22.0,-170.0
-22.0,-168.0
-22.0,-166.0
-22.0,-164.0
-22.0,-162.0
-22.0,-160.0
-22.0,-158.0
-22.0,-156.0
-22.0,-154.0
-22.0,-152.0
-22.0,-150.0
-22.0,-148.0
-22.0,-146.0
-22.0,-144.0
-22.0,-142.0
-22.0,-140.0
-22.0,-138.0
-22.0,-136.0
-22.0,-134.0
-22.0,-132.0
-22.0,-130.0
-22.0,-128.0
-22.0,-126.0
-22.0,-124.0
-22.0,-122.0
-22.0,-120.0
-22.0,-118.0
-22.0,-116.0
-22.0,-114.0
-22.0,-112.0
-22.0,-110.0
-22.0,-108.0
-22.0,-106.0
-22.0,-104.0
-22.0,-102.0
-22.0,-100.0
-22.0,-98.0
-22.0,-96.0
-22.0,-94.0
-22.0,-92.0
-22.0,-90.0
-22.0,-88.0
-22.0,-86.0
-22.0,-84.0
-22.0,-82.0
-22.0,-80.0
-22.0,-78.0
-22.0,-76.0
-22.0,-74.0
-22.0,-72.0
-22.0,-40.0
-22.0,-38.0
-22.0,-36.0
-22.0,-34.0
-22.0,-32.0
-22.0,-30.0
-22.0,-28.0
-22.0,-26.0
-22.0,-24.0
-22.0,-22.0
-22.0,-20.0
-22.0,-18.0
-22.0,-16.0
-22.0,-14.0
-22.0,-12.0
-22.0,-10.0
-22.0,-8.0
-22.0,-6.0
-22.0,-4.0
-22.0,-2.0
-22.0,0.0
-22.0,2.0
-22.0,4.0
-22.0,6.0
-22.0,8.0
-22.0,10.0
-22.0,12.0
-22.0,14.0
-22.0,36.0
-22.0,38.0
-22.0,40.0
-22.0,42.0
-22.0,50.0
-22.0,52.0
-22.0,54.0
-22.0,56.0
-22.0,58.0
-22.0,60.0
-22.0,62.0
-22.0,64.0
-22.0,66.0
-22.0,68.0
-22.0,70.0
-22.0,72.0
-22.0,74.0
-22.0,76.0
-22.0,78.0
-22.0,80.0
-22.0,82.0
-22.0,84.0
-22.0,86.0
-22.0,88.0
-22.0,90.0
-22.0,92.0
-22.0,94.0
-22.0,96.0
-22.0,98.0
-22.0,100.0
-22.0,102.0
-22.0,104.0
-22.0,106.0
-22.0,108.0
-22.0,110.0
-22.0,112.0
-22.0,114.0
-22.0,150.0
-22.0,152.0
-22.0,154.0
-22.0,156.0
-22.0,158.0
-22.0,160.0
-22.0,162.0
-22.0,164.0
-22.0,168.0
-22.0,170.0
-22.0,172.0
-22.0,174.0
-22.0,176.0
-22.0,178.0
-21.0,-180.0
-21.0,-178.0
-21.0,-176.0
-21.0,-174.0
-21.0,-172.0
-21.0,-170.0
-21.0,-168.0
-21.0,-166.0
-21.0,-164.0
-21.0,-162.0
-21.0,-160.0
-21.0,-158.0
-21.0,-156.0
-21.0,-154.0
-21.0,-152.0
-21.0,-150.0
-21.0,-148.0
-21.0,-146.0
-21.0,-144.0
-21.0,-142.0
-21.0,-140.0
-21.0,-138.0
-21.0,-136.0
-21.0,-134.0
-21.0,-132.0
-21.0,-130.0
-21.0,-128.0
-21.0,-126.0
-21.0,-124.0
-21.0,-122.0
-21.0,-120.0
-21.0,-118.0
-21.0,-116.0
-21.0,-114.0
-21.0,-112.0
-21.0,-110.0
-21.0,-108.0
-21.0,-106.0
-21.0,-104.0
-21.0,-102.0
-21.0,-100.0
-21.0,-98.0
-21.0,-96.0
-21.0,-94.0
-21.0,-92.0
-21.0,-90.0
-21.0,-88.0
-21.0,-86.0
-21.0,-84.0
-21.0,-82.0
-21.0,-80.0
-21.0,-78.0
-21.0,-76.0
-21.0,-74.0
-21.0,-72.0
-21.0,-40.0
-21.0,-38.0
-21.0,-36.0
-21.0,-34.0
-21.0,-32.0
-21.0,-30.0
-21.0,-28.0
-21.0,-26.0
-21.0,-24.0
-21.0,-22.0
-21.0,-20.0
-21.0,-18.0
-21.0,-16.0
-21.0,-14.0
-21.0,-12.0
-21.0,-10.0
-21.0,-8.0
-21.0,-6.0
-21.0,-4.0
-21.0,-2.0
-21.0,0.0
-21.0,2.0
-21.0,4.0
-21.0,6.0
-21.0,8.0
-21.0,10.0
-21.0,12.0
-21.0,36.0
-21.0,38.0
-21.0,40.0
-21.0,42.0
-21.0,50.0
-21.0,52.0
-21.0,54.0
-21.0,56.0
-21.0,58.0
-21.0,60.0
-21.0,62.0
-21.0,64.0
-21.0,66.0
-21.0,68.0
-21.0,70.0
-21.0,72.0
-21.0,74.0
-21.0,76.0
-21.0,78.0
-21.0,80.0
-21.0,82.0
-21.0,84.0
-21.0,86.0
-21.0,88.0
-21.0,90.0
-21.0,92.0
-21.0,94.0
-21.0,96.0
-21.0,98.0
-21.0,100.0
-21.0,102.0
-21.0,104.0
-21.0,106.0
-21.0,108.0
-21.0,110.0
-21.0,112.0
-21.0,114.0
-21.0,116.0
-21.0,150.0
-21.0,152.0
-21.0,154.0
-21.0,156.0
-21.0,158.0
-21.0,160.0
-21.0,162.0
-21.0,164.0
-21.0,166.0
-21.0,168.0
-21.0,170.0
-21.0,172.0
-21.0,174.0
-21.0,176.0
-21.0,178.0
-20.0,-180.0
-20.0,-178.0
-20.0,-176.0
-20.0,-174.0
-20.0,-172.0
-20.0,-170.0
-20.0,-168.0
-20.0,-166.0
-20.0,-164.0
-20.0,-162.0
-20.0,-160.0
-20.0,-158.0
-20.0,-156.0
-20.0,-154.0
-20.0,-152.0
-20.0,-150.0
-20.0,-148.0
-20.0,-146.0
-20.0,-144.0
-20.0,-142.0
-20.0,-140.0
-20.0,-138.0
-20.0,-136.0
-20.0,-134.0
-20.0,-132.0
-20.0,-130.0
-20.0,-128.0
-20.0,-126.0
-20.0,-124.0
-20.0,-122.0
-20.0,-120.0
-20.0,-118.0
-20.0,-116.0
-20.0,-114.0
-20.0,-112.0
-20.0,-110.0
-20.0,-108.0
-20.0,-106.0
-20.0,-104.0
-20.0,-102.0
-20.0,-100.0
-20.0,-98.0
-20.0,-96.0
-20.0,-94.0
-20.0,-92.0
-20.0,-90.0
-20.0,-88.0
-20.0,-86.0
-20.0,-84.0
-20.0,-82.0
-20.0,-80.0
-20.0,-78.0
-20.0,-76.0
-20.0,-74.0
-20.0,-72.0
-20.0,-40.0
-20.0,-38.0
-20.0,-36.0
-20.0,-34.0
-20.0,-32.0
-20.0,-30.0
-20.0,-28.0
-20.0,-26.0
-20.0,-24.0
-20.0,-22.0
-20.0,-20.0
-20.0,-18.0
-20.0,-16.0
-20.0,-14.0
-20.0,-12.0
-20.0,-10.0
-20.0,-8.0
-20.0,-6.0
-20.0,-4.0
-20.0,-2.0
-20.0,0.0
-20.0,2.0
-20.0,4.0
-20.0,6.0
-20.0,8.0
-20.0,10.0
-20.0,12.0
-20.0,36.0
-20.0,38.0
-20.0,40.0
-20.0,42.0
-20.0,44.0
-20.0,50.0
-20.0,52.0
-20.0,54.0
-20.0,56.0
-20.0,58.0
-20.0,60.0
-20.0,62.0
-20.0,64.0
-20.0,66.0
-20.0,68.0
-20.0,70.0
-20.0,72.0
-20.0,74.0
-20.0,76.0
-20.0,78.0
-20.0,80.0
-20.0,82.0
-20.0,84.0
-20.0,86.0
-20.0,88.0
-20.0,90.0
-20.0,92.0
-20.0,94.0
-20.0,96.0
-20.0,98.0
-20.0,100.0
-20.0,102.0
-20.0,104.0
-20.0,106.0
-20.0,108.0
-20.0,110.0
-20.0,112.0
-20.0,114.0
-20.0,116.0
-20.0,118.0
-20.0,150.0
-20.0,152.0
-20.0,154.0
-20.0,156.0
-20.0,158.0
-20.0,160.0
-20.0,162.0
-20.0,164.0
-20.0,166.0
-20.0,168.0
-20.0,170.0
-20.0,172.0
-20.0,174.0
-20.0,176.0
-20.0,178.0
-19.0,-180.0
-19.0,-178.0
-19.0,-176.0
-19.0,-174.0
-19.0,-172.0
-19.0,-170.0
-19.0,-168.0
-19.0,-166.0
-19.0,-164.0
-19.0,-162.0
-19.0,-160.0
-19.0,-158.0
-19.0,-156.0
-19.0,-154.0
-19.0,-152.0
-19.0,-150.0
-19.0,-148.0
-19.0,-146.0
-19.0,-144.0
-19.0,-142.0
-19.0,-140.0
-19.0,-138.0
-19.0,-136.0
-19.0,-134.0
-19.0,-132.0
-19.0,-130.0
-19.0,-128.0
-19.0,-126.0
-19.0,-124.0
-19.0,-122.0
-19.0,-120.0
-19.0,-118.0
-19.0,-116.0
-19.0,-114.0
-19.0,-112.0
-19.0,-110.0
-19.0,-108.0
-19.0,-106.0
-19.0,-104.0
-19.0,-102.0
-19.0,-100.0
-19.0,-98.0
-19.0,-96.0
-19.0,-94.0
-19.0,-92.0
-19.0,-90.0
-19.0,-88.0
-19.0,-86.0
-19.0,-84.0
-19.0,-82.0
-19.0,-80.0
-19.0,-78.0
-19.0,-76.0
-19.0,-74.0
-19.0,-72.0
-19.0,-38.0
-19.0,-36.0
-19.0,-34.0
-19.0,-32.0
-19.0,-30.0
-19.0,-28.0
-19.0,-26.0
-19.0,-24.0
-19.0,-22.0
-19.0,-20.0
-19.0,-18.0
-19.0,-16.0
-19.0,-14.0
-19.0,-12.0
-19.0,-10.0
-19.0,-8.0
-19.0,-6.0
-19.0,-4.0
-19.0,-2.0
-19.0,0.0
-19.0,2.0
-19.0,4.0
-19.0,6.0
-19.0,8.0
-19.0,10.0
-19.0,12.0
-19.0,36.0
-19.0,38.0
-19.0,40.0
-19.0,42.0
-19.0,44.0
-19.0,50.0
-19.0,52.0
-19.0,54.0
-19.0,56.0
-19.0,58.0
-19.0,60.0
-19.0,62.0
-19.0,64.0
-19.0,66.0
-19.0,68.0
-19.0,70.0
-19.0,72.0
-19.0,74.0
-19.0,76.0
-19.0,78.0
-19.0,80.0
-19.0,82.0
-19.0,84.0
-19.0,86.0
-19.0,88.0
-19.0,90.0
-19.0,92.0
-19.0,94.0
-19.0,96.0
-19.0,98.0
-19.0,100.0
-19.0,102.0
-19.0,104.0
-19.0,106.0
-19.0,108.0
-19.0,110.0
-19.0,112.0
-19.0,114.0
-19.0,116.0
-19.0,118.0
-19.0,120.0
-19.0,148.0
-19.0,150.0
-19.0,152.0
-19.0,154.0
-19.0,156.0
-19.0,158.0
-19.0,160.0
-19.0,162.0
-19.0,164.0
-19.0,166.0
-19.0,168.0
-19.0,170.0
-19.0,172.0
-19.0,174.0
-19.0,176.0
-19.0,178.0
-18.0,-180.0
-18.0,-178.0
-18.0,-176.0
-18.0,-174.0
-18.0,-172.0
-18.0,-170.0
-18.0,-168.0
-18.0,-166.0
-18.0,-164.0
-18.0,-162.0
-18.0,-160.0
-18.0,-158.0
-18.0,-156.0
-18.0,-154.0
-18.0,-152.0
-18.0,-150.0
-18.0,-148.0
-18.0,-146.0
-18.0,-144.0
-18.0,-142.0
-18.0,-140.0
-18.0,-138.0
-18.0,-136.0
-18.0,-134.0
-18.0,-132.0
-18.0,-130.0
-18.0,-128.0
-18.0,-126.0
-18.0,-124.0
-18.0,-122.0
-18.0,-120.0
-18.0,-118.0
-18.0,-116.0
-18.0,-114.0
-18.0,-112.0
-18.0,-110.0
-18.0,-108.0
-18.0,-106.0
-18.0,-104.0
-18.0,-102.0
-18.0,-100.0
-18.0,-98.0
-18.0,-96.0
-18.0,-94.0
-18.0,-92.0
-18.0,-90.0
-18.0,-88.0
-18.0,-86.0
-18.0,-84.0
-18.0,-82.0
-18.0,-80.0
-18.0,-78.0
-18.0,-76.0
-18.0,-74.0
-18.0,-72.0
-18.0,-38.0
-18.0,-36.0
-18.0,-34.0
-18.0,-32.0
-18.0,-30.0
-18.0,-28.0
-18.0,-26.0
-18.0,-24.0
-18.0,-22.0
-18.0,-20.0
-18.0,-18.0
-18.0,-16.0
-18.0,-14.0
-18.0,-12.0
-18.0,-10.0
-18.0,-8.0
-18.0,-6.0
-18.0,-4.0
-18.0,-2.0
-18.0,0.0
-18.0,2.0
-18.0,4.0
-18.0,6.0
-18.0,8.0
-18.0,10.0
-18.0,38.0
-18.0,40.0
-18.0,42.0
-18.0,44.0
-18.0,50.0
-18.0,52.0
-18.0,54.0
-18.0,56.0
-18.0,58.0
-18.0,60.0
-18.0,62.0
-18.0,64.0
-18.0,66.0
-18.0,68.0
-18.0,70.0
-18.0,72.0
-18.0,74.0
-18.0,76.0
-18.0,78.0
-18.0,80.0
-18.0,82.0
-18.0,84.0
-18.0,86.0
-18.0,88.0
-18.0,90.0
-18.0,92.0
-18.0,94.0
-18.0,96.0
-18.0,98.0
-18.0,100.0
-18.0,102.0
-18.0,104.0
-18.0,106.0
-18.0,108.0
-18.0,110.0
-18.0,112.0
-18.0,114.0
-18.0,116.0
-18.0,118.0
-18.0,120.0
-18.0,122.0
-18.0,148.0
-18.0,150.0
-18.0,152.0
-18.0,154.0
-18.0,156.0
-18.0,158.0
-18.0,160.0
-18.0,162.0
-18.0,164.0
-18.0,166.0
-18.0,168.0
-18.0,170.0
-18.0,172.0
-18.0,174.0
-18.0,176.0
-17.0,-180.0
-17.0,-178.0
-17.0,-176.0
-17.0,-174.0
-17.0,-172.0
-17.0,-170.0
-17.0,-168.0
-17.0,-166.0
-17.0,-164.0
-17.0,-162.0
-17.0,-160.0
-17.0,-158.0
-17.0,-156.0
-17.0,-154.0
-17.0,-152.0
-17.0,-150.0
-17.0,-148.0
-17.0,-146.0
-17.0,-144.0
-17.0,-142.0
-17.0,-140.0
-17.0,-138.0
-17.0,-136.0
-17.0,-134.0
-17.0,-132.0
-17.0,-130.0
-17.0,-128.0
-17.0,-126.0
-17.0,-124.0
-17.0,-122.0
-17.0,-120.0
-17.0,-118.0
-17.0,-116.0
-17.0,-114.0
-17.0,-112.0
-17.0,-110.0
-17.0,-108.0
-17.0,-106.0
-17.0,-104.0
-17.0,-102.0
-17.0,-100.0
-17.0,-98.0
-17.0,-96.0
-17.0,-94.0
-17.0,-92.0
-17.0,-90.0
-17.0,-88.0
-17.0,-86.0
-17.0,-84.0
-17.0,-82.0
-17.0,-80.0
-17.0,-78.0
-17.0,-76.0
-17.0,-74.0
-17.0,-38.0
-17.0,-36.0
-17.0,-34.0
-17.0,-32.0
-17.0,-30.0
-17.0,-28.0
-17.0,-26.0
-17.0,-24.0
-17.0,-22.0
-17.0,-20.0
-17.0,-18.0
-17.0,-16.0
-17.0,-14.0
-17.0,-12.0
-17.0,-10.0
-17.0,-8.0
-17.0,-6.0
-17.0,-4.0
-17.0,-2.0
-17.0,0.0
-17.0,2.0
-17.0,4.0
-17.0,6.0
-17.0,8.0
-17.0,10.0
-17.0,40.0
-17.0,42.0
-17.0,44.0
-17.0,50.0
-17.0,52.0
-17.0,54.0
-17.0,56.0
-17.0,58.0
-17.0,60.0
-17.0,62.0
-17.0,64.0
-17.0,66.0
-17.0,68.0
-17.0,70.0
-17.0,72.0
-17.0,74.0
-17.0,76.0
-17.0,78.0
-17.0,80.0
-17.0,82.0
-17.0,84.0
-17.0,86.0
-17.0,88.0
-17.0,90.0
-17.0,92.0
-17.0,94.0
-17.0,96.0
-17.0,98.0
-17.0,100.0
-17.0,102.0
-17.0,104.0
-17.0,106.0
-17.0,108.0
-17.0,110.0
-17.0,112.0
-17.0,114.0
-17.0,116.0
-17.0,118.0
-17.0,120.0
-17.0,122.0
-17.0,140.0
-17.0,146.0
-17.0,148.0
-17.0,150.0
-17.0,152.0
-17.0,154.0
-17.0,156.0
-17.0,158.0
-17.0,160.0
-17.0,162.0
-17.0,164.0
-17.0,166.0
-17.0,168.0
-17.0,170.0
-17.0,172.0
-17.0,174.0
-17.0,176.0
-17.0,178.0
-16.0,-180.0
-16.0,-178.0
-16.0,-176.0
-16.0,-174.0
-16.0,-172.0
-16.0,-170.0
-16.0,-168.0
-16.0,-166.0
-16.0,-164.0
-16.0,-162.0
-16.0,-160.0
-16.0,-158.0
-16.0,-156.0
-16.0,-154.0
-16.0,-152.0
-16.0,-150.0
-16.0,-148.0
-16.0,-146.0
-16.0,-144.0
-16.0,-142.0
-16.0,-140.0
-16.0,-138.0
-16.0,-136.0
-16.0,-134.0
-16.0,-132.0
-16.0,-130.0
-16.0,-128.0
-16.0,-126.0
-16.0,-124.0
-16.0,-122.0
-16.0,-120.0
-16.0,-118.0
-16.0,-116.0
-16.0,-114.0
-16.0,-112.0
-16.0,-110.0
-16.0,-108.0
-16.0,-106.0
-16.0,-104.0
-16.0,-102.0
-16.0,-100.0
-16.0,-98.0
-16.0,-96.0
-16.0,-94.0
-16.0,-92.0
-16.0,-90.0
-16.0,-88.0
-16.0,-86.0
-16.0,-84.0
-16.0,-82.0
-16.0,-80.0
-16.0,-78.0
-16.0,-76.0
-16.0,-38.0
-16.0,-36.0
-16.0,-34.0
-16.0,-32.0
-16.0,-30.0
-16.0,-28.0
-16.0,-26.0
-16.0,-24.0
-16.0,-22.0
-16.0,-20.0
-16.0,-18.0
-16.0,-16.0
-16.0,-14.0
-16.0,-12.0
-16.0,-10.0
-16.0,-8.0
-16.0,-6.0
-16.0,-4.0
-16.0,-2.0
-16.0,0.0
-16.0,2.0
-16.0,4.0
-16.0,6.0
-16.0,8.0
-16.0,10.0
-16.0,42.0
-16.0,44.0
-16.0,50.0
-16.0,52.0
-16.0,54.0
-16.0,56.0
-16.0,58.0
-16.0,60.0
-16.0,62.0
-16.0,64.0
-16.0,66.0
-16.0,68.0
-16.0,70.0
-16.0,72.0
-16.0,74.0
-16.0,76.0
-16.0,78.0
-16.0,80.0
-16.0,82.0
-16.0,84.0
-16.0,86.0
-16.0,88.0
-16.0,90.0
-16.0,92.0
-16.0,94.0
-16.0,96.0
-16.0,98.0
-16.0,100.0
-16.0,102.0
-16.0,104.0
-16.0,106.0
-16.0,108.0
-16.0,110.0
-16.0,112.0
-16.0,114.0
-16.0,116.0
-16.0,118.0
-16.0,120.0
-16.0,122.0
-16.0,124.0
-16.0,138.0
-16.0,140.0
-16.0,146.0
-16.0,148.0
-16.0,150.0
-16.0,152.0
-16.0,154.0
-16.0,156.0
-16.0,158.0
-16.0,160.0
-16.0,162.0
-16.0,164.0
-16.0,166.0
-16.0,168.0
-16.0,170.0
-16.0,172.0
-16.0,174.0
-16.0,176.0
-16.0,178.0
-15.0,-180.0
-15.0,-178.0
-15.0,-176.0
-15.0,-174.0
-15.0,-172.0
-15.0,-170.0
-15.0,-168.0
-15.0,-166.0
-15.0,-164.0
-15.0,-162.0
-15.0,-160.0
-15.0,-158.0
-15.0,-156.0
-15.0,-154.0
-15.0,-152.0
-15.0,-150.0
-15.0,-148.0
-15.0,-146.0
-15.0,-144.0
-15.0,-142.0
-15.0,-140.0
-15.0,-138.0
-15.0,-136.0
-15.0,-134.0
-15.0,-132.0
-15.0,-130.0
-15.0,-128.0
-15.0,-126.0
-15.0,-124.0
-15.0,-122.0
-15.0,-120.0
-15.0,-118.0
-15.0,-116.0
-15.0,-114.0
-15.0,-112.0
-15.0,-110.0
-15.0,-108.0
-15.0,-106.0
-15.0,-104.0
-15.0,-102.0
-15.0,-100.0
-15.0,-98.0
-15.0,-96.0
-15.0,-94.0
-15.0,-92.0
-15.0,-90.0
-15.0,-88.0
-15.0,-86.0
-15.0,-84.0
-15.0,-82.0
-15.0,-80.0
-15.0,-78.0
-15.0,-76.0
-15.0,-38.0
-15.0,-36.0
-15.0,-34.0
-15.0,-32.0
-15.0,-30.0
-15.0,-28.0
-15.0,-26.0
-15.0,-24.0
-15.0,-22.0
-15.0,-20.0
-15.0,-18.0
-15.0,-16.0
-15.0,-14.0
-15.0,-12.0
-15.0,-10.0
-15.0,-8.0
-15.0,-6.0
-15.0,-4.0
-15.0,-2.0
-15.0,0.0
-15.0,2.0
-15.0,4.0
-15.0,6.0
-15.0,8.0
-15.0,10.0
-15.0,12.0
-15.0,42.0
-15.0,44.0
-15.0,46.0
-15.0,52.0
-15.0,54.0
-15.0,56.0
-15.0,58.0
-15.0,60.0
-15.0,62.0
-15.0,64.0
-15.0,66.0
-15.0,68.0
-15.0,70.0
-15.0,72.0
-15.0,74.0
-15.0,76.0
-15.0,78.0
-15.0,80.0
-15.0,82.0
-15.0,84.0
-15.0,86.0
-15.0,88.0
-15.0,90.0
-15.0,92.0
-15.0,94.0
-15.0,96.0
-15.0,98.0
-15.0,100.0
-15.0,102.0
-15.0,104.0
-15.0,106.0
-15.0,108.0
-15.0,110.0
-15.0,112.0
-15.0,114.0
-15.0,116.0
-15.0,118.0
-15.0,120.0
-15.0,122.0
-15.0,124.0
-15.0,136.0
-15.0,138.0
-15.0,140.0
-15.0,146.0
-15.0,148.0
-15.0,150.0
-15.0,152.0
-15.0,154.0
-15.0,156.0
-15.0,158.0
-15.0,160.0
-15.0,162.0
-15.0,164.0
-15.0,166.0
-15.0,168.0
-15.0,170.0
-15.0,172.0
-15.0,174.0
-15.0,176.0
-15.0,178.0
-14.0,-180.0
-14.0,-178.0
-14.0,-176.0
-14.0,-174.0
-14.0,-172.0
-14.0,-170.0
-14.0,-168.0
-14.0,-166.0
-14.0,-164.0
-14.0,-162.0
-14.0,-160.0
-14.0,-158.0
-14.0,-156.0
-14.0,-154.0
-14.0,-152.0
-14.0,-150.0
-14.0,-148.0
-14.0,-146.0
-14.0,-144.0
-14.0,-142.0
-14.0,-140.0
-14.0,-138.0
-14.0,-136.0
-14.0,-134.0
-14.0,-132.0
-14.0,-130.0
-14.0,-128.0
-14.0,-126.0
-14.0,-124.0
-14.0,-122.0
-14.0,-120.0
-14.0,-118.0
-14.0,-116.0
-14.0,-114.0
-14.0,-112.0
-14.0,-110.0
-14.0,-108.0
-14.0,-106.0
-14.0,-104.0
-14.0,-102.0
-14.0,-100.0
-14.0,-98.0
-14.0,-96.0
-14.0,-94.0
-14.0,-92.0
-14.0,-90.0
-14.0,-88.0
-14.0,-86.0
-14.0,-84.0
-14.0,-82.0
-14.0,-80.0
-14.0,-78.0
-14.0,-38.0
-14.0,-36.0
-14.0,-34.0
-14.0,-32.0
-14.0,-30.0
-14.0,-28.0
-14.0,-26.0
-14.0,-24.0
-14.0,-22.0
-14.0,-20.0
-14.0,-18.0
-14.0,-16.0
-14.0,-14.0
-14.0,-12.0
-14.0,-10.0
-14.0,-8.0
-14.0,-6.0
-14.0,-4.0
-14.0,-2.0
-14.0,0.0
-14.0,2.0
-14.0,4.0
-14.0,6.0
-14.0,8.0
-14.0,10.0
-14.0,12.0
-14.0,42.0
-14.0,44.0
-14.0,46.0
-14.0,52.0
-14.0,54.0
-14.0,56.0
-14.0,58.0
-14.0,60.0
-14.0,62.0
-14.0,64.0
-14.0,66.0
-14.0,68.0
-14.0,70.0
-14.0,72.0
-14.0,74.0
-14.0,76.0
-14.0,78.0
-14.0,80.0
-14.0,82.0
-14.0,84.0
-14.0,86.0
-14.0,88.0
-14.0,90.0
-14.0,92.0
-14.0,94.0
-14.0,96.0
-14.0,98.0
-14.0,100.0
-14.0,102.0
-14.0,104.0
-14.0,106.0
-14.0,108.0
-14.0,110.0
-14.0,112.0
-14.0,114.0
-14.0,116.0
-14.0,118.0
-14.0,120.0
-14.0,122.0
-14.0,124.0
-14.0,126.0
-14.0,128.0
-14.0,136.0
-14.0,138.0
-14.0,140.0
-14.0,144.0
-14.0,146.0
-14.0,148.0
-14.0,150.0
-14.0,152.0
-14.0,154.0
-14.0,156.0
-14.0,158.0
-14.0,160.0
-14.0,162.0
-14.0,164.0
-14.0,166.0
-14.0,168.0
-14.0,170.0
-14.0,172.0
-14.0,174.0
-14.0,176.0
-14.0,178.0
-13.0,-180.0
-13.0,-178.0
-13.0,-176.0
-13.0,-174.0
-13.0,-172.0
-13.0,-170.0
-13.0,-168.0
-13.0,-166.0
-13.0,-164.0
-13.0,-162.0
-13.0,-160.0
-13.0,-158.0
-13.0,-156.0
-13.0,-154.0
-13.0,-152.0
-13.0,-150.0
-13.0,-148.0
-13.0,-146.0
-13.0,-144.0
-13.0,-142.0
-13.0,-140.0
-13.0,-138.0
-13.0,-136.0
-13.0,-134.0
-13.0,-132.0
-13.0,-130.0
-13.0,-128.0
-13.0,-126.0
-13.0,-124.0
-13.0,-122.0
-13.0,-120.0
-13.0,-118.0
-13.0,-116.0
-13.0,-114.0
-13.0,-112.0
-13.0,-110.0
-13.0,-108.0
-13.0,-106.0
-13.0,-104.0
-13.0,-102.0
-13.0,-100.0
-13.0,-98.0
-13.0,-96.0
-13.0,-94.0
-13.0,-92.0
-13.0,-90.0
-13.0,-88.0
-13.0,-86.0
-13.0,-84.0
-13.0,-82.0
-13.0,-80.0
-13.0,-78.0
-13.0,-38.0
-13.0,-36.0
-13.0,-34.0
-13.0,-32.0
-13.0,-30.0
-13.0,-28.0
-13.0,-26.0
-13.0,-24.0
-13.0,-22.0
-13.0,-20.0
-13.0,-18.0
-13.0,-16.0
-13.0,-14.0
-13.0,-12.0
-13.0,-10.0
-13.0,-8.0
-13.0,-6.0
-13.0,-4.0
-13.0,-2.0
-13.0,0.0
-13.0,2.0
-13.0,4.0
-13.0,6.0
-13.0,8.0
-13.0,10.0
-13.0,12.0
-13.0,42.0
-13.0,44.0
-13.0,46.0
-13.0,48.0
-13.0,50.0
-13.0,52.0
-13.0,54.0
-13.0,56.0
-13.0,58.0
-13.0,60.0
-13.0,62.0
-13.0,64.0
-13.0,66.0
-13.0,68.0
-13.0,70.0
-13.0,72.0
-13.0,74.0
-13.0,76.0
-13.0,78.0
-13.0,80.0
-13.0,82.0
-13.0,84.0
-13.0,86.0
-13.0,88.0
-13.0,90.0
-13.0,92.0
-13.0,94.0
-13.0,96.0
-13.0,98.0
-13.0,100.0
-13.0,102.0
-13.0,104.0
-13.0,106.0
-13.0,108.0
-13.0,110.0
-13.0,112.0
-13.0,114.0
-13.0,116.0
-13.0,118.0
-13.0,120.0
-13.0,122.0
-13.0,124.0
-13.0,126.0
-13.0,128.0
-13.0,130.0
-13.0,138.0
-13.0,140.0
-13.0,144.0
-13.0,146.0
-13.0,148.0
-13.0,150.0
-13.0,152.0
-13.0,154.0
-13.0,156.0
-13.0,158.0
-13.0,160.0
-13.0,162.0
-13.0,164.0
-13.0,166.0
-13.0,168.0
-13.0,170.0
-13.0,172.0
-13.0,174.0
-13.0,176.0
-13.0,178.0
-12.0,-180.0
-12.0,-178.0
-12.0,-176.0
-12.0,-174.0
-12.0,-172.0
-12.0,-170.0
-12.0,-168.0
-12.0,-166.0
-12.0,-164.0
-12.0,-162.0
-12.0,-160.0
-12.0,-158.0
-12.0,-156.0
-12.0,-154.0
-12.0,-152.0
-12.0,-150.0
-12.0,-148.0
-12.0,-146.0
-12.0,-144.0
-12.0,-142.0
-12.0,-140.0
-12.0,-138.0
-12.0,-136.0
-12.0,-134.0
-12.0,-132.0
-12.0,-130.0
-12.0,-128.0
-12.0,-126.0
-12.0,-124.0
-12.0,-122.0
-12.0,-120.0
-12.0,-118.0
-12.0,-116.0
-12.0,-114.0
-12.0,-112.0
-12.0,-110.0
-12.0,-108.0
-12.0,-106.0
-12.0,-104.0
-12.0,-102.0
-12.0,-100.0
-12.0,-98.0
-12.0,-96.0
-12.0,-94.0
-12.0,-92.0
-12.0,-90.0
-12.0,-88.0
-12.0,-86.0
-12.0,-84.0
-12.0,-82.0
-12.0,-80.0
-12.0,-78.0
-12.0,-36.0
-12.0,-34.0
-12.0,-32.0
-12.0,-30.0
-12.0,-28.0
-12.0,-26.0
-12.0,-24.0
-12.0,-22.0
-12.0,-20.0
-12.0,-18.0
-12.0,-16.0
-12.0,-14.0
-12.0,-12.0
-12.0,-10.0
-12.0,-8.0
-12.0,-6.0
-12.0,-4.0
-12.0,-2.0
-12.0,0.0
-12.0,2.0
-12.0,4.0
-12.0,6.0
-12.0,8.0
-12.0,10.0
-12.0,12.0
-12.0,42.0
-12.0,44.0
-12.0,46.0
-12.0,48.0
-12.0,50.0
-12.0,52.0
-12.0,54.0
-12.0,56.0
-12.0,58.0
-12.0,60.0
-12.0,62.0
-12.0,64.0
-12.0,66.0
-12.0,68.0
-12.0,70.0
-12.0,72.0
-12.0,74.0
-12.0,76.0
-12.0,78.0
-12.0,80.0
-12.0,82.0
-12.0,84.0
-12.0,86.0
-12.0,88.0
-12.0,90.0
-12.0,92.0
-12.0,94.0
-12.0,96.0
-12.0,98.0
-12.0,100.0
-12.0,102.0
-12.0,104.0
-12.0,106.0
-12.0,108.0
-12.0,110.0
-12.0,112.0
-12.0,114.0
-12.0,116.0
-12.0,118.0
-12.0,120.0
-12.0,122.0
-12.0,124.0
-12.0,126.0
-12.0,128.0
-12.0,130.0
-12.0,132.0
-12.0,138.0
-12.0,140.0
-12.0,144.0
-12.0,146.0
-12.0,148.0
-12.0,150.0
-12.0,152.0
-12.0,154.0
-12.0,156.0
-12.0,158.0
-12.0,160.0
-12.0,162.0
-12.0,164.0
-12.0,166.0
-12.0,168.0
-12.0,170.0
-12.0,172.0
-12.0,174.0
-12.0,176.0
-12.0,178.0
-11.0,-180.0
-11.0,-178.0
-11.0,-176.0
-11.0,-174.0
-11.0,-172.0
-11.0,-170.0
-11.0,-168.0
-11.0,-166.0
-11.0,-164.0
-11.0,-162.0
-11.0,-160.0
-11.0,-158.0
-11.0,-156.0
-11.0,-154.0
-11.0,-152.0
-11.0,-150.0
-11.0,-148.0
-11.0,-146.0
-11.0,-144.0
-11.0,-142.0
-11.0,-140.0
-11.0,-138.0
-11.0,-136.0
-11.0,-134.0
-11.0,-132.0
-11.0,-130.0
-11.0,-128.0
-11.0,-126.0
-11.0,-124.0
-11.0,-122.0
-11.0,-120.0
-11.0,-118.0
-11.0,-116.0
-11.0,-114.0
-11.0,-112.0
-11.0,-110.0
-11.0,-108.0
-11.0,-106.0
-11.0,-104.0
-11.0,-102.0
-11.0,-100.0
-11.0,-98.0
-11.0,-96.0
-11.0,-94.0
-11.0,-92.0
-11.0,-90.0
-11.0,-88.0
-11.0,-86.0
-11.0,-84.0
-11.0,-82.0
-11.0,-80.0
-11.0,-78.0
-11.0,-36.0
-11.0,-34.0
-11.0,-32.0
-11.0,-30.0
-11.0,-28.0
-11.0,-26.0
-11.0,-24.0
-11.0,-22.0
-11.0,-20.0
-11.0,-18.0
-11.0,-16.0
-11.0,-14.0
-11.0,-12.0
-11.0,-10.0
-11.0,-8.0
-11.0,-6.0
-11.0,-4.0
-11.0,-2.0
-11.0,0.0
-11.0,2.0
-11.0,4.0
-11.0,6.0
-11.0,8.0
-11.0,10.0
-11.0,12.0
-11.0,42.0
-11.0,44.0
-11.0,46.0
-11.0,48.0
-11.0,50.0
-11.0,52.0
-11.0,54.0
-11.0,56.0
-11.0,58.0
-11.0,60.0
-11.0,62.0
-11.0,64.0
-11.0,66.0
-11.0,68.0
-11.0,70.0
-11.0,72.0
-11.0,74.0
-11.0,76.0
-11.0,78.0
-11.0,80.0
-11.0,82.0
-11.0,84.0
-11.0,86.0
-11.0,88.0
-11.0,90.0
-11.0,92.0
-11.0,94.0
-11.0,96.0
-11.0,98.0
-11.0,100.0
-11.0,102.0
-11.0,104.0
-11.0,106.0
-11.0,108.0
-11.0,110.0
-11.0,112.0
-11.0,114.0
-11.0,116.0
-11.0,118.0
-11.0,120.0
-11.0,122.0
-11.0,124.0
-11.0,126.0
-11.0,128.0
-11.0,130.0
-11.0,132.0
-11.0,134.0
-11.0,136.0
-11.0,138.0
-11.0,140.0
-11.0,142.0
-11.0,144.0
-11.0,146.0
-11.0,148.0
-11.0,150.0
-11.0,152.0
-11.0,154.0
-11.0,156.0
-11.0,158.0
-11.0,160.0
-11.0,162.0
-11.0,164.0
-11.0,166.0
-11.0,168.0
-11.0,170.0
-11.0,172.0
-11.0,174.0
-11.0,176.0
-11.0,178.0
-10.0,-180.0
-10.0,-178.0
-10.0,-176.0
-10.0,-174.0
-10.0,-172.0
-10.0,-170.0
-10.0,-168.0
-10.0,-166.0
-10.0,-164.0
-10.0,-162.0
-10.0,-160.0
-10.0,-158.0
-10.0,-156.0
-10.0,-154.0
-10.0,-152.0
-10.0,-150.0
-10.0,-148.0
-10.0,-146.0
-10.0,-144.0
-10.0,-142.0
-10.0,-140.0
-10.0,-138.0
-10.0,-136.0
-10.0,-134.0
-10.0,-132.0
-10.0,-130.0
-10.0,-128.0
-10.0,-126.0
-10.0,-124.0
-10.0,-122.0
-10.0,-120.0
-10.0,-118.0
-10.0,-116.0
-10.0,-114.0
-10.0,-112.0
-10.0,-110.0
-10.0,-108.0
-10.0,-106.0
-10.0,-104.0
-10.0,-102.0
-10.0,-100.0
-10.0,-98.0
-10.0,-96.0
-10.0,-94.0
-10.0,-92.0
-10.0,-90.0
-10.0,-88.0
-10.0,-86.0
-10.0,-84.0
-10.0,-82.0
-10.0,-80.0
-10.0,-34.0
-10.0,-32.0
-10.0,-30.0
-10.0,-28.0
-10.0,-26.0
-10.0,-24.0
-10.0,-22.0
-10.0,-20.0
-10.0,-18.0
-10.0,-16.0
-10.0,-14.0
-10.0,-12.0
-10.0,-10.0
-10.0,-8.0
-10.0,-6.0
-10.0,-4.0
-10.0,-2.0
-10.0,0.0
-10.0,2.0
-10.0,4.0
-10.0,6.0
-10.0,8.0
-10.0,10.0
-10.0,12.0
-10.0,40.0
-10.0,42.0
-10.0,44.0
-10.0,46.0
-10.0,48.0
-10.0,50.0
-10.0,52.0
-10.0,54.0
-10.0,56.0
-10.0,58.0
-10.0,60.0
-10.0,62.0
-10.0,64.0
-10.0,66.0
-10.0,68.0
-10.0,70.0
-10.0,72.0
-10.0,74.0
-10.0,76.0
-10.0,78.0
-10.0,80.0
-10.0,82.0
-10.0,84.0
-10.0,86.0
-10.0,88.0
-10.0,90.0
-10.0,92.0
-10.0,94.0
-10.0,96.0
-10.0,98.0
-10.0,100.0
-10.0,102.0
-10.0,104.0
-10.0,106.0
-10.0,108.0
-10.0,110.0
-10.0,112.0
-10.0,114.0
-10.0,116.0
-10.0,118.0
-10.0,122.0
-10.0,126.0
-10.0,128.0
-10.0,130.0
-10.0,132.0
-10.0,134.0
-10.0,136.0
-10.0,138.0
-10.0,140.0
-10.0,142.0
-10.0,144.0
-10.0,146.0
-10.0,152.0
-10.0,154.0
-10.0,156.0
-10.0,158.0
-10.0,160.0
-10.0,162.0
-10.0,164.0
-10.0,166.0
-10.0,168.0
-10.0,170.0
-10.0,172.0
-10.0,174.0
-10.0,176.0
-10.0,178.0
-9.0,-180.0
-9.0,-178.0
-9.0,-176.0
-9.0,-174.0
-9.0,-172.0
-9.0,-170.0
-9.0,-168.0
-9.0,-166.0
-9.0,-164.0
-9.0,-162.0
-9.0,-160.0
-9.0,-158.0
-9.0,-156.0
-9.0,-154.0
-9.0,-152.0
-9.0,-150.0
-9.0,-148.0
-9.0,-146.0
-9.0,-144.0
-9.0,-142.0
-9.0,-140.0
-9.0,-138.0
-9.0,-136.0
-9.0,-134.0
-9.0,-132.0
-9.0,-130.0
-9.0,-128.0
-9.0,-126.0
-9.0,-124.0
-9.0,-122.0
-9.0,-120.0
-9.0,-118.0
-9.0,-116.0
-9.0,-114.0
-9.0,-112.0
-9.0,-110.0
-9.0,-108.0
-9.0,-106.0
-9.0,-104.0
-9.0,-102.0
-9.0,-100.0
-9.0,-98.0
-9.0,-96.0
-9.0,-94.0
-9.0,-92.0
-9.0,-90.0
-9.0,-88.0
-9.0,-86.0
-9.0,-84.0
-9.0,-82.0
-9.0,-80.0
-9.0,-34.0
-9.0,-32.0
-9.0,-30.0
-9.0,-28.0
-9.0,-26.0
-9.0,-24.0
-9.0,-22.0
-9.0,-20.0
-9.0,-18.0
-9.0,-16.0
-9.0,-14.0
-9.0,-12.0
-9.0,-10.0
-9.0,-8.0
-9.0,-6.0
-9.0,-4.0
-9.0,-2.0
-9.0,0.0
-9.0,2.0
-9.0,4.0
-9.0,6.0
-9.0,8.0
-9.0,10.0
-9.0,12.0
-9.0,40.0
-9.0,42.0
-9.0,44.0
-9.0,46.0
-9.0,48.0
-9.0,50.0
-9.0,52.0
-9.0,54.0
-9.0,56.0
-9.0,58.0
-9.0,60.0
-9.0,62.0
-9.0,64.0
-9.0,66.0
-9.0,68.0
-9.0,70.0
-9.0,72.0
-9.0,74.0
-9.0,76.0
-9.0,78.0
-9.0,80.0
-9.0,82.0
-9.0,84.0
-9.0,86.0
-9.0,88.0
-9.0,90.0
-9.0,92.0
-9.0,94.0
-9.0,96.0
-9.0,98.0
-9.0,100.0
-9.0,102.0
-9.0,104.0
-9.0,106.0
-9.0,108.0
-9.0,110.0
-9.0,112.0
-9.0,114.0
-9.0,116.0
-9.0,118.0
-9.0,120.0
-9.0,122.0
-9.0,124.0
-9.0,128.0
-9.0,130.0
-9.0,132.0
-9.0,134.0
-9.0,136.0
-9.0,138.0
-9.0,140.0
-9.0,144.0
-9.0,146.0
-9.0,150.0
-9.0,152.0
-9.0,154.0
-9.0,156.0
-9.0,158.0
-9.0,160.0
-9.0,162.0
-9.0,164.0
-9.0,166.0
-9.0,168.0
-9.0,170.0
-9.0,172.0
-9.0,174.0
-9.0,176.0
-9.0,178.0
-8.0,-180.0
-8.0,-178.0
-8.0,-176.0
-8.0,-174.0
-8.0,-172.0
-8.0,-170.0
-8.0,-168.0
-8.0,-166.0
-8.0,-164.0
-8.0,-162.0
-8.0,-160.0
-8.0,-158.0
-8.0,-156.0
-8.0,-154.0
-8.0,-152.0
-8.0,-150.0
-8.0,-148.0
-8.0,-146.0
-8.0,-144.0
-8.0,-142.0
-8.0,-140.0
-8.0,-138.0
-8.0,-136.0
-8.0,-134.0
-8.0,-132.0
-8.0,-130.0
-8.0,-128.0
-8.0,-126.0
-8.0,-124.0
-8.0,-122.0
-8.0,-120.0
-8.0,-118.0
-8.0,-116.0
-8.0,-114.0
-8.0,-112.0
-8.0,-110.0
-8.0,-108.0
-8.0,-106.0
-8.0,-104.0
-8.0,-102.0
-8.0,-100.0
-8.0,-98.0
-8.0,-96.0
-8.0,-94.0
-8.0,-92.0
-8.0,-90.0
-8.0,-88.0
-8.0,-86.0
-8.0,-84.0
-8.0,-82.0
-8.0,-80.0
-8.0,-34.0
-8.0,-32.0
-8.0,-30.0
-8.0,-28.0
-8.0,-26.0
-8.0,-24.0
-8.0,-22.0
-8.0,-20.0
-8.0,-18.0
-8.0,-16.0
-8.0,-14.0
-8.0,-12.0
-8.0,-10.0
-8.0,-8.0
-8.0,-6.0
-8.0,-4.0
-8.0,-2.0
-8.0,0.0
-8.0,2.0
-8.0,4.0
-8.0,6.0
-8.0,8.0
-8.0,10.0
-8.0,12.0
-8.0,40.0
-8.0,42.0
-8.0,44.0
-8.0,46.0
-8.0,48.0
-8.0,50.0
-8.0,52.0
-8.0,54.0
-8.0,56.0
-8.0,58.0
-8.0,60.0
-8.0,62.0
-8.0,64.0
-8.0,66.0
-8.0,68.0
-8.0,70.0
-8.0,72.0
-8.0,74.0
-8.0,76.0
-8.0,78.0
-8.0,80.0
-8.0,82.0
-8.0,84.0
-8.0,86.0
-8.0,88.0
-8.0,90.0
-8.0,92.0
-8.0,94.0
-8.0,96.0
-8.0,98.0
-8.0,100.0
-8.0,102.0
-8.0,104.0
-8.0,106.0
-8.0,108.0
-8.0,110.0
-8.0,116.0
-8.0,118.0
-8.0,120.0
-8.0,122.0
-8.0,124.0
-8.0,126.0
-8.0,128.0
-8.0,130.0
-8.0,132.0
-8.0,134.0
-8.0,136.0
-8.0,144.0
-8.0,150.0
-8.0,152.0
-8.0,154.0
-8.0,156.0
-8.0,158.0
-8.0,160.0
-8.0,162.0
-8.0,164.0
-8.0,166.0
-8.0,168.0
-8.0,170.0
-8.0,172.0
-8.0,174.0
-8.0,176.0
-8.0,178.0
-7.0,-180.0
-7.0,-178.0
-7.0,-176.0
-7.0,-174.0
-7.0,-172.0
-7.0,-170.0
-7.0,-168.0
-7.0,-166.0
-7.0,-164.0
-7.0,-162.0
-7.0,-160.0
-7.0,-158.0
-7.0,-156.0
-7.0,-154.0
-7.0,-152.0
-7.0,-150.0
-7.0,-148.0
-7.0,-146.0
-7.0,-144.0
-7.0,-142.0
-7.0,-140.0
-7.0,-138.0
-7.0,-136.0
-7.0,-134.0
-7.0,-132.0
-7.0,-130.0
-7.0,-128.0
-7.0,-126.0
-7.0,-124.0
-7.0,-122.0
-7.0,-120.0
-7.0,-118.0
-7.0,-116.0
-7.0,-114.0
-7.0,-112.0
-7.0,-110.0
-7.0,-108.0
-7.0,-106.0
-7.0,-104.0
-7.0,-102.0
-7.0,-100.0
-7.0,-98.0
-7.0,-96.0
-7.0,-94.0
-7.0,-92.0
-7.0,-90.0
-7.0,-88.0
-7.0,-86.0
-7.0,-84.0
-7.0,-82.0
-7.0,-80.0
-7.0,-34.0
-7.0,-32.0
-7.0,-30.0
-7.0,-28.0
-7.0,-26.0
-7.0,-24.0
-7.0,-22.0
-7.0,-20.0
-7.0,-18.0
-7.0,-16.0
-7.0,-14.0
-7.0,-12.0
-7.0,-10.0
-7.0,-8.0
-7.0,-6.0
-7.0,-4.0
-7.0,-2.0
-7.0,0.0
-7.0,2.0
-7.0,4.0
-7.0,6.0
-7.0,8.0
-7.0,10.0
-7.0,12.0
-7.0,40.0
-7.0,42.0
-7.0,44.0
-7.0,46.0
-7.0,48.0
-7.0,50.0
-7.0,52.0
-7.0,54.0
-7.0,56.0
-7.0,58.0
-7.0,60.0
-7.0,62.0
-7.0,64.0
-7.0,66.0
-7.0,68.0
-7.0,70.0
-7.0,72.0
-7.0,74.0
-7.0,76.0
-7.0,78.0
-7.0,80.0
-7.0,82.0
-7.0,84.0
-7.0,86.0
-7.0,88.0
-7.0,90.0
-7.0,92.0
-7.0,94.0
-7.0,96.0
-7.0,98.0
-7.0,100.0
-7.0,102.0
-7.0,104.0
-7.0,106.0
-7.0,114.0
-7.0,116.0
-7.0,118.0
-7.0,120.0
-7.0,122.0
-7.0,124.0
-7.0,126.0
-7.0,128.0
-7.0,130.0
-7.0,132.0
-7.0,134.0
-7.0,136.0
-7.0,138.0
-7.0,148.0
-7.0,150.0
-7.0,152.0
-7.0,154.0
-7.0,156.0
-7.0,158.0
-7.0,160.0
-7.0,162.0
-7.0,164.0
-7.0,166.0
-7.0,168.0
-7.0,170.0
-7.0,172.0
-7.0,174.0
-7.0,176.0
-7.0,178.0
-6.0,-180.0
-6.0,-178.0
-6.0,-176.0
-6.0,-174.0
-6.0,-172.0
-6.0,-170.0
-6.0,-168.0
-6.0,-166.0
-6.0,-164.0
-6.0,-162.0
-6.0,-160.0
-6.0,-158.0
-6.0,-156.0
-6.0,-154.0
-6.0,-152.0
-6.0,-150.0
-6.0,-148.0
-6.0,-146.0
-6.0,-144.0
-6.0,-142.0
-6.0,-140.0
-6.0,-138.0
-6.0,-136.0
-6.0,-134.0
-6.0,-132.0
-6.0,-130.0
-6.0,-128.0
-6.0,-126.0
-6.0,-124.0
-6.0,-122.0
-6.0,-120.0
-6.0,-118.0
-6.0,-116.0
-6.0,-114.0
-6.0,-112.0
-6.0,-110.0
-6.0,-108.0
-6.0,-106.0
-6.0,-104.0
-6.0,-102.0
-6.0,-100.0
-6.0,-98.0
-6.0,-96.0
-6.0,-94.0
-6.0,-92.0
-6.0,-90.0
-6.0,-88.0
-6.0,-86.0
-6.0,-84.0
-6.0,-82.0
-6.0,-34.0
-6.0,-32.0
-6.0,-30.0
-6.0,-28.0
-6.0,-26.0
-6.0,-24.0
-6.0,-22.0
-6.0,-20.0
-6.0,-18.0
-6.0,-16.0
-6.0,-14.0
-6.0,-12.0
-6.0,-10.0
-6.0,-8.0
-6.0,-6.0
-6.0,-4.0
-6.0,-2.0
-6.0,0.0
-6.0,2.0
-6.0,4.0
-6.0,6.0
-6.0,8.0
-6.0,10.0
-6.0,12.0
-6.0,40.0
-6.0,42.0
-6.0,44.0
-6.0,46.0
-6.0,48.0
-6.0,50.0
-6.0,52.0
-6.0,54.0
-6.0,56.0
-6.0,58.0
-6.0,60.0
-6.0,62.0
-6.0,64.0
-6.0,66.0
-6.0,68.0
-6.0,70.0
-6.0,72.0
-6.0,74.0
-6.0,76.0
-6.0,78.0
-6.0,80.0
-6.0,82.0
-6.0,84.0
-6.0,86.0
-6.0,88.0
-6.0,90.0
-6.0,92.0
-6.0,94.0
-6.0,96.0
-6.0,98.0
-6.0,100.0
-6.0,102.0
-6.0,104.0
-6.0,108.0
-6.0,110.0
-6.0,112.0
-6.0,114.0
-6.0,116.0
-6.0,118.0
-6.0,120.0
-6.0,122.0
-6.0,124.0
-6.0,126.0
-6.0,128.0
-6.0,130.0
-6.0,132.0
-6.0,134.0
-6.0,136.0
-6.0,138.0
-6.0,148.0
-6.0,152.0
-6.0,154.0
-6.0,156.0
-6.0,158.0
-6.0,160.0
-6.0,162.0
-6.0,164.0
-6.0,166.0
-6.0,168.0
-6.0,170.0
-6.0,172.0
-6.0,174.0
-6.0,176.0
-6.0,178.0
-5.0,-180.0
-5.0,-178.0
-5.0,-176.0
-5.0,-174.0
-5.0,-172.0
-5.0,-170.0
-5.0,-168.0
-5.0,-166.0
-5.0,-164.0
-5.0,-162.0
-5.0,-160.0
-5.0,-158.0
-5.0,-156.0
-5.0,-154.0
-5.0,-152.0
-5.0,-150.0
-5.0,-148.0
-5.0,-146.0
-5.0,-144.0
-5.0,-142.0
-5.0,-140.0
-5.0,-138.0
-5.0,-136.0
-5.0,-134.0
-5.0,-132.0
-5.0,-130.0
-5.0,-128.0
-5.0,-126.0
-5.0,-124.0
-5.0,-122.0
-5.0,-120.0
-5.0,-118.0
-5.0,-116.0
-5.0,-114.0
-5.0,-112.0
-5.0,-110.0
-5.0,-108.0
-5.0,-106.0
-5.0,-104.0
-5.0,-102.0
-5.0,-100.0
-5.0,-98.0
-5.0,-96.0
-5.0,-94.0
-5.0,-92.0
-5.0,-90.0
-5.0,-88.0
-5.0,-86.0
-5.0,-84.0
-5.0,-82.0
-5.0,-36.0
-5.0,-34.0
-5.0,-32.0
-5.0,-30.0
-5.0,-28.0
-5.0,-26.0
-5.0,-24.0
-5.0,-22.0
-5.0,-20.0
-5.0,-18.0
-5.0,-16.0
-5.0,-14.0
-5.0,-12.0
-5.0,-10.0
-5.0,-8.0
-5.0,-6.0
-5.0,-4.0
-5.0,-2.0
-5.0,0.0
-5.0,2.0
-5.0,4.0
-5.0,6.0
-5.0,8.0
-5.0,10.0
-5.0,40.0
-5.0,42.0
-5.0,44.0
-5.0,46.0
-5.0,48.0
-5.0,50.0
-5.0,52.0
-5.0,54.0
-5.0,56.0
-5.0,58.0
-5.0,60.0
-5.0,62.0
-5.0,64.0
-5.0,66.0
-5.0,68.0
-5.0,70.0
-5.0,72.0
-5.0,74.0
-5.0,76.0
-5.0,78.0
-5.0,80.0
-5.0,82.0
-5.0,84.0
-5.0,86.0
-5.0,88.0
-5.0,90.0
-5.0,92.0
-5.0,94.0
-5.0,96.0
-5.0,98.0
-5.0,100.0
-5.0,102.0
-5.0,106.0
-5.0,108.0
-5.0,110.0
-5.0,112.0
-5.0,114.0
-5.0,116.0
-5.0,118.0
-5.0,122.0
-5.0,124.0
-5.0,126.0
-5.0,128.0
-5.0,130.0
-5.0,132.0
-5.0,134.0
-5.0,136.0
-5.0,146.0
-5.0,148.0
-5.0,150.0
-5.0,154.0
-5.0,156.0
-5.0,158.0
-5.0,160.0
-5.0,162.0
-5.0,164.0
-5.0,166.0
-5.0,168.0
-5.0,170.0
-5.0,172.0
-5.0,174.0
-5.0,176.0
-5.0,178.0
-4.0,-180.0
-4.0,-178.0
-4.0,-176.0
-4.0,-174.0
-4.0,-172.0
-4.0,-170.0
-4.0,-168.0
-4.0,-166.0
-4.0,-164.0
-4.0,-162.0
-4.0,-160.0
-4.0,-158.0
-4.0,-156.0
-4.0,-154.0
-4.0,-152.0
-4.0,-150.0
-4.0,-148.0
-4.0,-146.0
-4.0,-144.0
-4.0,-142.0
-4.0,-140.0
-4.0,-138.0
-4.0,-136.0
-4.0,-134.0
-4.0,-132.0
-4.0,-130.0
-4.0,-128.0
-4.0,-126.0
-4.0,-124.0
-4.0,-122.0
-4.0,-120.0
-4.0,-118.0
-4.0,-116.0
-4.0,-114.0
-4.0,-112.0
-4.0,-110.0
-4.0,-108.0
-4.0,-106.0
-4.0,-104.0
-4.0,-102.0
-4.0,-100.0
-4.0,-98.0
-4.0,-96.0
-4.0,-94.0
-4.0,-92.0
-4.0,-90.0
-4.0,-88.0
-4.0,-86.0
-4.0,-84.0
-4.0,-82.0
-4.0,-38.0
-4.0,-36.0
-4.0,-34.0
-4.0,-32.0
-4.0,-30.0
-4.0,-28.0
-4.0,-26.0
-4.0,-24.0
-4.0,-22.0
-4.0,-20.0
-4.0,-18.0
-4.0,-16.0
-4.0,-14.0
-4.0,-12.0
-4.0,-10.0
-4.0,-8.0
-4.0,-6.0
-4.0,-4.0
-4.0,-2.0
-4.0,0.0
-4.0,2.0
-4.0,4.0
-4.0,6.0
-4.0,8.0
-4.0,10.0
-4.0,40.0
-4.0,42.0
-4.0,44.0
-4.0,46.0
-4.0,48.0
-4.0,50.0
-4.0,52.0
-4.0,54.0
-4.0,56.0
-4.0,58.0
-4.0,60.0
-4.0,62.0
-4.0,64.0
-4.0,66.0
-4.0,68.0
-4.0,70.0
-4.0,72.0
-4.0,74.0
-4.0,76.0
-4.0,78.0
-4.0,80.0
-4.0,82.0
-4.0,84.0
-4.0,86.0
-4.0,88.0
-4.0,90.0
-4.0,92.0
-4.0,94.0
-4.0,96.0
-4.0,98.0
-4.0,100.0
-4.0,102.0
-4.0,106.0
-4.0,108.0
-4.0,110.0
-4.0,112.0
-4.0,114.0
-4.0,116.0
-4.0,118.0
-4.0,124.0
-4.0,126.0
-4.0,128.0
-4.0,130.0
-4.0,132.0
-4.0,134.0
-4.0,146.0
-4.0,148.0
-4.0,150.0
-4.0,152.0
-4.0,154.0
-4.0,156.0
-4.0,158.0
-4.0,160.0
-4.0,162.0
-4.0,164.0
-4.0,166.0
-4.0,168.0
-4.0,170.0
-4.0,172.0
-4.0,174.0
-4.0,176.0
-4.0,178.0
-3.0,-180.0
-3.0,-178.0
-3.0,-176.0
-3.0,-174.0
-3.0,-172.0
-3.0,-170.0
-3.0,-168.0
-3.0,-166.0
-3.0,-164.0
-3.0,-162.0
-3.0,-160.0
-3.0,-158.0
-3.0,-156.0
-3.0,-154.0
-3.0,-152.0
-3.0,-150.0
-3.0,-148.0
-3.0,-146.0
-3.0,-144.0
-3.0,-142.0
-3.0,-140.0
-3.0,-138.0
-3.0,-136.0
-3.0,-134.0
-3.0,-132.0
-3.0,-130.0
-3.0,-128.0
-3.0,-126.0
-3.0,-124.0
-3.0,-122.0
-3.0,-120.0
-3.0,-118.0
-3.0,-116.0
-3.0,-114.0
-3.0,-112.0
-3.0,-110.0
-3.0,-108.0
-3.0,-106.0
-3.0,-104.0
-3.0,-102.0
-3.0,-100.0
-3.0,-98.0
-3.0,-96.0
-3.0,-94.0
-3.0,-92.0
-3.0,-90.0
-3.0,-88.0
-3.0,-86.0
-3.0,-84.0
-3.0,-82.0
-3.0,-38.0
-3.0,-36.0
-3.0,-34.0
-3.0,-32.0
-3.0,-30.0
-3.0,-28.0
-3.0,-26.0
-3.0,-24.0
-3.0,-22.0
-3.0,-20.0
-3.0,-18.0
-3.0,-16.0
-3.0,-14.0
-3.0,-12.0
-3.0,-10.0
-3.0,-8.0
-3.0,-6.0
-3.0,-4.0
-3.0,-2.0
-3.0,0.0
-3.0,2.0
-3.0,4.0
-3.0,6.0
-3.0,8.0
-3.0,10.0
-3.0,42.0
-3.0,44.0
-3.0,46.0
-3.0,48.0
-3.0,50.0
-3.0,52.0
-3.0,54.0
-3.0,56.0
-3.0,58.0
-3.0,60.0
-3.0,62.0
-3.0,64.0
-3.0,66.0
-3.0,68.0
-3.0,70.0
-3.0,72.0
-3.0,74.0
-3.0,76.0
-3.0,78.0
-3.0,80.0
-3.0,82.0
-3.0,84.0
-3.0,86.0
-3.0,88.0
-3.0,90.0
-3.0,92.0
-3.0,94.0
-3.0,96.0
-3.0,98.0
-3.0,100.0
-3.0,108.0
-3.0,110.0
-3.0,118.0
-3.0,124.0
-3.0,126.0
-3.0,128.0
-3.0,132.0
-3.0,144.0
-3.0,146.0
-3.0,148.0
-3.0,150.0
-3.0,152.0
-3.0,154.0
-3.0,156.0
-3.0,158.0
-3.0,160.0
-3.0,162.0
-3.0,164.0
-3.0,166.0
-3.0,168.0
-3.0,170.0
-3.0,172.0
-3.0,174.0
-3.0,176.0
-3.0,178.0
-2.0,-180.0
-2.0,-178.0
-2.0,-176.0
-2.0,-174.0
-2.0,-172.0
-2.0,-170.0
-2.0,-168.0
-2.0,-166.0
-2.0,-164.0
-2.0,-162.0
-2.0,-160.0
-2.0,-158.0
-2.0,-156.0
-2.0,-154.0
-2.0,-152.0
-2.0,-150.0
-2.0,-148.0
-2.0,-146.0
-2.0,-144.0
-2.0,-142.0
-2.0,-140.0
-2.0,-138.0
-2.0,-136.0
-2.0,-134.0
-2.0,-132.0
-2.0,-130.0
-2.0,-128.0
-2.0,-126.0
-2.0,-124.0
-2.0,-122.0
-2.0,-120.0
-2.0,-118.0
-2.0,-116.0
-2.0,-114.0
-2.0,-112.0
-2.0,-110.0
-2.0,-108.0
-2.0,-106.0
-2.0,-104.0
-2.0,-102.0
-2.0,-100.0
-2.0,-98.0
-2.0,-96.0
-2.0,-94.0
-2.0,-92.0
-2.0,-90.0
-2.0,-88.0
-2.0,-86.0
-2.0,-84.0
-2.0,-82.0
-2.0,-44.0
-2.0,-42.0
-2.0,-40.0
-2.0,-38.0
-2.0,-36.0
-2.0,-34.0
-2.0,-32.0
-2.0,-30.0
-2.0,-28.0
-2.0,-26.0
-2.0,-24.0
-2.0,-22.0
-2.0,-20.0
-2.0,-18.0
-2.0,-16.0
-2.0,-14.0
-2.0,-12.0
-2.0,-10.0
-2.0,-8.0
-2.0,-6.0
-2.0,-4.0
-2.0,-2.0
-2.0,0.0
-2.0,2.0
-2.0,4.0
-2.0,6.0
-2.0,8.0
-2.0,42.0
-2.0,44.0
-2.0,46.0
-2.0,48.0
-2.0,50.0
-2.0,52.0
-2.0,54.0
-2.0,56.0
-2.0,58.0
-2.0,60.0
-2.0,62.0
-2.0,64.0
-2.0,66.0
-2.0,68.0
-2.0,70.0
-2.0,72.0
-2.0,74.0
-2.0,76.0
-2.0,78.0
-2.0,80.0
-2.0,82.0
-2.0,84.0
-2.0,86.0
-2.0,88.0
-2.0,90.0
-2.0,92.0
-2.0,94.0
-2.0,96.0
-2.0,98.0
-2.0,100.0
-2.0,106.0
-2.0,108.0
-2.0,110.0
-2.0,118.0
-2.0,122.0
-2.0,124.0
-2.0,126.0
-2.0,128.0
-2.0,130.0
-2.0,132.0
-2.0,136.0
-2.0,140.0
-2.0,142.0
-2.0,144.0
-2.0,146.0
-2.0,148.0
-2.0,150.0
-2.0,152.0
-2.0,154.0
-2.0,156.0
-2.0,158.0
-2.0,160.0
-2.0,162.0
-2.0,164.0
-2.0,166.0
-2.0,168.0
-2.0,170.0
-2.0,172.0
-2.0,174.0
-2.0,176.0
-2.0,178.0
-1.0,-180.0
-1.0,-178.0
-1.0,-176.0
-1.0,-174.0
-1.0,-172.0
-1.0,-170.0
-1.0,-168.0
-1.0,-166.0
-1.0,-164.0
-1.0,-162.0
-1.0,-160.0
-1.0,-158.0
-1.0,-156.0
-1.0,-154.0
-1.0,-152.0
-1.0,-150.0
-1.0,-148.0
-1.0,-146.0
-1.0,-144.0
-1.0,-142.0
-1.0,-140.0
-1.0,-138.0
-1.0,-136.0
-1.0,-134.0
-1.0,-132.0
-1.0,-130.0
-1.0,-128.0
-1.0,-126.0
-1.0,-124.0
-1.0,-122.0
-1.0,-120.0
-1.0,-118.0
-1.0,-116.0
-1.0,-114.0
-1.0,-112.0
-1.0,-110.0
-1.0,-108.0
-1.0,-106.0
-1.0,-104.0
-1.0,-102.0
-1.0,-100.0
-1.0,-98.0
-1.0,-96.0
-1.0,-94.0
-1.0,-92.0
-1.0,-90.0
-1.0,-88.0
-1.0,-86.0
-1.0,-84.0
-1.0,-82.0
-1.0,-46.0
-1.0,-44.0
-1.0,-42.0
-1.0,-40.0
-1.0,-38.0
-1.0,-36.0
-1.0,-34.0
-1.0,-32.0
-1.0,-30.0
-1.0,-28.0
-1.0,-26.0
-1.0,-24.0
-1.0,-22.0
-1.0,-20.0
-1.0,-18.0
-1.0,-16.0
-1.0,-14.0
-1.0,-12.0
-1.0,-10.0
-1.0,-8.0
-1.0,-6.0
-1.0,-4.0
-1.0,-2.0
-1.0,0.0
-1.0,2.0
-1.0,4.0
-1.0,6.0
-1.0,8.0
-1.0,44.0
-1.0,46.0
-1.0,48.0
-1.0,50.0
-1.0,52.0
-1.0,54.0
-1.0,56.0
-1.0,58.0
-1.0,60.0
-1.0,62.0
-1.0,64.0
-1.0,66.0
-1.0,68.0
-1.0,70.0
-1.0,72.0
-1.0,74.0
-1.0,76.0
-1.0,78.0
-1.0,80.0
-1.0,82.0
-1.0,84.0
-1.0,86.0
-1.0,88.0
-1.0,90.0
-1.0,92.0
-1.0,94.0
-1.0,96.0
-1.0,98.0
-1.0,100.0
-1.0,104.0
-1.0,106.0
-1.0,108.0
-1.0,118.0
-1.0,124.0
-1.0,126.0
-1.0,128.0
-1.0,130.0
-1.0,136.0
-1.0,138.0
-1.0,140.0
-1.0,142.0
-1.0,144.0
-1.0,146.0
-1.0,148.0
-1.0,150.0
-1.0,152.0
-1.0,154.0
-1.0,156.0
-1.0,158.0
-1.0,160.0
-1.0,162.0
-1.0,164.0
-1.0,166.0
-1.0,168.0
-1.0,170.0
-1.0,172.0
-1.0,174.0
-1.0,176.0
-1.0,178.0
0.0,-180.0
0.0,-178.0
0.0,-176.0
0.0,-174.0
0.0,-172.0
0.0,-170.0
0.0,-168.0
0.0,-166.0
0.0,-164.0
0.0,-162.0
0.0,-160.0
0.0,-158.0
0.0,-156.0
0.0,-154.0
0.0,-152.0
0.0,-150.0
0.0,-148.0
0.0,-146.0
0.0,-144.0
0.0,-142.0
0.0,-140.0
0.0,-138.0
0.0,-136.0
0.0,-134.0
0.0,-132.0
0.0,-130.0
0.0,-128.0
0.0,-126.0
0.0,-124.0
0.0,-122.0
0.0,-120.0
0.0,-118.0
0.0,-116.0
0.0,-114.0
0.0,-112.0
0.0,-110.0
0.0,-108.0
0.0,-106.0
0.0,-104.0
0.0,-102.0
0.0,-100.0
0.0,-98.0
0.0,-96.0
0.0,-94.0
0.0,-92.0
0.0,-90.0
0.0,-88.0
0.0,-86.0
0.0,-84.0
0.0,-82.0
0.0,-50.0
0.0,-48.0
0.0,-46.0
0.0,-44.0
0.0,-42.0
0.0,-40.0
0.0,-38.0
0.0,-36.0
0.0,-34.0
0.0,-32.0
0.0,-30.0
0.0,-28.0
0.0,-26.0
0.0,-24.0
0.0,-22.0
0.0,-20.0
0.0,-18.0
0.0,-16.0
0.0,-14.0
0.0,-12.0
0.0,-10.0
0.0,-8.0
0.0,-6.0
0.0,-4.0
0.0,-2.0
0.0,0.0
0.0,2.0
0.0,4.0
0.0,6.0
0.0,8.0
0.0,44.0
0.0,46.0
0.0,48.0
0.0,50.0
0.0,52.0
0.0,54.0
0.0,56.0
0.0,58.0
0.0,60.0
0.0,62.0
0.0,64.0
0.0,66.0
0.0,68.0
0.0,70.0
0.0,72.0
0.0,74.0
0.0,76.0
0.0,78.0
0.0,80.0
0.0,82.0
0.0,84.0
0.0,86.0
0.0,88.0
0.0,90.0
0.0,92.0
0.0,94.0
0.0,96.0
0.0,98.0
0.0,104.0
0.0,106.0
0.0,108.0
0.0,118.0
0.0,122.0
0.0,124.0
0.0,126.0
0.0,130.0
0.0,132.0
0.0,134.0
0.0,136.0
0.0,138.0
0.0,140.0
0.0,142.0
0.0,144.0
0.0,146.0
0.0,148.0
0.0,150.0
0.0,152.0
0.0,154.0
0.0,156.0
0.0,158.0
0.0,160.0
0.0,162.0
0.0,164.0
0.0,166.0
0.0,168.0
0.0,170.0
0.0,172.0
0.0,174.0
0.0,176.0
0.0,178.0
1.0,-180.0
1.0,-178.0
1.0,-176.0
1.0,-174.0
1.0,-172.0
1.0,-170.0
1.0,-168.0
1.0,-166.0
1.0,-164.0
1.0,-162.0
1.0,-160.0
1.0,-158.0
1.0,-156.0
1.0,-154.0
1.0,-152.0
1.0,-150.0
1.0,-148.0
1.0,-146.0
1.0,-144.0
1.0,-142.0
1.0,-140.0
1.0,-138.0
1.0,-136.0
1.0,-134.0
1.0,-132.0
1.0,-130.0
1.0,-128.0
1.0,-126.0
1.0,-124.0
1.0,-122.0
1.0,-120.0
1.0,-118.0
1.0,-116.0
1.0,-114.0
1.0,-112.0
1.0,-110.0
1.0,-108.0
1.0,-106.0
1.0,-104.0
1.0,-102.0
1.0,-100.0
1.0,-98.0
1.0,-96.0
1.0,-94.0
1.0,-92.0
1.0,-90.0
1.0,-88.0
1.0,-86.0
1.0,-84.0
1.0,-82.0
1.0,-80.0
1.0,-48.0
1.0,-46.0
1.0,-44.0
1.0,-42.0
1.0,-40.0
1.0,-38.0
1.0,-36.0
1.0,-34.0
1.0,-32.0
1.0,-30.0
1.0,-28.0
1.0,-26.0
1.0,-24.0
1.0,-22.0
1.0,-20.0
1.0,-18.0
1.0,-16.0
1.0,-14.0
1.0,-12.0
1.0,-10.0
1.0,-8.0
1.0,-6.0
1.0,-4.0
1.0,-2.0
1.0,0.0
1.0,2.0
1.0,4.0
1.0,6.0
1.0,8.0
1.0,46.0
1.0,48.0
1.0,50.0
1.0,52.0
1.0,54.0
1.0,56.0
1.0,58.0
1.0,60.0
1.0,62.0
1.0,64.0
1.0,66.0
1.0,68.0
1.0,70.0
1.0,72.0
1.0,74.0
1.0,76.0
1.0,78.0
1.0,80.0
1.0,82.0
1.0,84.0
1.0,86.0
1.0,88.0
1.0,90.0
1.0,92.0
1.0,94.0
1.0,96.0
1.0,98.0
1.0,104.0
1.0,106.0
1.0,108.0
1.0,120.0
1.0,122.0
1.0,124.0
1.0,126.0
1.0,130.0
1.0,132.0
1.0,134.0
1.0,136.0
1.0,138.0
1.0,140.0
1.0,142.0
1.0,144.0
1.0,146.0
1.0,148.0
1.0,150.0
1.0,152.0
1.0,154.0
1.0,156.0
1.0,158.0
1.0,160.0
1.0,162.0
1.0,164.0
1.0,166.0
1.0,168.0
1.0,170.0
1.0,172.0
1.0,174.0
1.0,176.0
1.0,178.0
2.0,-180.0
2.0,-178.0
2.0,-176.0
2.0,-174.0
2.0,-172.0
2.0,-170.0
2.0,-168.0
2.0,-166.0
2.0,-164.0
2.0,-162.0
2.0,-160.0
2.0,-158.0
2.0,-156.0
2.0,-154.0
2.0,-152.0
2.0,-150.0
2.0,-148.0
2.0,-146.0
2.0,-144.0
2.0,-142.0
2.0,-140.0
2.0,-138.0
2.0,-136.0
2.0,-134.0
2.0,-132.0
2.0,-130.0
2.0,-128.0
2.0,-126.0
2.0,-124.0
2.0,-122.0
2.0,-120.0
2.0,-118.0
2.0,-116.0
2.0,-114.0
2.0,-112.0
2.0,-110.0
2.0,-108.0
2.0,-106.0
2.0,-104.0
2.0,-102.0
2.0,-100.0
2.0,-98.0
2.0,-96.0
2.0,-94.0
2.0,-92.0
2.0,-90.0
2.0,-88.0
2.0,-86.0
2.0,-84.0
2.0,-82.0
2.0,-80.0
2.0,-50.0
2.0,-48.0
2.0,-46.0
2.0,-44.0
2.0,-42.0
2.0,-40.0
2.0,-38.0
2.0,-36.0
2.0,-34.0
2.0,-32.0
2.0,-30.0
2.0,-28.0
2.0,-26.0
2.0,-24.0
2.0,-22.0
2.0,-20.0
2.0,-18.0
2.0,-16.0
2.0,-14.0
2.0,-12.0
2.0,-10.0
2.0,-8.0
2.0,-6.0
2.0,-4.0
2.0,-2.0
2.0,0.0
2.0,2.0
2.0,4.0
2.0,6.0
2.0,8.0
2.0,46.0
2.0,48.0
2.0,50.0
2.0,52.0
2.0,54.0
2.0,56.0
2.0,58.0
2.0,60.0
2.0,62.0
2.0,64.0
2.0,66.0
2.0,68.0
2.0,70.0
2.0,72.0
2.0,74.0
2.0,76.0
2.0,78.0
2.0,80.0
2.0,82.0
2.0,84.0
2.0,86.0
2.0,88.0
2.0,90.0
2.0,92.0
2.0,94.0
2.0,96.0
2.0,98.0
2.0,102.0
2.0,106.0
2.0,108.0
2.0,110.0
2.0,118.0
2.0,120.0
2.0,122.0
2.0,124.0
2.0,126.0
2.0,128.0
2.0,130.0
2.0,132.0
2.0,134.0
2.0,136.0
2.0,138.0
2.0,140.0
2.0,142.0
2.0,144.0
2.0,146.0
2.0,148.0
2.0,150.0
2.0,152.0
2.0,154.0
2.0,156.0
2.0,158.0
2.0,160.0
2.0,162.0
2.0,164.0
2.0,166.0
2.0,168.0
2.0,170.0
2.0,172.0
2.0,174.0
2.0,176.0
2.0,178.0
3.0,-180.0
3.0,-178.0
3.0,-176.0
3.0,-174.0
3.0,-172.0
3.0,-170.0
3.0,-168.0
3.0,-166.0
3.0,-164.0
3.0,-162.0
3.0,-160.0
3.0,-158.0
3.0,-156.0
3.0,-154.0
3.0,-152.0
3.0,-150.0
3.0,-148.0
3.0,-146.0
3.0,-144.0
3.0,-142.0
3.0,-140.0
3.0,-138.0
3.0,-136.0
3.0,-134.0
3.0,-132.0
3.0,-130.0
3.0,-128.0
3.0,-126.0
3.0,-124.0
3.0,-122.0
3.0,-120.0
3.0,-118.0
3.0,-116.0
3.0,-114.0
3.0,-112.0
3.0,-110.0
3.0,-108.0
3.0,-106.0
3.0,-104.0
3.0,-102.0
3.0,-100.0
3.0,-98.0
3.0,-96.0
3.0,-94.0
3.0,-92.0
3.0,-90.0
3.0,-86.0
3.0,-84.0
3.0,-82.0
3.0,-80.0
3.0,-78.0
3.0,-50.0
3.0,-48.0
3.0,-46.0
3.0,-44.0
3.0,-42.0
3.0,-40.0
3.0,-38.0
3.0,-36.0
3.0,-34.0
3.0,-32.0
3.0,-30.0
3.0,-28.0
3.0,-26.0
3.0,-24.0
3.0,-22.0
3.0,-20.0
3.0,-18.0
3.0,-16.0
3.0,-14.0
3.0,-12.0
3.0,-10.0
3.0,-8.0
3.0,-6.0
3.0,-4.0
3.0,-2.0
3.0,0.0
3.0,2.0
3.0,4.0
3.0,6.0
3.0,8.0
3.0,48.0
3.0,50.0
3.0,52.0
3.0,54.0
3.0,56.0
3.0,58.0
3.0,60.0
3.0,62.0
3.0,64.0
3.0,66.0
3.0,68.0
3.0,70.0
3.0,72.0
3.0,74.0
3.0,76.0
3.0,78.0
3.0,80.0
3.0,82.0
3.0,84.0
3.0,86.0
3.0,88.0
3.0,90.0
3.0,92.0
3.0,94.0
3.0,96.0
3.0,100.0
3.0,104.0
3.0,106.0
3.0,108.0
3.0,110.0
3.0,112.0
3.0,118.0
3.0,120.0
3.0,122.0
3.0,124.0
3.0,126.0
3.0,128.0
3.0,130.0
3.0,132.0
3.0,134.0
3.0,136.0
3.0,138.0
3.0,140.0
3.0,142.0
3.0,144.0
3.0,146.0
3.0,148.0
3.0,150.0
3.0,152.0
3.0,154.0
3.0,156.0
3.0,158.0
3.0,160.0
3.0,162.0
3.0,164.0
3.0,166.0
3.0,168.0
3.0,170.0
3.0,172.0
3.0,174.0
3.0,176.0
3.0,178.0
4.0,-180.0
4.0,-178.0
4.0,-176.0
4.0,-174.0
4.0,-172.0
4.0,-170.0
4.0,-168.0
4.0,-166.0
4.0,-164.0
4.0,-162.0
4.0,-160.0
4.0,-158.0
4.0,-156.0
4.0,-154.0
4.0,-152.0
4.0,-150.0
4.0,-148.0
4.0,-146.0
4.0,-144.0
4.0,-142.0
4.0,-140.0
4.0,-138.0
4.0,-136.0
4.0,-134.0
4.0,-132.0
4.0,-130.0
4.0,-128.0
4.0,-126.0
4.0,-124.0
4.0,-122.0
4.0,-120.0
4.0,-118.0
4.0,-116.0
4.0,-114.0
4.0,-112.0
4.0,-110.0
4.0,-108.0
4.0,-106.0
4.0,-104.0
4.0,-102.0
4.0,-100.0
4.0,-98.0
4.0,-96.0
4.0,-94.0
4.0,-90.0
4.0,-86.0
4.0,-84.0
4.0,-82.0
4.0,-80.0
4.0,-78.0
4.0,-50.0
4.0,-48.0
4.0,-46.0
4.0,-44.0
4.0,-42.0
4.0,-40.0
4.0,-38.0
4.0,-36.0
4.0,-34.0
4.0,-32.0
4.0,-30.0
4.0,-28.0
4.0,-26.0
4.0,-24.0
4.0,-22.0
4.0,-20.0
4.0,-18.0
4.0,-16.0
4.0,-14.0
4.0,-12.0
4.0,-10.0
4.0,-8.0
4.0,-6.0
4.0,-4.0
4.0,-2.0
4.0,0.0
4.0,2.0
4.0,4.0
4.0,6.0
4.0,8.0
4.0,48.0
4.0,50.0
4.0,52.0
4.0,54.0
4.0,56.0
4.0,58.0
4.0,60.0
4.0,62.0
4.0,64.0
4.0,66.0
4.0,68.0
4.0,70.0
4.0,72.0
4.0,74.0
4.0,76.0
4.0,78.0
4.0,80.0
4.0,82.0
4.0,84.0
4.0,86.0
4.0,88.0
4.0,90.0
4.0,92.0
4.0,94.0
4.0,96.0
4.0,100.0
4.0,104.0
4.0,106.0
4.0,108.0
4.0,110.0
4.0,112.0
4.0,118.0
4.0,120.0
4.0,122.0
4.0,124.0
4.0,126.0
4.0,128.0
4.0,130.0
4.0,132.0
4.0,134.0
4.0,136.0
4.0,138.0
4.0,140.0
4.0,142.0
4.0,144.0
4.0,146.0
4.0,148.0
4.0,150.0
4.0,152.0
4.0,154.0
4.0,156.0
4.0,158.0
4.0,160.0
4.0,162.0
4.0,164.0
4.0,166.0
4.0,168.0
4.0,170.0
4.0,172.0
4.0,174.0
4.0,176.0
4.0,178.0
5.0,-180.0
5.0,-178.0
5.0,-176.0
5.0,-174.0
5.0,-172.0
5.0,-170.0
5.0,-168.0
5.0,-166.0
5.0,-164.0
5.0,-162.0
5.0,-160.0
5.0,-158.0
5.0,-156.0
5.0,-154.0
5.0,-152.0
5.0,-150.0
5.0,-148.0
5.0,-146.0
5.0,-144.0
5.0,-142.0
5.0,-140.0
5.0,-138.0
5.0,-136.0
5.0,-134.0
5.0,-132.0
5.0,-130.0
5.0,-128.0
5.0,-126.0
5.0,-124.0
5.0,-122.0
5.0,-120.0
5.0,-118.0
5.0,-116.0
5.0,-114.0
5.0,-112.0
5.0,-110.0
5.0,-108.0
5.0,-106.0
5.0,-104.0
5.0,-102.0
5.0,-100.0
5.0,-98.0
5.0,-96.0
5.0,-94.0
5.0,-86.0
5.0,-84.0
5.0,-80.0
5.0,-78.0
5.0,-52.0
5.0,-50.0
5.0,-48.0
5.0,-46.0
5.0,-44.0
5.0,-42.0
5.0,-40.0
5.0,-38.0
5.0,-36.0
5.0,-34.0
5.0,-32.0
5.0,-30.0
5.0,-28.0
5.0,-26.0
5.0,-24.0
5.0,-22.0
5.0,-20.0
5.0,-18.0
5.0,-16.0
5.0,-14.0
5.0,-12.0
5.0,-10.0
5.0,-4.0
5.0,0.0
5.0,2.0
5.0,4.0
5.0,50.0
5.0,52.0
5.0,54.0
5.0,56.0
5.0,58.0
5.0,60.0
5.0,62.0
5.0,64.0
5.0,66.0
5.0,68.0
5.0,70.0
5.0,72.0
5.0,74.0
5.0,76.0
5.0,78.0
5.0,80.0
5.0,82.0
5.0,84.0
5.0,86.0
5.0,88.0
5.0,90.0
5.0,92.0
5.0,94.0
5.0,98.0
5.0,100.0
5.0,106.0
5.0,108.0
5.0,110.0
5.0,112.0
5.0,114.0
5.0,120.0
5.0,122.0
5.0,124.0
5.0,126.0
5.0,128.0
5.0,130.0
5.0,132.0
5.0,134.0
5.0,136.0
5.0,138.0
5.0,140.0
5.0,142.0
5.0,144.0
5.0,146.0
5.0,148.0
5.0,150.0
5.0,152.0
5.0,154.0
5.0,156.0
5.0,158.0
5.0,160.0
5.0,162.0
5.0,164.0
5.0,166.0
5.0,168.0
5.0,170.0
5.0,172.0
5.0,174.0
5.0,176.0
5.0,178.0
6.0,-180.0
6.0,-178.0
6.0,-176.0
6.0,-174.0
6.0,-172.0
6.0,-170.0
6.0,-168.0
6.0,-166.0
6.0,-164.0
6.0,-162.0
6.0,-160.0
6.0,-158.0
6.0,-156.0
6.0,-154.0
6.0,-152.0
6.0,-150.0
6.0,-148.0
6.0,-146.0
6.0,-144.0
6.0,-142.0
6.0,-140.0
6.0,-138.0
6.0,-136.0
6.0,-134.0
6.0,-132.0
6.0,-130.0
6.0,-128.0
6.0,-126.0
6.0,-124.0
6.0,-122.0
6.0,-120.0
6.0,-118.0
6.0,-116.0
6.0,-114.0
6.0,-112.0
6.0,-110.0
6.0,-108.0
6.0,-106.0
6.0,-104.0
6.0,-102.0
6.0,-100.0
6.0,-98.0
6.0,-96.0
6.0,-94.0
6.0,-86.0
6.0,-80.0
6.0,-78.0
6.0,-56.0
6.0,-54.0
6.0,-52.0
6.0,-50.0
6.0,-48.0
6.0,-46.0
6.0,-44.0
6.0,-42.0
6.0,-40.0
6.0,-38.0
6.0,-36.0
6.0,-34.0
6.0,-32.0
6.0,-30.0
6.0,-28.0
6.0,-26.0
6.0,-24.0
6.0,-22.0
6.0,-20.0
6.0,-18.0
6.0,-16.0
6.0,-14.0
6.0,-12.0
6.0,2.0
6.0,4.0
6.0,50.0
6.0,52.0
6.0,54.0
6.0,56.0
6.0,58.0
6.0,60.0
6.0,62.0
6.0,64.0
6.0,66.0
6.0,68.0
6.0,70.0
6.0,72.0
6.0,74.0
6.0,76.0
6.0,78.0
6.0,80.0
6.0,82.0
6.0,84.0
6.0,86.0
6.0,88.0
6.0,90.0
6.0,92.0
6.0,94.0
6.0,96.0
6.0,98.0
6.0,100.0
6.0,106.0
6.0,108.0
6.0,110.0
6.0,112.0
6.0,114.0
6.0,116.0
6.0,118.0
6.0,120.0
6.0,122.0
6.0,124.0
6.0,126.0
6.0,128.0
6.0,130.0
6.0,132.0
6.0,134.0
6.0,136.0
6.0,138.0
6.0,140.0
6.0,142.0
6.0,144.0
6.0,146.0
6.0,148.0
6.0,150.0
6.0,152.0
6.0,154.0
6.0,156.0
6.0,158.0
6.0,160.0
6.0,162.0
6.0,164.0
6.0,166.0
6.0,168.0
6.0,170.0
6.0,172.0
6.0,174.0
6.0,176.0
6.0,178.0
7.0,-180.0
7.0,-178.0
7.0,-176.0
7.0,-174.0
7.0,-172.0
7.0,-170.0
7.0,-168.0
7.0,-166.0
7.0,-164.0
7.0,-162.0
7.0,-160.0
7.0,-158.0
7.0,-156.0
7.0,-154.0
7.0,-152.0
7.0,-150.0
7.0,-148.0
7.0,-146.0
7.0,-144.0
7.0,-142.0
7.0,-140.0
7.0,-138.0
7.0,-136.0
7.0,-134.0
7.0,-132.0
7.0,-130.0
7.0,-128.0
7.0,-126.0
7.0,-124.0
7.0,-122.0
7.0,-120.0
7.0,-118.0
7.0,-116.0
7.0,-114.0
7.0,-112.0
7.0,-110.0
7.0,-108.0
7.0,-106.0
7.0,-104.0
7.0,-102.0
7.0,-100.0
7.0,-98.0
7.0,-96.0
7.0,-94.0
7.0,-80.0
7.0,-58.0
7.0,-56.0
7.0,-54.0
7.0,-52.0
7.0,-50.0
7.0,-48.0
7.0,-46.0
7.0,-44.0
7.0,-42.0
7.0,-40.0
7.0,-38.0
7.0,-36.0
7.0,-34.0
7.0,-32.0
7.0,-30.0
7.0,-28.0
7.0,-26.0
7.0,-24.0
7.0,-22.0
7.0,-20.0
7.0,-18.0
7.0,-16.0
7.0,-14.0
7.0,-12.0
7.0,50.0
7.0,52.0
7.0,54.0
7.0,56.0
7.0,58.0
7.0,60.0
7.0,62.0
7.0,64.0
7.0,66.0
7.0,68.0
7.0,70.0
7.0,72.0
7.0,74.0
7.0,76.0
7.0,78.0
7.0,82.0
7.0,84.0
7.0,86.0
7.0,88.0
7.0,90.0
7.0,92.0
7.0,94.0
7.0,96.0
7.0,98.0
7.0,106.0
7.0,108.0
7.0,110.0
7.0,112.0
7.0,114.0
7.0,116.0
7.0,118.0
7.0,120.0
7.0,122.0
7.0,124.0
7.0,128.0
7.0,130.0
7.0,132.0
7.0,134.0
7.0,136.0
7.0,138.0
7.0,140.0
7.0,142.0
7.0,144.0
7.0,146.0
7.0,148.0
7.0,150.0
7.0,152.0
7.0,154.0
7.0,156.0
7.0,158.0
7.0,160.0
7.0,162.0
7.0,164.0
7.0,166.0
7.0,168.0
7.0,170.0
7.0,172.0
7.0,174.0
7.0,176.0
7.0,178.0
8.0,-180.0
8.0,-178.0
8.0,-176.0
8.0,-174.0
8.0,-172.0
8.0,-170.0
8.0,-168.0
8.0,-166.0
8.0,-164.0
8.0,-162.0
8.0,-160.0
8.0,-158.0
8.0,-156.0
8.0,-154.0
8.0,-152.0
8.0,-150.0
8.0,-148.0
8.0,-146.0
8.0,-144.0
8.0,-142.0
8.0,-140.0
8.0,-138.0
8.0,-136.0
8.0,-134.0
8.0,-132.0
8.0,-130.0
8.0,-128.0
8.0,-126.0
8.0,-124.0
8.0,-122.0
8.0,-120.0
8.0,-118.0
8.0,-116.0
8.0,-114.0
8.0,-112.0
8.0,-110.0
8.0,-108.0
8.0,-106.0
8.0,-104.0
8.0,-102.0
8.0,-100.0
8.0,-98.0
8.0,-96.0
8.0,-94.0
8.0,-80.0
8.0,-58.0
8.0,-56.0
8.0,-54.0
8.0,-52.0
8.0,-50.0
8.0,-48.0
8.0,-46.0
8.0,-44.0
8.0,-42.0
8.0,-40.0
8.0,-38.0
8.0,-36.0
8.0,-34.0
8.0,-32.0
8.0,-30.0
8.0,-28.0
8.0,-26.0
8.0,-24.0
8.0,-22.0
8.0,-20.0
8.0,-18.0
8.0,-16.0
8.0,-14.0
8.0,52.0
8.0,54.0
8.0,56.0
8.0,58.0
8.0,60.0
8.0,62.0
8.0,64.0
8.0,66.0
8.0,68.0
8.0,70.0
8.0,72.0
8.0,74.0
8.0,76.0
8.0,78.0
8.0,82.0
8.0,84.0
8.0,86.0
8.0,88.0
8.0,90.0
8.0,92.0
8.0,94.0
8.0,96.0
8.0,98.0
8.0,104.0
8.0,106.0
8.0,108.0
8.0,110.0
8.0,112.0
8.0,114.0
8.0,116.0
8.0,118.0
8.0,120.0
8.0,122.0
8.0,128.0
8.0,130.0
8.0,132.0
8.0,134.0
8.0,136.0
8.0,138.0
8.0,140.0
8.0,142.0
8.0,144.0
8.0,146.0
8.0,148.0
8.0,150.0
8.0,152.0
8.0,154.0
8.0,156.0
8.0,158.0
8.0,160.0
8.0,162.0
8.0,164.0
8.0,166.0
8.0,168.0
8.0,170.0
8.0,172.0
8.0,174.0
8.0,176.0
8.0,178.0
9.0,-180.0
9.0,-178.0
9.0,-176.0
9.0,-174.0
9.0,-172.0
9.0,-170.0
9.0,-168.0
9.0,-166.0
9.0,-164.0
9.0,-162.0
9.0,-160.0
9.0,-158.0
9.0,-156.0
9.0,-154.0
9.0,-152.0
9.0,-150.0
9.0,-148.0
9.0,-146.0
9.0,-144.0
9.0,-142.0
9.0,-140.0
9.0,-138.0
9.0,-136.0
9.0,-134.0
9.0,-132.0
9.0,-130.0
9.0,-128.0
9.0,-126.0
9.0,-124.0
9.0,-122.0
9.0,-120.0
9.0,-118.0
9.0,-116.0
9.0,-114.0
9.0,-112.0
9.0,-110.0
9.0,-108.0
9.0,-106.0
9.0,-104.0
9.0,-102.0
9.0,-100.0
9.0,-98.0
9.0,-96.0
9.0,-94.0
9.0,-60.0
9.0,-58.0
9.0,-56.0
9.0,-54.0
9.0,-52.0
9.0,-50.0
9.0,-48.0
9.0,-46.0
9.0,-44.0
9.0,-42.0
9.0,-40.0
9.0,-38.0
9.0,-36.0
9.0,-34.0
9.0,-32.0
9.0,-30.0
9.0,-28.0
9.0,-26.0
9.0,-24.0
9.0,-22.0
9.0,-20.0
9.0,-18.0
9.0,-16.0
9.0,-14.0
9.0,52.0
9.0,54.0
9.0,56.0
9.0,58.0
9.0,60.0
9.0,62.0
9.0,64.0
9.0,66.0
9.0,68.0
9.0,70.0
9.0,72.0
9.0,74.0
9.0,76.0
9.0,82.0
9.0,84.0
9.0,86.0
9.0,88.0
9.0,90.0
9.0,92.0
9.0,94.0
9.0,96.0
9.0,98.0
9.0,104.0
9.0,106.0
9.0,108.0
9.0,110.0
9.0,112.0
9.0,114.0
9.0,116.0
9.0,120.0
9.0,122.0
9.0,124.0
9.0,128.0
9.0,130.0
9.0,132.0
9.0,134.0
9.0,136.0
9.0,138.0
9.0,140.0
9.0,142.0
9.0,144.0
9.0,146.0
9.0,148.0
9.0,150.0
9.0,152.0
9.0,154.0
9.0,156.0
9.0,158.0
9.0,160.0
9.0,162.0
9.0,164.0
9.0,166.0
9.0,168.0
9.0,170.0
9.0,172.0
9.0,174.0
9.0,176.0
9.0,178.0
10.0,-180.0
10.0,-178.0
10.0,-176.0
10.0,-174.0
10.0,-172.0
10.0,-170.0
10.0,-168.0
10.0,-166.0
10.0,-164.0
10.0,-162.0
10.0,-160.0
10.0,-158.0
10.0,-156.0
10.0,-154.0
10.0,-152.0
10.0,-150.0
10.0,-148.0
10.0,-146.0
10.0,-144.0
10.0,-142.0
10.0,-140.0
10.0,-138.0
10.0,-136.0
10.0,-134.0
10.0,-132.0
10.0,-130.0
10.0,-128.0
10.0,-126.0
10.0,-124.0
10.0,-122.0
10.0,-120.0
10.0,-118.0
10.0,-116.0
10.0,-114.0
10.0,-112.0
10.0,-110.0
10.0,-108.0
10.0,-106.0
10.0,-104.0
10.0,-100.0
10.0,-98.0
10.0,-96.0
10.0,-94.0
10.0,-80.0
10.0,-76.0
10.0,-62.0
10.0,-60.0
10.0,-58.0
10.0,-56.0
10.0,-54.0
10.0,-52.0
10.0,-50.0
10.0,-48.0
10.0,-46.0
10.0,-44.0
10.0,-42.0
10.0,-30.0
10.0,-28.0
10.0,-26.0
10.0,-24.0
10.0,-22.0
10.0,-20.0
10.0,-18.0
10.0,-16.0
10.0,52.0
10.0,54.0
10.0,56.0
10.0,58.0
10.0,60.0
10.0,62.0
10.0,64.0
10.0,66.0
10.0,68.0
10.0,70.0
10.0,72.0
10.0,74.0
10.0,76.0
10.0,80.0
10.0,82.0
10.0,84.0
10.0,86.0
10.0,88.0
10.0,90.0
10.0,92.0
10.0,94.0
10.0,96.0
10.0,104.0
10.0,108.0
10.0,110.0
10.0,112.0
10.0,114.0
10.0,116.0
10.0,118.0
10.0,120.0
10.0,122.0
10.0,124.0
10.0,126.0
10.0,128.0
10.0,130.0
10.0,132.0
10.0,134.0
10.0,136.0
10.0,138.0
10.0,140.0
10.0,142.0
10.0,144.0
10.0,146.0
10.0,148.0
10.0,150.0
10.0,152.0
10.0,154.0
10.0,156.0
10.0,158.0
10.0,160.0
10.0,162.0
10.0,164.0
10.0,166.0
10.0,168.0
10.0,170.0
10.0,172.0
10.0,174.0
10.0,176.0
10.0,178.0
11.0,-180.0
11.0,-178.0
11.0,-176.0
11.0,-174.0
11.0,-172.0
11.0,-170.0
11.0,-168.0
11.0,-166.0
11.0,-164.0
11.0,-162.0
11.0,-160.0
11.0,-158.0
11.0,-156.0
11.0,-154.0
11.0,-152.0
11.0,-150.0
11.0,-148.0
11.0,-146.0
11.0,-144.0
11.0,-142.0
11.0,-140.0
11.0,-138.0
11.0,-136.0
11.0,-134.0
11.0,-132.0
11.0,-130.0
11.0,-128.0
11.0,-126.0
11.0,-124.0
11.0,-122.0
11.0,-120.0
11.0,-118.0
11.0,-116.0
11.0,-114.0
11.0,-112.0
11.0,-110.0
11.0,-108.0
11.0,-106.0
11.0,-104.0
11.0,-98.0
11.0,-96.0
11.0,-94.0
11.0,-80.0
11.0,-76.0
11.0,-68.0
11.0,-66.0
11.0,-64.0
11.0,-62.0
11.0,-60.0
11.0,-58.0
11.0,-56.0
11.0,-54.0
11.0,-52.0
11.0,-50.0
11.0,-48.0
11.0,-46.0
11.0,-36.0
11.0,-34.0
11.0,-32.0
11.0,-30.0
11.0,-28.0
11.0,-26.0
11.0,-24.0
11.0,-22.0
11.0,-20.0
11.0,-18.0
11.0,-16.0
11.0,44.0
11.0,46.0
11.0,52.0
11.0,54.0
11.0,56.0
11.0,58.0
11.0,60.0
11.0,62.0
11.0,64.0
11.0,66.0
11.0,68.0
11.0,70.0
11.0,72.0
11.0,74.0
11.0,80.0
11.0,82.0
11.0,84.0
11.0,86.0
11.0,88.0
11.0,90.0
11.0,92.0
11.0,94.0
11.0,96.0
11.0,110.0
11.0,112.0
11.0,114.0
11.0,116.0
11.0,118.0
11.0,120.0
11.0,126.0
11.0,128.0
11.0,130.0
11.0,132.0
11.0,134.0
11.0,136.0
11.0,138.0
11.0,140.0
11.0,142.0
11.0,144.0
11.0,146.0
11.0,148.0
11.0,150.0
11.0,152.0
11.0,154.0
11.0,156.0
11.0,158.0
11.0,160.0
11.0,162.0
11.0,164.0
11.0,166.0
11.0,168.0
11.0,170.0
11.0,172.0
11.0,174.0
11.0,176.0
11.0,178.0
12.0,-180.0
12.0,-178.0
12.0,-176.0
12.0,-174.0
12.0,-172.0
12.0,-170.0
12.0,-168.0
12.0,-166.0
12.0,-164.0
12.0,-162.0
12.0,-160.0
12.0,-158.0
12.0,-156.0
12.0,-154.0
12.0,-152.0
12.0,-150.0
12.0,-148.0
12.0,-146.0
12.0,-144.0
12.0,-142.0
12.0,-140.0
12.0,-138.0
12.0,-136.0
12.0,-134.0
12.0,-132.0
12.0,-130.0
12.0,-128.0
12.0,-126.0
12.0,-124.0
12.0,-122.0
12.0,-120.0
12.0,-118.0
12.0,-116.0
12.0,-114.0
12.0,-112.0
12.0,-110.0
12.0,-108.0
12.0,-106.0
12.0,-104.0
12.0,-98.0
12.0,-96.0
12.0,-94.0
12.0,-80.0
12.0,-76.0
12.0,-74.0
12.0,-68.0
12.0,-66.0
12.0,-64.0
12.0,-62.0
12.0,-60.0
12.0,-58.0
12.0,-56.0
12.0,-54.0
12.0,-52.0
12.0,-50.0
12.0,-48.0
12.0,-46.0
12.0,-44.0
12.0,-42.0
12.0,-40.0
12.0,-38.0
12.0,-36.0
12.0,-34.0
12.0,-32.0
12.0,-30.0
12.0,-28.0
12.0,-26.0
12.0,-24.0
12.0,-22.0
12.0,-20.0
12.0,-18.0
12.0,44.0
12.0,46.0
12.0,48.0
12.0,50.0
12.0,52.0
12.0,54.0
12.0,56.0
12.0,58.0
12.0,60.0
12.0,62.0
12.0,64.0
12.0,66.0
12.0,68.0
12.0,70.0
12.0,72.0
12.0,74.0
12.0,80.0
12.0,82.0
12.0,84.0
12.0,86.0
12.0,88.0
12.0,90.0
12.0,92.0
12.0,94.0
12.0,96.0
12.0,102.0
12.0,110.0
12.0,112.0
12.0,114.0
12.0,116.0
12.0,118.0
12.0,120.0
12.0,122.0
12.0,124.0
12.0,126.0
12.0,128.0
12.0,130.0
12.0,132.0
12.0,134.0
12.0,136.0
12.0,138.0
12.0,140.0
12.0,142.0
12.0,144.0
12.0,146.0
12.0,148.0
12.0,150.0
12.0,152.0
12.0,154.0
12.0,156.0
12.0,158.0
12.0,160.0
12.0,162.0
12.0,164.0
12.0,166.0
12.0,168.0
12.0,170.0
12.0,172.0
12.0,174.0
12.0,176.0
12.0,178.0
13.0,-180.0
13.0,-178.0
13.0,-176.0
13.0,-174.0
13.0,-172.0
13.0,-170.0
13.0,-168.0
13.0,-166.0
13.0,-164.0
13.0,-162.0
13.0,-160.0
13.0,-158.0
13.0,-156.0
13.0,-154.0
13.0,-152.0
13.0,-150.0
13.0,-148.0
13.0,-146.0
13.0,-144.0
13.0,-142.0
13.0,-140.0
13.0,-138.0
13.0,-136.0
13.0,-134.0
13.0,-132.0
13.0,-130.0
13.0,-128.0
13.0,-126.0
13.0,-124.0
13.0,-122.0
13.0,-120.0
13.0,-118.0
13.0,-116.0
13.0,-114.0
13.0,-112.0
13.0,-110.0
13.0,-108.0
13.0,-106.0
13.0,-104.0
13.0,-98.0
13.0,-96.0
13.0,-94.0
13.0,-76.0
13.0,-74.0
13.0,-72.0
13.0,-70.0
13.0,-68.0
13.0,-66.0
13.0,-64.0
13.0,-62.0
13.0,-60.0
13.0,-58.0
13.0,-56.0
13.0,-54.0
13.0,-52.0
13.0,-50.0
13.0,-48.0
13.0,-46.0
13.0,-44.0
13.0,-42.0
13.0,-40.0
13.0,-38.0
13.0,-36.0
13.0,-34.0
13.0,-32.0
13.0,-30.0
13.0,-28.0
13.0,-26.0
13.0,-24.0
13.0,-22.0
13.0,-20.0
13.0,-18.0
13.0,46.0
13.0,48.0
13.0,50.0
13.0,52.0
13.0,54.0
13.0,56.0
13.0,58.0
13.0,60.0
13.0,62.0
13.0,64.0
13.0,66.0
13.0,68.0
13.0,70.0
13.0,72.0
13.0,74.0
13.0,82.0
13.0,84.0
13.0,86.0
13.0,88.0
13.0,90.0
13.0,92.0
13.0,94.0
13.0,96.0
13.0,110.0
13.0,112.0
13.0,114.0
13.0,116.0
13.0,118.0
13.0,120.0
13.0,122.0
13.0,126.0
13.0,128.0
13.0,130.0
13.0,132.0
13.0,134.0
13.0,136.0
13.0,138.0
13.0,140.0
13.0,142.0
13.0,144.0
13.0,146.0
13.0,148.0
13.0,150.0
13.0,152.0
13.0,154.0
13.0,156.0
13.0,158.0
13.0,160.0
13.0,162.0
13.0,164.0
13.0,166.0
13.0,168.0
13.0,170.0
13.0,172.0
13.0,174.0
13.0,176.0
13.0,178.0
14.0,-180.0
14.0,-178.0
14.0,-176.0
14.0,-174.0
14.0,-172.0
14.0,-170.0
14.0,-168.0
14.0,-166.0
14.0,-164.0
14.0,-162.0
14.0,-160.0
14.0,-158.0
14.0,-156.0
14.0,-154.0
14.0,-152.0
14.0,-150.0
14.0,-148.0
14.0,-146.0
14.0,-144.0
14.0,-142.0
14.0,-140.0
14.0,-138.0
14.0,-136.0
14.0,-134.0
14.0,-132.0
14.0,-130.0
14.0,-128.0
14.0,-126.0
14.0,-124.0
14.0,-122.0
14.0,-120.0
14.0,-118.0
14.0,-116.0
14.0,-114.0
14.0,-112.0
14.0,-110.0
14.0,-108.0
14.0,-106.0
14.0,-104.0
14.0,-98.0
14.0,-96.0
14.0,-94.0
14.0,-92.0
14.0,-76.0
14.0,-74.0
14.0,-72.0
14.0,-70.0
14.0,-68.0
14.0,-66.0
14.0,-64.0
14.0,-62.0
14.0,-60.0
14.0,-58.0
14.0,-56.0
14.0,-54.0
14.0,-52.0
14.0,-50.0
14.0,-48.0
14.0,-46.0
14.0,-44.0
14.0,-42.0
14.0,-40.0
14.0,-38.0
14.0,-36.0
14.0,-34.0
14.0,-32.0
14.0,-30.0
14.0,-28.0
14.0,-26.0
14.0,-24.0
14.0,-22.0
14.0,-20.0
14.0,-18.0
14.0,42.0
14.0,50.0
14.0,52.0
14.0,54.0
14.0,56.0
14.0,58.0
14.0,60.0
14.0,62.0
14.0,64.0
14.0,66.0
14.0,68.0
14.0,70.0
14.0,72.0
14.0,74.0
14.0,82.0
14.0,84.0
14.0,86.0
14.0,88.0
14.0,90.0
14.0,92.0
14.0,94.0
14.0,96.0
14.0,110.0
14.0,112.0
14.0,114.0
14.0,116.0
14.0,118.0
14.0,120.0
14.0,124.0
14.0,126.0
14.0,128.0
14.0,130.0
14.0,132.0
14.0,134.0
14.0,136.0
14.0,138.0
14.0,140.0
14.0,142.0
14.0,144.0
14.0,146.0
14.0,148.0
14.0,150.0
14.0,152.0
14.0,154.0
14.0,156.0
14.0,158.0
14.0,160.0
14.0,162.0
14.0,164.0
14.0,166.0
14.0,168.0
14.0,170.0
14.0,172.0
14.0,174.0
14.0,176.0
14.0,178.0
15.0,-180.0
15.0,-178.0
15.0,-176.0
15.0,-174.0
15.0,-172.0
15.0,-170.0
15.0,-168.0
15.0,-166.0
15.0,-164.0
15.0,-162.0
15.0,-160.0
15.0,-158.0
15.0,-156.0
15.0,-154.0
15.0,-152.0
15.0,-150.0
15.0,-148.0
15.0,-146.0
15.0,-144.0
15.0,-142.0
15.0,-140.0
15.0,-138.0
15.0,-136.0
15.0,-134.0
15.0,-132.0
15.0,-130.0
15.0,-128.0
15.0,-126.0
15.0,-124.0
15.0,-122.0
15.0,-120.0
15.0,-118.0
15.0,-116.0
15.0,-114.0
15.0,-112.0
15.0,-110.0
15.0,-108.0
15.0,-106.0
15.0,-104.0
15.0,-98.0
15.0,-96.0
15.0,-94.0
15.0,-76.0
15.0,-74.0
15.0,-72.0
15.0,-70.0
15.0,-68.0
15.0,-66.0
15.0,-64.0
15.0,-62.0
15.0,-60.0
15.0,-58.0
15.0,-56.0
15.0,-54.0
15.0,-52.0
15.0,-50.0
15.0,-48.0
15.0,-46.0
15.0,-44.0
15.0,-42.0
15.0,-40.0
15.0,-38.0
15.0,-36.0
15.0,-34.0
15.0,-32.0
15.0,-30.0
15.0,-28.0
15.0,-26.0
15.0,-24.0
15.0,-22.0
15.0,-20.0
15.0,-18.0
15.0,42.0
15.0,52.0
15.0,54.0
15.0,56.0
15.0,58.0
15.0,60.0
15.0,62.0
15.0,64.0
15.0,66.0
15.0,68.0
15.0,70.0
15.0,72.0
15.0,74.0
15.0,82.0
15.0,84.0
15.0,86.0
15.0,88.0
15.0,90.0
15.0,92.0
15.0,94.0
15.0,96.0
15.0,110.0
15.0,112.0
15.0,114.0
15.0,116.0
15.0,118.0
15.0,120.0
15.0,122.0
15.0,124.0
15.0,126.0
15.0,128.0
15.0,130.0
15.0,132.0
15.0,134.0
15.0,136.0
15.0,138.0
15.0,140.0
15.0,142.0
15.0,144.0
15.0,146.0
15.0,148.0
15.0,150.0
15.0,152.0
15.0,154.0
15.0,156.0
15.0,158.0
15.0,160.0
15.0,162.0
15.0,164.0
15.0,166.0
15.0,168.0
15.0,170.0
15.0,172.0
15.0,174.0
15.0,176.0
15.0,178.0
16.0,-180.0
16.0,-178.0
16.0,-176.0
16.0,-174.0
16.0,-172.0
16.0,-170.0
16.0,-168.0
16.0,-166.0
16.0,-164.0
16.0,-162.0
16.0,-160.0
16.0,-158.0
16.0,-156.0
16.0,-154.0
16.0,-152.0
16.0,-150.0
16.0,-148.0
16.0,-146.0
16.0,-144.0
16.0,-142.0
16.0,-140.0
16.0,-138.0
16.0,-136.0
16.0,-134.0
16.0,-132.0
16.0,-130.0
16.0,-128.0
16.0,-126.0
16.0,-124.0
16.0,-122.0
16.0,-120.0
16.0,-118.0
16.0,-116.0
16.0,-114.0
16.0,-112.0
16.0,-110.0
16.0,-108.0
16.0,-106.0
16.0,-104.0
16.0,-98.0
16.0,-84.0
16.0,-76.0
16.0,-74.0
16.0,-72.0
16.0,-70.0
16.0,-68.0
16.0,-66.0
16.0,-64.0
16.0,-62.0
16.0,-60.0
16.0,-58.0
16.0,-56.0
16.0,-54.0
16.0,-52.0
16.0,-50.0
16.0,-48.0
16.0,-46.0
16.0,-44.0
16.0,-42.0
16.0,-40.0
16.0,-38.0
16.0,-36.0
16.0,-34.0
16.0,-32.0
16.0,-30.0
16.0,-28.0
16.0,-26.0
16.0,-24.0
16.0,-22.0
16.0,-20.0
16.0,-18.0
16.0,40.0
16.0,42.0
16.0,54.0
16.0,56.0
16.0,58.0
16.0,60.0
16.0,62.0
16.0,64.0
16.0,66.0
16.0,68.0
16.0,70.0
16.0,72.0
16.0,82.0
16.0,84.0
16.0,86.0
16.0,88.0
16.0,90.0
16.0,92.0
16.0,94.0
16.0,110.0
16.0,112.0
16.0,114.0
16.0,116.0
16.0,118.0
16.0,122.0
16.0,124.0
16.0,126.0
16.0,128.0
16.0,130.0
16.0,132.0
16.0,134.0
16.0,136.0
16.0,138.0
16.0,140.0
16.0,142.0
16.0,144.0
16.0,146.0
16.0,148.0
16.0,150.0
16.0,152.0
16.0,154.0
16.0,156.0
16.0,158.0
16.0,160.0
16.0,162.0
16.0,164.0
16.0,166.0
16.0,168.0
16.0,170.0
16.0,172.0
16.0,174.0
16.0,176.0
16.0,178.0
17.0,-180.0
17.0,-178.0
17.0,-176.0
17.0,-174.0
17.0,-172.0
17.0,-170.0
17.0,-168.0
17.0,-166.0
17.0,-164.0
17.0,-162.0
17.0,-160.0
17.0,-158.0
17.0,-156.0
17.0,-154.0
17.0,-152.0
17.0,-150.0
17.0,-148.0
17.0,-146.0
17.0,-144.0
17.0,-142.0
17.0,-140.0
17.0,-138.0
17.0,-136.0
17.0,-134.0
17.0,-132.0
17.0,-130.0
17.0,-128.0
17.0,-126.0
17.0,-124.0
17.0,-122.0
17.0,-120.0
17.0,-118.0
17.0,-116.0
17.0,-114.0
17.0,-112.0
17.0,-110.0
17.0,-108.0
17.0,-106.0
17.0,-104.0
17.0,-86.0
17.0,-84.0
17.0,-76.0
17.0,-74.0
17.0,-72.0
17.0,-70.0
17.0,-68.0
17.0,-66.0
17.0,-64.0
17.0,-62.0
17.0,-60.0
17.0,-58.0
17.0,-56.0
17.0,-54.0
17.0,-52.0
17.0,-50.0
17.0,-48.0
17.0,-46.0
17.0,-44.0
17.0,-42.0
17.0,-40.0
17.0,-38.0
17.0,-36.0
17.0,-34.0
17.0,-32.0
17.0,-30.0
17.0,-28.0
17.0,-26.0
17.0,-24.0
17.0,-22.0
17.0,-20.0
17.0,-18.0
17.0,40.0
17.0,42.0
17.0,56.0
17.0,58.0
17.0,60.0
17.0,62.0
17.0,64.0
17.0,66.0
17.0,68.0
17.0,70.0
17.0,72.0
17.0,84.0
17.0,86.0
17.0,88.0
17.0,90.0
17.0,92.0
17.0,94.0
17.0,108.0
17.0,110.0
17.0,112.0
17.0,114.0
17.0,116.0
17.0,118.0
17.0,120.0
17.0,124.0
17.0,126.0
17.0,128.0
17.0,130.0
17.0,132.0
17.0,134.0
17.0,136.0
17.0,138.0
17.0,140.0
17.0,142.0
17.0,144.0
17.0,146.0
17.0,148.0
17.0,150.0
17.0,152.0
17.0,154.0
17.0,156.0
17.0,158.0
17.0,160.0
17.0,162.0
17.0,164.0
17.0,166.0
17.0,168.0
17.0,170.0
17.0,172.0
17.0,174.0
17.0,176.0
17.0,178.0
18.0,-180.0
18.0,-178.0
18.0,-176.0
18.0,-174.0
18.0,-172.0
18.0,-170.0
18.0,-168.0
18.0,-166.0
18.0,-164.0
18.0,-162.0
18.0,-160.0
18.0,-158.0
18.0,-156.0
18.0,-154.0
18.0,-152.0
18.0,-150.0
18.0,-148.0
18.0,-146.0
18.0,-144.0
18.0,-142.0
18.0,-140.0
18.0,-138.0
18.0,-136.0
18.0,-134.0
18.0,-132.0
18.0,-130.0
18.0,-128.0
18.0,-126.0
18.0,-124.0
18.0,-122.0
18.0,-120.0
18.0,-118.0
18.0,-116.0
18.0,-114.0
18.0,-112.0
18.0,-110.0
18.0,-108.0
18.0,-106.0
18.0,-104.0
18.0,-86.0
18.0,-84.0
18.0,-76.0
18.0,-74.0
18.0,-72.0
18.0,-70.0
18.0,-68.0
18.0,-64.0
18.0,-62.0
18.0,-60.0
18.0,-58.0
18.0,-56.0
18.0,-54.0
18.0,-52.0
18.0,-50.0
18.0,-48.0
18.0,-46.0
18.0,-44.0
18.0,-42.0
18.0,-40.0
18.0,-38.0
18.0,-36.0
18.0,-34.0
18.0,-32.0
18.0,-30.0
18.0,-28.0
18.0,-26.0
18.0,-24.0
18.0,-22.0
18.0,-20.0
18.0,-18.0
18.0,40.0
18.0,58.0
18.0,60.0
18.0,62.0
18.0,64.0
18.0,66.0
18.0,68.0
18.0,70.0
18.0,72.0
18.0,84.0
18.0,86.0
18.0,88.0
18.0,90.0
18.0,92.0
18.0,94.0
18.0,108.0
18.0,110.0
18.0,112.0
18.0,114.0
18.0,116.0
18.0,118.0
18.0,120.0
18.0,124.0
18.0,126.0
18.0,128.0
18.0,130.0
18.0,132.0
18.0,134.0
18.0,136.0
18.0,138.0
18.0,140.0
18.0,142.0
18.0,144.0
18.0,146.0
18.0,148.0
18.0,150.0
18.0,152.0
18.0,154.0
18.0,156.0
18.0,158.0
18.0,160.0
18.0,162.0
18.0,164.0
18.0,166.0
18.0,168.0
18.0,170.0
18.0,172.0
18.0,174.0
18.0,176.0
18.0,178.0
19.0,-180.0
19.0,-178.0
19.0,-176.0
19.0,-174.0
19.0,-172.0
19.0,-170.0
19.0,-168.0
19.0,-166.0
19.0,-164.0
19.0,-162.0
19.0,-160.0
19.0,-158.0
19.0,-156.0
19.0,-154.0
19.0,-152.0
19.0,-150.0
19.0,-148.0
19.0,-146.0
19.0,-144.0
19.0,-142.0
19.0,-140.0
19.0,-138.0
19.0,-136.0
19.0,-134.0
19.0,-132.0
19.0,-130.0
19.0,-128.0
19.0,-126.0
19.0,-124.0
19.0,-122.0
19.0,-120.0
19.0,-118.0
19.0,-116.0
19.0,-114.0
19.0,-112.0
19.0,-110.0
19.0,-108.0
19.0,-106.0
19.0,-92.0
19.0,-86.0
19.0,-84.0
19.0,-76.0
19.0,-74.0
19.0,-68.0
19.0,-66.0
19.0,-64.0
19.0,-62.0
19.0,-60.0
19.0,-58.0
19.0,-56.0
19.0,-54.0
19.0,-52.0
19.0,-50.0
19.0,-48.0
19.0,-46.0
19.0,-44.0
19.0,-42.0
19.0,-40.0
19.0,-38.0
19.0,-36.0
19.0,-34.0
19.0,-32.0
19.0,-30.0
19.0,-28.0
19.0,-26.0
19.0,-24.0
19.0,-22.0
19.0,-20.0
19.0,-18.0
19.0,38.0
19.0,40.0
19.0,58.0
19.0,60.0
19.0,62.0
19.0,64.0
19.0,66.0
19.0,68.0
19.0,70.0
19.0,72.0
19.0,86.0
19.0,88.0
19.0,90.0
19.0,92.0
19.0,106.0
19.0,108.0
19.0,112.0
19.0,114.0
19.0,116.0
19.0,118.0
19.0,120.0
19.0,122.0
19.0,124.0
19.0,126.0
19.0,128.0
19.0,130.0
19.0,132.0
19.0,134.0
19.0,136.0
19.0,138.0
19.0,140.0
19.0,142.0
19.0,144.0
19.0,146.0
19.0,148.0
19.0,150.0
19.0,152.0
19.0,154.0
19.0,156.0
19.0,158.0
19.0,160.0
19.0,162.0
19.0,164.0
19.0,166.0
19.0,168.0
19.0,170.0
19.0,172.0
19.0,174.0
19.0,176.0
19.0,178.0
20.0,-180.0
20.0,-178.0
20.0,-176.0
20.0,-174.0
20.0,-172.0
20.0,-170.0
20.0,-168.0
20.0,-166.0
20.0,-164.0
20.0,-162.0
20.0,-160.0
20.0,-158.0
20.0,-156.0
20.0,-154.0
20.0,-152.0
20.0,-150.0
20.0,-148.0
20.0,-146.0
20.0,-144.0
20.0,-142.0
20.0,-140.0
20.0,-138.0
20.0,-136.0
20.0,-134.0
20.0,-114.0
20.0,-112.0
20.0,-110.0
20.0,-108.0
20.0,-106.0
20.0,-92.0
20.0,-86.0
20.0,-84.0
20.0,-82.0
20.0,-74.0
20.0,-72.0
20.0,-70.0
20.0,-68.0
20.0,-66.0
20.0,-64.0
20.0,-62.0
20.0,-60.0
20.0,-58.0
20.0,-56.0
20.0,-54.0
20.0,-52.0
20.0,-50.0
20.0,-48.0
20.0,-46.0
20.0,-44.0
20.0,-42.0
20.0,-40.0
20.0,-38.0
20.0,-36.0
20.0,-34.0
20.0,-32.0
20.0,-30.0
20.0,-28.0
20.0,-26.0
20.0,-24.0
20.0,-22.0
20.0,-20.0
20.0,-18.0
20.0,38.0
20.0,40.0
20.0,58.0
20.0,60.0
20.0,62.0
20.0,64.0
20.0,66.0
20.0,68.0
20.0,70.0
20.0,72.0
20.0,88.0
20.0,90.0
20.0,92.0
20.0,108.0
20.0,112.0
20.0,114.0
20.0,116.0
20.0,118.0
20.0,120.0
20.0,122.0
20.0,124.0
20.0,126.0
20.0,128.0
20.0,130.0
20.0,132.0
20.0,134.0
20.0,154.0
20.0,156.0
20.0,158.0
20.0,160.0
20.0,162.0
20.0,164.0
20.0,166.0
20.0,168.0
20.0,170.0
20.0,172.0
20.0,174.0
20.0,176.0
20.0,178.0
21.0,-180.0
21.0,-178.0
21.0,-176.0
21.0,-174.0
21.0,-172.0
21.0,-170.0
21.0,-168.0
21.0,-166.0
21.0,-164.0
21.0,-162.0
21.0,-160.0
21.0,-158.0
21.0,-156.0
21.0,-154.0
21.0,-152.0
21.0,-150.0
21.0,-148.0
21.0,-146.0
21.0,-144.0
21.0,-142.0
21.0,-140.0
21.0,-138.0
21.0,-136.0
21.0,-134.0
21.0,-132.0
21.0,-130.0
21.0,-128.0
21.0,-126.0
21.0,-124.0
21.0,-122.0
21.0,-120.0
21.0,-118.0
21.0,-116.0
21.0,-114.0
21.0,-112.0
21.0,-110.0
21.0,-108.0
21.0,-106.0
21.0,-92.0
21.0,-86.0
21.0,-84.0
21.0,-82.0
21.0,-74.0
21.0,-72.0
21.0,-70.0
21.0,-68.0
21.0,-66.0
21.0,-64.0
21.0,-62.0
21.0,-60.0
21.0,-58.0
21.0,-56.0
21.0,-54.0
21.0,-52.0
21.0,-50.0
21.0,-48.0
21.0,-46.0
21.0,-44.0
21.0,-42.0
21.0,-40.0
21.0,-38.0
21.0,-36.0
21.0,-34.0
21.0,-32.0
21.0,-30.0
21.0,-28.0
21.0,-26.0
21.0,-24.0
21.0,-22.0
21.0,-20.0
21.0,-18.0
21.0,38.0
21.0,60.0
21.0,62.0
21.0,64.0
21.0,66.0
21.0,68.0
21.0,70.0
21.0,72.0
21.0,88.0
21.0,90.0
21.0,92.0
21.0,108.0
21.0,112.0
21.0,114.0
21.0,116.0
21.0,118.0
21.0,120.0
21.0,122.0
21.0,124.0
21.0,126.0
21.0,128.0
22.0,-180.0
22.0,-178.0
22.0,-176.0
22.0,-174.0
22.0,-172.0
22.0,-170.0
22.0,-168.0
22.0,-166.0
22.0,-164.0
22.0,-162.0
22.0,-160.0
22.0,-158.0
22.0,-156.0
22.0,-154.0
22.0,-152.0
22.0,-150.0
22.0,-148.0
22.0,-146.0
22.0,-144.0
22.0,-142.0
22.0,-140.0
22.0,-138.0
22.0,-136.0
22.0,-134.0
22.0,-132.0
22.0,-130.0
22.0,-128.0
22.0,-126.0
22.0,-124.0
22.0,-122.0
22.0,-120.0
22.0,-118.0
22.0,-116.0
22.0,-114.0
22.0,-112.0
22.0,-110.0
22.0,-108.0
22.0,-106.0
22.0,-92.0
22.0,-90.0
22.0,-88.0
22.0,-86.0
22.0,-82.0
22.0,-76.0
22.0,-74.0
22.0,-72.0
22.0,-70.0
22.0,-68.0
22.0,-66.0
22.0,-64.0
22.0,-62.0
22.0,-60.0
22.0,-58.0
22.0,-56.0
22.0,-54.0
22.0,-52.0
22.0,-50.0
22.0,-48.0
22.0,-46.0
22.0,-44.0
22.0,-42.0
22.0,-40.0
22.0,-38.0
22.0,-36.0
22.0,-34.0
22.0,-32.0
22.0,-30.0
22.0,-28.0
22.0,-26.0
22.0,-24.0
22.0,-22.0
22.0,-20.0
22.0,-18.0
22.0,38.0
22.0,60.0
22.0,62.0
22.0,64.0
22.0,66.0
22.0,68.0
22.0,114.0
22.0,116.0
22.0,118.0
22.0,120.0
22.0,122.0
22.0,124.0
22.0,126.0
22.0,128.0
22.0,130.0
22.0,132.0
22.0,134.0
22.0,136.0
22.0,138.0
22.0,140.0
22.0,142.0
22.0,144.0
22.0,146.0
22.0,148.0
22.0,150.0
22.0,152.0
22.0,154.0
22.0,156.0
22.0,158.0
22.0,160.0
22.0,162.0
22.0,164.0
22.0,166.0
22.0,168.0
22.0,170.0
22.0,172.0
22.0,174.0
22.0,176.0
22.0,178.0
23.0,-180.0
23.0,-178.0
23.0,-176.0
23.0,-174.0
23.0,-172.0
23.0,-170.0
23.0,-168.0
23.0,-166.0
23.0,-164.0
23.0,-162.0
23.0,-160.0
23.0,-158.0
23.0,-156.0
23.0,-154.0
23.0,-152.0
23.0,-150.0
23.0,-148.0
23.0,-146.0
23.0,-144.0
23.0,-142.0
23.0,-140.0
23.0,-138.0
23.0,-136.0
23.0,-134.0
23.0,-132.0
23.0,-130.0
23.0,-128.0
23.0,-126.0
23.0,-124.0
23.0,-122.0
23.0,-120.0
23.0,-118.0
23.0,-116.0
23.0,-114.0
23.0,-112.0
23.0,-108.0
23.0,-92.0
23.0,-90.0
23.0,-88.0
23.0,-86.0
23.0,-84.0
23.0,-80.0
23.0,-76.0
23.0,-74.0
23.0,-72.0
23.0,-70.0
23.0,-68.0
23.0,-66.0
23.0,-64.0
23.0,-62.0
23.0,-60.0
23.0,-58.0
23.0,-56.0
23.0,-54.0
23.0,-52.0
23.0,-50.0
23.0,-48.0
23.0,-46.0
23.0,-44.0
23.0,-42.0
23.0,-40.0
23.0,-38.0
23.0,-36.0
23.0,-34.0
23.0,-32.0
23.0,-30.0
23.0,-28.0
23.0,-26.0
23.0,-24.0
23.0,-22.0
23.0,-20.0
23.0,-18.0
23.0,36.0
23.0,38.0
23.0,60.0
23.0,62.0
23.0,64.0
23.0,66.0
23.0,68.0
23.0,118.0
23.0,120.0
23.0,122.0
23.0,124.0
23.0,126.0
23.0,128.0
23.0,130.0
23.0,132.0
23.0,134.0
23.0,136.0
23.0,138.0
23.0,140.0
23.0,142.0
23.0,144.0
23.0,146.0
23.0,148.0
23.0,150.0
23.0,152.0
23.0,154.0
23.0,156.0
23.0,158.0
23.0,160.0
23.0,162.0
23.0,164.0
23.0,166.0
23.0,168.0
23.0,170.0
23.0,172.0
23.0,174.0
23.0,176.0
23.0,178.0
24.0,-180.0
24.0,-178.0
24.0,-176.0
24.0,-174.0
24.0,-172.0
24.0,-170.0
24.0,-168.0
24.0,-166.0
24.0,-164.0
24.0,-162.0
24.0,-160.0
24.0,-158.0
24.0,-156.0
24.0,-154.0
24.0,-152.0
24.0,-150.0
24.0,-148.0
24.0,-146.0
24.0,-144.0
24.0,-142.0
24.0,-140.0
24.0,-138.0
24.0,-136.0
24.0,-134.0
24.0,-132.0
24.0,-130.0
24.0,-128.0
24.0,-126.0
24.0,-124.0
24.0,-122.0
24.0,-120.0
24.0,-118.0
24.0,-116.0
24.0,-114.0
24.0,-112.0
24.0,-108.0
24.0,-92.0
24.0,-90.0
24.0,-88.0
24.0,-86.0
24.0,-84.0
24.0,-82.0
24.0,-80.0
24.0,-76.0
24.0,-74.0
24.0,-72.0
24.0,-70.0
24.0,-68.0
24.0,-66.0
24.0,-64.0
24.0,-62.0
24.0,-60.0
24.0,-58.0
24.0,-56.0
24.0,-54.0
24.0,-52.0
24.0,-50.0
24.0,-48.0
24.0,-46.0
24.0,-44.0
24.0,-42.0
24.0,-40.0
24.0,-38.0
24.0,-36.0
24.0,-34.0
24.0,-32.0
24.0,-30.0
24.0,-28.0
24.0,-26.0
24.0,-24.0
24.0,-22.0
24.0,-20.0
24.0,-18.0
24.0,-16.0
24.0,36.0
24.0,38.0
24.0,58.0
24.0,60.0
24.0,62.0
24.0,64.0
24.0,66.0
24.0,118.0
24.0,120.0
24.0,122.0
24.0,124.0
24.0,126.0
24.0,128.0
24.0,130.0
24.0,132.0
24.0,134.0
24.0,136.0
24.0,138.0
24.0,140.0
24.0,142.0
24.0,144.0
24.0,146.0
24.0,148.0
24.0,150.0
24.0,152.0
24.0,154.0
24.0,156.0
24.0,158.0
24.0,160.0
24.0,162.0
24.0,164.0
24.0,166.0
24.0,168.0
24.0,170.0
24.0,172.0
24.0,174.0
24.0,176.0
24.0,178.0
25.0,-180.0
25.0,-178.0
25.0,-176.0
25.0,-174.0
25.0,-172.0
25.0,-170.0
25.0,-168.0
25.0,-166.0
25.0,-164.0
25.0,-162.0
25.0,-160.0
25.0,-158.0
25.0,-156.0
25.0,-154.0
25.0,-152.0
25.0,-150.0
25.0,-148.0
25.0,-146.0
25.0,-144.0
25.0,-142.0
25.0,-140.0
25.0,-138.0
25.0,-136.0
25.0,-134.0
25.0,-132.0
25.0,-130.0
25.0,-128.0
25.0,-126.0
25.0,-124.0
25.0,-122.0
25.0,-120.0
25.0,-118.0
25.0,-116.0
25.0,-114.0
25.0,-110.0
25.0,-96.0
25.0,-92.0
25.0,-90.0
25.0,-88.0
25.0,-86.0
25.0,-84.0
25.0,-82.0
25.0,-80.0
25.0,-76.0
25.0,-74.0
25.0,-72.0
25.0,-70.0
25.0,-68.0
25.0,-66.0
25.0,-64.0
25.0,-62.0
25.0,-60.0
25.0,-58.0
25.0,-56.0
25.0,-54.0
25.0,-52.0
25.0,-50.0
25.0,-48.0
25.0,-46.0
25.0,-44.0
25.0,-42.0
25.0,-40.0
25.0,-38.0
25.0,-36.0
25.0,-34.0
25.0,-32.0
25.0,-30.0
25.0,-28.0
25.0,-26.0
25.0,-24.0
25.0,-22.0
25.0,-20.0
25.0,-18.0
25.0,-16.0
25.0,36.0
25.0,52.0
25.0,54.0
25.0,58.0
25.0,60.0
25.0,62.0
25.0,64.0
25.0,66.0
25.0,120.0
25.0,122.0
25.0,124.0
25.0,126.0
25.0,128.0
25.0,130.0
25.0,132.0
25.0,134.0
25.0,136.0
25.0,138.0
25.0,140.0
25.0,142.0
25.0,144.0
25.0,146.0
25.0,148.0
25.0,150.0
25.0,152.0
25.0,154.0
25.0,156.0
25.0,158.0
25.0,160.0
25.0,162.0
25.0,164.0
25.0,166.0
25.0,168.0
25.0,170.0
25.0,172.0
25.0,174.0
25.0,176.0
25.0,178.0
26.0,-180.0
26.0,-178.0
26.0,-176.0
26.0,-174.0
26.0,-172.0
26.0,-170.0
26.0,-168.0
26.0,-166.0
26.0,-164.0
26.0,-162.0
26.0,-160.0
26.0,-158.0
26.0,-156.0
26.0,-154.0
26.0,-152.0
26.0,-150.0
26.0,-148.0
26.0,-146.0
26.0,-144.0
26.0,-142.0
26.0,-140.0
26.0,-138.0
26.0,-136.0
26.0,-134.0
26.0,-132.0
26.0,-130.0
26.0,-128.0
26.0,-126.0
26.0,-124.0
26.0,-122.0
26.0,-120.0
26.0,-118.0
26.0,-116.0
26.0,-114.0
26.0,-110.0
26.0,-96.0
26.0,-94.0
26.0,-92.0
26.0,-90.0
26.0,-88.0
26.0,-86.0
26.0,-84.0
26.0,-82.0
26.0,-80.0
26.0,-76.0
26.0,-74.0
26.0,-72.0
26.0,-70.0
26.0,-68.0
26.0,-66.0
26.0,-64.0
26.0,-62.0
26.0,-60.0
26.0,-58.0
26.0,-56.0
26.0,-54.0
26.0,-52.0
26.0,-50.0
26.0,-48.0
26.0,-44.0
26.0,-42.0
26.0,-40.0
26.0,-38.0
26.0,-36.0
26.0,-34.0
26.0,-32.0
26.0,-30.0
26.0,-28.0
26.0,-26.0
26.0,-24.0
26.0,-22.0
26.0,-20.0
26.0,-18.0
26.0,-16.0
26.0,36.0
26.0,52.0
26.0,54.0
26.0,56.0
26.0,120.0
26.0,122.0
26.0,124.0
26.0,126.0
26.0,128.0
26.0,130.0
26.0,132.0
26.0,134.0
26.0,136.0
26.0,138.0
26.0,140.0
26.0,142.0
26.0,144.0
26.0,146.0
26.0,148.0
26.0,150.0
26.0,152.0
26.0,154.0
26.0,156.0
26.0,158.0
26.0,160.0
26.0,162.0
26.0,164.0
26.0,166.0
26.0,168.0
26.0,170.0
26.0,172.0
26.0,174.0
26.0,176.0
26.0,178.0
27.0,-180.0
27.0,-178.0
27.0,-176.0
27.0,-174.0
27.0,-172.0
27.0,-170.0
27.0,-168.0
27.0,-166.0
27.0,-164.0
27.0,-162.0
27.0,-160.0
27.0,-158.0
27.0,-156.0
27.0,-154.0
27.0,-152.0
27.0,-150.0
27.0,-148.0
27.0,-146.0
27.0,-144.0
27.0,-142.0
27.0,-140.0
27.0,-138.0
27.0,-136.0
27.0,-134.0
27.0,-132.0
27.0,-130.0
27.0,-128.0
27.0,-126.0
27.0,-124.0
27.0,-122.0
27.0,-120.0
27.0,-118.0
27.0,-116.0
27.0,-112.0
27.0,-96.0
27.0,-94.0
27.0,-92.0
27.0,-90.0
27.0,-88.0
27.0,-86.0
27.0,-84.0
27.0,-80.0
27.0,-76.0
27.0,-74.0
27.0,-72.0
27.0,-70.0
27.0,-68.0
27.0,-66.0
27.0,-64.0
27.0,-62.0
27.0,-60.0
27.0,-58.0
27.0,-56.0
27.0,-54.0
27.0,-52.0
27.0,-44.0
27.0,-42.0
27.0,-40.0
27.0,-38.0
27.0,-36.0
27.0,-34.0
27.0,-32.0
27.0,-30.0
27.0,-28.0
27.0,-26.0
27.0,-24.0
27.0,-22.0
27.0,-20.0
27.0,-18.0
27.0,-16.0
27.0,-14.0
27.0,34.0
27.0,50.0
27.0,52.0
27.0,56.0
27.0,122.0
27.0,124.0
27.0,126.0
27.0,128.0
27.0,130.0
27.0,132.0
27.0,134.0
27.0,136.0
27.0,138.0
27.0,140.0
27.0,142.0
27.0,144.0
27.0,146.0
27.0,148.0
27.0,150.0
27.0,152.0
27.0,154.0
27.0,156.0
27.0,158.0
27.0,160.0
27.0,162.0
27.0,164.0
27.0,166.0
27.0,168.0
27.0,170.0
27.0,172.0
27.0,174.0
27.0,176.0
27.0,178.0
28.0,-180.0
28.0,-178.0
28.0,-176.0
28.0,-174.0
28.0,-172.0
28.0,-170.0
28.0,-168.0
28.0,-166.0
28.0,-164.0
28.0,-162.0
28.0,-160.0
28.0,-158.0
28.0,-156.0
28.0,-154.0
28.0,-152.0
28.0,-150.0
28.0,-148.0
28.0,-146.0
28.0,-144.0
28.0,-142.0
28.0,-140.0
28.0,-138.0
28.0,-136.0
28.0,-134.0
28.0,-132.0
28.0,-130.0
28.0,-128.0
28.0,-126.0
28.0,-124.0
28.0,-122.0
28.0,-120.0
28.0,-118.0
28.0,-116.0
28.0,-112.0
28.0,-96.0
28.0,-94.0
28.0,-92.0
28.0,-90.0
28.0,-88.0
28.0,-86.0
28.0,-84.0
28.0,-80.0
28.0,-76.0
28.0,-74.0
28.0,-72.0
28.0,-70.0
28.0,-68.0
28.0,-66.0
28.0,-64.0
28.0,-62.0
28.0,-60.0
28.0,-58.0
28.0,-56.0
28.0,-54.0
28.0,-52.0
28.0,-44.0
28.0,-42.0
28.0,-40.0
28.0,-38.0
28.0,-36.0
28.0,-34.0
28.0,-32.0
28.0,-30.0
28.0,-28.0
28.0,-26.0
28.0,-24.0
28.0,-22.0
28.0,-20.0
28.0,-18.0
28.0,-16.0
28.0,-14.0
28.0,50.0
28.0,122.0
28.0,124.0
28.0,126.0
28.0,128.0
28.0,130.0
28.0,132.0
28.0,134.0
28.0,136.0
28.0,138.0
28.0,140.0
28.0,142.0
28.0,144.0
28.0,146.0
28.0,148.0
28.0,150.0
28.0,152.0
28.0,154.0
28.0,156.0
28.0,158.0
28.0,160.0
28.0,162.0
28.0,164.0
28.0,166.0
28.0,168.0
28.0,170.0
28.0,172.0
28.0,174.0
28.0,176.0
28.0,178.0
29.0,-180.0
29.0,-178.0
29.0,-176.0
29.0,-174.0
29.0,-172.0
29.0,-170.0
29.0,-168.0
29.0,-166.0
29.0,-164.0
29.0,-162.0
29.0,-160.0
29.0,-158.0
29.0,-156.0
29.0,-154.0
29.0,-152.0
29.0,-150.0
29.0,-148.0
29.0,-146.0
29.0,-144.0
29.0,-142.0
29.0,-140.0
29.0,-138.0
29.0,-136.0
29.0,-134.0
29.0,-132.0
29.0,-130.0
29.0,-128.0
29.0,-126.0
29.0,-124.0
29.0,-122.0
29.0,-120.0
29.0,-118.0
29.0,-116.0
29.0,-94.0
29.0,-92.0
29.0,-90.0
29.0,-88.0
29.0,-86.0
29.0,-84.0
29.0,-80.0
29.0,-76.0
29.0,-74.0
29.0,-72.0
29.0,-70.0
29.0,-68.0
29.0,-66.0
29.0,-64.0
29.0,-62.0
29.0,-60.0
29.0,-58.0
29.0,-56.0
29.0,-54.0
29.0,-52.0
29.0,-44.0
29.0,-42.0
29.0,-40.0
29.0,-38.0
29.0,-36.0
29.0,-34.0
29.0,-32.0
29.0,-30.0
29.0,-28.0
29.0,-26.0
29.0,-24.0
29.0,-22.0
29.0,-20.0
29.0,-18.0
29.0,-16.0
29.0,-14.0
29.0,-12.0
29.0,50.0
29.0,122.0
29.0,124.0
29.0,126.0
29.0,128.0
29.0,130.0
29.0,132.0
29.0,134.0
29.0,136.0
29.0,138.0
29.0,140.0
29.0,142.0
29.0,144.0
29.0,146.0
29.0,148.0
29.0,150.0
29.0,152.0
29.0,154.0
29.0,156.0
29.0,158.0
29.0,160.0
29.0,162.0
29.0,164.0
29.0,166.0
29.0,168.0
29.0,170.0
29.0,172.0
29.0,174.0
29.0,176.0
29.0,178.0
30.0,-180.0
30.0,-178.0
30.0,-176.0
30.0,-174.0
30.0,-172.0
30.0,-170.0
30.0,-168.0
30.0,-166.0
30.0,-164.0
30.0,-162.0
30.0,-160.0
30.0,-158.0
30.0,-156.0
30.0,-154.0
30.0,-152.0
30.0,-150.0
30.0,-148.0
30.0,-146.0
30.0,-144.0
30.0,-142.0
30.0,-140.0
30.0,-138.0
30.0,-136.0
30.0,-134.0
30.0,-132.0
30.0,-130.0
30.0,-128.0
30.0,-126.0
30.0,-124.0
30.0,-122.0
30.0,-120.0
30.0,-118.0
30.0,-116.0
30.0,-114.0
30.0,-88.0
30.0,-86.0
30.0,-84.0
30.0,-80.0
30.0,-76.0
30.0,-74.0
30.0,-72.0
30.0,-70.0
30.0,-68.0
30.0,-66.0
30.0,-64.0
30.0,-62.0
30.0,-60.0
30.0,-58.0
30.0,-56.0
30.0,-54.0
30.0,-52.0
30.0,-44.0
30.0,-42.0
30.0,-40.0
30.0,-38.0
30.0,-36.0
30.0,-34.0
30.0,-32.0
30.0,-30.0
30.0,-28.0
30.0,-26.0
30.0,-24.0
30.0,-22.0
30.0,-20.0
30.0,-18.0
30.0,-16.0
30.0,-14.0
30.0,-12.0
30.0,-10.0
30.0,50.0
30.0,124.0
30.0,126.0
30.0,128.0
30.0,130.0
30.0,132.0
30.0,134.0
30.0,136.0
30.0,138.0
30.0,140.0
30.0,142.0
30.0,144.0
30.0,146.0
30.0,148.0
30.0,150.0
30.0,152.0
30.0,154.0
30.0,156.0
30.0,158.0
30.0,160.0
30.0,162.0
30.0,164.0
30.0,166.0
30.0,168.0
30.0,170.0
30.0,172.0
30.0,174.0
30.0,176.0
30.0,178.0
31.0,-180.0
31.0,-178.0
31.0,-176.0
31.0,-174.0
31.0,-172.0
31.0,-170.0
31.0,-168.0
31.0,-166.0
31.0,-164.0
31.0,-162.0
31.0,-160.0
31.0,-158.0
31.0,-156.0
31.0,-154.0
31.0,-152.0
31.0,-150.0
31.0,-148.0
31.0,-146.0
31.0,-144.0
31.0,-142.0
31.0,-140.0
31.0,-138.0
31.0,-136.0
31.0,-134.0
31.0,-132.0
31.0,-130.0
31.0,-128.0
31.0,-126.0
31.0,-124.0
31.0,-122.0
31.0,-120.0
31.0,-118.0
31.0,-114.0
31.0,-80.0
31.0,-76.0
31.0,-74.0
31.0,-72.0
31.0,-70.0
31.0,-68.0
31.0,-66.0
31.0,-64.0
31.0,-62.0
31.0,-60.0
31.0,-58.0
31.0,-56.0
31.0,-54.0
31.0,-52.0
31.0,-46.0
31.0,-44.0
31.0,-42.0
31.0,-40.0
31.0,-38.0
31.0,-36.0
31.0,-34.0
31.0,-32.0
31.0,-30.0
31.0,-28.0
31.0,-26.0
31.0,-24.0
31.0,-22.0
31.0,-20.0
31.0,-18.0
31.0,-16.0
31.0,-14.0
31.0,-12.0
31.0,-10.0
31.0,18.0
31.0,20.0
31.0,32.0
31.0,122.0
31.0,124.0
31.0,126.0
31.0,128.0
31.0,130.0
31.0,132.0
31.0,134.0
31.0,136.0
31.0,138.0
31.0,140.0
31.0,142.0
31.0,144.0
31.0,146.0
31.0,148.0
31.0,150.0
31.0,152.0
31.0,154.0
31.0,156.0
31.0,158.0
31.0,160.0
31.0,162.0
31.0,164.0
31.0,166.0
31.0,168.0
31.0,170.0
31.0,172.0
31.0,174.0
31.0,176.0
31.0,178.0
32.0,-180.0
32.0,-178.0
32.0,-176.0
32.0,-174.0
32.0,-172.0
32.0,-170.0
32.0,-168.0
32.0,-166.0
32.0,-164.0
32.0,-162.0
32.0,-160.0
32.0,-158.0
32.0,-156.0
32.0,-154.0
32.0,-152.0
32.0,-150.0
32.0,-148.0
32.0,-146.0
32.0,-144.0
32.0,-142.0
32.0,-140.0
32.0,-138.0
32.0,-136.0
32.0,-134.0
32.0,-132.0
32.0,-130.0
32.0,-128.0
32.0,-126.0
32.0,-124.0
32.0,-122.0
32.0,-120.0
32.0,-118.0
32.0,-80.0
32.0,-76.0
32.0,-74.0
32.0,-72.0
32.0,-70.0
32.0,-68.0
32.0,-66.0
32.0,-64.0
32.0,-62.0
32.0,-60.0
32.0,-58.0
32.0,-56.0
32.0,-54.0
32.0,-52.0
32.0,-50.0
32.0,-46.0
32.0,-44.0
32.0,-42.0
32.0,-40.0
32.0,-38.0
32.0,-36.0
32.0,-34.0
32.0,-32.0
32.0,-30.0
32.0,-28.0
32.0,-26.0
32.0,-24.0
32.0,-22.0
32.0,-20.0
32.0,-18.0
32.0,-16.0
32.0,-14.0
32.0,-12.0
32.0,-10.0
32.0,16.0
32.0,18.0
32.0,26.0
32.0,28.0
32.0,30.0
32.0,32.0
32.0,34.0
32.0,122.0
32.0,124.0
32.0,126.0
32.0,128.0
32.0,130.0
32.0,132.0
32.0,134.0
32.0,136.0
32.0,138.0
32.0,140.0
32.0,142.0
32.0,144.0
32.0,146.0
32.0,148.0
32.0,150.0
32.0,152.0
32.0,154.0
32.0,156.0
32.0,158.0
32.0,160.0
32.0,162.0
32.0,164.0
32.0,166.0
32.0,168.0
32.0,170.0
32.0,172.0
32.0,174.0
32.0,176.0
32.0,178.0
33.0,-180.0
33.0,-178.0
33.0,-176.0
33.0,-174.0
33.0,-172.0
33.0,-170.0
33.0,-168.0
33.0,-166.0
33.0,-164.0
33.0,-162.0
33.0,-160.0
33.0,-158.0
33.0,-156.0
33.0,-154.0
33.0,-152.0
33.0,-150.0
33.0,-148.0
33.0,-146.0
33.0,-144.0
33.0,-142.0
33.0,-140.0
33.0,-138.0
33.0,-136.0
33.0,-134.0
33.0,-132.0
33.0,-130.0
33.0,-128.0
33.0,-126.0
33.0,-124.0
33.0,-122.0
33.0,-120.0
33.0,-118.0
33.0,-78.0
33.0,-76.0
33.0,-74.0
33.0,-72.0
33.0,-70.0
33.0,-68.0
33.0,-66.0
33.0,-64.0
33.0,-62.0
33.0,-60.0
33.0,-58.0
33.0,-56.0
33.0,-54.0
33.0,-52.0
33.0,-50.0
33.0,-48.0
33.0,-46.0
33.0,-44.0
33.0,-42.0
33.0,-40.0
33.0,-38.0
33.0,-36.0
33.0,-34.0
33.0,-32.0
33.0,-30.0
33.0,-28.0
33.0,-26.0
33.0,-24.0
33.0,-22.0
33.0,-20.0
33.0,-18.0
33.0,-16.0
33.0,-14.0
33.0,-12.0
33.0,-10.0
33.0,12.0
33.0,14.0
33.0,16.0
33.0,18.0
33.0,20.0
33.0,22.0
33.0,24.0
33.0,26.0
33.0,28.0
33.0,30.0
33.0,32.0
33.0,34.0
33.0,122.0
33.0,124.0
33.0,126.0
33.0,128.0
33.0,132.0
33.0,134.0
33.0,136.0
33.0,138.0
33.0,140.0
33.0,142.0
33.0,144.0
33.0,146.0
33.0,148.0
33.0,150.0
33.0,152.0
33.0,154.0
33.0,156.0
33.0,158.0
33.0,160.0
33.0,162.0
33.0,164.0
33.0,166.0
33.0,168.0
33.0,170.0
33.0,172.0
33.0,174.0
33.0,176.0
33.0,178.0
34.0,-180.0
34.0,-178.0
34.0,-176.0
34.0,-174.0
34.0,-172.0
34.0,-170.0
34.0,-168.0
34.0,-166.0
34.0,-164.0
34.0,-162.0
34.0,-160.0
34.0,-158.0
34.0,-156.0
34.0,-154.0
34.0,-152.0
34.0,-150.0
34.0,-148.0
34.0,-146.0
34.0,-144.0
34.0,-142.0
34.0,-140.0
34.0,-138.0
34.0,-136.0
34.0,-134.0
34.0,-132.0
34.0,-130.0
34.0,-128.0
34.0,-126.0
34.0,-124.0
34.0,-122.0
34.0,-120.0
34.0,-76.0
34.0,-74.0
34.0,-72.0
34.0,-70.0
34.0,-68.0
34.0,-66.0
34.0,-64.0
34.0,-62.0
34.0,-60.0
34.0,-36.0
34.0,-34.0
34.0,-32.0
34.0,-30.0
34.0,-28.0
34.0,-26.0
34.0,-24.0
34.0,-22.0
34.0,-20.0
34.0,-18.0
34.0,-16.0
34.0,-14.0
34.0,-12.0
34.0,-10.0
34.0,-8.0
34.0,12.0
34.0,14.0
34.0,16.0
34.0,18.0
34.0,20.0
34.0,22.0
34.0,24.0
34.0,26.0
34.0,28.0
34.0,30.0
34.0,32.0
34.0,34.0
34.0,122.0
34.0,124.0
34.0,126.0
34.0,128.0
34.0,130.0
34.0,138.0
34.0,140.0
34.0,142.0
34.0,144.0
34.0,146.0
34.0,148.0
34.0,150.0
34.0,152.0
34.0,154.0
34.0,156.0
34.0,158.0
34.0,160.0
34.0,162.0
34.0,164.0
34.0,166.0
34.0,168.0
34.0,170.0
34.0,172.0
34.0,174.0
34.0,176.0
34.0,178.0
35.0,-180.0
35.0,-178.0
35.0,-176.0
35.0,-174.0
35.0,-172.0
35.0,-170.0
35.0,-168.0
35.0,-166.0
35.0,-164.0
35.0,-162.0
35.0,-160.0
35.0,-158.0
35.0,-156.0
35.0,-154.0
35.0,-152.0
35.0,-150.0
35.0,-148.0
35.0,-146.0
35.0,-144.0
35.0,-142.0
35.0,-140.0
35.0,-138.0
35.0,-136.0
35.0,-134.0
35.0,-132.0
35.0,-130.0
35.0,-128.0
35.0,-126.0
35.0,-124.0
35.0,-122.0
35.0,-76.0
35.0,-74.0
35.0,-72.0
35.0,-70.0
35.0,-68.0
35.0,-66.0
35.0,-64.0
35.0,-62.0
35.0,-60.0
35.0,-58.0
35.0,-56.0
35.0,-54.0
35.0,-52.0
35.0,-50.0
35.0,-48.0
35.0,-46.0
35.0,-44.0
35.0,-42.0
35.0,-40.0
35.0,-38.0
35.0,-36.0
35.0,-34.0
35.0,-32.0
35.0,-30.0
35.0,-28.0
35.0,-26.0
35.0,-24.0
35.0,-22.0
35.0,-20.0
35.0,-18.0
35.0,-16.0
35.0,-14.0
35.0,-12.0
35.0,-10.0
35.0,-8.0
35.0,12.0
35.0,14.0
35.0,16.0
35.0,18.0
35.0,20.0
35.0,22.0
35.0,24.0
35.0,28.0
35.0,30.0
35.0,32.0
35.0,34.0
35.0,120.0
35.0,122.0
35.0,124.0
35.0,126.0
35.0,130.0
35.0,132.0
35.0,142.0
35.0,144.0
35.0,146.0
35.0,148.0
35.0,150.0
35.0,152.0
35.0,154.0
35.0,156.0
35.0,158.0
35.0,160.0
35.0,162.0
35.0,164.0
35.0,166.0
35.0,168.0
35.0,170.0
35.0,172.0
35.0,174.0
35.0,176.0
35.0,178.0
36.0,-180.0
36.0,-178.0
36.0,-176.0
36.0,-174.0
36.0,-172.0
36.0,-170.0
36.0,-168.0
36.0,-166.0
36.0,-164.0
36.0,-162.0
36.0,-160.0
36.0,-158.0
36.0,-156.0
36.0,-154.0
36.0,-152.0
36.0,-150.0
36.0,-148.0
36.0,-146.0
36.0,-144.0
36.0,-142.0
36.0,-140.0
36.0,-138.0
36.0,-136.0
36.0,-134.0
36.0,-132.0
36.0,-130.0
36.0,-128.0
36.0,-126.0
36.0,-124.0
36.0,-122.0
36.0,-74.0
36.0,-72.0
36.0,-70.0
36.0,-68.0
36.0,-66.0
36.0,-64.0
36.0,-62.0
36.0,-60.0
36.0,-58.0
36.0,-56.0
36.0,-54.0
36.0,-52.0
36.0,-50.0
36.0,-48.0
36.0,-46.0
36.0,-44.0
36.0,-42.0
36.0,-40.0
36.0,-38.0
36.0,-36.0
36.0,-34.0
36.0,-32.0
36.0,-30.0
36.0,-28.0
36.0,-26.0
36.0,-24.0
36.0,-22.0
36.0,-20.0
36.0,-18.0
36.0,-16.0
36.0,-14.0
36.0,-12.0
36.0,-10.0
36.0,-8.0
36.0,-6.0
36.0,-4.0
36.0,-2.0
36.0,0.0
36.0,12.0
36.0,14.0
36.0,16.0
36.0,18.0
36.0,20.0
36.0,22.0
36.0,24.0
36.0,26.0
36.0,28.0
36.0,30.0
36.0,32.0
36.0,34.0
36.0,36.0
36.0,122.0
36.0,124.0
36.0,126.0
36.0,130.0
36.0,132.0
36.0,134.0
36.0,142.0
36.0,144.0
36.0,146.0
36.0,148.0
36.0,150.0
36.0,152.0
36.0,154.0
36.0,156.0
36.0,158.0
36.0,160.0
36.0,162.0
36.0,164.0
36.0,166.0
36.0,168.0
36.0,170.0
36.0,172.0
36.0,174.0
36.0,176.0
36.0,178.0
37.0,-180.0
37.0,-178.0
37.0,-176.0
37.0,-174.0
37.0,-172.0
37.0,-170.0
37.0,-168.0
37.0,-166.0
37.0,-164.0
37.0,-162.0
37.0,-160.0
37.0,-158.0
37.0,-156.0
37.0,-154.0
37.0,-152.0
37.0,-150.0
37.0,-148.0
37.0,-146.0
37.0,-144.0
37.0,-142.0
37.0,-140.0
37.0,-138.0
37.0,-136.0
37.0,-134.0
37.0,-132.0
37.0,-130.0
37.0,-128.0
37.0,-126.0
37.0,-124.0
37.0,-76.0
37.0,-74.0
37.0,-72.0
37.0,-70.0
37.0,-68.0
37.0,-66.0
37.0,-64.0
37.0,-62.0
37.0,-60.0
37.0,-58.0
37.0,-56.0
37.0,-54.0
37.0,-52.0
37.0,-50.0
37.0,-48.0
37.0,-46.0
37.0,-44.0
37.0,-42.0
37.0,-40.0
37.0,-38.0
37.0,-36.0
37.0,-34.0
37.0,-32.0
37.0,-30.0
37.0,-28.0
37.0,-26.0
37.0,-24.0
37.0,-22.0
37.0,-20.0
37.0,-18.0
37.0,-16.0
37.0,-14.0
37.0,-12.0
37.0,-10.0
37.0,0.0
37.0,2.0
37.0,4.0
37.0,8.0
37.0,12.0
37.0,14.0
37.0,16.0
37.0,18.0
37.0,20.0
37.0,24.0
37.0,26.0
37.0,52.0
37.0,124.0
37.0,126.0
37.0,130.0
37.0,132.0
37.0,134.0
37.0,136.0
37.0,142.0
37.0,144.0
37.0,146.0
37.0,148.0
37.0,150.0
37.0,152.0
37.0,154.0
37.0,156.0
37.0,158.0
37.0,160.0
37.0,162.0
37.0,164.0
37.0,166.0
37.0,168.0
37.0,170.0
37.0,172.0
37.0,174.0
37.0,176.0
37.0,178.0
38.0,-180.0
38.0,-178.0
38.0,-176.0
38.0,-174.0
38.0,-172.0
38.0,-170.0
38.0,-168.0
38.0,-166.0
38.0,-164.0
38.0,-162.0
38.0,-160.0
38.0,-158.0
38.0,-156.0
38.0,-154.0
38.0,-152.0
38.0,-150.0
38.0,-148.0
38.0,-146.0
38.0,-144.0
38.0,-142.0
38.0,-140.0
38.0,-138.0
38.0,-136.0
38.0,-134.0
38.0,-132.0
38.0,-130.0
38.0,-128.0
38.0,-126.0
38.0,-124.0
38.0,-76.0
38.0,-74.0
38.0,-72.0
38.0,-70.0
38.0,-68.0
38.0,-66.0
38.0,-64.0
38.0,-62.0
38.0,-60.0
38.0,-58.0
38.0,-56.0
38.0,-54.0
38.0,-52.0
38.0,-50.0
38.0,-48.0
38.0,-46.0
38.0,-44.0
38.0,-42.0
38.0,-40.0
38.0,-38.0
38.0,-36.0
38.0,-34.0
38.0,-32.0
38.0,-30.0
38.0,-28.0
38.0,-26.0
38.0,-24.0
38.0,-22.0
38.0,-20.0
38.0,-18.0
38.0,-16.0
38.0,-14.0
38.0,-12.0
38.0,-10.0
38.0,0.0
38.0,2.0
38.0,4.0
38.0,6.0
38.0,8.0
38.0,10.0
38.0,12.0
38.0,18.0
38.0,20.0
38.0,26.0
38.0,50.0
38.0,52.0
38.0,120.0
38.0,122.0
38.0,124.0
38.0,130.0
38.0,132.0
38.0,134.0
38.0,136.0
38.0,138.0
38.0,142.0
38.0,144.0
38.0,146.0
38.0,148.0
38.0,150.0
38.0,152.0
38.0,154.0
38.0,156.0
38.0,158.0
38.0,160.0
38.0,162.0
38.0,164.0
38.0,166.0
38.0,168.0
38.0,170.0
38.0,172.0
38.0,174.0
38.0,176.0
38.0,178.0
39.0,-180.0
39.0,-178.0
39.0,-176.0
39.0,-174.0
39.0,-172.0
39.0,-170.0
39.0,-168.0
39.0,-166.0
39.0,-164.0
39.0,-162.0
39.0,-160.0
39.0,-158.0
39.0,-156.0
39.0,-154.0
39.0,-152.0
39.0,-150.0
39.0,-148.0
39.0,-146.0
39.0,-144.0
39.0,-142.0
39.0,-140.0
39.0,-138.0
39.0,-136.0
39.0,-134.0
39.0,-132.0
39.0,-130.0
39.0,-128.0
39.0,-126.0
39.0,-124.0
39.0,-74.0
39.0,-72.0
39.0,-70.0
39.0,-68.0
39.0,-66.0
39.0,-64.0
39.0,-62.0
39.0,-60.0
39.0,-58.0
39.0,-56.0
39.0,-54.0
39.0,-52.0
39.0,-50.0
39.0,-48.0
39.0,-46.0
39.0,-44.0
39.0,-42.0
39.0,-40.0
39.0,-38.0
39.0,-36.0
39.0,-34.0
39.0,-32.0
39.0,-30.0
39.0,-28.0
39.0,-26.0
39.0,-24.0
39.0,-22.0
39.0,-20.0
39.0,-18.0
39.0,-16.0
39.0,-14.0
39.0,-12.0
39.0,-10.0
39.0,0.0
39.0,2.0
39.0,4.0
39.0,6.0
39.0,8.0
39.0,10.0
39.0,12.0
39.0,14.0
39.0,18.0
39.0,20.0
39.0,24.0
39.0,26.0
39.0,50.0
39.0,52.0
39.0,118.0
39.0,120.0
39.0,122.0
39.0,124.0
39.0,128.0
39.0,130.0
39.0,132.0
39.0,134.0
39.0,136.0
39.0,138.0
39.0,142.0
39.0,144.0
39.0,146.0
39.0,148.0
39.0,150.0
39.0,152.0
39.0,154.0
39.0,156.0
39.0,158.0
39.0,160.0
39.0,162.0
39.0,164.0
39.0,166.0
39.0,168.0
39.0,170.0
39.0,172.0
39.0,174.0
39.0,176.0
39.0,178.0
40.0,-180.0
40.0,-178.0
40.0,-176.0
40.0,-174.0
40.0,-172.0
40.0,-170.0
40.0,-168.0
40.0,-166.0
40.0,-164.0
40.0,-162.0
40.0,-160.0
40.0,-158.0
40.0,-156.0
40.0,-154.0
40.0,-152.0
40.0,-150.0
40.0,-148.0
40.0,-146.0
40.0,-144.0
40.0,-142.0
40.0,-140.0
40.0,-138.0
40.0,-136.0
40.0,-134.0
40.0,-132.0
40.0,-130.0
40.0,-128.0
40.0,-126.0
40.0,-74.0
40.0,-72.0
40.0,-70.0
40.0,-68.0
40.0,-66.0
40.0,-64.0
40.0,-62.0
40.0,-60.0
40.0,-58.0
40.0,-56.0
40.0,-54.0
40.0,-52.0
40.0,-50.0
40.0,-48.0
40.0,-46.0
40.0,-44.0
40.0,-42.0
40.0,-40.0
40.0,-38.0
40.0,-36.0
40.0,-34.0
40.0,-32.0
40.0,-30.0
40.0,-28.0
40.0,-26.0
40.0,-24.0
40.0,-22.0
40.0,-20.0
40.0,-18.0
40.0,-16.0
40.0,-14.0
40.0,-12.0
40.0,-10.0
40.0,2.0
40.0,4.0
40.0,6.0
40.0,8.0
40.0,10.0
40.0,12.0
40.0,14.0
40.0,18.0
40.0,26.0
40.0,50.0
40.0,52.0
40.0,120.0
40.0,128.0
40.0,130.0
40.0,132.0
40.0,134.0
40.0,136.0
40.0,138.0
40.0,142.0
40.0,144.0
40.0,146.0
40.0,148.0
40.0,150.0
40.0,152.0
40.0,154.0
40.0,156.0
40.0,158.0
40.0,160.0
40.0,162.0
40.0,164.0
40.0,166.0
40.0,168.0
40.0,170.0
40.0,172.0
40.0,174.0
40.0,176.0
40.0,178.0
41.0,-180.0
41.0,-178.0
41.0,-176.0
41.0,-174.0
41.0,-172.0
41.0,-170.0
41.0,-168.0
41.0,-166.0
41.0,-164.0
41.0,-162.0
41.0,-160.0
41.0,-158.0
41.0,-156.0
41.0,-154.0
41.0,-152.0
41.0,-150.0
41.0,-148.0
41.0,-146.0
41.0,-144.0
41.0,-142.0
41.0,-140.0
41.0,-138.0
41.0,-136.0
41.0,-134.0
41.0,-132.0
41.0,-130.0
41.0,-128.0
41.0,-126.0
41.0,-72.0
41.0,-70.0
41.0,-68.0
41.0,-66.0
41.0,-64.0
41.0,-62.0
41.0,-60.0
41.0,-58.0
41.0,-56.0
41.0,-54.0
41.0,-52.0
41.0,-50.0
41.0,-48.0
41.0,-46.0
41.0,-44.0
41.0,-42.0
41.0,-40.0
41.0,-38.0
41.0,-36.0
41.0,-34.0
41.0,-32.0
41.0,-30.0
41.0,-28.0
41.0,-26.0
41.0,-24.0
41.0,-22.0
41.0,-20.0
41.0,-18.0
41.0,-16.0
41.0,-14.0
41.0,-12.0
41.0,-10.0
41.0,2.0
41.0,4.0
41.0,6.0
41.0,8.0
41.0,10.0
41.0,12.0
41.0,18.0
41.0,28.0
41.0,50.0
41.0,52.0
41.0,54.0
41.0,130.0
41.0,132.0
41.0,134.0
41.0,136.0
41.0,138.0
41.0,140.0
41.0,142.0
41.0,144.0
41.0,146.0
41.0,148.0
41.0,150.0
41.0,152.0
41.0,154.0
41.0,156.0
41.0,158.0
41.0,160.0
41.0,162.0
41.0,164.0
41.0,166.0
41.0,168.0
41.0,170.0
41.0,172.0
41.0,174.0
41.0,176.0
41.0,178.0
42.0,-180.0
42.0,-178.0
42.0,-176.0
42.0,-174.0
42.0,-172.0
42.0,-170.0
42.0,-168.0
42.0,-166.0
42.0,-164.0
42.0,-162.0
42.0,-160.0
42.0,-158.0
42.0,-156.0
42.0,-154.0
42.0,-152.0
42.0,-150.0
42.0,-148.0
42.0,-146.0
42.0,-144.0
42.0,-142.0
42.0,-140.0
42.0,-138.0
42.0,-136.0
42.0,-134.0
42.0,-132.0
42.0,-130.0
42.0,-128.0
42.0,-126.0
42.0,-68.0
42.0,-66.0
42.0,-64.0
42.0,-62.0
42.0,-60.0
42.0,-58.0
42.0,-56.0
42.0,-54.0
42.0,-52.0
42.0,-50.0
42.0,-48.0
42.0,-46.0
42.0,-44.0
42.0,-42.0
42.0,-40.0
42.0,-38.0
42.0,-36.0
42.0,-34.0
42.0,-32.0
42.0,-30.0
42.0,-28.0
42.0,-26.0
42.0,-24.0
42.0,-22.0
42.0,-20.0
42.0,-18.0
42.0,-16.0
42.0,-14.0
42.0,-12.0
42.0,-10.0
42.0,4.0
42.0,6.0
42.0,8.0
42.0,10.0
42.0,16.0
42.0,18.0
42.0,30.0
42.0,32.0
42.0,36.0
42.0,38.0
42.0,40.0
42.0,50.0
42.0,52.0
42.0,132.0
42.0,134.0
42.0,136.0
42.0,138.0
42.0,142.0
42.0,144.0
42.0,146.0
42.0,148.0
42.0,150.0
42.0,152.0
42.0,154.0
42.0,156.0
42.0,158.0
42.0,160.0
42.0,162.0
42.0,164.0
42.0,166.0
42.0,168.0
42.0,170.0
42.0,172.0
42.0,174.0
42.0,176.0
42.0,178.0
43.0,-180.0
43.0,-178.0
43.0,-176.0
43.0,-174.0
43.0,-172.0
43.0,-170.0
43.0,-168.0
43.0,-166.0
43.0,-164.0
43.0,-162.0
43.0,-160.0
43.0,-158.0
43.0,-156.0
43.0,-154.0
43.0,-152.0
43.0,-150.0
43.0,-148.0
43.0,-146.0
43.0,-144.0
43.0,-142.0
43.0,-140.0
43.0,-138.0
43.0,-136.0
43.0,-134.0
43.0,-132.0
43.0,-130.0
43.0,-128.0
43.0,-126.0
43.0,-70.0
43.0,-68.0
43.0,-66.0
43.0,-64.0
43.0,-62.0
43.0,-60.0
43.0,-58.0
43.0,-56.0
43.0,-54.0
43.0,-52.0
43.0,-50.0
43.0,-48.0
43.0,4.0
43.0,6.0
43.0,8.0
43.0,10.0
43.0,14.0
43.0,16.0
43.0,28.0
43.0,30.0
43.0,32.0
43.0,34.0
43.0,36.0
43.0,38.0
43.0,40.0
43.0,48.0
43.0,50.0
43.0,132.0
43.0,134.0
43.0,136.0
43.0,138.0
43.0,140.0
43.0,146.0
43.0,148.0
43.0,150.0
43.0,152.0
43.0,154.0
43.0,156.0
43.0,158.0
43.0,160.0
43.0,162.0
43.0,164.0
43.0,166.0
43.0,168.0
43.0,170.0
43.0,172.0
43.0,174.0
43.0,176.0
43.0,178.0
44.0,-180.0
44.0,-178.0
44.0,-176.0
44.0,-174.0
44.0,-172.0
44.0,-170.0
44.0,-168.0
44.0,-166.0
44.0,-164.0
44.0,-162.0
44.0,-160.0
44.0,-158.0
44.0,-156.0
44.0,-154.0
44.0,-152.0
44.0,-150.0
44.0,-148.0
44.0,-146.0
44.0,-144.0
44.0,-142.0
44.0,-140.0
44.0,-138.0
44.0,-136.0
44.0,-134.0
44.0,-132.0
44.0,-130.0
44.0,-128.0
44.0,-126.0
44.0,-68.0
44.0,-64.0
44.0,-62.0
44.0,-60.0
44.0,-58.0
44.0,-56.0
44.0,-54.0
44.0,-52.0
44.0,-50.0
44.0,-48.0
44.0,-46.0
44.0,-44.0
44.0,-8.0
44.0,-6.0
44.0,-4.0
44.0,-2.0
44.0,14.0
44.0,30.0
44.0,32.0
44.0,34.0
44.0,36.0
44.0,38.0
44.0,48.0
44.0,50.0
44.0,136.0
44.0,138.0
44.0,140.0
44.0,146.0
44.0,148.0
44.0,150.0
44.0,152.0
44.0,154.0
44.0,156.0
44.0,158.0
44.0,160.0
44.0,162.0
44.0,164.0
44.0,166.0
44.0,168.0
44.0,170.0
44.0,172.0
44.0,174.0
44.0,176.0
44.0,178.0
45.0,-180.0
45.0,-178.0
45.0,-176.0
45.0,-174.0
45.0,-172.0
45.0,-170.0
45.0,-168.0
45.0,-166.0
45.0,-164.0
45.0,-162.0
45.0,-160.0
45.0,-158.0
45.0,-156.0
45.0,-154.0
45.0,-152.0
45.0,-150.0
45.0,-148.0
45.0,-146.0
45.0,-144.0
45.0,-142.0
45.0,-140.0
45.0,-138.0
45.0,-136.0
45.0,-134.0
45.0,-132.0
45.0,-130.0
45.0,-128.0
45.0,-126.0
45.0,-124.0
45.0,-66.0
45.0,-62.0
45.0,-60.0
45.0,-58.0
45.0,-56.0
45.0,-54.0
45.0,-52.0
45.0,-50.0
45.0,-48.0
45.0,-46.0
45.0,-44.0
45.0,-42.0
45.0,-40.0
45.0,-38.0
45.0,-36.0
45.0,-34.0
45.0,-32.0
45.0,-30.0
45.0,-28.0
45.0,-26.0
45.0,-24.0
45.0,-22.0
45.0,-20.0
45.0,-18.0
45.0,-16.0
45.0,-14.0
45.0,-12.0
45.0,-10.0
45.0,-8.0
45.0,-6.0
45.0,-4.0
45.0,-2.0
45.0,30.0
45.0,32.0
45.0,36.0
45.0,48.0
45.0,50.0
45.0,138.0
45.0,140.0
45.0,144.0
45.0,146.0
45.0,148.0
45.0,150.0
45.0,152.0
45.0,154.0
45.0,156.0
45.0,158.0
45.0,160.0
45.0,162.0
45.0,164.0
45.0,166.0
45.0,168.0
45.0,170.0
45.0,172.0
45.0,174.0
45.0,176.0
45.0,178.0
46.0,-180.0
46.0,-178.0
46.0,-176.0
46.0,-174.0
46.0,-172.0
46.0,-170.0
46.0,-168.0
46.0,-166.0
46.0,-164.0
46.0,-162.0
46.0,-160.0
46.0,-158.0
46.0,-156.0
46.0,-154.0
46.0,-152.0
46.0,-150.0
46.0,-148.0
46.0,-146.0
46.0,-144.0
46.0,-142.0
46.0,-140.0
46.0,-138.0
46.0,-136.0
46.0,-134.0
46.0,-132.0
46.0,-130.0
46.0,-128.0
46.0,-126.0
46.0,-124.0
46.0,-62.0
46.0,-58.0
46.0,-56.0
46.0,-54.0
46.0,-52.0
46.0,-50.0
46.0,-48.0
46.0,-46.0
46.0,-44.0
46.0,-42.0
46.0,-40.0
46.0,-38.0
46.0,-36.0
46.0,-34.0
46.0,-32.0
46.0,-30.0
46.0,-28.0
46.0,-26.0
46.0,-24.0
46.0,-22.0
46.0,-20.0
46.0,-18.0
46.0,-16.0
46.0,-14.0
46.0,-12.0
46.0,-10.0
46.0,-8.0
46.0,-6.0
46.0,-4.0
46.0,-2.0
46.0,32.0
46.0,36.0
46.0,50.0
46.0,52.0
46.0,138.0
46.0,140.0
46.0,142.0
46.0,144.0
46.0,146.0
46.0,148.0
46.0,150.0
46.0,152.0
46.0,154.0
46.0,156.0
46.0,158.0
46.0,160.0
46.0,162.0
46.0,164.0
46.0,166.0
46.0,168.0
46.0,170.0
46.0,172.0
46.0,174.0
46.0,176.0
46.0,178.0
47.0,-180.0
47.0,-178.0
47.0,-176.0
47.0,-174.0
47.0,-172.0
47.0,-170.0
47.0,-168.0
47.0,-166.0
47.0,-164.0
47.0,-162.0
47.0,-160.0
47.0,-158.0
47.0,-156.0
47.0,-154.0
47.0,-152.0
47.0,-150.0
47.0,-148.0
47.0,-146.0
47.0,-144.0
47.0,-142.0
47.0,-140.0
47.0,-138.0
47.0,-136.0
47.0,-134.0
47.0,-132.0
47.0,-130.0
47.0,-128.0
47.0,-126.0
47.0,-62.0
47.0,-60.0
47.0,-58.0
47.0,-56.0
47.0,-52.0
47.0,-28.0
47.0,-26.0
47.0,-24.0
47.0,-22.0
47.0,-20.0
47.0,-18.0
47.0,-16.0
47.0,-14.0
47.0,-12.0
47.0,-10.0
47.0,-8.0
47.0,-6.0
47.0,-4.0
47.0,38.0
47.0,140.0
47.0,144.0
47.0,146.0
47.0,148.0
47.0,150.0
47.0,152.0
47.0,154.0
47.0,156.0
47.0,158.0
47.0,160.0
47.0,162.0
47.0,164.0
47.0,166.0
47.0,168.0
47.0,170.0
47.0,172.0
47.0,174.0
47.0,176.0
47.0,178.0
48.0,-180.0
48.0,-178.0
48.0,-176.0
48.0,-174.0
48.0,-172.0
48.0,-170.0
48.0,-168.0
48.0,-166.0
48.0,-164.0
48.0,-162.0
48.0,-160.0
48.0,-158.0
48.0,-156.0
48.0,-154.0
48.0,-152.0
48.0,-150.0
48.0,-148.0
48.0,-146.0
48.0,-144.0
48.0,-142.0
48.0,-140.0
48.0,-138.0
48.0,-136.0
48.0,-134.0
48.0,-132.0
48.0,-130.0
48.0,-128.0
48.0,-126.0
48.0,-64.0
48.0,-62.0
48.0,-60.0
48.0,-18.0
48.0,-16.0
48.0,-14.0
48.0,-12.0
48.0,-10.0
48.0,-8.0
48.0,-6.0
48.0,140.0
48.0,144.0
48.0,146.0
48.0,148.0
48.0,150.0
48.0,152.0
48.0,154.0
48.0,156.0
48.0,158.0
48.0,160.0
48.0,162.0
48.0,164.0
48.0,166.0
48.0,168.0
48.0,170.0
48.0,172.0
48.0,174.0
48.0,176.0
48.0,178.0
49.0,-180.0
49.0,-178.0
49.0,-176.0
49.0,-174.0
49.0,-172.0
49.0,-170.0
49.0,-168.0
49.0,-166.0
49.0,-164.0
49.0,-162.0
49.0,-160.0
49.0,-158.0
49.0,-156.0
49.0,-154.0
49.0,-152.0
49.0,-150.0
49.0,-148.0
49.0,-146.0
49.0,-144.0
49.0,-142.0
49.0,-140.0
49.0,-138.0
49.0,-136.0
49.0,-134.0
49.0,-132.0
49.0,-130.0
49.0,-128.0
49.0,-126.0
49.0,-68.0
49.0,-64.0
49.0,-62.0
49.0,-60.0
49.0,-52.0
49.0,-50.0
49.0,-48.0
49.0,-46.0
49.0,-44.0
49.0,-22.0
49.0,-20.0
49.0,-18.0
49.0,-16.0
49.0,-14.0
49.0,-12.0
49.0,-10.0
49.0,-8.0
49.0,-6.0
49.0,-4.0
49.0,-2.0
49.0,144.0
49.0,146.0
49.0,148.0
49.0,150.0
49.0,152.0
49.0,154.0
49.0,156.0
49.0,158.0
49.0,160.0
49.0,162.0
49.0,164.0
49.0,166.0
49.0,168.0
49.0,170.0
49.0,172.0
49.0,174.0
49.0,176.0
49.0,178.0
50.0,-180.0
50.0,-178.0
50.0,-176.0
50.0,-174.0
50.0,-172.0
50.0,-170.0
50.0,-168.0
50.0,-166.0
50.0,-164.0
50.0,-162.0
50.0,-160.0
50.0,-158.0
50.0,-156.0
50.0,-154.0
50.0,-152.0
50.0,-150.0
50.0,-148.0
50.0,-146.0
50.0,-144.0
50.0,-142.0
50.0,-140.0
50.0,-138.0
50.0,-136.0
50.0,-134.0
50.0,-132.0
50.0,-130.0
50.0,-66.0
50.0,-64.0
50.0,-62.0
50.0,-60.0
50.0,-58.0
50.0,-22.0
50.0,-20.0
50.0,-18.0
50.0,-16.0
50.0,-14.0
50.0,-12.0
50.0,-10.0
50.0,-8.0
50.0,-6.0
50.0,-4.0
50.0,-2.0
50.0,0.0
50.0,142.0
50.0,146.0
50.0,148.0
50.0,150.0
50.0,152.0
50.0,154.0
50.0,156.0
50.0,158.0
50.0,160.0
50.0,162.0
50.0,164.0
50.0,166.0
50.0,168.0
50.0,170.0
50.0,172.0
50.0,174.0
50.0,176.0
50.0,178.0
51.0,-180.0
51.0,-178.0
51.0,-176.0
51.0,-174.0
51.0,-172.0
51.0,-170.0
51.0,-168.0
51.0,-166.0
51.0,-164.0
51.0,-162.0
51.0,-160.0
51.0,-158.0
51.0,-156.0
51.0,-154.0
51.0,-152.0
51.0,-150.0
51.0,-148.0
51.0,-146.0
51.0,-144.0
51.0,-142.0
51.0,-140.0
51.0,-138.0
51.0,-136.0
51.0,-134.0
51.0,-132.0
51.0,-130.0
51.0,-128.0
51.0,-58.0
51.0,-8.0
51.0,-6.0
51.0,142.0
51.0,144.0
51.0,146.0
51.0,148.0
51.0,150.0
51.0,152.0
51.0,154.0
51.0,156.0
51.0,158.0
51.0,160.0
51.0,162.0
51.0,164.0
51.0,166.0
51.0,168.0
51.0,170.0
51.0,172.0
51.0,174.0
51.0,176.0
51.0,178.0
52.0,-180.0
52.0,-178.0
52.0,-176.0
52.0,-174.0
52.0,-172.0
52.0,-170.0
52.0,-168.0
52.0,-166.0
52.0,-164.0
52.0,-162.0
52.0,-160.0
52.0,-158.0
52.0,-156.0
52.0,-154.0
52.0,-152.0
52.0,-150.0
52.0,-148.0
52.0,-146.0
52.0,-144.0
52.0,-142.0
52.0,-140.0
52.0,-138.0
52.0,-136.0
52.0,-134.0
52.0,-132.0
52.0,-130.0
52.0,-128.0
52.0,-80.0
52.0,-54.0
52.0,-52.0
52.0,-50.0
52.0,-48.0
52.0,-46.0
52.0,-44.0
52.0,-42.0
52.0,-40.0
52.0,-38.0
52.0,-36.0
52.0,-34.0
52.0,-32.0
52.0,-30.0
52.0,-28.0
52.0,-26.0
52.0,-24.0
52.0,-22.0
52.0,-20.0
52.0,-18.0
52.0,-16.0
52.0,-14.0
52.0,-12.0
52.0,-10.0
52.0,-6.0
52.0,2.0
52.0,4.0
52.0,144.0
52.0,146.0
52.0,148.0
52.0,150.0
52.0,152.0
52.0,154.0
52.0,156.0
52.0,160.0
52.0,162.0
52.0,164.0
52.0,166.0
52.0,168.0
52.0,170.0
52.0,172.0
52.0,174.0
52.0,176.0
52.0,178.0
53.0,-180.0
53.0,-178.0
53.0,-176.0
53.0,-174.0
53.0,-172.0
53.0,-170.0
53.0,-168.0
53.0,-166.0
53.0,-164.0
53.0,-162.0
53.0,-160.0
53.0,-158.0
53.0,-156.0
53.0,-154.0
53.0,-152.0
53.0,-150.0
53.0,-148.0
53.0,-146.0
53.0,-144.0
53.0,-142.0
53.0,-140.0
53.0,-138.0
53.0,-136.0
53.0,-134.0
53.0,-132.0
53.0,-130.0
53.0,-80.0
53.0,-54.0
53.0,-52.0
53.0,-50.0
53.0,-48.0
53.0,-46.0
53.0,-44.0
53.0,-42.0
53.0,-40.0
53.0,-38.0
53.0,-36.0
53.0,-34.0
53.0,-32.0
53.0,-30.0
53.0,-28.0
53.0,-26.0
53.0,-24.0
53.0,-22.0
53.0,-20.0
53.0,-18.0
53.0,-16.0
53.0,-14.0
53.0,-12.0
53.0,-10.0
53.0,-6.0
53.0,2.0
53.0,4.0
53.0,144.0
53.0,146.0
53.0,148.0
53.0,150.0
53.0,152.0
53.0,154.0
53.0,156.0
53.0,160.0
53.0,162.0
53.0,164.0
53.0,166.0
53.0,168.0
53.0,170.0
53.0,172.0
53.0,174.0
53.0,176.0
53.0,178.0
54.0,-180.0
54.0,-178.0
54.0,-176.0
54.0,-174.0
54.0,-172.0
54.0,-170.0
54.0,-168.0
54.0,-166.0
54.0,-164.0
54.0,-162.0
54.0,-160.0
54.0,-158.0
54.0,-156.0
54.0,-154.0
54.0,-152.0
54.0,-150.0
54.0,-148.0
54.0,-146.0
54.0,-144.0
54.0,-142.0
54.0,-140.0
54.0,-138.0
54.0,-136.0
54.0,-134.0
54.0,-82.0
54.0,-80.0
54.0,-56.0
54.0,-54.0
54.0,-52.0
54.0,-50.0
54.0,-48.0
54.0,-46.0
54.0,-44.0
54.0,-42.0
54.0,-40.0
54.0,-38.0
54.0,-36.0
54.0,-34.0
54.0,-32.0
54.0,-30.0
54.0,-28.0
54.0,-26.0
54.0,-24.0
54.0,-22.0
54.0,-20.0
54.0,-18.0
54.0,-16.0
54.0,-14.0
54.0,-12.0
54.0,-10.0
54.0,-6.0
54.0,0.0
54.0,2.0
54.0,4.0
54.0,6.0
54.0,8.0
54.0,14.0
54.0,138.0
54.0,142.0
54.0,144.0
54.0,146.0
54.0,148.0
54.0,150.0
54.0,152.0
54.0,154.0
54.0,162.0
54.0,164.0
54.0,166.0
54.0,168.0
54.0,170.0
54.0,172.0
54.0,174.0
54.0,176.0
54.0,178.0
55.0,-180.0
55.0,-178.0
55.0,-176.0
55.0,-174.0
55.0,-172.0
55.0,-170.0
55.0,-168.0
55.0,-166.0
55.0,-164.0
55.0,-162.0
55.0,-160.0
55.0,-158.0
55.0,-156.0
55.0,-154.0
55.0,-152.0
55.0,-150.0
55.0,-148.0
55.0,-146.0
55.0,-144.0
55.0,-142.0
55.0,-140.0
55.0,-138.0
55.0,-136.0
55.0,-134.0
55.0,-132.0
55.0,-82.0
55.0,-80.0
55.0,-58.0
55.0,-56.0
55.0,-54.0
55.0,-52.0
55.0,-50.0
55.0,-48.0
55.0,-46.0
55.0,-44.0
55.0,-42.0
55.0,-40.0
55.0,-38.0
55.0,-36.0
55.0,-34.0
55.0,-32.0
55.0,-30.0
55.0,-28.0
55.0,-26.0
55.0,-24.0
55.0,-22.0
55.0,-20.0
55.0,-18.0
55.0,-16.0
55.0,-14.0
55.0,-12.0
55.0,-10.0
55.0,-8.0
55.0,-6.0
55.0,0.0
55.0,2.0
55.0,4.0
55.0,6.0
55.0,8.0
55.0,10.0
55.0,14.0
55.0,16.0
55.0,18.0
55.0,20.0
55.0,136.0
55.0,138.0
55.0,140.0
55.0,142.0
55.0,144.0
55.0,146.0
55.0,148.0
55.0,150.0
55.0,152.0
55.0,154.0
55.0,162.0
55.0,164.0
55.0,166.0
55.0,168.0
55.0,170.0
55.0,172.0
55.0,174.0
55.0,176.0
55.0,178.0
56.0,-180.0
56.0,-178.0
56.0,-176.0
56.0,-174.0
56.0,-172.0
56.0,-170.0
56.0,-168.0
56.0,-166.0
56.0,-164.0
56.0,-162.0
56.0,-158.0
56.0,-156.0
56.0,-154.0
56.0,-152.0
56.0,-150.0
56.0,-148.0
56.0,-146.0
56.0,-144.0
56.0,-142.0
56.0,-140.0
56.0,-138.0
56.0,-136.0
56.0,-134.0
56.0,-86.0
56.0,-84.0
56.0,-82.0
56.0,-80.0
56.0,-78.0
56.0,-60.0
56.0,-58.0
56.0,-56.0
56.0,-54.0
56.0,-52.0
56.0,-50.0
56.0,-48.0
56.0,-46.0
56.0,-44.0
56.0,-42.0
56.0,-40.0
56.0,-38.0
56.0,-36.0
56.0,-34.0
56.0,-32.0
56.0,-30.0
56.0,-28.0
56.0,-26.0
56.0,-24.0
56.0,-22.0
56.0,-20.0
56.0,-18.0
56.0,-16.0
56.0,-14.0
56.0,-12.0
56.0,-10.0
56.0,-8.0
56.0,-6.0
56.0,-2.0
56.0,0.0
56.0,2.0
56.0,4.0
56.0,6.0
56.0,8.0
56.0,16.0
56.0,18.0
56.0,20.0
56.0,138.0
56.0,140.0
56.0,142.0
56.0,144.0
56.0,146.0
56.0,148.0
56.0,150.0
56.0,152.0
56.0,154.0
56.0,164.0
56.0,166.0
56.0,168.0
56.0,170.0
56.0,172.0
56.0,174.0
56.0,176.0
56.0,178.0
57.0,-180.0
57.0,-178.0
57.0,-176.0
57.0,-174.0
57.0,-172.0
57.0,-170.0
57.0,-168.0
57.0,-166.0
57.0,-164.0
57.0,-162.0
57.0,-160.0
57.0,-156.0
57.0,-152.0
57.0,-150.0
57.0,-148.0
57.0,-146.0
57.0,-144.0
57.0,-142.0
57.0,-140.0
57.0,-138.0
57.0,-136.0
57.0,-134.0
57.0,-88.0
57.0,-86.0
57.0,-84.0
57.0,-82.0
57.0,-80.0
57.0,-78.0
57.0,-60.0
57.0,-58.0
57.0,-56.0
57.0,-54.0
57.0,-52.0
57.0,-50.0
57.0,-48.0
57.0,-46.0
57.0,-44.0
57.0,-42.0
57.0,-40.0
57.0,-38.0
57.0,-36.0
57.0,-34.0
57.0,-32.0
57.0,-30.0
57.0,-28.0
57.0,-26.0
57.0,-24.0
57.0,-22.0
57.0,-20.0
57.0,-18.0
57.0,-16.0
57.0,-14.0
57.0,-12.0
57.0,-10.0
57.0,-8.0
57.0,-2.0
57.0,0.0
57.0,2.0
57.0,4.0
57.0,6.0
57.0,8.0
57.0,12.0
57.0,18.0
57.0,20.0
57.0,140.0
57.0,142.0
57.0,144.0
57.0,146.0
57.0,148.0
57.0,150.0
57.0,152.0
57.0,154.0
57.0,156.0
57.0,164.0
57.0,166.0
57.0,168.0
57.0,170.0
57.0,172.0
57.0,174.0
57.0,176.0
57.0,178.0
58.0,-180.0
58.0,-178.0
58.0,-176.0
58.0,-174.0
58.0,-172.0
58.0,-170.0
58.0,-168.0
58.0,-166.0
58.0,-164.0
58.0,-162.0
58.0,-160.0
58.0,-158.0
58.0,-154.0
58.0,-152.0
58.0,-150.0
58.0,-148.0
58.0,-146.0
58.0,-144.0
58.0,-142.0
58.0,-140.0
58.0,-138.0
58.0,-136.0
58.0,-92.0
58.0,-90.0
58.0,-88.0
58.0,-86.0
58.0,-84.0
58.0,-82.0
58.0,-80.0
58.0,-78.0
58.0,-62.0
58.0,-60.0
58.0,-58.0
58.0,-56.0
58.0,-54.0
58.0,-52.0
58.0,-50.0
58.0,-48.0
58.0,-46.0
58.0,-44.0
58.0,-42.0
58.0,-40.0
58.0,-38.0
58.0,-36.0
58.0,-34.0
58.0,-32.0
58.0,-30.0
58.0,-28.0
58.0,-26.0
58.0,-24.0
58.0,-22.0
58.0,-20.0
58.0,-18.0
58.0,-16.0
58.0,-14.0
58.0,-12.0
58.0,-10.0
58.0,-8.0
58.0,-6.0
58.0,-2.0
58.0,0.0
58.0,2.0
58.0,4.0
58.0,6.0
58.0,8.0
58.0,10.0
58.0,18.0
58.0,20.0
58.0,22.0
58.0,24.0
58.0,142.0
58.0,144.0
58.0,146.0
58.0,148.0
58.0,150.0
58.0,152.0
58.0,154.0
58.0,156.0
58.0,164.0
58.0,166.0
58.0,168.0
58.0,170.0
58.0,172.0
58.0,174.0
58.0,176.0
58.0,178.0
59.0,-180.0
59.0,-178.0
59.0,-176.0
59.0,-174.0
59.0,-172.0
59.0,-170.0
59.0,-168.0
59.0,-166.0
59.0,-164.0
59.0,-152.0
59.0,-150.0
59.0,-148.0
59.0,-146.0
59.0,-144.0
59.0,-142.0
59.0,-140.0
59.0,-94.0
59.0,-92.0
59.0,-90.0
59.0,-88.0
59.0,-86.0
59.0,-84.0
59.0,-82.0
59.0,-80.0
59.0,-68.0
59.0,-62.0
59.0,-60.0
59.0,-58.0
59.0,-56.0
59.0,-54.0
59.0,-52.0
59.0,-50.0
59.0,-48.0
59.0,-46.0
59.0,-44.0
59.0,-42.0
59.0,-40.0
59.0,-38.0
59.0,-36.0
59.0,-34.0
59.0,-32.0
59.0,-30.0
59.0,-28.0
59.0,-26.0
59.0,-24.0
59.0,-22.0
59.0,-20.0
59.0,-18.0
59.0,-16.0
59.0,-14.0
59.0,-12.0
59.0,-10.0
59.0,-8.0
59.0,-6.0
59.0,-4.0
59.0,-2.0
59.0,0.0
59.0,2.0
59.0,4.0
59.0,10.0
59.0,18.0
59.0,20.0
59.0,22.0
59.0,144.0
59.0,146.0
59.0,148.0
59.0,150.0
59.0,154.0
59.0,156.0
59.0,158.0
59.0,164.0
59.0,166.0
59.0,168.0
59.0,170.0
59.0,172.0
59.0,174.0
59.0,176.0
59.0,178.0
60.0,-180.0
60.0,-178.0
60.0,-176.0
60.0,-174.0
60.0,-172.0
60.0,-170.0
60.0,-168.0
60.0,-152.0
60.0,-148.0
60.0,-146.0
60.0,-144.0
60.0,-94.0
60.0,-92.0
60.0,-90.0
60.0,-88.0
60.0,-86.0
60.0,-84.0
60.0,-82.0
60.0,-80.0
60.0,-78.0
60.0,-68.0
60.0,-66.0
60.0,-64.0
60.0,-62.0
60.0,-60.0
60.0,-58.0
60.0,-56.0
60.0,-54.0
60.0,-52.0
60.0,-50.0
60.0,-48.0
60.0,-46.0
60.0,-44.0
60.0,-42.0
60.0,-40.0
60.0,-38.0
60.0,-36.0
60.0,-34.0
60.0,-32.0
60.0,-30.0
60.0,-28.0
60.0,-26.0
60.0,-24.0
60.0,-22.0
60.0,-20.0
60.0,-18.0
60.0,-16.0
60.0,-14.0
60.0,-12.0
60.0,-10.0
60.0,-8.0
60.0,-6.0
60.0,-4.0
60.0,-2.0
60.0,0.0
60.0,2.0
60.0,4.0
60.0,20.0
60.0,22.0
60.0,26.0
60.0,28.0
60.0,156.0
60.0,158.0
60.0,160.0
60.0,166.0
60.0,168.0
60.0,170.0
60.0,172.0
60.0,174.0
60.0,176.0
60.0,178.0
50.8,-0.2
49.5,-0.5
49.45,0.0
49.4,0.5
51.95,4.0
51.92,4.48
51.9,4.3
36.14,-5.35
36.0,-3.5
44.4,8.93
43.3,5.3
43.1,3.2
31.265,32.301
31.16,32.32
30.94,32.34
30.7,32.35
30.5,32.35
30.4,32.35
30.2,32.35
29.9,32.35
29.8,32.55
1.28,103.85
1.2,103.8
1.1,103.9
5.0,95.0
35.4,139.7
31.23,121.47
32.0,121.0
40.3,-73.8
39.0,-72.5
34.05,-118.24
37.78,-122.42
37.6,-122.33
-33.93,18.42
-34.3,18.7
25.26,55.3
29.0,32.3
41.03,29.0
-34.61,-58.37
-23.55,-46.63
-33.86,151.21
-36.83,174.76
50.755862,-5.197241
50.383793,-7.745862
50.011724,-10.294483
49.639655,-12.843103
49.267586,-15.391724
48.895517,-17.940345
48.523448,-20.488966
48.151379,-23.037586
47.77931,-25.586207
47.407241,-28.134828
47.035172,-30.683448
46.663103,-33.232069
46.291034,-35.78069
45.918966,-38.32931
45.546897,-40.877931
45.174828,-43.426552
44.802759,-45.975172
44.43069,-48.523793
44.058621,-51.072414
43.686552,-53.621034
43.314483,-56.169655
42.942414,-58.718276
42.570345,-61.266897
42.198276,-63.815517
41.826207,-66.364138
41.454138,-68.912759
41.082069,-71.461379
49.761795,-0.436154
49.52359,-2.372308
49.285385,-4.308462
49.047179,-6.244615
48.808974,-8.180769
48.570769,-10.116923
48.332564,-12.053077
48.094359,-13.989231
47.856154,-15.925385
47.617949,-17.861538
47.379744,-19.797692
47.141538,-21.733846
46.903333,-23.67
46.665128,-25.606154
46.426923,-27.542308
46.188718,-29.478462
45.950513,-31.414615
45.712308,-33.350769
45.474103,-35.286923
45.235897,-37.223077
44.997692,-39.159231
44.759487,-41.095385
44.521282,-43.031538
44.283077,-44.967692
44.044872,-46.903846
43.806667,-48.84
43.568462,-50.776154
43.330256,-52.712308
43.092051,-54.648462
42.853846,-56.584615
42.615641,-58.520769
42.377436,-60.456923
42.139231,-62.393077
41.901026,-64.329231
41.662821,-66.265385
41.424615,-68.201538
41.18641,-70.137692
40.948205,-72.073846
45.585385,12.708
45.055,13.433667
44.524615,14.159333
43.994231,14.885
43.463846,15.610667
42.933462,16.336333
42.403077,17.062
41.872692,17.787667
41.342308,18.513333
40.811923,19.239
37.629615,23.593
37.099231,24.318667
36.568846,25.044333
36.038462,25.77
35.508077,26.495667
34.977692,27.221333
34.447308,27.947
33.916923,28.672667
33.386538,29.398333
32.856154,30.124
32.325769,30.849667
31.795385,31.575333
30.885443,33.206684
20.637405,57.660139
20.257848,58.565823
19.878291,59.471506
19.498734,60.37719
19.119177,61.282873
18.73962,62.188557
18.360063,63.094241
17.980506,63.999924
17.600949,64.905608
17.221392,65.811291
16.841835,66.716975
16.462278,67.622658
16.082722,68.528342
15.703165,69.434025
15.323608,70.339709
14.944051,71.245392
14.564494,72.151076
14.184937,73.056759
13.80538,73.962443
11.148481,80.302228
10.768924,81.207911
10.389367,82.113595
10.00981,83.019278
9.630253,83.924962
9.250696,84.830646
8.871139,85.736329
8.491582,86.642013
8.112025,87.547696
7.732468,88.45338
7.352911,89.359063
6.973354,90.264747
6.593797,91.17043
6.214241,92.076114
5.834684,92.981797
5.455127,93.887481
5.07557,94.793165
4.696013,95.698848
2.798228,100.227266
2.418671,101.132949
2.039114,102.038633
1.659557,102.944316
37.407848,-75.957722
37.381266,-72.638987
37.354684,-69.320253
37.328101,-66.001519
37.301519,-62.682785
37.274937,-59.364051
37.248354,-56.045316
37.221772,-52.726582
37.19519,-49.407848
37.168608,-46.089114
37.142025,-42.77038
37.115443,-39.451646
37.088861,-36.132911
37.062278,-32.814177
37.035696,-29.495443
37.009114,-26.176709
36.982532,-22.857975
36.955949,-19.539241
36.929367,-16.220506
36.902785,-12.901772
36.876203,-9.583038
36.823038,-2.94557
36.796456,0.373165
36.743291,7.010633
36.690127,13.648101
36.663544,16.966835
36.636962,20.28557
36.61038,23.604304
36.583797,26.923038
35.839494,119.847595
35.812911,123.166329
35.786329,126.485063
35.759747,129.803797
35.733165,133.122532
34.306404,-77.65573
34.324719,-74.756854
34.343034,-71.857978
34.361348,-68.959101
34.379663,-66.060225
34.397978,-63.161348
34.416292,-60.262472
34.434607,-57.363596
34.452921,-54.464719
34.471236,-51.565843
34.489551,-48.666966
34.507865,-45.76809
34.52618,-42.869213
34.544494,-39.970337
34.562809,-37.071461
34.581124,-34.172584
34.599438,-31.273708
34.617753,-28.374831
34.636067,-25.475955
34.654382,-22.577079
34.672697,-19.678202
34.691011,-16.779326
34.709326,-13.880449
34.72764,-10.981573
34.745955,-8.082697
34.874157,12.209438
34.892472,15.108315
34.910787,18.007191
34.929101,20.906067
34.947416,23.804944
34.96573,26.70382
34.984045,29.602697
35.00236,32.501573
35.020674,35.400449
35.551798,119.467865
35.570112,122.366742
35.588427,125.265618
35.625056,131.063371
35.643371,133.962247
50.36,-4.12
49.068718,-4.78359
47.777436,-5.447179
46.486154,-6.110769
45.194872,-6.774359
43.90359,-7.437949
41.321026,-8.765128
40.029744,-9.428718
38.738462,-10.092308
37.447179,-10.755897
36.155897,-11.419487
34.864615,-12.083077
33.573333,-12.746667
32.282051,-13.410256
30.990769,-14.073846
29.699487,-14.737436
28.408205,-15.401026
27.116923,-16.064615
25.825641,-16.728205
24.534359,-17.391795
23.243077,-18.055385
21.951795,-18.718974
20.660513,-19.382564
19.369231,-20.046154
18.077949,-20.709744
16.786667,-21.373333
15.495385,-22.036923
14.204103,-22.700513
12.912821,-23.364103
11.621538,-24.027692
10.330256,-24.691282
9.038974,-25.354872
7.747692,-26.018462
6.45641,-26.682051
5.165128,-27.345641
3.873846,-28.009231
2.582564,-28.672821
1.291282,-29.33641
-0.706327,-30.57898
-1.412653,-31.157959
-2.11898,-31.736939
-2.825306,-32.315918
-3.531633,-32.894898
-4.237959,-33.473878
-4.944286,-34.052857
-5.650612,-34.631837
-80.0,9.2
-80.717458,9.681356
-81.434915,10.162712
-82.152373,10.644068
-82.869831,11.125424
-83.587288,11.60678
-84.304746,12.088136
-85.022203,12.569492
-85.739661,13.050847
-86.457119,13.532203
-87.174576,14.013559
-87.892034,14.494915
-88.609492,14.976271
-89.326949,15.457627
-90.044407,15.938983
-90.761864,16.420339
-91.479322,16.901695
-92.19678,17.383051
-92.914237,17.864407
-93.631695,18.345763
-94.349153,18.827119
-95.06661,19.308475
-95.784068,19.789831
-96.501525,20.271186
-97.218983,20.752542
-97.936441,21.233898
-98.653898,21.715254
-99.371356,22.19661
-100.088814,22.677966
-100.806271,23.159322
-101.523729,23.640678
-102.241186,24.122034
-102.958644,24.60339
-103.676102,25.084746
-104.393559,25.566102
-105.111017,26.047458
-105.828475,26.528814
-106.545932,27.010169
-107.26339,27.491525
-107.980847,27.972881
-108.698305,28.454237
-109.415763,28.935593
-110.13322,29.416949
-110.850678,29.898305
-111.568136,30.379661
-112.285593,30.861017
-113.003051,31.342373
-113.720508,31.823729
-114.437966,32.305085
-115.155424,32.786441
-115.872881,33.267797
-116.590339,33.749153
-117.307797,34.230508
-118.025254,34.711864
-118.742712,35.19322
-119.460169,35.674576
-120.177627,36.155932
-120.895085,36.637288
-121.612542,37.118644
-122.33,37.6
43.053103,4.932759
42.806207,4.565517
42.55931,4.198276
42.312414,3.831034
42.065517,3.463793
41.818621,3.096552
41.571724,2.72931
41.324828,2.362069
41.077931,1.994828
40.831034,1.627586
40.584138,1.260345
40.337241,0.893103
40.090345,0.525862
39.843448,0.158621
39.596552,-0.208621
36.386897,-4.982759
1.551597,97.673529
1.619496,96.129412
1.687395,94.585294
1.755294,93.041176
1.823193,91.497059
1.891092,89.952941
1.958992,88.408824
2.026891,86.864706
2.09479,85.320588
2.162689,83.776471
2.230588,82.232353
2.298487,80.688235
2.366387,79.144118
2.434286,77.6
2.502185,76.055882
2.570084,74.511765
2.637983,72.967647
2.705882,71.423529
2.773782,69.879412
2.841681,68.335294
2.90958,66.791176
2.977479,65.247059
3.045378,63.702941
3.113277,62.158824
3.181176,60.614706
3.249076,59.070588
3.316975,57.526471
3.384874,55.982353
3.452773,54.438235
3.520672,52.894118
3.588571,51.35
3.656471,49.805882
3.72437,48.261765
3.792269,46.717647
5.625546,5.026471
5.693445,3.482353
5.761345,1.938235
5.829244,0.394118
6.372437,-11.958824
6.440336,-13.502941
6.508235,-15.047059
6.576134,-16.591176
6.644034,-18.135294
6.711933,-19.679412
6.779832,-21.223529
6.847731,-22.767647
6.91563,-24.311765
6.983529,-25.855882
7.051429,-27.4
7.119328,-28.944118
7.187227,-30.488235
7.255126,-32.032353
7.323025,-33.576471
7.390924,-35.120588
7.458824,-36.664706
7.526723,-38.208824
7.594622,-39.752941
7.662521,-41.297059
7.73042,-42.841176
7.798319,-44.385294
7.866218,-45.929412
7.934118,-47.473529
8.002017,-49.017647
8.069916,-50.561765
8.137815,-52.105882
8.205714,-53.65
8.273613,-55.194118
8.341513,-56.738235
36.2000, -6.0500
36.0000, -5.3500
36.1400, -5.3500
36.0700, -5.3500
35.9000, -5.2000
31.2500, 32.3000
31.2000, 32.2500
30.9800, 32.3000
30.8000, 32.3550
30.6000, 32.3500
30.2000, 32.3500
29.9500, 32.5500
29.8500, 32.6000
50.3545, 0.379
50.7388, 0.7504
50.3586, 0.2715
50.0674, 0.6437
49.7944, 0.306
50.0139, 0.5462
51.1422, 1.5842
50.9715, 1.5837
49.8488, 0.2326
51.2348, 1.9661
50.8514, 1.5042
50.8751, 0.9808
49.8532, 0.5411
49.4737, 0.1845
49.48, 0.1
49.4655, 0.275
49.443687, 0.368311
49.437409, 0.218151
49.448724, 0.396713
49.455161, 0.424800
49.481515, 0.482322
49.484725, 0.495049
49.484914, 0.507550
49.481703, 0.517434
49.469782, 0.533620
49.433010, 0.584978
49.429949, 0.606664
49.455866, 0.659811
49.506181, 0.671959
49.495579, 0.667627
49.518308, 0.691014
49.520983, 0.745406
49.522588, 0.717661
49.521340, 0.712991
49.490063, 0.771652
49.490063, 0.771653
49.490063, 0.771651
49.490062, 0.771652
49.490064, 0.771652
49.439328, 0.160227
49.439325, 0.160230
49.439328, 0.160226
49.439327,0.173467
49.439330, 0.170569
51.934401,4.377200
51.943700,4.129800
52.037300,3.904400
51.892200,4.332200
51.913900,4.248600
51.964200,4.117690
52.009311, 3.319415
51.899475, 2.646135
51.964596, 3.061984
51.674554, 3.433342
51.902156, 3.850904
52.014548, 3.991651
51.977536, 4.090797
51.945738, 4.166528
51.819965, 4.115973
51.855161, 4.029716
51.479026, 1.145721
51.479026, 1.185721
51.479026, 1.215721
51.583895, 2.333114
51.568935, 1.859704
51.598850, 2.967002
50.529882, -0.948662
50.315171, -0.082080
51.777925, 2.886763
52.268800, 2.391295
51.619339, 3.013198
51.020357, 1.449636
49.012345,-4.987654
49.157923,-4.432109
49.303456,-3.876543
49.448989,-3.321098
49.594522,-2.765432
49.740055,-2.209877
50.176654,-0.543210
50.031121,-1.098765
50.467720,0.567890
50.322187,0.012345
50.613253,1.123435
56.267858, 7.573785
55.631699, 7.715810
55.136099, 7.959280
54.126168, 8.263617
57.509058, 7.614364
57.465437, 9.054894
55.275031, -1.191133
55.002453, -1.442615
54.988001, -1.478156
54.987524, -1.459667
54.991369, -1.448349
54.987609, -1.473070
55.011014, -1.425713
55.008025, -1.416926
54.853421, -0.946794
54.935784, 0.385311
53.612728, 0.018805
53.725924, -0.322126
53.531150, 0.380814
53.650258, -0.200416
53.667504, -0.180268
53.728471, -0.285485
53.713532, -0.392687
53.731230, -0.331205
53.720415, -0.299634
51.501718, 0.453924
51.491026, 0.460169
51.479360, 0.455485
51.497344, 0.478122
51.502204, 0.541350
51.449492, 0.357505
51.449265, 0.416103
51.456129, 0.426159
51.457919, 0.440046
51.449520, 0.351054
51.447506, 0.384187
51.470668, 0.444392
51.456107, 0.450651
51.506220, 0.527990
51.503742, 0.563807
51.550000,0.850000
51.485678,0.995678
51.490000,0.840000
51.500365, 0.641420
40.534019, -74.082968
40.470666, -73.686108
40.301987, -73.705842
40.622289, -72.645419
40.015628, -72.603264
40.774100, -71.533576
49.476882, 0.802385
50.570977, -5.409398
50.949876, -4.873455
40.421840, 25.131141
39.829935, 25.689223
40.052898, 26.251420
40.086238, 26.319492
40.017457, 26.101661
40.126086, 26.376385
40.266020, 26.521397
40.169631, 26.386718
40.140805, 26.391168
40.166644, 26.385394
40.280196, 26.536891
40.289069, 26.546577
40.307384, 26.584314
40.294302, 26.591175
40.344816, 26.626489
40.361448, 26.634425
40.356157, 26.643353
40.344816, 26.657242
40.384122, 26.660218
40.393115, 26.673738
40.404619, 26.709443
40.447481, 26.742402
40.422395, 26.764375
40.472558, 26.780854
40.433894, 26.816560
40.484049, 26.817933
40.428667, 26.882478
40.483004, 26.893464
40.442256, 26.936036
40.518509, 26.952516
40.466290, 27.019807
40.479676, 26.952781
40.537542, 26.982681
40.504482, 27.047917
40.582974, 27.167517
40.554066, 27.243625
40.646938, 27.270807
40.628374, 27.360507
40.717022, 27.395843
40.694356, 27.512724
40.782916, 27.466516
40.780858, 27.567088
40.873414, 27.607861
40.793206, 27.705715
40.780858, 27.741051
40.714962, 27.953068
40.854913, 27.950350
40.717022, 28.148777
40.824067, 28.222167
40.756155, 28.415158
40.877525, 28.499421
40.813170, 28.792174
40.933357, 28.853737
40.905446, 28.898510
40.896986, 28.974625
40.984920, 28.994773
41.022380, 28.995991
41.034218, 28.997417
41.026685, 29.003837
41.037765, 29.005776
41.038860, 29.022227
41.045063, 29.027791
41.038677, 29.026098
41.046706, 29.036501
41.074433, 29.046662
41.073521, 29.050774
41.070968, 29.054403
41.089076, 29.062273
41.079907, 29.058489
41.106186, 29.059300
41.104964, 29.064706
41.111481, 29.062003
41.118812, 29.086060
41.115758, 29.068761
41.127364, 29.093088
41.147088, 29.056939
41.142390, 29.068060
41.150560, 29.066975
41.158021, 29.046386
41.187250, 29.085743
41.182386, 29.092203
41.190156, 29.093891
41.189861, 29.108557
41.203008, 29.106334
41.207489, 29.110801
41.205697, 29.120332
41.215760, 29.116319
41.224935, 29.145256
41.243104, 29.124855
41.171502, 29.073700
45.295611,36.525722
45.341889,36.603155
45.375412,36.674182
36.744833,36.744833
45.431773, 36.750410
45.291045, 36.666973
45.144963, 36.505432
45.069412, 36.596420
45.061852, 36.735577
45.241634, 36.550746
42.153281,29.454972
42.846519,30.113870
43.225140,30.968411
43.612745,31.585222
43.925612,29.183144
44.111562,34.051279
44.385118,34.722451
44.655419,35.296148
44.917005,35.886144
39.481398, 24.538161
40.237358, 24.567558
39.744384, 25.770946
39.152289, 25.142633
37.668575, 25.692210
37.253643, 26.078043
36.250292, 24.861551
40.782971, 28.177198
54.372306, -4.982576
53.916365, -4.678431
53.724652, -4.147467
53.483008, -3.126778
53.436246, -3.019331
53.481884, -3.106933
53.468198, -3.131024
53.492960, -3.105838
53.508592, -3.299659
51.0300, 2.0800
51.0500, 2.2000
51.1000, 2.5000
51.392751, 3.799899
51.4000, 3.2500
51.4500, 3.3500
51.4800, 3.1000
51.5200, 3.2800
51.5500, 3.3800
51.5800, 3.2000
51.6000, 3.3000
51.8000, 3.9500
51.7500, 3.9000
51.752245, 3.817593
51.8600, 4.0000
51.9000, 3.8500
51.9200, 4.0500
52.0400, 4.0500
59.046697, 18.654542
58.938637, 18.493940
59.153664, 19.149057
58.728593, 17.703401
59.018627, 18.684021
59.504331, 19.214769
58.668004, 17.686543
59.432803, 19.522640
60.026125, 24.855969
60.122007, 24.933301
60.014225, 24.953873
59.906090, 24.964159
59.789839, 24.845868
59.673181, 24.665860
59.605593, 24.640144
59.498736, 24.717291
59.652399, 24.496138
59.670584, 24.619572
34.727543, 139.159776
35.003842, 139.266117
35.032872, 139.602866
35.134397, 139.679668
35.178744, 139.773929
35.238331, 139.771066
35.193937, 139.797604
35.041990, 139.647225
35.194970, 139.796340
35.231106, 139.792549
35.248652, 139.786231
35.253811, 139.802659
35.309516, 139.763484
35.332200, 139.738211
35.397123, 139.822878
35.409483, 139.788758
35.448611, 139.834251
35.436257, 139.853206
35.537068, 139.868053
35.480372, 139.877551
35.543091, 139.872911
21.731673, 87.951643
21.881500, 88.063785
21.470754, 87.734634
21.453250, 88.040274
21.448874, 87.838081
21.172894, 87.913316
21.667534, 87.838081
41.734033, 140.715731
41.653387, 140.992497
41.374609, 140.316826
20.871196, 89.674337
19.607507, 85.491393
13.076214, 80.306743
13.326730, 124.337836
12.804967, 124.721999
14.570925, 120.819959
14.331775, 120.128458
14.149849, 120.405058
14.408331, 119.012178
6.724489, 125.820212
6.891241, 125.859726
6.488978, 125.938755
6.263176, 126.195598
6.352073, 125.824695
5.887871, 125.819002
5.938840, 126.211850
18.923472, 72.773233
12.858816, 43.218732
12.894611, 43.361019
12.634976, 43.255451
12.567785, 43.452818
13.122690, 42.911207
12.536424, 43.521667
49.873641, 0.218615
49.742992, 0.086245
49.948855, 0.405490
50.033956, 0.623512
49.993928, 0.171896
25.491356, -79.211193
26.169714, -79.275063
38.400360, 11.498011
38.935723, 13.266351
37.403723, 12.039339
37.058181, 11.563947
50.385864, -6.269233
50.579411, -6.103322
51.103244, -5.467329
50.111793, -4.084737
49.773682, -5.024900
40.686260, -74.058597
40.683096, -74.043993
40.669647, -74.032518
40.643531, -74.065900
40.659360, -74.027302
40.603151, -74.048166
40.599191, -74.032518
40.575425, -74.073202
40.615822, -74.052338
40.523110, -74.016871
40.531039, -73.974101
40.537382, -74.082590
40.630074, -74.071115
40.563539, -74.028346
40.514387, -73.968885
40.519938, -74.006439
1.177856, 103.815182
1.161951, 103.692465
1.182400, 103.921991
6.647337, 96.606640
4.437380, 99.512450
3.644377, 100.608982
1.228984, 103.157535
2.218393, 104.579194
2.273877, 104.893843
2.777007, 104.314937
3.174810, 103.741894
3.401062, 103.847112
4.032765, 103.793526
7.651103, 104.704337
6.693816, 104.600960
7.001733, 105.290138
8.231284, 104.773255
5.666071, 104.049618
6.762259, 105.014467
1.707487, 104.653410
1.511697, 104.608895
1.756431, 104.515413
1.582895, 104.608895
1.302538, 104.301739
1.282917, 104.374228
1.242078, 104.257055
1.263572, 104.100109
1.756014, 104.848086
1.286983, 103.440494
1.244039, 103.420668
1.217611, 103.331455
1.303500, 103.352932
1.132627, 103.506521
34.806501, 139.719138
34.754385, 139.727069
34.804331, 139.642466
34.919307, 140.142153
35.014636, 140.306071
35.042781, 140.380099
34.813014, 139.906851
34.977818, 139.711206
34.836887, 139.769371
34.917139, 140.181811
35.040616, 140.678853
38.0000, -73.0000
36.5000, -72.5000
35.0000, -72.0000
33.5000, -71.5000
32.0000, -71.0000
30.5000, -70.5000
29.0000, -70.0000
27.5000, -69.5000
26.0000, -69.0000
24.5000, -68.5000
9.204824, -79.909083
9.218792, -79.899239
9.236402, -79.926924
9.266021, -79.911682
9.265852, -79.911491
9.269366, -79.912139
9.267814, -79.911827
9.262038, -79.911654
9.262067, -79.910623
9.260689, -79.911747
9.249862, -79.899678
9.246870, -79.895398
9.252678, -79.893793
9.245110, -79.885056
9.237124, -79.883398
9.225821, -79.884246
9.222053, -79.876187
9.276419, -79.913313
9.279157, -79.914045
9.279176, -79.913505
9.281331, -79.914212
9.285212, -79.914679
9.284949, -79.914512
9.283272, -79.915279
9.202973, -79.881277
9.193607, -79.878567
9.186650, -79.882633
9.188255, -79.874229
9.182292, -79.865132
9.181675, -79.859091
9.185171, -79.852009
9.182443, -79.841002
9.180940, -79.842398
9.184447, -79.858007
9.184698, -79.849378
9.175812, -79.830672
9.176701, -79.827881
9.173590, -79.828781
9.176524, -79.824459
9.173146, -79.819867
9.171545, -79.813023
9.165945, -79.815635
9.160256, -79.814824
9.159544, -79.808881
9.151810, -79.813564
9.138653, -79.814014
9.138920, -79.810142
9.131807, -79.811313
9.131630, -79.805550
9.125317, -79.808341
9.120161, -79.803028
9.121139, -79.800507
9.117849, -79.800867
9.119005, -79.796545
9.117404, -79.791232
9.116426, -79.789972
9.115537, -79.779706
9.118560, -79.784479
9.115448, -79.777635
9.114586, -79.775675
9.114750, -79.771407
9.113382, -79.770964
9.115298, -79.768359
9.113492, -79.769135
9.115790, -79.765532
9.114641, -79.764866
9.117651, -79.763758
9.119840, -79.759767
9.119265, -79.757158
9.121878, -79.753989
9.120331, -79.753641
9.121946, -79.751413
9.120778, -79.750472
9.117880, -79.720750
9.116596, -79.715001
9.115650, -79.708704
9.113825, -79.704119
9.113851, -79.701533
9.110128, -79.696827
9.110128, -79.694765
9.108789, -79.695145
9.108735, -79.692703
9.107128, -79.692432
9.104427, -79.689839
9.101662, -79.687515
9.098387, -79.686162
9.095539, -79.684514
9.091674, -79.682247
9.088266, -79.680238
9.079265, -79.675985
9.077813, -79.676061
9.077999, -79.675080
9.075504, -79.674967
9.074089, -79.673496
9.072502, -79.672546
9.070546, -79.672141
9.067121, -79.671357
9.066969, -79.670741
9.066842, -79.670074
9.067146, -79.669715
9.066867, -79.669355
9.066589, -79.668714
9.066411, -79.668021
9.065854, -79.667354
9.058626, -79.659522
9.056674, -79.657666
9.056911, -79.656348
9.053421, -79.655150
9.050464, -79.652395
9.048926, -79.650778
9.042024, -79.647278
9.039757, -79.644040
9.033595, -79.637507
9.029817, -79.633327
9.026852, -79.629089
9.019445, -79.621223
9.016241, -79.61723
9.011187, -79.612363
9.006627, -79.608369
9.002678, -79.606154
8.997348, -79.601098
8.994418, -79.598861
8.988656, -79.594242
8.986453, -79.592789
8.985092, -79.591706
8.980050, -79.587730
8.975909, -79.584289
8.973170, -79.581831
8.970327, -79.580081
8.966860, -79.575909
8.963851, -79.575494
8.953898, -79.569617
8.938417, -79.563181
8.924221, -79.549838
8.903941, -79.552917
8.831915, -79.537311
8.732317, -79.578808
8.681531, -79.430603
11.970696, -79.044201
14.109861, -78.021957
16.192784, -77.719070
17.425028, -75.826025
18.505457, -75.674581
19.114714, -74.690198
19.790455, -73.964909
5.933727, -88.732925
5.489430, -86.401128
4.797654, -82.580951
6.157321, -79.618536
5.565302, -81.187524
6.856126, -79.158661
9.024127, -90.420848
9.367581, -92.551896
10.181903, -94.813416
11.036841, -97.727298
11.931852, -100.989106
13.501484, -105.425164
13.981506, -77.767886
13.095387, -79.347741
15.801826, -77.342540
15.772590, -76.0057
11.134951, -79.013541
6.931665, -96.211155
4.980340, -92.963687
12.309591, -79.223848
14.142408, -78.036836
11.026881, -96.783431
9.859554, -94.286614
8.566674, -92.076317
7.188172, -89.538568
5.927626, -86.304985
9.330059, -79.921532
9.298866, -79.916896
9.348355, -79.927281
9.334349, -79.921891
9.369417, -79.926708
9.395037, -79.926159
9.692918, -79.944311
9.503381, -79.930988
14.2,-77.9
13.7,-79.3
12.4,-76.8
10.9,-76.2
15.1,-78.7
11.2,-80.4
16.3,-75.9
12.9,-74.8
13.1,-82.4
10.4,-81.2
9.1,-79.8
14.4,-72.9
16.6,-78.1
12.0,-75.5
13.8,-81.0
11.6,-77.4
15.9,-74.3
10.7,-73.9
8.9,-78.6
14.8,-83.0
12.2,-80.8
9.7,-74.9
16.1,-77.2
11.3,-75.0
12.5,-73.3
13.9,-76.7
15.4,-79.6
13.0,-78.9
11.8,-72.5
10.6,-76.3
16.5,-73.7
14.1,-80.1
12.7,-74.2
15.7,-75.6
9.9,-75.9
13.6,-77.1
16.2,-72.8
12.8,-81.9
14.9,-74.1
10.5,-80.2
8.7,-79.1
13.3,-72.3
15.0,-76.5
9.51,-79.84
9.67,-79.78
9.83,-79.72
9.99,-79.66
10.15,-79.6
10.31,-79.54
10.47,-79.48
10.63,-79.42
10.79,-79.36
10.95,-79.3
11.11,-79.24
11.27,-79.18
11.43,-79.12
11.59,-79.06
11.75,-79.0
11.91,-78.94
12.07,-78.88
12.23,-78.82
12.39,-78.76
12.55,-78.7
12.71,-78.64
12.87,-78.58
13.03,-78.52
13.19,-78.46
13.35,-78.4
13.51,-78.34
13.67,-78.28
13.83,-78.22
13.99,-78.16
14.15,-78.1
14.31,-78.04
14.47,-77.98
14.63,-77.92
14.79,-77.86
14.95,-77.8
15.11,-77.74
15.27,-77.68
15.43,-77.62
15.59,-77.56
15.75,-77.5
15.91,-77.44
16.07,-77.38
16.23,-77.32
16.39,-77.26
16.55,-77.2
16.71,-77.14
16.87,-77.08
17.03,-77.02
17.5,-77.0
40.5,-73.5
39.8,-73.6
39.1,-73.7
38.4,-73.8
37.7,-73.9
37.0,-74.0
36.3,-74.1
35.6,-74.2
34.9,-74.3
34.2,-74.4
33.5,-74.5
32.8,-74.6
32.1,-74.7
31.4,-74.8
30.7,-74.9
30.0,-75.0
29.3,-75.1
28.6,-75.2
27.9,-75.3
27.2,-75.4
26.5,-75.5
25.8,-75.6
25.1,-75.7
24.4,-75.8
23.7,-75.9
23.0,-76.0
22.3,-76.1
21.6,-76.2
20.9,-76.0
20.4,-75.6
20.1,-75.2
19.8,-74.8
19.8,-74.5
19.5,-74.8
19.2,-75.1
18.9,-75.4
18.6,-75.7
18.3,-76.0
18.0,-76.3
17.8,-76.5
17.7,-76.6
17.6,-76.7
17.55,-76.8
17.52,-76.9
17.5,-77.0
35.3149,141.552864
34.9536,143.455427
34.5923,145.357991
34.231,147.260554
33.8697,149.163118
33.5084,151.065681
33.1471,152.968245
32.7858,154.870808
32.4245,156.773372
32.0632,158.675935
31.7019,160.578499
31.3406,162.481062
30.9793,164.383626
30.618,166.286189
30.2567,168.188753
29.8954,170.091316
29.5341,171.99388
29.1728,173.896443
28.8115,175.799007
28.4502,177.70157
28.0889,-179.396866
27.7276,-177.494302
27.3663,-175.591739
27.005,-173.689175
26.6437,-171.786612
26.2824,-169.884048
25.9211,-167.981485
25.5598,-166.078921
25.1985,-164.176358
24.8372,-162.273794
24.4759,-160.371231
24.1146,-158.468667
23.7533,-156.566104
23.392,-154.66354
23.0307,-152.760977
22.6694,-150.858413
22.3081,-148.95585
21.9468,-147.053286
21.5855,-145.150723
21.2242,-143.248159
20.8629,-141.345596
20.5016,-139.443032
20.1403,-137.540469
19.779,-135.637905
19.4177,-133.735342
19.0564,-131.832778
18.6951,-129.930215
18.3338,-128.027651
17.9725,-126.125088
17.6112,-124.222524
17.2499,-122.319961
16.8886,-120.417397
16.5273,-118.514834
16.166,-116.61227
15.8047,-114.709707
15.4434,-112.807143
15.0821,-110.90458
14.7208,-109.002016
14.3595,-107.099453
13.9982,-105.196889
13.6369,-103.294326
13.2756,-101.391762
12.9143,-99.489199
12.553,-97.586635
12.1917,-95.684072
11.8304,-93.781508
11.4691,-91.878945
11.1078,-89.976381
10.7465,-88.073818
7.374182, -84.175306
6.841634, -83.053170
6.259997, -81.760273
6.017453, -80.711320
6.647831, -84.053335
7.156396, -86.980648
7.422564, -88.956584
45.349953, -12.737023
44.666435, -13.220422
43.274935, -14.055382
41.258947, -14.802453
42.857574, -11.462609