Name,MMSI,Latitude,Longitude,Speed,Timestamp,Ship Type,Ship Colour,Raw Destination,Destination Code,Destination Port/ City,Destination Country,Country of Origin,Direction,Length,Width,Rate of Turn,Navigational Status,IMO,Draught
ATLANTEN,257978600,63.5036,9.1938,0,2025-11-05 12:52:50,Unknown,DarkTurquoise,Unknown,Unknown,Unknown,Unknown,Norway 🇳🇴,360,Unknown,Unknown,-128,Under way using engine,Unknown,Unknown
SHUSWAP             ,316020067,49.1543,-122.9505,0,2025-11-05 14:17:45.268783741 +0000 UTC,Unknown,DarkTurquoise,Unknown,Unknown,Unknown,Unknown,Canada 🇨🇦,202.9,Unknown,Unknown,0,Undefined,Unknown,Unknown
IMPALA MAGANGUE,730151802,10.8833,-74.7389,0.2,2025-11-05 12:52:50,Unknown,DarkTurquoise,Unknown,Unknown,Unknown,Unknown,Colombia 🇨🇴,166,Unknown,Unknown,0,Under way sailing,Unknown,Unknown
REMBOEEN,257133820,67.2827,14.3707,Unknown,2025-11-05 12:52:50,Unknown,DarkTurquoise,Unknown,Unknown,Unknown,Unknown,Norway 🇳🇴,Unknown,Unknown,Unknown,Unknown,Unknown,Unknown,Unknown
AUTOPRESTIGE,255801580,59.57,10.4173,11.5,2025-11-05 12:52:50,Unknown,DarkTurquoise,Unknown,Unknown,Unknown,Unknown,Madeira (Portugal) 🇵🇹,19.3,Unknown,Unknown,0,Under way using engine,Unknown,Unknown
ROBIN M LEE         ,740366000,42.2414,-8.7184,0,2025-11-05 14:17:33.661484815 +0000 UTC,Fishing,Gold,ES VGO              ,Unknown,Unknown,Unknown,Falkland Islands (British Overseas Territory) 🇫🇰,283.9,70,13,0,Moored,8717465,5.5
IPANEMA,205382490,48.5163,2.671,0,2025-11-05 12:52:50,Unknown,DarkTurquoise,Unknown,Unknown,Unknown,Unknown,Belgium 🇧🇪,360,Unknown,Unknown,-128,Under way using engine,Unknown,Unknown
GEORGE C            ,367518250,29.9106,-89.9796,0.1,2025-11-05 12:52:50,Unknown,DarkTurquoise,Unknown,Unknown,Unknown,Unknown,United States 🇺🇸,123.6,Unknown,Unknown,-128,Under way using engine,Unknown,Unknown
WR36 NOVA VICTORIA  ,244877000,53.4549,5.5659,3.6,2025-11-05 12:52:50,Unknown,DarkTurquoise,Unknown,Unknown,Unknown,Unknown,Netherlands 🇳🇱,267,Unknown,Unknown,0,Under way using engine,Unknown,Unknown
ERNST HAGEDORN      ,218030270,56.142,10.2201,0,2025-11-05 12:52:50,Unknown,DarkTurquoise,Unknown,Unknown,Unknown,Unknown,Germany 🇩🇪,344.3,Unknown,Unknown,0,Moored,Unknown,Unknown
BENJACO             ,259995000,62.3613,5.775,8.3,2025-11-05 12:52:50,Unknown,DarkTurquoise,Unknown,Unknown,Unknown,Unknown,Norway 🇳🇴,229,Unknown,Unknown,0,Under way using engine,Unknown,Unknown
THUREDREGT          ,244670361,51.9107,5.4373,0,2025-11-05 12:52:50,Unknown,DarkTurquoise,Unknown,Unknown,Unknown,Unknown,Netherlands 🇳🇱,274.2,Unknown,Unknown,-128,Under way using engine,Unknown,Unknown
LONGWAVE            ,246645000,30.4261,-9.6419,0,2025-11-05 14:17:33.281817319 +0000 UTC,Cargo,ForestGreen,MAAGA               ,MAAGA,Agadir,Morocco,Netherlands 🇳🇱,201.7,130,17,0,Moored,9693109,5.2
EVELINE             ,244615524,51.9216,4.2182,Unknown,2025-11-05 12:52:50,Other Type,RoyalBlue,ROTTERDAM WESERHAVE,NLRTM,Rotterdam,Netherlands,Netherlands 🇳🇱,Unknown,86,12,Unknown,Unknown,0,0
W KLAIPEDA          ,538009143,51.9756,3.9928,0,2025-11-05 12:52:50,Unknown,DarkTurquoise,Unknown,Unknown,Unknown,Unknown,Marshall Islands 🇲🇭,16.5,Unknown,Unknown,0,Moored,Unknown,Unknown
ZEEHOND             ,244710393,53.2966,5.0907,0,2025-11-05 12:52:50,Unknown,DarkTurquoise,Unknown,Unknown,Unknown,Unknown,Netherlands 🇳🇱,236.5,Unknown,Unknown,0,Moored,Unknown,Unknown
SUZANNE,244270379,51.8059,5.5484,0,2025-11-05 12:52:50,Unknown,DarkTurquoise,Unknown,Unknown,Unknown,Unknown,Netherlands 🇳🇱,360,Unknown,Unknown,-128,Moored,Unknown,Unknown
BACK FORTY,367370960,47.6447,-122.3095,Unknown,2025-11-05 12:52:50,Unknown,DarkTurquoise,Unknown,Unknown,Unknown,Unknown,United States 🇺🇸,Unknown,Unknown,Unknown,Unknown,Unknown,Unknown,Unknown
OHIO VALLEY         ,366984390,38.9796,-84.8296,6.7,2025-11-05 12:52:50,Unknown,DarkTurquoise,Unknown,Unknown,Unknown,Unknown,United States 🇺🇸,348,Unknown,Unknown,0,,Unknown,Unknown
ASTINA,266220000,57.5945,11.6727,0,2025-11-05 14:17:44.69416594 +0000 UTC,Tanker,Navy,NOMON,NOMON,Mongstad,Norway,Sweden 🇸🇪,113.9,130,20,0,At anchor,9320063,5.7
MONTREAL,244700690,51.5455,4.2367,9.6,2025-11-05 12:52:50,Unknown,DarkTurquoise,Unknown,Unknown,Unknown,Unknown,Netherlands 🇳🇱,5.3,Unknown,Unknown,-128,Under way using engine,Unknown,Unknown
WESERLOTSE          ,211233660,53.8895,9.1449,0,2025-11-05 12:52:50,Unknown,DarkTurquoise,Unknown,Unknown,Unknown,Unknown,Germany 🇩🇪,117.6,Unknown,Unknown,0,Undefined,Unknown,Unknown
ROSEMARY MCALLISTER ,368006020,36.8526,-76.3054,0.2,2025-11-05 12:52:50,Unknown,DarkTurquoise,Unknown,Unknown,Unknown,Unknown,United States 🇺🇸,333.1,Unknown,Unknown,0,Undefined,Unknown,Unknown
KASTAAR,205256110,51.2345,4.4157,Unknown,2025-11-05 12:52:50,Unknown,DarkTurquoise,Unknown,Unknown,Unknown,Unknown,Belgium 🇧🇪,Unknown,Unknown,Unknown,Unknown,Unknown,Unknown,Unknown
GRAEMSAY,235019173,58.9163,-3.2894,7.9,2025-11-05 12:52:50,Unknown,DarkTurquoise,Unknown,Unknown,Unknown,Unknown,United Kingdom 🇬🇧,101.9,Unknown,Unknown,0,Moored,Unknown,Unknown
ST. GEORGE NO.1,316049125,50.0238,-125.239,Unknown,2025-11-05 12:52:50,Unknown,DarkTurquoise,Unknown,Unknown,Unknown,Unknown,Canada 🇨🇦,Unknown,Unknown,Unknown,Unknown,Unknown,Unknown,Unknown
DOERTI              ,211232210,28.8567,-13.8146,Unknown,2025-11-05 12:52:50,Unknown,DarkTurquoise,Unknown,Unknown,Unknown,Unknown,Germany 🇩🇪,Unknown,Unknown,Unknown,Unknown,Unknown,Unknown,Unknown
DISTRIBUTOR,232014850,51.4466,0.406,0.1,2025-11-05 12:52:50,Unknown,DarkTurquoise,Unknown,Unknown,Unknown,Unknown,United Kingdom 🇬🇧,268.1,Unknown,Unknown,-128,Under way using engine,Unknown,Unknown
LASCAUX             ,229291000,52.4613,4.0465,9.7,2025-11-05 12:52:50,Unknown,DarkTurquoise,Unknown,Unknown,Unknown,Unknown,Malta 🇲🇹,80.1,Unknown,Unknown,0,Under way using engine,Unknown,Unknown
RENOWN FR246        ,235114876,57.5047,-1.7714,0,2025-11-05 12:52:50,Fishing,Gold,Unknown,Unknown,Unknown,Unknown,United Kingdom 🇬🇧,57.6,Unknown,Unknown,0,Engaged in fishing,Unknown,Unknown
CALLIE,338412569,36.8026,-121.7859,Unknown,2025-11-05 12:52:50,Unknown,DarkTurquoise,Unknown,Unknown,Unknown,Unknown,United States 🇺🇸,Unknown,Unknown,Unknown,Unknown,Unknown,Unknown,Unknown
KNOCKOUT P          ,377901131,10.684,-61.5978,0,2025-11-05 12:52:50,Unknown,DarkTurquoise,Unknown,Unknown,Unknown,Unknown,Saint Vincent and the Grenadines 🇻🇨,276.9,Unknown,Unknown,0,Moored,Unknown,Unknown
VOE VANGUARD        ,232008636,51.4786,0.9385,0.1,2025-11-05 12:52:50,Unknown,DarkTurquoise,Unknown,Unknown,Unknown,Unknown,United Kingdom 🇬🇧,64.8,Unknown,Unknown,-128,Restricted manoeuvrability,Unknown,Unknown
ANNIE ,244140207,51.5309,4.2239,0,2025-11-05 12:52:50,Unknown,DarkTurquoise,Unknown,Unknown,Unknown,Unknown,Netherlands 🇳🇱,0,Unknown,Unknown,-128,Restricted manoeuvrability,Unknown,Unknown
ALKEKONGEN,257036290,66.0219,12.2404,Unknown,2025-11-05 12:52:50,Cargo,ForestGreen,FISHFARMS,FRV88,Charmes,France,Norway 🇳🇴,Unknown,15,8,Unknown,Unknown,0,0
FRIDE,257677700,61.3736,4.9661,0,2025-11-05 12:52:50,Unknown,DarkTurquoise,Unknown,Unknown,Unknown,Unknown,Norway 🇳🇴,36.9,Unknown,Unknown,-128,Under way using engine,Unknown,Unknown
MARMORIS            ,565662000,1.2504,103.8789,0.3,2025-11-05 12:52:50,Unknown,DarkTurquoise,Unknown,Unknown,Unknown,Unknown,Singapore 🇸🇬,248,Unknown,Unknown,0,Under way sailing,Unknown,Unknown
SYDNES              ,258007330,60.3987,5.2092,0,2025-11-05 12:52:50,Unknown,DarkTurquoise,Unknown,Unknown,Unknown,Unknown,Norway 🇳🇴,235.7,Unknown,Unknown,-128,Undefined,Unknown,Unknown
ENDEAVOUR,244770268,52.4004,4.8654,0,2025-11-05 12:52:50,Unknown,DarkTurquoise,Unknown,Unknown,Unknown,Unknown,Netherlands 🇳🇱,360,Unknown,Unknown,-128,Under way using engine,Unknown,Unknown
MAHIMAHI            ,366563000,37.7934,-122.3003,0,2025-11-05 12:52:50,Unknown,DarkTurquoise,Unknown,Unknown,Unknown,Unknown,United States 🇺🇸,214.8,Unknown,Unknown,0,Moored,Unknown,Unknown
VAKOVA,244670400,51.2494,4.3893,0,2025-11-05 12:52:50,Unknown,DarkTurquoise,Unknown,Unknown,Unknown,Unknown,Netherlands 🇳🇱,339.9,Unknown,Unknown,-128,Under way using engine,Unknown,Unknown
ZES PILOT           ,230187320,51.7931,4.6204,0,2025-11-05 12:52:50,Unknown,DarkTurquoise,Unknown,Unknown,Unknown,Unknown,Finland 🇫🇮,330.1,Unknown,Unknown,0,Moored,Unknown,Unknown
BOXER,211374560,53.5111,9.9398,7.2,2025-11-05 12:52:50,Unknown,DarkTurquoise,Unknown,Unknown,Unknown,Unknown,Germany 🇩🇪,352,Unknown,Unknown,0,Under way using engine,Unknown,Unknown
FEDJEBJORN,257088670,60.7867,4.8253,8.8,2025-11-05 14:17:42.420172447 +0000 UTC,Unknown,DarkTurquoise,Unknown,Unknown,Unknown,Unknown,Norway 🇳🇴,277.7,Unknown,Unknown,127,Under way using engine,Unknown,Unknown
AAROY               ,257720700,69.9771,23.3279,0,2025-11-05 14:17:36.60476452 +0000 UTC,High Speed Craft,DarkOrange,ALTAJORDXPRESSEN    ,NOALF,Alta,Norway,Norway 🇳🇴,124,32,11,0,Under way using engine,9753806,1.8
BAC 18              ,226006760,49.3869,1.0088,0,2025-11-05 12:52:50,Unknown,DarkTurquoise,Unknown,Unknown,Unknown,Unknown,France 🇫🇷,284.3,Unknown,Unknown,-128,Undefined,Unknown,Unknown
PARAPETO,263959032,42.1215,-8.8453,Unknown,2025-11-05 12:52:50,Unknown,DarkTurquoise,Unknown,Unknown,Unknown,Unknown,Portugal 🇵🇹,Unknown,Unknown,Unknown,Unknown,Unknown,Unknown,Unknown
IBIS VIII,244650969,53.5116,9.94,5.6,2025-11-05 12:52:50,Unknown,DarkTurquoise,Unknown,Unknown,Unknown,Unknown,Netherlands 🇳🇱,356,Unknown,Unknown,0,Moored,Unknown,Unknown
JAIMAR 3,224091770,39.5669,2.6337,Unknown,2025-11-05 12:52:50,Unknown,DarkTurquoise,Unknown,Unknown,Unknown,Unknown,Spain 🇪🇸,Unknown,Unknown,Unknown,Unknown,Unknown,Unknown,Unknown
GORINCHEM VIII,244750275,51.8247,4.7362,0,2025-11-05 12:52:50,Unknown,DarkTurquoise,Unknown,Unknown,Unknown,Unknown,Netherlands 🇳🇱,360,Unknown,Unknown,-128,Under way using engine,Unknown,Unknown
WLA 71,261009030,54.8481,18.4739,8.8,2025-11-05 14:17:32.17482554 +0000 UTC,Unknown,DarkTurquoise,Unknown,Unknown,Unknown,Unknown,Poland 🇵🇱,29.6,Unknown,Unknown,-128,Undefined,Unknown,Unknown
A GALEOTTA,228426700,43.321,5.3558,0,2025-11-05 12:52:50,Unknown,DarkTurquoise,Unknown,Unknown,Unknown,Unknown,France 🇫🇷,8,Unknown,Unknown,0,Moored,Unknown,Unknown
VECTURA,244620959,51.2814,4.3407,0,2025-11-05 12:52:50,Unknown,DarkTurquoise,Unknown,Unknown,Unknown,Unknown,Netherlands 🇳🇱,0,Unknown,Unknown,-128,Under way using engine,Unknown,Unknown
MIDNIGHT SUN,316001152,49.2941,-123.1272,Unknown,2025-11-05 12:52:50,Unknown,DarkTurquoise,Unknown,Unknown,Unknown,Unknown,Canada 🇨🇦,Unknown,Unknown,Unknown,Unknown,Unknown,Unknown,Unknown
KRVE 1,244136452,51.9328,4.1847,0,2025-11-05 12:52:50,Unknown,DarkTurquoise,Unknown,Unknown,Unknown,Unknown,Netherlands 🇳🇱,360,Unknown,Unknown,-128,Under way using engine,Unknown,Unknown
VIVA TIARA,269057231,49.3707,8.4995,7.3,2025-11-05 12:52:50,Unknown,DarkTurquoise,Unknown,Unknown,Unknown,Unknown,Switzerland 🇨🇭,189.4,Unknown,Unknown,-128,Under way using engine,Unknown,Unknown
F/V LE TREHIC       ,227643620,49.4001,-0.3073,2.6,2025-11-05 12:52:51,Unknown,DarkTurquoise,Unknown,Unknown,Unknown,Unknown,France 🇫🇷,132,Unknown,Unknown,-128,Under way using engine,Unknown,Unknown
CARTAGENA           ,538009082,45.4405,12.2359,0,2025-11-05 12:52:51,Unknown,DarkTurquoise,Unknown,Unknown,Unknown,Unknown,Marshall Islands 🇲🇭,124.2,Unknown,Unknown,0,Moored,Unknown,Unknown
DEO VOLENTE   ,244750250,51.352,3.8617,6.9,2025-11-05 12:52:51,Unknown,DarkTurquoise,Unknown,Unknown,Unknown,Unknown,Netherlands 🇳🇱,244.6,Unknown,Unknown,-128,Under way using engine,Unknown,Unknown
DONGE,244780772,51.8051,5.2089,0,2025-11-05 12:52:51,Unknown,DarkTurquoise,Unknown,Unknown,Unknown,Unknown,Netherlands 🇳🇱,360,Unknown,Unknown,-128,Moored,Unknown,Unknown
KORUNDIS,244670343,51.9132,5.9874,6.6,2025-11-05 12:52:51,Unknown,DarkTurquoise,Unknown,Unknown,Unknown,Unknown,Netherlands 🇳🇱,141.5,Unknown,Unknown,-128,Under way using engine,Unknown,Unknown
HELNESSUND,257032310,68.1253,13.8514,0,2025-11-05 12:52:51,Unknown,DarkTurquoise,Unknown,Unknown,Unknown,Unknown,Norway 🇳🇴,360,Unknown,Unknown,0,Under way using engine,Unknown,Unknown
SEA OX              ,367072930,29.6489,-91.1211,0,2025-11-05 12:52:51,Unknown,DarkTurquoise,Unknown,Unknown,Unknown,Unknown,United States 🇺🇸,224.7,Unknown,Unknown,-128,Moored,Unknown,Unknown
LAKE CHARLES        ,366970910,29.7759,-93.3479,0,2025-11-05 12:52:51,Unknown,DarkTurquoise,Unknown,Unknown,Unknown,Unknown,United States 🇺🇸,160.6,Unknown,Unknown,-128,Under way using engine,Unknown,Unknown
COASTRUNNER,235084268,49.4545,-2.5328,0,2025-11-05 12:52:51,Unknown,DarkTurquoise,Unknown,Unknown,Unknown,Unknown,United Kingdom 🇬🇧,38.1,Unknown,Unknown,-128,Under way using engine,Unknown,Unknown
AGAAT 8,205530090,51.248,4.3816,6.9,2025-11-05 12:52:51,Unknown,DarkTurquoise,Unknown,Unknown,Unknown,Unknown,Belgium 🇧🇪,273,Unknown,Unknown,-128,Under way using engine,Unknown,Unknown
M.C.S.,244008256,52.1769,5.0259,0,2025-11-05 14:17:45.826842942 +0000 UTC,Unknown,DarkTurquoise,Unknown,Unknown,Unknown,Unknown,Netherlands 🇳🇱,360,Unknown,Unknown,-128,Under way using engine,Unknown,Unknown
EBENHAEZER + TWIN,244690047,51.3295,3.8242,0,2025-11-05 14:17:32.753175818 +0000 UTC,Unknown,DarkTurquoise,Unknown,Unknown,Unknown,Unknown,Netherlands 🇳🇱,360,Unknown,Unknown,-128,Under way using engine,Unknown,Unknown
STARDUST,319178900,44.3933,8.9395,Unknown,2025-11-05 12:52:51,Pleasure Craft,PeachPuff,ITGOA,ITGOA,Genova,Italy,Cayman Islands (British Overseas Territory) 🇰🇾,Unknown,62,11,Unknown,Unknown,9775000,3.6
DUNKERQUE SEAWAYS   ,235028825,51.0562,1.6549,21.2,2025-11-05 12:52:51,Unknown,DarkTurquoise,Unknown,Unknown,Unknown,Unknown,United Kingdom 🇬🇧,118.9,Unknown,Unknown,0,Under way using engine,Unknown,Unknown
LONE STAR STATE     ,338925297,39.8879,-75.1922,0,2025-11-05 12:52:51,Unknown,DarkTurquoise,Unknown,Unknown,Unknown,Unknown,United States 🇺🇸,0,Unknown,Unknown,-128,Undefined,Unknown,Unknown
RHEINTANK 3   ,211625590,51.4507,6.7675,0,2025-11-05 12:52:51,Unknown,DarkTurquoise,Unknown,Unknown,Unknown,Unknown,Germany 🇩🇪,0,Unknown,Unknown,-128,Undefined,Unknown,Unknown
KS 5,211220870,53.5358,8.576,0.2,2025-11-05 14:17:45.360500238 +0000 UTC,Unknown,DarkTurquoise,Unknown,Unknown,Unknown,Unknown,Germany 🇩🇪,184.1,Unknown,Unknown,-128,Under way using engine,Unknown,Unknown
DRAGONFLY,232016911,50.8599,-1.3129,Unknown,2025-11-05 12:52:51,Unknown,DarkTurquoise,Unknown,Unknown,Unknown,Unknown,United Kingdom 🇬🇧,Unknown,Unknown,Unknown,Unknown,Unknown,Unknown,Unknown
HARDI,244700449,51.0889,4.3447,0,2025-11-05 12:52:51,Unknown,DarkTurquoise,Unknown,Unknown,Unknown,Unknown,Netherlands 🇳🇱,360,Unknown,Unknown,-128,Under way using engine,Unknown,Unknown
HURST POINT         ,235500000,50.8934,-1.4207,Unknown,2025-11-05 12:52:51,Cargo,ForestGreen,GBMAW               ,GBMAW,Marchwood,United Kingdom,United Kingdom 🇬🇧,Unknown,193,26,Unknown,Unknown,9234068,5.9
Unknown Vessel,622121410,-29.6616,31.5617,1.1,2025-11-05 12:52:51,Unknown,DarkTurquoise,Unknown,Unknown,Unknown,Unknown,Egypt 🇪🇬,35.7,Unknown,Unknown,0,Under way using engine,Unknown,Unknown
RWS 74              ,246582000,53.3311,6.9322,0,2025-11-05 12:52:51,Unknown,DarkTurquoise,Unknown,Unknown,Unknown,Unknown,Netherlands 🇳🇱,357,Unknown,Unknown,-128,Under way using engine,Unknown,Unknown
GUYANA HERO         ,366828000,8.0025,-56.712,0.2,2025-11-05 12:52:51,Unknown,DarkTurquoise,Unknown,Unknown,Unknown,Unknown,United States 🇺🇸,113.5,Unknown,Unknown,0,Under way using engine,Unknown,Unknown
ANGELS NAVIGATOR    ,368164540,33.6519,-118.2221,8.5,2025-11-05 12:52:51,Unknown,DarkTurquoise,Unknown,Unknown,Unknown,Unknown,United States 🇺🇸,6.2,Unknown,Unknown,127,Under way using engine,Unknown,Unknown
CHASING DAYLIGHT    ,319201600,26.0867,-80.1856,0,2025-11-05 12:52:51,Unknown,DarkTurquoise,Unknown,Unknown,Unknown,Unknown,Cayman Islands (British Overseas Territory) 🇰🇾,84.3,Unknown,Unknown,0,Moored,Unknown,Unknown
NW HERALD BAY       ,503048170,-32.0601,115.7451,0,2025-11-05 12:52:51,Unknown,DarkTurquoise,Unknown,Unknown,Unknown,Unknown,Australia 🇦🇺,318.4,Unknown,Unknown,-128,Undefined,Unknown,Unknown
SD BOUNTIFUL        ,235072757,50.8094,-1.0971,0,2025-11-05 14:17:32.0819991 +0000 UTC,Unknown,DarkTurquoise,Unknown,Unknown,Unknown,Unknown,United Kingdom 🇬🇧,343,Unknown,Unknown,0,Undefined,Unknown,Unknown
MOFN,367779190,25.7258,-80.2344,Unknown,2025-11-05 12:52:51,Unknown,DarkTurquoise,Unknown,Unknown,Unknown,Unknown,United States 🇺🇸,Unknown,Unknown,Unknown,Unknown,Unknown,Unknown,Unknown
FORSAND             ,257280400,58.8992,6.0696,5.9,2025-11-05 12:52:51,Unknown,DarkTurquoise,Unknown,Unknown,Unknown,Unknown,Norway 🇳🇴,58,Unknown,Unknown,0,Under way using engine,Unknown,Unknown
BERNINA,244660400,52.6421,6.0816,4.3,2025-11-05 12:52:51,Unknown,DarkTurquoise,Unknown,Unknown,Unknown,Unknown,Netherlands 🇳🇱,35.5,Unknown,Unknown,-128,Under way using engine,Unknown,Unknown
GOLIATH,219002798,55.698,12.6314,0,2025-11-05 12:52:51,Unknown,DarkTurquoise,Unknown,Unknown,Unknown,Unknown,Denmark 🇩🇰,360,Unknown,Unknown,-128,Under way using engine,Unknown,Unknown
HOEGH COPENHAGEN    ,257368000,51.3063,3.2277,0,2025-11-05 12:52:51,Unknown,DarkTurquoise,Unknown,Unknown,Unknown,Unknown,Norway 🇳🇴,60.6,Unknown,Unknown,0,Moored,Unknown,Unknown
MUTIN               ,227806500,48.3818,-4.4956,0,2025-11-05 12:52:51,Unknown,DarkTurquoise,Unknown,Unknown,Unknown,Unknown,France 🇫🇷,0,Unknown,Unknown,-128,At anchor,Unknown,Unknown
MURPHY'S LAW        ,538070052,26.1077,-80.117,0,2025-11-05 12:52:51,Unknown,DarkTurquoise,Unknown,Unknown,Unknown,Unknown,Marshall Islands 🇲🇭,269.8,Unknown,Unknown,-128,,Unknown,Unknown
NECKAR,211664770,49.484,8.5129,0,2025-11-05 12:52:51,Unknown,DarkTurquoise,Unknown,Unknown,Unknown,Unknown,Germany 🇩🇪,360,Unknown,Unknown,-128,Moored,Unknown,Unknown
TUGIDAK,367525770,47.6544,-122.3674,0,2025-11-05 14:17:45.069849536 +0000 UTC,Unknown,DarkTurquoise,Unknown,Unknown,Unknown,Unknown,United States 🇺🇸,291.6,Unknown,Unknown,-128,Undefined,Unknown,Unknown
INGA,257839280,59.2607,10.4889,Unknown,2025-11-05 12:52:51,Unknown,DarkTurquoise,Unknown,Unknown,Unknown,Unknown,Norway 🇳🇴,Unknown,Unknown,Unknown,Unknown,Unknown,Unknown,Unknown
SL ENDEAVOUR        ,503384200,-34.8368,138.5107,0,2025-11-05 14:17:42.01246974 +0000 UTC,Unknown,DarkTurquoise,Unknown,Unknown,Unknown,Unknown,Australia 🇦🇺,316,Unknown,Unknown,-128,Moored,Unknown,Unknown
LEEUW,253445000,39.6409,-0.2057,0,2025-11-05 12:52:51,Unknown,DarkTurquoise,Unknown,Unknown,Unknown,Unknown,Luxembourg 🇱🇺,4.1,Unknown,Unknown,0,Moored,Unknown,Unknown
FLORIJNGRACHT       ,246592000,1.2425,103.9602,6.2,2025-11-05 12:52:51,Unknown,DarkTurquoise,Unknown,Unknown,Unknown,Unknown,Netherlands 🇳🇱,323.1,Unknown,Unknown,-28,Under way using engine,Unknown,Unknown
NELSON              ,211662170,53.5072,9.9685,Unknown,2025-11-05 12:52:51,Port Tender,LimeGreen,HAMBURG             ,Unknown,Unknown,Unknown,Germany 🇩🇪,Unknown,26,7,Unknown,Unknown,0,1.3
MONBIJOU,211519690,52.4941,13.4637,0,2025-11-05 12:52:51,Unknown,DarkTurquoise,Unknown,Unknown,Unknown,Unknown,Germany 🇩🇪,0,Unknown,Unknown,-128,At anchor,Unknown,Unknown
MECKLENBURG,211495220,53.542,9.9825,Unknown,2025-11-05 12:52:51,Passenger Ship,Crimson,,Unknown,Unknown,Unknown,Germany 🇩🇪,Unknown,27,7,Unknown,Unknown,0,1.3
FISHER II,258144500,59.476,10.6876,0,2025-11-05 12:52:51,Unknown,DarkTurquoise,Unknown,Unknown,Unknown,Unknown,Norway 🇳🇴,360,Unknown,Unknown,0,Moored,Unknown,Unknown
GALLOPER            ,235062227,51.4447,0.3944,0,2025-11-05 12:52:51,Unknown,DarkTurquoise,Unknown,Unknown,Unknown,Unknown,United Kingdom 🇬🇧,311.7,Unknown,Unknown,-128,Under way using engine,Unknown,Unknown
JIN SHUN LI,416880857,25.257,121.8855,Unknown,2025-11-05 12:52:51,Unknown,DarkTurquoise,Unknown,Unknown,Unknown,Unknown,Taiwan 🇹🇼,Unknown,Unknown,Unknown,Unknown,Unknown,Unknown,Unknown
Unknown Vessel,503078410,-32.0675,115.7457,Unknown,2025-11-05 12:52:51,Unknown,DarkTurquoise,Unknown,Unknown,Unknown,Unknown,Australia 🇦🇺,Unknown,20,6,Unknown,Unknown,Unknown,Unknown
NETTO               ,538070998,26.0931,-80.1086,7.6,2025-11-05 12:52:51,Unknown,DarkTurquoise,Unknown,Unknown,Unknown,Unknown,Marshall Islands 🇲🇭,93.1,Unknown,Unknown,0,Under way using engine,Unknown,Unknown
ALYSSA CHOUEST      ,338055000,36.9166,-76.182,0,2025-11-05 12:52:51,Unknown,DarkTurquoise,Unknown,Unknown,Unknown,Unknown,United States 🇺🇸,5.2,Unknown,Unknown,0,Under way using engine,Unknown,Unknown
SEAEXPRESS          ,229353000,37.8865,23.5212,Unknown,2025-11-05 12:52:51,Tanker,Navy,GR PIR              ,GRPIR,Piraeus,Greece,Malta 🇲🇹,Unknown,180,32,Unknown,Unknown,9344019,7.5
PILOT20             ,477995051,22.3074,114.1596,0.2,2025-11-05 12:52:51,Unknown,DarkTurquoise,Unknown,Unknown,Unknown,Unknown,Hong Kong (China) 🇭🇰,146.9,Unknown,Unknown,-128,Undefined,Unknown,Unknown
TUG GULF DOLPHIN    ,470004823,25.1841,55.2075,0,2025-11-05 12:52:51,Unknown,DarkTurquoise,Unknown,Unknown,Unknown,Unknown,United Arab Emirates 🇦🇪,332.3,Unknown,Unknown,-128,Under way sailing,Unknown,Unknown
MUTATIO,244029273,51.2225,3.2328,1.4,2025-11-05 14:17:46.311478273 +0000 UTC,Unknown,DarkTurquoise,Unknown,Unknown,Unknown,Unknown,Netherlands 🇳🇱,315.5,Unknown,Unknown,-128,Under way using engine,Unknown,Unknown
ARGIE,211402850,51.5256,4.2229,0,2025-11-05 12:52:51,Unknown,DarkTurquoise,Unknown,Unknown,Unknown,Unknown,Germany 🇩🇪,360,Unknown,Unknown,0,Moored,Unknown,Unknown
RWS 43              ,244070618,51.8507,5.853,0,2025-11-05 12:52:51,Unknown,DarkTurquoise,Unknown,Unknown,Unknown,Unknown,Netherlands 🇳🇱,328.1,Unknown,Unknown,-128,Under way using engine,Unknown,Unknown
GARUFA,725001039,-32.928,-71.5402,Unknown,2025-11-05 12:52:51,Unknown,DarkTurquoise,Unknown,Unknown,Unknown,Unknown,Chile 🇨🇱,Unknown,Unknown,Unknown,Unknown,Unknown,Unknown,Unknown
NEW HORIZON         ,563039300,1.2423,103.7899,0,2025-11-05 14:17:33.687257577 +0000 UTC,Unknown,DarkTurquoise,Unknown,Unknown,Unknown,Unknown,Singapore 🇸🇬,4.7,Unknown,Unknown,0,At anchor,Unknown,Unknown
APL SAIPAN          ,229607000,37.5017,23.7259,13.5,2025-11-05 12:52:51,Unknown,DarkTurquoise,Unknown,Unknown,Unknown,Unknown,Malta 🇲🇹,184.6,Unknown,Unknown,0,Moored,Unknown,Unknown
CALDWELL            ,368058040,25.7699,-80.1695,1.1,2025-11-05 12:52:51,Unknown,DarkTurquoise,Unknown,Unknown,Unknown,Unknown,United States 🇺🇸,278.4,Unknown,Unknown,127,Under way using engine,Unknown,Unknown
MARTE,710000389,-3.7084,-38.4767,0.4,2025-11-05 12:52:51,Unknown,DarkTurquoise,Unknown,Unknown,Unknown,Unknown,Brazil 🇧🇷,54.5,Unknown,Unknown,-128,Under way using engine,Unknown,Unknown
CRYSTAL TIDE CE135,234863000,54.4578,-5.439,0,2025-11-05 12:52:51,Fishing,Gold,Unknown,Unknown,Unknown,Unknown,United Kingdom 🇬🇧,360,Unknown,Unknown,-128,Engaged in fishing,Unknown,Unknown
BELLE               ,503066180,-33.658,151.2987,Unknown,2025-11-05 12:52:51,Unknown,DarkTurquoise,Unknown,Unknown,Unknown,Unknown,Australia 🇦🇺,Unknown,Unknown,Unknown,Unknown,Unknown,Unknown,Unknown
ONE RESPONSIBILITY  ,477015200,50.3901,-1.2729,21.9,2025-11-05 14:17:43.159162983 +0000 UTC,Unknown,DarkTurquoise,Unknown,Unknown,Unknown,Unknown,Hong Kong (China) 🇭🇰,270.1,Unknown,Unknown,-3,Under way using engine,Unknown,Unknown
YIH DAH NO 168      ,416001071,25.1742,121.7488,8.1,2025-11-05 12:52:51,Unknown,DarkTurquoise,Unknown,Unknown,Unknown,Unknown,Taiwan 🇹🇼,337.9,Unknown,Unknown,-128,Undefined,Unknown,Unknown
LIAM,244138612,51.8289,4.1382,Unknown,2025-11-05 12:52:51,Unknown,DarkTurquoise,Unknown,Unknown,Unknown,Unknown,Netherlands 🇳🇱,Unknown,Unknown,Unknown,Unknown,Unknown,Unknown,Unknown
LYSOY               ,257056190,60.1407,5.4265,9.9,2025-11-05 12:52:51,Unknown,DarkTurquoise,Unknown,Unknown,Unknown,Unknown,Norway 🇳🇴,3.5,Unknown,Unknown,-127,Under way using engine,Unknown,Unknown
NELSON MANDELA,244260496,52.3751,4.8903,3.5,2025-11-05 14:17:20,Unknown,DarkTurquoise,Unknown,Unknown,Unknown,Unknown,Netherlands 🇳🇱,217.2,Unknown,Unknown,-128,Under way using engine,Unknown,Unknown
CULEMBORG II,244750780,51.9622,5.2155,1.1,2025-11-05 14:17:20,Unknown,DarkTurquoise,Unknown,Unknown,Unknown,Unknown,Netherlands 🇳🇱,339.7,Unknown,Unknown,-128,Undefined,Unknown,Unknown
COBRA               ,247165200,45.3043,12.3175,0.9,2025-11-05 14:17:20,Unknown,DarkTurquoise,Unknown,Unknown,Unknown,Unknown,Italy 🇮🇹,255.4,Unknown,Unknown,-127,Restricted manoeuvrability,Unknown,Unknown
BOBO,244020774,51.3323,3.8248,0,2025-11-05 14:17:21,Unknown,DarkTurquoise,Unknown,Unknown,Unknown,Unknown,Netherlands 🇳🇱,360,Unknown,Unknown,-128,Under way using engine,Unknown,Unknown
PRINSES CHRISTINA,244780634,52.368,4.8935,0,2025-11-05 14:17:32.01862231 +0000 UTC,Unknown,DarkTurquoise,Unknown,Unknown,Unknown,Unknown,Netherlands 🇳🇱,360,Unknown,Unknown,-128,Under way using engine,Unknown,Unknown
JANNINE,244850962,51.9052,4.5471,5.4,2025-11-05 14:17:32.02198051 +0000 UTC,Unknown,DarkTurquoise,Unknown,Unknown,Unknown,Unknown,Netherlands 🇳🇱,249.2,Unknown,Unknown,0,Under way using engine,Unknown,Unknown
FATA MORGANA,244180099,51.7874,4.7577,0,2025-11-05 14:17:32.023017482 +0000 UTC,Unknown,DarkTurquoise,Unknown,Unknown,Unknown,Unknown,Netherlands 🇳🇱,360,Unknown,Unknown,0,Under way using engine,Unknown,Unknown
VB INNOVATION       ,211106380,53.547,8.5663,0,2025-11-05 14:17:32.027502779 +0000 UTC,Unknown,DarkTurquoise,Unknown,Unknown,Unknown,Unknown,Germany 🇩🇪,284,Unknown,Unknown,0,Under way using engine,Unknown,Unknown
BOREAS,244010298,51.8875,5.5125,0,2025-11-05 14:17:32.028621032 +0000 UTC,Unknown,DarkTurquoise,Unknown,Unknown,Unknown,Unknown,Netherlands 🇳🇱,0,Unknown,Unknown,-128,Under way using engine,Unknown,Unknown
YU TAI NO.403,416000017,22.6177,120.279,0.1,2025-11-05 14:17:32.032958581 +0000 UTC,Unknown,DarkTurquoise,Unknown,Unknown,Unknown,Unknown,Taiwan 🇹🇼,312.6,Unknown,Unknown,-128,Under way using engine,Unknown,Unknown
JUNO'S 7            ,319303300,44.2444,9.0488,14.2,2025-11-05 14:17:32.035150696 +0000 UTC,Unknown,DarkTurquoise,Unknown,Unknown,Unknown,Unknown,Cayman Islands (British Overseas Territory) 🇰🇾,298.8,Unknown,Unknown,0,Under way using engine,Unknown,Unknown
MILLENNIUM TIME,235052106,51.5045,-0.1212,6.8,2025-11-05 14:17:32.034017771 +0000 UTC,Unknown,DarkTurquoise,Unknown,Unknown,Unknown,Unknown,United Kingdom 🇬🇧,13.9,Unknown,Unknown,-128,Under way using engine,Unknown,Unknown
PIONEER (PILOTS)    ,245711000,52.4645,4.5891,Unknown,2025-11-05 14:17:32.041712138 +0000 UTC,Pilot Vessel,LightGreen,IJMUIDEN            ,NLIJM,IJmuiden/Velsen,Netherlands,Netherlands 🇳🇱,Unknown,21,6,Unknown,Unknown,0,1.2
ODDEN,257767390,63.116,7.7382,0,2025-11-05 14:17:32.043407176 +0000 UTC,Unknown,DarkTurquoise,Unknown,Unknown,Unknown,Unknown,Norway 🇳🇴,329.3,Unknown,Unknown,-128,Undefined,Unknown,Unknown
NANAJESA,205547890,51.0794,4.367,0,2025-11-05 14:17:32.048230338 +0000 UTC,Unknown,DarkTurquoise,Unknown,Unknown,Unknown,Unknown,Belgium 🇧🇪,360,Unknown,Unknown,-128,Not under command,Unknown,Unknown
SCHILKSEE           ,211897000,54.3136,10.1336,0,2025-11-05 14:17:32.049372598 +0000 UTC,Unknown,DarkTurquoise,Unknown,Unknown,Unknown,Unknown,Germany 🇩🇪,315.8,Unknown,Unknown,-128,Under way using engine,Unknown,Unknown
 KADDY,211590050,53.5234,8.576,0,2025-11-05 14:17:32.054096249 +0000 UTC,Unknown,DarkTurquoise,Unknown,Unknown,Unknown,Unknown,Germany 🇩🇪,360,Unknown,Unknown,-128,Under way using engine,Unknown,Unknown
BURAN,211750990,53.5268,9.9709,0,2025-11-05 14:17:32.055955471 +0000 UTC,Unknown,DarkTurquoise,Unknown,Unknown,Unknown,Unknown,Germany 🇩🇪,360,Unknown,Unknown,-128,Under way using engine,Unknown,Unknown
VB PEARL            ,205415000,51.3383,3.8169,0,2025-11-05 14:17:32.057172801 +0000 UTC,Unknown,DarkTurquoise,Unknown,Unknown,Unknown,Unknown,Belgium 🇧🇪,47.5,Unknown,Unknown,0,Under way sailing,Unknown,Unknown
ULRIKA              ,265527920,57.7468,11.6558,6.2,2025-11-05 14:17:32.060544242 +0000 UTC,Unknown,DarkTurquoise,Unknown,Unknown,Unknown,Unknown,Sweden 🇸🇪,225.9,Unknown,Unknown,127,Undefined,Unknown,Unknown
FRI LIEPAJA         ,212802000,52.9749,-5.6135,7.8,2025-11-05 14:17:32.062722284 +0000 UTC,Unknown,DarkTurquoise,Unknown,Unknown,Unknown,Unknown,Cyprus 🇨🇾,6.4,Unknown,Unknown,-17,Under way using engine,Unknown,Unknown
F/V L'AS DES AS     ,228107000,43.4419,-1.8467,102.3,2025-11-05 14:17:32.063809606 +0000 UTC,Unknown,DarkTurquoise,Unknown,Unknown,Unknown,Unknown,France 🇫🇷,360,Unknown,Unknown,0,Undefined,Unknown,Unknown
VOLE AU VENT,253366000,46.8711,-2.4728,0.1,2025-11-05 14:17:32.06549483 +0000 UTC,Unknown,DarkTurquoise,Unknown,Unknown,Unknown,Unknown,Luxembourg 🇱🇺,172.1,Unknown,Unknown,0,Aground,Unknown,Unknown
TYEE TITAN          ,316013941,49.3276,-122.9193,Unknown,2025-11-05 14:17:32.06858709 +0000 UTC,Unknown,DarkTurquoise,Unknown,Unknown,Unknown,Unknown,Canada 🇨🇦,Unknown,Unknown,Unknown,Unknown,Unknown,Unknown,Unknown
MARIA T,237128700,38.0351,23.5516,0,2025-11-05 14:17:32.070341381 +0000 UTC,Unknown,DarkTurquoise,Unknown,Unknown,Unknown,Unknown,Greece 🇬🇷,195.4,Unknown,Unknown,-128,Restricted manoeuvrability,Unknown,Unknown
CHRIS ANDRA2,235033145,57.5013,-1.7743,0.1,2025-11-05 14:17:32.073688959 +0000 UTC,Unknown,DarkTurquoise,Unknown,Unknown,Unknown,Unknown,United Kingdom 🇬🇧,247.8,Unknown,Unknown,0,Under way using engine,Unknown,Unknown
FAIRPLAY-35         ,211795250,53.6511,9.51,0.1,2025-11-05 14:17:32.072228055 +0000 UTC,Unknown,DarkTurquoise,Unknown,Unknown,Unknown,Unknown,Germany 🇩🇪,160.8,Unknown,Unknown,0,Moored,Unknown,Unknown
BELVEDERE,211529640,52.5335,13.2192,0,2025-11-05 14:17:32.075125809 +0000 UTC,Unknown,DarkTurquoise,Unknown,Unknown,Unknown,Unknown,Germany 🇩🇪,360,Unknown,Unknown,-128,Under way using engine,Unknown,Unknown
AROS,219002416,56.1537,10.2172,Unknown,2025-11-05 14:17:32.076282784 +0000 UTC,Tug Boat,Silver,TOWING IN AARHUS,Unknown,Unknown,Unknown,Denmark 🇩🇰,Unknown,29,11,Unknown,Unknown,9259238,4.5
BARGE LESVOS I,987170280,27.0457,-13.4665,0,2025-11-05 14:17:32.077455479 +0000 UTC,Unknown,DarkTurquoise,Unknown,Unknown,Unknown,Unknown,Unknown,360,Unknown,Unknown,-128,Undefined,Unknown,Unknown
VITA NOVA,244700176,52.4362,4.8285,1.4,2025-11-05 14:17:32.078398167 +0000 UTC,Unknown,DarkTurquoise,Unknown,Unknown,Unknown,Unknown,Netherlands 🇳🇱,339.5,Unknown,Unknown,-128,Under way using engine,Unknown,Unknown
YAKA II             ,228065140,49.546,-0.4185,3.5,2025-11-05 14:17:32.079555798 +0000 UTC,Unknown,DarkTurquoise,Unknown,Unknown,Unknown,Unknown,France 🇫🇷,96.3,Unknown,Unknown,0,Undefined,Unknown,Unknown
WILLY,244820529,52.3477,4.9119,0,2025-11-05 14:17:32.080658382 +0000 UTC,Unknown,DarkTurquoise,Unknown,Unknown,Unknown,Unknown,Netherlands 🇳🇱,360,Unknown,Unknown,-128,Undefined,Unknown,Unknown
ARNEPLUS,244050680,51.4432,3.7184,0,2025-11-05 14:17:32.088759913 +0000 UTC,Unknown,DarkTurquoise,Unknown,Unknown,Unknown,Unknown,Netherlands 🇳🇱,82.7,Unknown,Unknown,-128,Under way using engine,Unknown,Unknown
SASKIA REICH,211395530,47.6509,7.5292,0,2025-11-05 14:17:32.089710328 +0000 UTC,Unknown,DarkTurquoise,Unknown,Unknown,Unknown,Unknown,Germany 🇩🇪,360,Unknown,Unknown,-128,At anchor,Unknown,Unknown
MYSING              ,265321000,59.3272,18.0748,0,2025-11-05 14:17:32.090528542 +0000 UTC,Unknown,DarkTurquoise,Unknown,Unknown,Unknown,Unknown,Sweden 🇸🇪,224.3,Unknown,Unknown,6,Under way using engine,Unknown,Unknown
IJSSEL,244615968,52.5894,5.7748,0,2025-11-05 14:17:33.317597572 +0000 UTC,Unknown,DarkTurquoise,,Unknown,Unknown,Unknown,Netherlands 🇳🇱,360,40,8,-128,Undefined,0,0
TWO JACKS,368277110,39.2788,-76.5838,Unknown,2025-11-05 14:17:32.091806571 +0000 UTC,Unknown,DarkTurquoise,Unknown,Unknown,Unknown,Unknown,United States 🇺🇸,Unknown,Unknown,Unknown,Unknown,Unknown,Unknown,Unknown
VICTORY,244161000,52.6554,5.636,0,2025-11-05 14:17:32.097143991 +0000 UTC,Other Type,RoyalBlue,SURVEY AMALIAHAVEN,OMOFC,Sur,Oman,Netherlands 🇳🇱,286.3,12,4,0,Moored,0,0
VECHT,244770319,52.5816,5.7602,5.6,2025-11-05 14:17:32.095781151 +0000 UTC,Other Type,RoyalBlue,,Unknown,Unknown,Unknown,Netherlands 🇳🇱,235.8,15,4,0,Moored,0,0
DAGNY,244060009,52.58,5.7616,Unknown,2025-11-05 14:17:32.098909524 +0000 UTC,Unknown,DarkTurquoise,Unknown,Unknown,Unknown,Unknown,Netherlands 🇳🇱,Unknown,Unknown,Unknown,Unknown,Unknown,Unknown,Unknown
GAASTERLAND,244740922,52.5784,5.4917,0.2,2025-11-05 14:17:44.535119243 +0000 UTC,Dredging or Underwater Operations,Black,GEHEIM,DECKH,Blankenheim,Germany,Netherlands 🇳🇱,360,86,10,127,Restricted manoeuvrability,0,0
OH SCRAP!,244660118,52.5755,5.87,0,2025-11-05 14:17:32.104979908 +0000 UTC,Tug Boat,Silver,KAMPEN,Unknown,Unknown,Unknown,Netherlands 🇳🇱,16.7,25,4,0,Under way using engine,0,0
LINDA,244770094,52.606,5.5798,0,2025-11-05 14:17:45.35554806 +0000 UTC,Dredging or Underwater Operations,Black,,Unknown,Unknown,Unknown,Netherlands 🇳🇱,360,86,8,-128,Restricted manoeuvrability,0,0
KW32,244030384,52.5179,5.6501,0.1,2025-11-05 14:17:42.304339957 +0000 UTC,Unknown,DarkTurquoise,Unknown,Unknown,Unknown,Unknown,Netherlands 🇳🇱,360,Unknown,Unknown,-128,,Unknown,Unknown
JOHANNES,244660478,51.8668,4.296,Unknown,2025-11-05 14:17:32.110822665 +0000 UTC,Tanker,Navy,ROTTERDAM  EXXONMOBI,NLRTM,Rotterdam,Netherlands,Netherlands 🇳🇱,Unknown,135,12,Unknown,Unknown,0,4
DESPERADO,244750142,52.5178,5.6495,0,2025-11-05 14:17:32.113447404 +0000 UTC,Tug Boat,Silver,GRONINGEN,Unknown,Unknown,Unknown,Netherlands 🇳🇱,237.8,15,4,0,Under way using engine,0,0
ORION,235081002,52.6065,5.6047,0.9,2025-11-05 14:17:32.117566166 +0000 UTC,High Speed Craft,DarkOrange,CREWTENDER,FRCKT,Cruet,France,United Kingdom 🇬🇧,236.4,18,6,0,Under way using engine,0,0
CHELLY N,341396002,52.6511,5.5715,4.5,2025-11-05 14:17:32.120506298 +0000 UTC,Towing,DarkGreen,URK,Unknown,Unknown,Unknown,Saint Kitts and Nevis 🇰🇳,113.3,37,10,0,Under way sailing,0,0
NORALY,244750640,52.6211,5.6341,8.2,2025-11-05 14:17:45.600227965 +0000 UTC,Unknown,DarkTurquoise,Unknown,Unknown,Unknown,Unknown,Netherlands 🇳🇱,318.1,Unknown,Unknown,-128,Under way using engine,Unknown,Unknown
VLIELAND,244150209,52.5687,5.8978,0,2025-11-05 14:17:32.124309631 +0000 UTC,Unknown,DarkTurquoise,Unknown,Unknown,Unknown,Unknown,Netherlands 🇳🇱,146.4,Unknown,Unknown,0,Under way using engine,Unknown,Unknown
BLUE MANTA,244860507,52.5806,5.7833,Unknown,2025-11-05 14:17:32.126935325 +0000 UTC,Unknown,DarkTurquoise,Unknown,Unknown,Unknown,Unknown,Netherlands 🇳🇱,Unknown,Unknown,Unknown,Unknown,Unknown,Unknown,Unknown
SIJTJE,244650640,52.6431,5.5931,8.7,2025-11-05 14:17:32.127453268 +0000 UTC,Cargo,ForestGreen,BETERE TOEKOMST,BEBER,Beerse,Belgium,Netherlands 🇳🇱,311.9,67,10,0,Under way using engine,0,0
HADASSA,244690203,52.6125,5.6465,9.2,2025-11-05 14:17:32.128597944 +0000 UTC,Unknown,DarkTurquoise,Unknown,Unknown,Unknown,Unknown,Netherlands 🇳🇱,319.8,Unknown,Unknown,0,Under way using engine,Unknown,Unknown
MEI,244690604,52.6059,5.7085,8,2025-11-05 14:17:32.132570686 +0000 UTC,Cargo,ForestGreen,MARKERWADDE,NLMKN,Marken,Netherlands,Netherlands 🇳🇱,266.4,74,10,0,Under way using engine,0,0
DIAFORA,244890030,52.5941,5.7102,7.6,2025-11-05 14:17:32.130481886 +0000 UTC,Cargo,ForestGreen,ZUIDERZEEHAVEN,INNHV,Nhave,India,Netherlands 🇳🇱,107.2,110,12,0,Under way using engine,0,0
BAR MELUS,244770571,52.5973,5.6818,7.5,2025-11-05 14:17:32.134719884 +0000 UTC,Cargo,ForestGreen,,Unknown,Unknown,Unknown,Netherlands 🇳🇱,114.9,40,6,0,Under way using engine,0,0
Unknown Vessel,244730201,52.6103,5.604,7.5,2025-11-05 14:17:32.137000779 +0000 UTC,Unknown,DarkTurquoise,,Unknown,Unknown,Unknown,Netherlands 🇳🇱,72.1,Unknown,Unknown,0,Under way using engine,0,0
Unknown Vessel,205535590,52.6054,5.6555,9.5,2025-11-05 14:17:34.140086389 +0000 UTC,Unknown,DarkTurquoise,,Unknown,Unknown,Unknown,Belgium 🇧🇪,129.7,Unknown,Unknown,-128,Under way using engine,0,0
GRINZA 7,244700356,52.6017,5.6712,9.8,2025-11-05 14:17:32.141500465 +0000 UTC,Cargo,ForestGreen,YSSELMEER,DEASS,Assel,Germany,Netherlands 🇳🇱,100.5,80,8,0,Constrained by her draught,0,0
JADAKY,244184909,52.5756,5.8856,7.1,2025-11-05 14:17:32.142664412 +0000 UTC,Unknown,DarkTurquoise,Unknown,Unknown,Unknown,Unknown,Netherlands 🇳🇱,310.6,Unknown,Unknown,0,Under way using engine,Unknown,Unknown
SINGOLARE           ,378114475,44.4204,8.8456,0,2025-11-05 14:17:32.145390658 +0000 UTC,Unknown,DarkTurquoise,Unknown,Unknown,Unknown,Unknown,British Virgin Islands (British Overseas Territory) 🇻🇬,3.4,Unknown,Unknown,0,Moored,Unknown,Unknown
EGALITE,253000057,51.8825,6.0099,12.7,2025-11-05 14:17:32.146946419 +0000 UTC,Unknown,DarkTurquoise,Unknown,Unknown,Unknown,Unknown,Luxembourg 🇱🇺,269.8,Unknown,Unknown,-128,Under way using engine,Unknown,Unknown
WR291 ESTHER JENKE  ,244213000,53.069,4.6775,10.1,2025-11-05 14:17:32.147709308 +0000 UTC,Fishing,Gold,Unknown,Unknown,Unknown,Unknown,Netherlands 🇳🇱,21.5,Unknown,Unknown,0,Engaged in fishing,Unknown,Unknown
PROGRESSO,244650928,51.7751,4.7476,6.8,2025-11-05 14:17:32.14900586 +0000 UTC,Unknown,DarkTurquoise,Unknown,Unknown,Unknown,Unknown,Netherlands 🇳🇱,199.4,Unknown,Unknown,-128,Under way using engine,Unknown,Unknown
ASTOR AA-55G,257502600,58.1838,8.6101,1.4,2025-11-05 14:17:32.152475549 +0000 UTC,Unknown,DarkTurquoise,Unknown,Unknown,Unknown,Unknown,Norway 🇳🇴,40.9,Unknown,Unknown,0,Under way using engine,Unknown,Unknown
R223 BUSTER         ,219005941,56.1592,12.2482,7.3,2025-11-05 14:17:32.155619303 +0000 UTC,Fishing,Gold,Unknown,Unknown,Unknown,Unknown,Denmark 🇩🇰,308.9,Unknown,Unknown,-127,Engaged in fishing,Unknown,Unknown
SCENIC JEWEL,229379000,52.0434,5.109,Unknown,2025-11-05 14:17:32.163284684 +0000 UTC,Passenger Ship,Crimson,ARNHEM,SEAAR,Ar,Sweden,Malta 🇲🇹,Unknown,135,12,Unknown,Unknown,0,1.7
OCEAN NOVA          ,309051000,-62.9015,-60.2855,Unknown,2025-11-05 14:17:32.164816877 +0000 UTC,Passenger Ship,Crimson,YANKEE              ,JPYNE,Yaene,Japan,Bahamas 🇧🇸,Unknown,73,12,Unknown,Unknown,8913916,4.5
MED CASTOR          ,247425400,38.4622,15.9064,0.1,2025-11-05 14:17:32.16735635 +0000 UTC,Unknown,DarkTurquoise,Unknown,Unknown,Unknown,Unknown,Italy 🇮🇹,334.6,Unknown,Unknown,0,Moored,Unknown,Unknown
ARNO ,244700479,51.8204,4.685,5.9,2025-11-05 14:17:32.168785769 +0000 UTC,Unknown,DarkTurquoise,Unknown,Unknown,Unknown,Unknown,Netherlands 🇳🇱,77.5,Unknown,Unknown,-128,Under way using engine,Unknown,Unknown
ATLANTIS            ,367684610,39.1141,-84.7031,0,2025-11-05 14:17:32.170100507 +0000 UTC,Unknown,DarkTurquoise,Unknown,Unknown,Unknown,Unknown,United States 🇺🇸,55.5,Unknown,Unknown,0,Under way using engine,Unknown,Unknown
MSC NERANO          ,636025448,53.5788,8.5347,Unknown,2025-11-05 14:17:32.171561328 +0000 UTC,Cargo,ForestGreen,DEBRV               ,DEBRV,Bremerhaven,Germany,Liberia 🇱🇷,Unknown,368,51,Unknown,Unknown,9963607,13.8
CHAUMINE,249240000,53.6698,-0.2347,0,2025-11-05 14:17:32.173289322 +0000 UTC,Unknown,DarkTurquoise,Unknown,Unknown,Unknown,Unknown,Malta 🇲🇹,349.9,Unknown,Unknown,0,Under way using engine,Unknown,Unknown
NOEMI,503004530,-34.8036,138.5321,Unknown,2025-11-05 14:17:32.17633266 +0000 UTC,Unknown,DarkTurquoise,Unknown,Unknown,Unknown,Unknown,Australia 🇦🇺,Unknown,Unknown,Unknown,Unknown,Unknown,Unknown,Unknown
AEGIR,211237980,53.6226,7.1547,0,2025-11-05 14:17:32.177718541 +0000 UTC,Unknown,DarkTurquoise,Unknown,Unknown,Unknown,Unknown,Germany 🇩🇪,360,Unknown,Unknown,-128,Moored,Unknown,Unknown
VB SPIRIT           ,218028060,53.5432,9.9186,0,2025-11-05 14:17:32.179947289 +0000 UTC,Unknown,DarkTurquoise,Unknown,Unknown,Unknown,Unknown,Germany 🇩🇪,278.6,Unknown,Unknown,0,Under way using engine,Unknown,Unknown
SEVERNAYA ZEMLIA    ,273340810,42.2558,-8.7858,0.1,2025-11-05 14:17:32.18202756 +0000 UTC,Unknown,DarkTurquoise,Unknown,Unknown,Unknown,Unknown,Russia 🇷🇺,7.6,Unknown,Unknown,0,Under way using engine,Unknown,Unknown
HERCULES            ,636015986,57.7799,10.171,12.5,2025-11-05 14:17:32.18346583 +0000 UTC,Unknown,DarkTurquoise,Unknown,Unknown,Unknown,Unknown,Liberia 🇱🇷,120.7,Unknown,Unknown,0,Under way using engine,Unknown,Unknown
US GOV VESSEL       ,338999000,32.6824,-117.1291,0,2025-11-05 14:17:32.184348512 +0000 UTC,Unknown,DarkTurquoise,Unknown,Unknown,Unknown,Unknown,United States 🇺🇸,143.9,Unknown,Unknown,-128,Under way using engine,Unknown,Unknown
NIL DESPERANDUM,244740783,51.1236,4.2992,0.2,2025-11-05 14:17:32.18772743 +0000 UTC,Unknown,DarkTurquoise,Unknown,Unknown,Unknown,Unknown,Netherlands 🇳🇱,98.9,Unknown,Unknown,-127,Under way using engine,Unknown,Unknown
MFV ADMIRAL GORDON  ,232047256,50.3673,-4.1323,0,2025-11-05 14:17:32.190103915 +0000 UTC,Unknown,DarkTurquoise,Unknown,Unknown,Unknown,Unknown,United Kingdom 🇬🇧,309.1,Unknown,Unknown,0,Under way using engine,Unknown,Unknown
ANITA D,368188830,46.169,-123.9138,0,2025-11-05 14:17:32.191330985 +0000 UTC,Unknown,DarkTurquoise,Unknown,Unknown,Unknown,Unknown,United States 🇺🇸,182.4,Unknown,Unknown,-128,Under way using engine,Unknown,Unknown
"SB_""GNU""        ",211754410,52.1874,11.6845,0,2025-11-05 14:17:32.194145729 +0000 UTC,Unknown,DarkTurquoise,Unknown,Unknown,Unknown,Unknown,Germany 🇩🇪,360,Unknown,Unknown,-128,Not under command,Unknown,Unknown
IROISE              ,228279650,48.3481,-4.5508,28,2025-11-05 14:17:32.195419849 +0000 UTC,Unknown,DarkTurquoise,Unknown,Unknown,Unknown,Unknown,France 🇫🇷,62.3,Unknown,Unknown,127,Under way using engine,Unknown,Unknown
IJSSELOORD,244615717,51.7608,4.2118,0,2025-11-05 14:17:32.197662465 +0000 UTC,Unknown,DarkTurquoise,Unknown,Unknown,Unknown,Unknown,Netherlands 🇳🇱,189.6,Unknown,Unknown,-128,Under way sailing,Unknown,Unknown
SPES,244730202,51.7441,5.3301,0,2025-11-05 14:17:32.200773113 +0000 UTC,Unknown,DarkTurquoise,Unknown,Unknown,Unknown,Unknown,Netherlands 🇳🇱,360,Unknown,Unknown,-128,Undefined,Unknown,Unknown
SCA OSTRAND,265413000,55.9141,16.0319,14.8,2025-11-05 14:17:32.20301087 +0000 UTC,Unknown,DarkTurquoise,Unknown,Unknown,Unknown,Unknown,Sweden 🇸🇪,239.6,Unknown,Unknown,0,Under way using engine,Unknown,Unknown
LCU 9732,235070237,50.393,-4.187,0,2025-11-05 14:17:32.204296796 +0000 UTC,Unknown,DarkTurquoise,Unknown,Unknown,Unknown,Unknown,United Kingdom 🇬🇧,29.5,Unknown,Unknown,0,Moored,Unknown,Unknown
ARIKI,211549520,51.8566,6.0928,0,2025-11-05 14:17:32.20708605 +0000 UTC,Unknown,DarkTurquoise,Unknown,Unknown,Unknown,Unknown,Germany 🇩🇪,17,Unknown,Unknown,-128,Under way using engine,Unknown,Unknown
EILTANK 72,211735640,51.8572,5.8417,5.7,2025-11-05 14:17:32.211736189 +0000 UTC,Unknown,DarkTurquoise,Unknown,Unknown,Unknown,Unknown,Germany 🇩🇪,134.6,Unknown,Unknown,-128,Under way using engine,Unknown,Unknown
F/V MA JO LI        ,228224800,49.504,-0.3949,3.2,2025-11-05 14:17:32.213109946 +0000 UTC,Unknown,DarkTurquoise,Unknown,Unknown,Unknown,Unknown,France 🇫🇷,123.5,Unknown,Unknown,-128,Under way using engine,Unknown,Unknown
LAUNKALNE,210388000,54.3824,18.657,Unknown,2025-11-05 14:17:32.216501845 +0000 UTC,Cargo,ForestGreen,EEKUN,Unknown,Unknown,Unknown,Cyprus 🇨🇾,Unknown,133,16,Unknown,Unknown,9504114,5.1
TMS-4,211555980,53.5294,10.0402,0,2025-11-05 14:17:32.218387267 +0000 UTC,Unknown,DarkTurquoise,Unknown,Unknown,Unknown,Unknown,Germany 🇩🇪,0,Unknown,Unknown,0,Under way using engine,Unknown,Unknown
    LIBEL           ,244750073,51.2104,6.6918,0,2025-11-05 14:17:32.219767807 +0000 UTC,Unknown,DarkTurquoise,Unknown,Unknown,Unknown,Unknown,Netherlands 🇳🇱,0,Unknown,Unknown,-128,,Unknown,Unknown
VIKING STAR         ,316003331,50.0383,-125.2452,0,2025-11-05 14:17:45.214169398 +0000 UTC,Fishing,Gold,,Unknown,Unknown,Unknown,Canada 🇨🇦,132.9,26,7,-128,Under way using engine,0,0
JOSEFIN,211522820,51.8538,5.8492,5.8,2025-11-05 14:17:32.222677671 +0000 UTC,Unknown,DarkTurquoise,Unknown,Unknown,Unknown,Unknown,Germany 🇩🇪,127.1,Unknown,Unknown,-128,Under way using engine,Unknown,Unknown
CEYLON,266148000,57.4867,11.6342,2.3,2025-11-05 14:17:32.227114394 +0000 UTC,Unknown,DarkTurquoise,Unknown,Unknown,Unknown,Unknown,Sweden 🇸🇪,22.5,Unknown,Unknown,-128,Under way using engine,Unknown,Unknown
BLADE RUNNER 2,235009804,50.8866,-1.3976,Unknown,2025-11-05 14:17:32.23072797 +0000 UTC,Cargo,ForestGreen,40 BERTHSOU,Unknown,Unknown,Unknown,United Kingdom 🇬🇧,Unknown,75,10,Unknown,Unknown,9287754,1.4
VERONIEKE,244670666,52.464,4.6081,0.9,2025-11-05 14:17:32.236120555 +0000 UTC,Unknown,DarkTurquoise,Unknown,Unknown,Unknown,Unknown,Netherlands 🇳🇱,272.6,Unknown,Unknown,-128,Under way using engine,Unknown,Unknown
COTE D IVOIRIAN STAR,636014241,50.9644,1.5421,17.7,2025-11-05 14:17:32.237726563 +0000 UTC,Unknown,DarkTurquoise,Unknown,Unknown,Unknown,Unknown,Liberia 🇱🇷,44.1,Unknown,Unknown,0,Under way using engine,Unknown,Unknown
NORDIC SANNGIJUQ    ,538009480,51.5572,1.803,0,2025-11-05 14:17:32.239019619 +0000 UTC,Unknown,DarkTurquoise,Unknown,Unknown,Unknown,Unknown,Marshall Islands 🇲🇭,58.4,Unknown,Unknown,2,At anchor,Unknown,Unknown
IBAIZABAL DIEZ      ,224874000,43.3465,-8.5299,0.1,2025-11-05 14:17:32.242826359 +0000 UTC,Unknown,DarkTurquoise,Unknown,Unknown,Unknown,Unknown,Spain 🇪🇸,315.7,Unknown,Unknown,0,Under way using engine,Unknown,Unknown
TIN TIN,227679820,32.8051,35.0304,Unknown,2025-11-05 14:17:32.259460371 +0000 UTC,Unknown,DarkTurquoise,Unknown,Unknown,Unknown,Unknown,France 🇫🇷,Unknown,Unknown,Unknown,Unknown,Unknown,Unknown,Unknown
USSUS               ,244650821,52.3758,4.9296,0,2025-11-05 14:17:32.26068793 +0000 UTC,Unknown,DarkTurquoise,Unknown,Unknown,Unknown,Unknown,Netherlands 🇳🇱,0,Unknown,Unknown,-128,Under way using engine,Unknown,Unknown
TSM BATZ            ,228429700,50.6309,1.4601,8.4,2025-11-05 14:17:32.261655869 +0000 UTC,Unknown,DarkTurquoise,Unknown,Unknown,Unknown,Unknown,France 🇫🇷,208.5,Unknown,Unknown,0,Under way using engine,Unknown,Unknown
NETWAVE SYSTEMS DEMO,244479446,52.0386,4.4997,0,2025-11-05 14:17:32.262704643 +0000 UTC,Unknown,DarkTurquoise,Unknown,Unknown,Unknown,Unknown,Netherlands 🇳🇱,360,Unknown,Unknown,-128,Under way using engine,Unknown,Unknown
BONAMAR DOS         ,224097340,41.2366,2.2142,2.4,2025-11-05 14:17:32.263612064 +0000 UTC,Fishing,Gold,Unknown,Unknown,Unknown,Unknown,Spain 🇪🇸,68.1,Unknown,Unknown,-128,Engaged in fishing,Unknown,Unknown
SVANEN              ,219003879,56.1544,10.2144,0,2025-11-05 14:17:32.265181123 +0000 UTC,Unknown,DarkTurquoise,Unknown,Unknown,Unknown,Unknown,Denmark 🇩🇰,295.6,Unknown,Unknown,-128,Moored,Unknown,Unknown
ANNY ,244700412,52.4207,4.8512,0,2025-11-05 14:17:32.266217089 +0000 UTC,Unknown,DarkTurquoise,Unknown,Unknown,Unknown,Unknown,Netherlands 🇳🇱,0,Unknown,Unknown,-128,Under way using engine,Unknown,Unknown
SWE-BULK            ,210382000,51.3424,4.296,0.5,2025-11-05 14:17:42.376394322 +0000 UTC,Unknown,DarkTurquoise,Unknown,Unknown,Unknown,Unknown,Cyprus 🇨🇾,292.6,Unknown,Unknown,0,Under way using engine,Unknown,Unknown
SHACKLETON,211877600,53.5417,9.9548,0,2025-11-05 14:17:32.26880721 +0000 UTC,Unknown,DarkTurquoise,Unknown,Unknown,Unknown,Unknown,Germany 🇩🇪,72,Unknown,Unknown,0,Not under command,Unknown,Unknown
CHARMAY,338422419,38.9602,-76.483,Unknown,2025-11-05 14:17:32.276078859 +0000 UTC,Unknown,DarkTurquoise,Unknown,Unknown,Unknown,Unknown,United States 🇺🇸,Unknown,Unknown,Unknown,Unknown,Unknown,Unknown,Unknown
MEDKON RIZE         ,356683000,39.3952,-0.2509,0.2,2025-11-05 14:17:32.280042482 +0000 UTC,Unknown,DarkTurquoise,Unknown,Unknown,Unknown,Unknown,Panama 🇵🇦,318.9,Unknown,Unknown,0,At anchor,Unknown,Unknown
DIEPE WIEDE,244083867,51.8985,5.5189,0,2025-11-05 14:17:32.284126234 +0000 UTC,Unknown,DarkTurquoise,Unknown,Unknown,Unknown,Unknown,Netherlands 🇳🇱,360,Unknown,Unknown,-128,Under way using engine,Unknown,Unknown
PROVIDENCE          ,240966000,37.8952,23.0691,7.2,2025-11-05 14:17:32.28630487 +0000 UTC,Unknown,DarkTurquoise,Unknown,Unknown,Unknown,Unknown,Greece 🇬🇷,279.6,Unknown,Unknown,0,Under way using engine,Unknown,Unknown
GANZESTAD,244650623,51.558,4.2338,7.4,2025-11-05 14:17:32.287606961 +0000 UTC,Unknown,DarkTurquoise,Unknown,Unknown,Unknown,Unknown,Netherlands 🇳🇱,337.5,Unknown,Unknown,-128,Under way using engine,Unknown,Unknown
LADY MALAK,255902680,37.9607,23.5728,Unknown,2025-11-05 14:17:32.289077938 +0000 UTC,Pleasure Craft,PeachPuff,ZEA MARINA,EGDOM,Dome Marina,Egypt,Madeira (Portugal) 🇵🇹,Unknown,32,8,Unknown,Unknown,0,2.3
ASTANA,246970000,55.9728,12.7015,14.1,2025-11-05 14:17:32.290305364 +0000 UTC,Unknown,DarkTurquoise,Unknown,Unknown,Unknown,Unknown,Netherlands 🇳🇱,335.8,Unknown,Unknown,-5,Under way using engine,Unknown,Unknown
LA BOHEME,367565180,37.7795,-122.3856,Unknown,2025-11-05 14:17:32.293954149 +0000 UTC,Unknown,DarkTurquoise,Unknown,Unknown,Unknown,Unknown,United States 🇺🇸,Unknown,Unknown,Unknown,Unknown,Unknown,Unknown,Unknown
HYUNDAI MARS        ,232024773,41.1815,2.3914,1.1,2025-11-05 14:17:32.303182862 +0000 UTC,Unknown,DarkTurquoise,Unknown,Unknown,Unknown,Unknown,United Kingdom 🇬🇧,22.7,Unknown,Unknown,5,Under way using engine,Unknown,Unknown
ROBIJN,244030318,51.89,4.3636,Unknown,2025-11-05 14:17:32.306091648 +0000 UTC,Wing In Ground,OliveDrab,NLXXX01207DOCKX0001,Unknown,Unknown,Unknown,Netherlands 🇳🇱,Unknown,110,13,Unknown,Unknown,0,1.6
LIAN YANG HU        ,414829000,1.2768,103.7405,0.1,2025-11-05 14:17:32.306635035 +0000 UTC,Unknown,DarkTurquoise,Unknown,Unknown,Unknown,Unknown,China 🇨🇳,234.2,Unknown,Unknown,0,Moored,Unknown,Unknown
KIRSTEN H           ,366623050,47.538,-122.3291,0,2025-11-05 14:17:32.312278162 +0000 UTC,Unknown,DarkTurquoise,Unknown,Unknown,Unknown,Unknown,United States 🇺🇸,272.9,Unknown,Unknown,0,Moored,Unknown,Unknown
GOLDEN MEADOW       ,368102250,30.0589,-93.3565,0,2025-11-05 14:17:32.317224508 +0000 UTC,Unknown,DarkTurquoise,Unknown,Unknown,Unknown,Unknown,United States 🇺🇸,80.6,Unknown,Unknown,0,Under way using engine,Unknown,Unknown
PELLWORM 1          ,211255580,54.4928,8.789,9.6,2025-11-05 14:17:32.318654369 +0000 UTC,Unknown,DarkTurquoise,Unknown,Unknown,Unknown,Unknown,Germany 🇩🇪,224.5,Unknown,Unknown,-127,Under way using engine,Unknown,Unknown
VB HUNTE,211466070,53.567,8.5483,0,2025-11-05 14:17:32.322957226 +0000 UTC,Unknown,DarkTurquoise,Unknown,Unknown,Unknown,Unknown,Germany 🇩🇪,289.8,Unknown,Unknown,0,Under way using engine,Unknown,Unknown
JEANNE ARAIN   ,367544180,46.3046,-124.0403,0,2025-11-05 14:17:32.324133113 +0000 UTC,Unknown,DarkTurquoise,Unknown,Unknown,Unknown,Unknown,United States 🇺🇸,0,Unknown,Unknown,-128,Undefined,Unknown,Unknown
WSP 1,211512790,51.4503,6.7418,0,2025-11-05 14:17:32.370727932 +0000 UTC,Unknown,DarkTurquoise,Unknown,Unknown,Unknown,Unknown,Germany 🇩🇪,6.4,Unknown,Unknown,0,Under way using engine,Unknown,Unknown
SNOW DRIFT          ,316003447,49.1763,-123.9318,0,2025-11-05 14:17:32.371504602 +0000 UTC,Unknown,DarkTurquoise,Unknown,Unknown,Unknown,Unknown,Canada 🇨🇦,318.2,Unknown,Unknown,0,Undefined,Unknown,Unknown
SD INDULGENT        ,235070763,50.807,-1.1042,0.7,2025-11-05 14:17:32.373055046 +0000 UTC,Unknown,DarkTurquoise,Unknown,Unknown,Unknown,Unknown,United Kingdom 🇬🇧,32,Unknown,Unknown,-127,Undefined,Unknown,Unknown
WESTRAC             ,366993010,47.5539,-122.342,3,2025-11-05 14:17:32.375683506 +0000 UTC,Unknown,DarkTurquoise,Unknown,Unknown,Unknown,Unknown,United States 🇺🇸,338.8,Unknown,Unknown,0,,Unknown,Unknown
DE AMSTERDAM        ,244180728,52.3838,4.9505,0,2025-11-05 14:17:45.586501257 +0000 UTC,Unknown,DarkTurquoise,Unknown,Unknown,Unknown,Unknown,Netherlands 🇳🇱,360,Unknown,Unknown,-128,Under way using engine,Unknown,Unknown
LEONARDO III        ,256224000,43.083,5.9334,0,2025-11-05 14:17:32.379557552 +0000 UTC,Unknown,DarkTurquoise,Unknown,Unknown,Unknown,Unknown,Malta 🇲🇹,293.3,Unknown,Unknown,0,Under way using engine,Unknown,Unknown
PATRIOT             ,367591250,27.9334,-82.4343,0,2025-11-05 14:17:32.380871327 +0000 UTC,Unknown,DarkTurquoise,Unknown,Unknown,Unknown,Unknown,United States 🇺🇸,275.9,Unknown,Unknown,0,Under way using engine,Unknown,Unknown
CHRISTOPHER STANNIX ,316027034,44.65,-63.5705,5.1,2025-11-05 14:17:32.381725139 +0000 UTC,Unknown,DarkTurquoise,Unknown,Unknown,Unknown,Unknown,Canada 🇨🇦,267.7,Unknown,Unknown,-20,Under way using engine,Unknown,Unknown
SVITZER MUIDEN      ,246115000,52.4056,4.8172,0,2025-11-05 14:17:32.385162601 +0000 UTC,Unknown,DarkTurquoise,Unknown,Unknown,Unknown,Unknown,Netherlands 🇳🇱,347.8,Unknown,Unknown,0,Under way using engine,Unknown,Unknown
MV OCEAN GAYLE      ,316014836,49.1178,-123.3206,8.9,2025-11-05 14:17:32.388661571 +0000 UTC,Unknown,DarkTurquoise,Unknown,Unknown,Unknown,Unknown,Canada 🇨🇦,321.2,Unknown,Unknown,127,Under way using engine,Unknown,Unknown
AGIOSGEORGIOS,237484000,37.9579,23.6125,0,2025-11-05 14:17:32.393529541 +0000 UTC,Fishing,Gold,Unknown,Unknown,Unknown,Unknown,Greece 🇬🇷,0,Unknown,Unknown,-128,Engaged in fishing,Unknown,Unknown
STAALBAS,257281000,69.6499,18.9813,0,2025-11-05 14:17:32.396251743 +0000 UTC,Unknown,DarkTurquoise,Unknown,Unknown,Unknown,Unknown,Norway 🇳🇴,345.1,Unknown,Unknown,-128,Moored,Unknown,Unknown
ANTARES             ,244710222,51.2224,3.2256,0,2025-11-05 14:17:32.397412761 +0000 UTC,Unknown,DarkTurquoise,Unknown,Unknown,Unknown,Unknown,Netherlands 🇳🇱,284.6,Unknown,Unknown,-128,Under way using engine,Unknown,Unknown
SVITZER TAURUS      ,244470000,52.4583,4.5842,0,2025-11-05 14:17:32.39959588 +0000 UTC,Unknown,DarkTurquoise,Unknown,Unknown,Unknown,Unknown,Netherlands 🇳🇱,325.5,Unknown,Unknown,0,,Unknown,Unknown
NAJADE,267131008,51.8131,4.6507,0,2025-11-05 14:17:32.40080879 +0000 UTC,Unknown,DarkTurquoise,Unknown,Unknown,Unknown,Unknown,Slovakia 🇸🇰,360,Unknown,Unknown,-128,Under way using engine,Unknown,Unknown
SEASTREAK NEW JERSEY,368396216,40.7592,-74.0136,21.9,2025-11-05 14:17:32.402074048 +0000 UTC,Unknown,DarkTurquoise,Unknown,Unknown,Unknown,Unknown,United States 🇺🇸,43.5,Unknown,Unknown,-128,Undefined,Unknown,Unknown
TRIX                ,257007140,70.6667,23.6611,0,2025-11-05 14:17:45.344646668 +0000 UTC,Tug Boat,Silver,,Unknown,Unknown,Unknown,Norway 🇳🇴,140.9,12,5,0,Under way using engine,0,0
HERBERT             ,265586850,59.3116,18.1299,0,2025-11-05 14:17:32.404525432 +0000 UTC,Unknown,DarkTurquoise,Unknown,Unknown,Unknown,Unknown,Sweden 🇸🇪,132.1,Unknown,Unknown,0,Under way using engine,Unknown,Unknown
PRIMADONNA          ,203999421,48.3122,14.2894,0.1,2025-11-05 14:17:32.405680879 +0000 UTC,Unknown,DarkTurquoise,Unknown,Unknown,Unknown,Unknown,Austria 🇦🇹,204.8,Unknown,Unknown,-128,Under way using engine,Unknown,Unknown
MAYA                ,431023117,35.3137,140.5692,11.9,2025-11-05 14:17:32.406828544 +0000 UTC,Unknown,DarkTurquoise,Unknown,Unknown,Unknown,Unknown,Japan 🇯🇵,38.8,Unknown,Unknown,0,Under way using engine,Unknown,Unknown
PRINCESS SHAHD      ,249496000,-9.7118,-35.7382,Unknown,2025-11-05 14:17:32.409012221 +0000 UTC,Cargo,ForestGreen,BR MCZ              ,BRMCZ,Maceio,Brazil,Malta 🇲🇹,Unknown,180,28,Unknown,Unknown,9392092,6
WSF TILLIKUM,366773090,47.6206,-122.5151,0,2025-11-05 14:17:32.410041788 +0000 UTC,Unknown,DarkTurquoise,Unknown,Unknown,Unknown,Unknown,United States 🇺🇸,17.6,Unknown,Unknown,0,Under way using engine,Unknown,Unknown
FENIKS ,244058183,52.4654,5.1159,0,2025-11-05 14:17:32.41093332 +0000 UTC,Unknown,DarkTurquoise,Unknown,Unknown,Unknown,Unknown,Netherlands 🇳🇱,360,Unknown,Unknown,-128,Under way using engine,Unknown,Unknown
TROY                ,253678000,51.535,2.1018,8.1,2025-11-05 14:17:32.414386562 +0000 UTC,Unknown,DarkTurquoise,Unknown,Unknown,Unknown,Unknown,Luxembourg 🇱🇺,220.7,Unknown,Unknown,0,Under way using engine,Unknown,Unknown
MEGASTAR,276829000,60.1428,24.9072,11.6,2025-11-05 14:17:46.770391507 +0000 UTC,Unknown,DarkTurquoise,Unknown,Unknown,Unknown,Unknown,Estonia 🇪🇪,209.7,Unknown,Unknown,-28,Under way using engine,Unknown,Unknown
INSPE 4,244690032,52.5095,5.3975,7.9,2025-11-05 14:17:32.417575528 +0000 UTC,Unknown,DarkTurquoise,Unknown,Unknown,Unknown,Unknown,Netherlands 🇳🇱,266.6,Unknown,Unknown,-128,Under way using engine,Unknown,Unknown
CAPTAIN RAPHAEL     ,368099010,29.6925,-91.2099,0,2025-11-05 14:17:32.418889396 +0000 UTC,Unknown,DarkTurquoise,Unknown,Unknown,Unknown,Unknown,United States 🇺🇸,33.7,Unknown,Unknown,0,,Unknown,Unknown
RIPPLE,211723180,10.681,-61.6339,Unknown,2025-11-05 14:17:32.42012969 +0000 UTC,Unknown,DarkTurquoise,Unknown,Unknown,Unknown,Unknown,Germany 🇩🇪,Unknown,Unknown,Unknown,Unknown,Unknown,Unknown,Unknown
NEPTUNE,253532000,51.4562,3.7207,Unknown,2025-11-05 14:17:32.421978441 +0000 UTC,Other Type,RoyalBlue,SCALDIAHAVEN,INHAL,Haldia,India,Luxembourg 🇱🇺,Unknown,60,38,Unknown,Unknown,9616864,6.8
VALENCIA,205266690,51.0726,4.3661,0,2025-11-05 14:17:32.423083888 +0000 UTC,Unknown,DarkTurquoise,Unknown,Unknown,Unknown,Unknown,Belgium 🇧🇪,360,Unknown,Unknown,-128,Under way using engine,Unknown,Unknown
EVANDRO R PILOT BOAT,710002353,-3.149,-58.4472,Unknown,2025-11-05 14:17:32.429352941 +0000 UTC,Unknown,DarkTurquoise,Unknown,Unknown,Unknown,Unknown,Brazil 🇧🇷,Unknown,Unknown,Unknown,Unknown,Unknown,Unknown,Unknown
KAEPP'N BRASS       ,211168190,54.1773,12.0885,Unknown,2025-11-05 14:17:32.430267706 +0000 UTC,Passenger Ship,Crimson,RSK                 ,Unknown,Unknown,Unknown,Germany 🇩🇪,Unknown,29,8,Unknown,Unknown,0,1.4
LOTTINA             ,265593530,59.7521,19.0806,0,2025-11-05 14:17:32.436947588 +0000 UTC,Unknown,DarkTurquoise,Unknown,Unknown,Unknown,Unknown,Sweden 🇸🇪,294,Unknown,Unknown,-128,Undefined,Unknown,Unknown
PANDA,244710588,52.0431,5.101,0,2025-11-05 14:17:32.437965342 +0000 UTC,Unknown,DarkTurquoise,Unknown,Unknown,Unknown,Unknown,Netherlands 🇳🇱,0,Unknown,Unknown,-128,Under way using engine,Unknown,Unknown
HJULSTABRON         ,265051080,59.5313,17.0076,0,2025-11-05 14:17:32.441647043 +0000 UTC,Unknown,DarkTurquoise,Unknown,Unknown,Unknown,Unknown,Sweden 🇸🇪,304.7,Unknown,Unknown,0,Undefined,Unknown,Unknown
DUENE               ,218041380,54.368,10.1384,0,2025-11-05 14:17:32.44888975 +0000 UTC,Unknown,DarkTurquoise,Unknown,Unknown,Unknown,Unknown,Germany 🇩🇪,73.7,Unknown,Unknown,0,Under way using engine,Unknown,Unknown
GEROMA,244740201,51.8218,4.71,0,2025-11-05 14:17:32.450518611 +0000 UTC,Unknown,DarkTurquoise,Unknown,Unknown,Unknown,Unknown,Netherlands 🇳🇱,0,Unknown,Unknown,-128,Under way using engine,Unknown,Unknown
FLOATING BRIDGE # 6 ,232008913,50.758,-1.292,0,2025-11-05 14:17:34.557742207 +0000 UTC,Passenger Ship,Crimson,,Unknown,Unknown,Unknown,United Kingdom 🇬🇧,292.1,38,16,-128,Restricted manoeuvrability,0,0
MON DESIR,244130422,51.8286,6.2286,5.2,2025-11-05 14:17:32.455109189 +0000 UTC,Unknown,DarkTurquoise,Unknown,Unknown,Unknown,Unknown,Netherlands 🇳🇱,90,Unknown,Unknown,0,Under way using engine,Unknown,Unknown
POLA,261183810,54.3818,18.662,0,2025-11-05 14:17:32.456878452 +0000 UTC,Unknown,DarkTurquoise,Unknown,Unknown,Unknown,Unknown,Poland 🇵🇱,125.6,Unknown,Unknown,0,Under way using engine,Unknown,Unknown
L ALBA,238076510,45.242,13.2719,6,2025-11-05 14:17:32.462375562 +0000 UTC,Unknown,DarkTurquoise,Unknown,Unknown,Unknown,Unknown,Croatia 🇭🇷,359,Unknown,Unknown,-128,Under way using engine,Unknown,Unknown
VIGGEN,230046140,60.3132,22.3016,0,2025-11-05 14:17:32.472640555 +0000 UTC,Unknown,DarkTurquoise,Unknown,Unknown,Unknown,Unknown,Finland 🇫🇮,352.9,Unknown,Unknown,0,Under way using engine,Unknown,Unknown
THOMAS JEFFERSON    ,367719770,29.9275,-89.9712,0,2025-11-05 14:17:32.478178208 +0000 UTC,Unknown,DarkTurquoise,Unknown,Unknown,Unknown,Unknown,United States 🇺🇸,360,Unknown,Unknown,-128,Undefined,Unknown,Unknown
COSTA NORD TRES,224065360,41.4355,2.2439,Unknown,2025-11-05 14:17:32.482511787 +0000 UTC,Unknown,DarkTurquoise,Unknown,Unknown,Unknown,Unknown,Spain 🇪🇸,Unknown,Unknown,Unknown,Unknown,Unknown,Unknown,Unknown
  KMARIN RIGOUR,235108529,51.9641,4.1266,Unknown,2025-11-05 14:17:32.500533227 +0000 UTC,Unknown,DarkTurquoise,LY MTH>NL RTM,NLRTM,Rotterdam,Netherlands,United Kingdom 🇬🇧,Unknown,250,44,Unknown,Unknown,9683049,12.6
MAQUOIT II,366950450,43.6565,-70.2482,0,2025-11-05 14:17:32.50136078 +0000 UTC,Unknown,DarkTurquoise,Unknown,Unknown,Unknown,Unknown,United States 🇺🇸,360,Unknown,Unknown,-128,Undefined,Unknown,Unknown
AQUILA,244710842,51.2407,4.3777,Unknown,2025-11-05 14:17:32.503110945 +0000 UTC,Cargo,ForestGreen,OOSTERWEELWERKEN,NLOME,Oostermeer,Netherlands,Netherlands 🇳🇱,Unknown,27,7,Unknown,Unknown,0,2.6
BRUCA,235090277,51.6282,0.8041,Unknown,2025-11-05 14:17:32.506645236 +0000 UTC,Unknown,DarkTurquoise,Unknown,Unknown,Unknown,Unknown,United Kingdom 🇬🇧,Unknown,Unknown,Unknown,Unknown,Unknown,Unknown,Unknown
Unknown Vessel,224022250,29.2289,-13.5026,0,2025-11-05 14:17:45.53797536 +0000 UTC,Unknown,DarkTurquoise,Unknown,Unknown,Unknown,Unknown,Spain 🇪🇸,360,Unknown,Unknown,-128,Under way using engine,Unknown,Unknown
ARKONA              ,255915650,48.9766,-123.7714,Unknown,2025-11-05 14:17:32.522236837 +0000 UTC,Cargo,ForestGreen,CA VAN              ,CAVAN,Vancouver,Canada,Madeira (Portugal) 🇵🇹,Unknown,190,29,Unknown,Unknown,9404443,6.5
LOIS H              ,366983840,47.5842,-122.4671,4.5,2025-11-05 14:17:32.523380636 +0000 UTC,Unknown,DarkTurquoise,Unknown,Unknown,Unknown,Unknown,United States 🇺🇸,194.5,Unknown,Unknown,127,,Unknown,Unknown
ROANOKE             ,366921050,41.6682,-71.2791,0,2025-11-05 14:17:32.525514464 +0000 UTC,Unknown,DarkTurquoise,Unknown,Unknown,Unknown,Unknown,United States 🇺🇸,360,Unknown,Unknown,-128,Under way using engine,Unknown,Unknown
GROTE STERN,244050969,51.8673,4.306,0,2025-11-05 14:17:32.526965965 +0000 UTC,Unknown,DarkTurquoise,Unknown,Unknown,Unknown,Unknown,Netherlands 🇳🇱,328.4,Unknown,Unknown,-128,Moored,Unknown,Unknown
TONG MING NO.7      ,416009434,22.6069,120.2838,0,2025-11-05 14:17:32.531939914 +0000 UTC,Unknown,DarkTurquoise,Unknown,Unknown,Unknown,Unknown,Taiwan 🇹🇼,360,Unknown,Unknown,-128,Under way using engine,Unknown,Unknown
YARIS,205263890,47.5431,7.6615,1.9,2025-11-05 14:17:32.533533368 +0000 UTC,Unknown,DarkTurquoise,Unknown,Unknown,Unknown,Unknown,Belgium 🇧🇪,93.1,Unknown,Unknown,-128,Under way using engine,Unknown,Unknown
PURE SPIRIT ,244052330,52.3655,4.9016,1.3,2025-11-05 14:17:32.537396061 +0000 UTC,Unknown,DarkTurquoise,Unknown,Unknown,Unknown,Unknown,Netherlands 🇳🇱,344.9,Unknown,Unknown,-128,Under way sailing,Unknown,Unknown
FONIKS-SPIRIT       ,219026071,54.5177,18.5544,0,2025-11-05 14:17:32.540493914 +0000 UTC,Unknown,DarkTurquoise,Unknown,Unknown,Unknown,Unknown,Denmark 🇩🇰,296.7,Unknown,Unknown,-128,Under way using engine,Unknown,Unknown
DE TIJD ZAL 'T LEREN,244670810,51.9854,5.4381,5.9,2025-11-05 14:17:32.542160484 +0000 UTC,Unknown,DarkTurquoise,Unknown,Unknown,Unknown,Unknown,Netherlands 🇳🇱,73.4,Unknown,Unknown,-128,Under way using engine,Unknown,Unknown
BREES               ,367489730,39.2754,-81.6294,0,2025-11-05 14:17:32.543819223 +0000 UTC,Unknown,DarkTurquoise,Unknown,Unknown,Unknown,Unknown,United States 🇺🇸,295.9,Unknown,Unknown,-128,,Unknown,Unknown
YP703,369970039,38.9843,-76.467,0,2025-11-05 14:17:32.545478969 +0000 UTC,Unknown,DarkTurquoise,Unknown,Unknown,Unknown,Unknown,United States 🇺🇸,306.1,Unknown,Unknown,0,Moored,Unknown,Unknown
STORMVOGEL,244670594,52.2698,5.329,0,2025-11-05 14:17:32.551877555 +0000 UTC,Unknown,DarkTurquoise,Unknown,Unknown,Unknown,Unknown,Netherlands 🇳🇱,316.3,Unknown,Unknown,-128,Under way using engine,Unknown,Unknown
SVITZER TYPHOON     ,244050197,52.4097,4.8457,0,2025-11-05 14:17:32.563346646 +0000 UTC,Unknown,DarkTurquoise,Unknown,Unknown,Unknown,Unknown,Netherlands 🇳🇱,71,Unknown,Unknown,0,Under way sailing,Unknown,Unknown
WLA-184 HELOT       ,261005510,54.5238,18.5503,0,2025-11-05 14:17:32.564614204 +0000 UTC,Unknown,DarkTurquoise,Unknown,Unknown,Unknown,Unknown,Poland 🇵🇱,315.3,Unknown,Unknown,0,Under way using engine,Unknown,Unknown
GPC ROSARIO         ,730128000,10.4049,-75.5308,0,2025-11-05 14:17:32.569674903 +0000 UTC,Unknown,DarkTurquoise,Unknown,Unknown,Unknown,Unknown,Colombia 🇨🇴,290.3,Unknown,Unknown,0,Under way using engine,Unknown,Unknown
AURORA              ,219018833,56.1534,10.2168,0,2025-11-05 14:17:32.573744577 +0000 UTC,Unknown,DarkTurquoise,Unknown,Unknown,Unknown,Unknown,Denmark 🇩🇰,289.9,Unknown,Unknown,0,Moored,Unknown,Unknown
OCEAN CONFIDENCE    ,477960900,-32.8835,151.7561,0,2025-11-05 14:17:32.578015381 +0000 UTC,Unknown,DarkTurquoise,Unknown,Unknown,Unknown,Unknown,Hong Kong (China) 🇭🇰,263,Unknown,Unknown,0,Moored,Unknown,Unknown
PRINS CONSTANTIJN,244780645,52.3678,4.8939,0,2025-11-05 14:17:32.579849112 +0000 UTC,Unknown,DarkTurquoise,Unknown,Unknown,Unknown,Unknown,Netherlands 🇳🇱,360,Unknown,Unknown,-128,Under way using engine,Unknown,Unknown
TAI HE 101          ,577101000,22.6002,120.2821,0,2025-11-05 14:17:32.581131134 +0000 UTC,Unknown,DarkTurquoise,Unknown,Unknown,Unknown,Unknown,Vanuatu 🇻🇺,107.2,Unknown,Unknown,0,Undefined,Unknown,Unknown
ORANJE,244150437,51.8945,4.4765,0,2025-11-05 14:17:32.625656062 +0000 UTC,Unknown,DarkTurquoise,Unknown,Unknown,Unknown,Unknown,Netherlands 🇳🇱,360,Unknown,Unknown,-128,Under way using engine,Unknown,Unknown
CURA DEI,244670386,51.6794,7.775,0,2025-11-05 14:17:32.629144025 +0000 UTC,Unknown,DarkTurquoise,Unknown,Unknown,Unknown,Unknown,Netherlands 🇳🇱,360,Unknown,Unknown,-128,Under way using engine,Unknown,Unknown
ISLAND CHIEF,366838990,47.2849,-122.4101,5.5,2025-11-05 14:17:32.630250731 +0000 UTC,Unknown,DarkTurquoise,Unknown,Unknown,Unknown,Unknown,United States 🇺🇸,303.8,Unknown,Unknown,-128,,Unknown,Unknown
SC LYNX             ,244578000,51.2336,4.3973,0.1,2025-11-05 14:17:32.631867731 +0000 UTC,Unknown,DarkTurquoise,Unknown,Unknown,Unknown,Unknown,Netherlands 🇳🇱,347,Unknown,Unknown,0,Under way using engine,Unknown,Unknown
CHARISMA,211576840,52.5368,13.2419,0,2025-11-05 14:17:32.632882708 +0000 UTC,Unknown,DarkTurquoise,Unknown,Unknown,Unknown,Unknown,Germany 🇩🇪,360,Unknown,Unknown,-128,Undefined,Unknown,Unknown
LIBERTY GLORY       ,338217000,29.7371,-95.2795,0,2025-11-05 14:17:32.634859631 +0000 UTC,Unknown,DarkTurquoise,Unknown,Unknown,Unknown,Unknown,United States 🇺🇸,289,Unknown,Unknown,0,Moored,Unknown,Unknown
TILILA              ,242531300,30.4216,-9.6361,0.1,2025-11-05 14:17:32.636471375 +0000 UTC,Unknown,DarkTurquoise,Unknown,Unknown,Unknown,Unknown,Morocco 🇲🇦,109.3,Unknown,Unknown,0,Under way using engine,Unknown,Unknown
AUDREY GUIDRY,367112570,29.7362,-95.1378,0.1,2025-11-05 14:17:32.635623624 +0000 UTC,Unknown,DarkTurquoise,Unknown,Unknown,Unknown,Unknown,United States 🇺🇸,99.7,Unknown,Unknown,-128,Under way using engine,Unknown,Unknown
DOUWINA,244650279,52.1057,5.0687,0,2025-11-05 14:17:32.638150385 +0000 UTC,Unknown,DarkTurquoise,Unknown,Unknown,Unknown,Unknown,Netherlands 🇳🇱,360,Unknown,Unknown,-128,Under way using engine,Unknown,Unknown
PILOT BOAT RONI II  ,428625000,32.8218,35.0077,0.1,2025-11-05 14:17:32.639828671 +0000 UTC,Unknown,DarkTurquoise,Unknown,Unknown,Unknown,Unknown,Israel 🇮🇱,70.7,Unknown,Unknown,-128,Under way using engine,Unknown,Unknown
PANTA RHEI,244750541,51.8855,4.2808,Unknown,2025-11-05 14:17:32.640846571 +0000 UTC,Cargo,ForestGreen,1E WERKHAVEN IN DE B,Unknown,Unknown,Unknown,Netherlands 🇳🇱,Unknown,110,12,Unknown,Unknown,0,0
RI323 KITTY SUSAN   ,219011225,55.4739,8.4253,0,2025-11-05 14:17:32.641543962 +0000 UTC,Fishing,Gold,Unknown,Unknown,Unknown,Unknown,Denmark 🇩🇰,360,Unknown,Unknown,0,Engaged in fishing,Unknown,Unknown
SARK VENTURE,235076756,49.4545,-2.5315,0,2025-11-05 14:17:32.642096959 +0000 UTC,Unknown,DarkTurquoise,Unknown,Unknown,Unknown,Unknown,United Kingdom 🇬🇧,315,Unknown,Unknown,-128,Undefined,Unknown,Unknown
AURORA AF HELSINGBOR,265041000,56.034,12.6296,11.1,2025-11-05 14:17:32.643371549 +0000 UTC,Unknown,DarkTurquoise,Unknown,Unknown,Unknown,Unknown,Sweden 🇸🇪,246.5,Unknown,Unknown,127,Under way using engine,Unknown,Unknown
PAWLINA             ,256051000,35.8164,14.5426,0,2025-11-05 14:17:44.424696049 +0000 UTC,Towing,DarkGreen,MTMLA               ,Unknown,Unknown,Unknown,Malta 🇲🇹,155.9,30,10,-128,Under way using engine,9237929,6.4
STORE BAELT         ,244620631,53.1837,5.5563,0,2025-11-05 14:17:32.645734429 +0000 UTC,Unknown,DarkTurquoise,Unknown,Unknown,Unknown,Unknown,Netherlands 🇳🇱,292.1,Unknown,Unknown,-128,Undefined,Unknown,Unknown
C-INSTALLER         ,366291000,10.6786,-61.6333,0,2025-11-05 14:17:32.648240642 +0000 UTC,Unknown,DarkTurquoise,Unknown,Unknown,Unknown,Unknown,United States 🇺🇸,251,Unknown,Unknown,0,Moored,Unknown,Unknown
SCALLOP FIGHTER,257000020,60.1556,5.9543,8.8,2025-11-05 14:17:32.649131494 +0000 UTC,Unknown,DarkTurquoise,Unknown,Unknown,Unknown,Unknown,Norway 🇳🇴,213,Unknown,Unknown,0,Under way using engine,Unknown,Unknown
Unknown Vessel,258027330,70.0751,22.6698,0,2025-11-05 14:17:32.649715335 +0000 UTC,Unknown,DarkTurquoise,Unknown,Unknown,Unknown,Unknown,Norway 🇳🇴,118.3,Unknown,Unknown,0,Under way using engine,Unknown,Unknown
SODERARM            ,265538450,59.3303,18.0792,0,2025-11-05 14:17:32.646265544 +0000 UTC,Unknown,DarkTurquoise,Unknown,Unknown,Unknown,Unknown,Sweden 🇸🇪,276.3,Unknown,Unknown,0,Undefined,Unknown,Unknown
SAAM VENTA          ,316028782,54.2921,-130.3559,0,2025-11-05 14:17:32.647201622 +0000 UTC,Unknown,DarkTurquoise,Unknown,Unknown,Unknown,Unknown,Canada 🇨🇦,231.6,Unknown,Unknown,0,Under way using engine,Unknown,Unknown
ORKIM RELIANCE      ,533057200,1.1867,103.7006,0,2025-11-05 14:17:32.647780372 +0000 UTC,Unknown,DarkTurquoise,Unknown,Unknown,Unknown,Unknown,Malaysia 🇲🇾,164.5,Unknown,Unknown,0,At anchor,Unknown,Unknown
AMPERE              ,257642000,61.0876,5.4999,Unknown,2025-11-05 14:17:32.65004262 +0000 UTC,Passenger Ship,Crimson,LAVIK-OPPEDAL,GBDEX,Deal,United Kingdom,Norway 🇳🇴,Unknown,80,22,Unknown,Unknown,9683611,3
JOBI,257771430,60.9335,4.8524,Unknown,2025-11-05 14:17:32.650811592 +0000 UTC,Unknown,DarkTurquoise,Unknown,Unknown,Unknown,Unknown,Norway 🇳🇴,Unknown,Unknown,Unknown,Unknown,Unknown,Unknown,Unknown
LOTE                ,259125000,68.2411,16.2028,Unknown,2025-11-05 14:17:32.650467855 +0000 UTC,Passenger Ship,Crimson,BOGNES-SKARBERGET   ,SEVAG,Varberg,Sweden,Norway 🇳🇴,Unknown,110,18,Unknown,Unknown,9361184,0
A 357 HANNE DUE     ,219106000,57.7773,8.8506,2.5,2025-11-05 14:17:32.653335998 +0000 UTC,Fishing,Gold,Unknown,Unknown,Unknown,Unknown,Denmark 🇩🇰,65.2,Unknown,Unknown,0,Engaged in fishing,Unknown,Unknown
NORDSOE,257070440,62.4702,6.1208,Unknown,2025-11-05 14:17:32.651381965 +0000 UTC,Fishing,Gold,CH 16 FOR INFO,Unknown,Unknown,Unknown,Norway 🇳🇴,Unknown,28,8,Unknown,Unknown,9841550,5
CHIOS FREEDOM       ,241945000,57.8034,9.6063,9.4,2025-11-05 14:17:32.652549572 +0000 UTC,Unknown,DarkTurquoise,Unknown,Unknown,Unknown,Unknown,Greece 🇬🇷,239.2,Unknown,Unknown,-128,Under way sailing,Unknown,Unknown
JOLNIR,257723700,58.9146,6.0281,Unknown,2025-11-05 14:17:32.655001897 +0000 UTC,Unknown,DarkTurquoise,Unknown,Unknown,Unknown,Unknown,Norway 🇳🇴,Unknown,Unknown,Unknown,Unknown,Unknown,Unknown,Unknown
FIRDA SAVIOR,257609500,60.8582,4.9643,0.1,2025-11-05 14:17:45.270258714 +0000 UTC,Cargo,ForestGreen,FISH FARMS /CH 16,Unknown,Unknown,Unknown,Norway 🇳🇴,36.4,15,7,0,Under way using engine,0,4
SEVEN VEGA,232019269,59.8886,1.9442,13.1,2025-11-05 14:17:32.652144681 +0000 UTC,Unknown,DarkTurquoise,Unknown,Unknown,Unknown,Unknown,United Kingdom 🇬🇧,14.1,Unknown,Unknown,-10,Under way using engine,Unknown,Unknown
RAMNTINDEN,257093390,69.4452,17.9935,Unknown,2025-11-05 14:17:32.653599036 +0000 UTC,Tug Boat,Silver,,Unknown,Unknown,Unknown,Norway 🇳🇴,Unknown,14,8,Unknown,Unknown,0,0
ALSTEN              ,257204400,65.8218,12.4309,Unknown,2025-11-05 14:17:32.656886637 +0000 UTC,Passenger Ship,Crimson,TJOTTA-FORVIK       ,NOHRV,Hordvik,Norway,Norway 🇳🇴,Unknown,57,11,Unknown,Unknown,8411009,3.5
TEDDY VIKING,257539600,60.7476,5.2696,0,2025-11-05 14:17:32.654095029 +0000 UTC,Unknown,DarkTurquoise,Unknown,Unknown,Unknown,Unknown,Norway 🇳🇴,360,Unknown,Unknown,-128,Not under command,Unknown,Unknown
STJERNOY            ,257217000,68.8011,16.5466,0,2025-11-05 14:17:32.656560317 +0000 UTC,Unknown,DarkTurquoise,Unknown,Unknown,Unknown,Unknown,Norway 🇳🇴,170.6,Unknown,Unknown,0,Moored,Unknown,Unknown
SORWAAG,257150240,59.8167,5.2688,Unknown,2025-11-05 14:17:32.652933819 +0000 UTC,Unknown,DarkTurquoise,Unknown,Unknown,Unknown,Unknown,Norway 🇳🇴,Unknown,Unknown,Unknown,Unknown,Unknown,Unknown,Unknown
KNESTER             ,259223000,70.4337,22.4933,Unknown,2025-11-05 14:17:32.651756458 +0000 UTC,Fishing,Gold,TLF +47 37198272    ,Unknown,Unknown,Unknown,Norway 🇳🇴,Unknown,75,16,Unknown,Unknown,9965227,0
KROSSOY,259428000,59.9041,3.184,Unknown,2025-11-05 14:17:32.655426373 +0000 UTC,Fishing,Gold,+47 52 99 57 55,Unknown,Unknown,Unknown,Norway 🇳🇴,Unknown,61,12,Unknown,Unknown,9146340,6
KAPRIFOL            ,210445000,66.4249,11.6437,8.8,2025-11-05 14:17:32.656132698 +0000 UTC,Unknown,DarkTurquoise,Unknown,Unknown,Unknown,Unknown,Cyprus 🇨🇾,24.7,Unknown,Unknown,127,Under way using engine,Unknown,Unknown
STIGAR,257192340,59.127,10.2328,0,2025-11-05 14:17:32.65757878 +0000 UTC,Fishing,Gold,Unknown,Unknown,Unknown,Unknown,Norway 🇳🇴,360,Unknown,Unknown,-128,Engaged in fishing,Unknown,Unknown
MARKGRAFENHEIDE,211549160,54.1822,12.0906,6.4,2025-11-05 14:17:32.658833444 +0000 UTC,Unknown,DarkTurquoise,Unknown,Unknown,Unknown,Unknown,Germany 🇩🇪,156.7,Unknown,Unknown,-128,Under way using engine,Unknown,Unknown
NIRVANA,244670060,52.5161,6.0639,0,2025-11-05 14:17:32.65953005 +0000 UTC,Unknown,DarkTurquoise,Unknown,Unknown,Unknown,Unknown,Netherlands 🇳🇱,360,Unknown,Unknown,-128,Under way using engine,Unknown,Unknown
ELTON               ,369970121,46.1905,-123.857,0,2025-11-05 14:17:32.663855399 +0000 UTC,Unknown,DarkTurquoise,Unknown,Unknown,Unknown,Unknown,United States 🇺🇸,227.9,Unknown,Unknown,-128,Moored,Unknown,Unknown
JORGEN              ,309193000,59.4601,24.6567,Unknown,2025-11-05 14:17:32.665318167 +0000 UTC,Cargo,ForestGreen,EETLL               ,EETLL,Tallinn,Estonia,Bahamas 🇧🇸,Unknown,165,24,Unknown,Unknown,9007489,6.8
JANICE OF WYOMING   ,319407000,-36.8417,174.7601,0,2025-11-05 14:17:32.666256438 +0000 UTC,Unknown,DarkTurquoise,Unknown,Unknown,Unknown,Unknown,Cayman Islands (British Overseas Territory) 🇰🇾,122.7,Unknown,Unknown,0,Under way sailing,Unknown,Unknown
OSTRAVA,267210076,48.1268,17.1584,0,2025-11-05 14:17:32.67029034 +0000 UTC,Unknown,DarkTurquoise,Unknown,Unknown,Unknown,Unknown,Slovakia 🇸🇰,360,Unknown,Unknown,-128,Under way using engine,Unknown,Unknown
VISION 225          ,563074570,1.2852,103.7691,0.1,2025-11-05 14:17:32.668823788 +0000 UTC,Unknown,DarkTurquoise,Unknown,Unknown,Unknown,Unknown,Singapore 🇸🇬,87.6,Unknown,Unknown,-128,Undefined,Unknown,Unknown
SAKURA              ,431017258,34.5246,137.8421,15.4,2025-11-05 14:17:32.67294026 +0000 UTC,Unknown,DarkTurquoise,Unknown,Unknown,Unknown,Unknown,Japan 🇯🇵,91.3,Unknown,Unknown,0,Under way using engine,Unknown,Unknown
VERA,240806000,37.9381,23.6682,Unknown,2025-11-05 14:17:32.680640543 +0000 UTC,Pleasure Craft,PeachPuff,ATHINON MARINA,BEATH,Ath,Belgium,Greece 🇬🇷,Unknown,52,10,Unknown,Unknown,1006415,0
PRINSESSE BENEDIKTE,219000431,54.5033,11.2275,0.1,2025-11-05 14:17:32.674337998 +0000 UTC,Unknown,DarkTurquoise,Unknown,Unknown,Unknown,Unknown,Denmark 🇩🇰,52.3,Unknown,Unknown,0,Under way using engine,Unknown,Unknown
MARUN,319290500,26.0611,-80.1346,0,2025-11-05 14:17:32.675508001 +0000 UTC,Unknown,DarkTurquoise,Unknown,Unknown,Unknown,Unknown,Cayman Islands (British Overseas Territory) 🇰🇾,171.2,Unknown,Unknown,5,Moored,Unknown,Unknown
POLARSTJORNAN       ,231146000,62.0073,-6.772,0,2025-11-05 14:17:32.678472282 +0000 UTC,Fishing,Gold,Unknown,Unknown,Unknown,Unknown,Faroe Islands (Denmark) 🇫🇴,34,Unknown,Unknown,0,Engaged in fishing,Unknown,Unknown
HARMONIA,267010091,48.1396,17.1178,Unknown,2025-11-05 14:17:32.671343396 +0000 UTC,Passenger Ship,Crimson,BRATISLAVA,SKBAB,Bratislava Port,Slovakia,Slovakia 🇸🇰,Unknown,42,9,Unknown,Unknown,0,1.3
ATLANTIC SURVEYOR   ,368244130,40.1026,-74.0436,0,2025-11-05 14:17:32.6833165 +0000 UTC,Unknown,DarkTurquoise,Unknown,Unknown,Unknown,Unknown,United States 🇺🇸,360,Unknown,Unknown,-128,Moored,Unknown,Unknown
CALUSA COAST        ,367029960,39.966,-75.1204,8,2025-11-05 14:17:32.684473992 +0000 UTC,Unknown,DarkTurquoise,Unknown,Unknown,Unknown,Unknown,United States 🇺🇸,243.8,Unknown,Unknown,0,Under way using engine,Unknown,Unknown
REBECCA M           ,232003963,53.6635,-0.2317,0,2025-11-05 14:17:32.68583131 +0000 UTC,Unknown,DarkTurquoise,Unknown,Unknown,Unknown,Unknown,United Kingdom 🇬🇧,214.2,Unknown,Unknown,0,Moored,Unknown,Unknown
KLAIPEDAVTS,2770030,55.6522,21.1531,Unknown,2025-11-05 14:17:32.69138784 +0000 UTC,Unknown,DarkTurquoise,Unknown,Unknown,Unknown,Unknown,Lithuania 🇱🇹,Unknown,Unknown,Unknown,Unknown,Unknown,Unknown,Unknown
GUARDAMAR POLIMNIA  ,224179000,28.9679,-13.5373,0,2025-11-05 14:17:32.689265384 +0000 UTC,Unknown,DarkTurquoise,Unknown,Unknown,Unknown,Unknown,Spain 🇪🇸,307.6,Unknown,Unknown,0,Under way using engine,Unknown,Unknown
FEGDA               ,341333002,55.7091,21.1203,Unknown,2025-11-05 14:17:32.692685179 +0000 UTC,Tug Boat,Silver,LTKLJ               ,Unknown,Unknown,Unknown,Saint Kitts and Nevis 🇰🇳,Unknown,25,8,Unknown,Unknown,7529469,3.8
Unknown Vessel,244660925,52.578,5.4889,5.7,2025-11-05 14:17:45.248154645 +0000 UTC,Unknown,DarkTurquoise,Unknown,Unknown,Unknown,Unknown,Netherlands 🇳🇱,32.4,Unknown,Unknown,-128,Under way using engine,Unknown,Unknown
CAPT. HENRY JACKMAN,316031354,42.2453,-83.1257,9.8,2025-11-05 14:17:32.699579963 +0000 UTC,Unknown,DarkTurquoise,Unknown,Unknown,Unknown,Unknown,Canada 🇨🇦,29.2,Unknown,Unknown,0,Under way using engine,Unknown,Unknown
KEOYOUNG MASTER     ,441475000,35.2597,140.7122,10.3,2025-11-05 14:17:32.73605768 +0000 UTC,Unknown,DarkTurquoise,Unknown,Unknown,Unknown,Unknown,South Korea 🇰🇷,190.7,Unknown,Unknown,0,Under way using engine,Unknown,Unknown
APT SOLARA,269057078,50.8207,7.0226,10.4,2025-11-05 14:17:32.734531228 +0000 UTC,Unknown,DarkTurquoise,Unknown,Unknown,Unknown,Unknown,Switzerland 🇨🇭,312.2,Unknown,Unknown,-127,Under way using engine,Unknown,Unknown
BORR,244850556,53.4571,-3.0254,1.7,2025-11-05 14:17:32.739434471 +0000 UTC,Unknown,DarkTurquoise,Unknown,Unknown,Unknown,Unknown,Netherlands 🇳🇱,115.4,Unknown,Unknown,-128,Restricted manoeuvrability,Unknown,Unknown
WILLEM,244690996,51.8932,6.0235,0,2025-11-05 14:17:32.741144906 +0000 UTC,Unknown,DarkTurquoise,Unknown,Unknown,Unknown,Unknown,Netherlands 🇳🇱,360,Unknown,Unknown,-128,Under way using engine,Unknown,Unknown
JONGE JOHANNES LT295,232026100,51.1911,1.7729,5.2,2025-11-05 14:17:32.743710256 +0000 UTC,Fishing,Gold,Unknown,Unknown,Unknown,Unknown,United Kingdom 🇬🇧,2,Unknown,Unknown,127,Engaged in fishing,Unknown,Unknown
NORTH SEA,232061419,51.3164,1.936,4.7,2025-11-05 14:17:32.745284996 +0000 UTC,Unknown,DarkTurquoise,Unknown,Unknown,Unknown,Unknown,United Kingdom 🇬🇧,37.8,Unknown,Unknown,0,Under way using engine,Unknown,Unknown
MV SEA IMP IX       ,316014646,49.1246,-123.0753,0,2025-11-05 14:17:32.760352589 +0000 UTC,Unknown,DarkTurquoise,Unknown,Unknown,Unknown,Unknown,Canada 🇨🇦,92.7,Unknown,Unknown,0,Under way using engine,Unknown,Unknown
SEASPRAT,218057000,56.3668,12.3542,10.6,2025-11-05 14:17:32.755110283 +0000 UTC,Unknown,DarkTurquoise,Unknown,Unknown,Unknown,Unknown,Germany 🇩🇪,347,Unknown,Unknown,0,Under way using engine,Unknown,Unknown
MEDEM               ,211835770,53.8784,8.7131,9,2025-11-05 14:17:42.748027137 +0000 UTC,Unknown,DarkTurquoise,Unknown,Unknown,Unknown,Unknown,Germany 🇩🇪,330.7,Unknown,Unknown,-127,Under way using engine,Unknown,Unknown
RT RAPTOR           ,311000619,26.5206,-78.7678,Unknown,2025-11-05 14:17:32.749662203 +0000 UTC,Tug Boat,Silver,,Unknown,Unknown,Unknown,Bahamas 🇧🇸,Unknown,26,8,Unknown,Unknown,975645600,4.8
HERCULES            ,368136950,33.765,-118.2423,0,2025-11-05 14:17:32.761799895 +0000 UTC,Unknown,DarkTurquoise,Unknown,Unknown,Unknown,Unknown,United States 🇺🇸,231.9,Unknown,Unknown,0,Under way using engine,Unknown,Unknown
ITHAKI              ,256310000,1.2254,103.6787,0,2025-11-05 14:17:32.763423823 +0000 UTC,Unknown,DarkTurquoise,Unknown,Unknown,Unknown,Unknown,Malta 🇲🇹,161,Unknown,Unknown,0,Moored,Unknown,Unknown
MOSE I              ,247354500,45.4377,12.3619,0,2025-11-05 14:17:32.767354135 +0000 UTC,Unknown,DarkTurquoise,Unknown,Unknown,Unknown,Unknown,Italy 🇮🇹,11.8,Unknown,Unknown,-1,Moored,Unknown,Unknown
AVATARA,235078388,50.7968,-1.116,Unknown,2025-11-05 14:17:32.770161832 +0000 UTC,Unknown,DarkTurquoise,Unknown,Unknown,Unknown,Unknown,United Kingdom 🇬🇧,Unknown,Unknown,Unknown,Unknown,Unknown,Unknown,Unknown
MSC BARI            ,636092188,54.3818,18.7289,0,2025-11-05 14:17:45.664976569 +0000 UTC,Unknown,DarkTurquoise,PLGDN               ,PLGDN,Gdansk,Poland,Liberia 🇱🇷,181.6,366,51,0,Moored,9461441,12.5
ZEELAND,244700363,52.4266,4.7658,5.2,2025-11-05 14:17:32.774534165 +0000 UTC,Unknown,DarkTurquoise,Unknown,Unknown,Unknown,Unknown,Netherlands 🇳🇱,129.6,Unknown,Unknown,-128,Under way using engine,Unknown,Unknown
NEPTUNUS,244730227,53.2685,6.7314,6.2,2025-11-05 14:17:32.773044341 +0000 UTC,Unknown,DarkTurquoise,Unknown,Unknown,Unknown,Unknown,Netherlands 🇳🇱,57.5,Unknown,Unknown,-128,Under way using engine,Unknown,Unknown
DF MYSTRAS          ,636021311,47.1144,-2.4645,0.2,2025-11-05 14:17:46.227095986 +0000 UTC,Tanker,Navy,EGSKT>FRDON         ,FRDON,Donges,France,Liberia 🇱🇷,318.6,250,44,-8,At anchor,9941702,13.7
ZODIAC              ,366968070,48.7221,-122.5131,0,2025-11-05 14:17:45.759344102 +0000 UTC,Unknown,DarkTurquoise,Unknown,Unknown,Unknown,Unknown,United States 🇺🇸,360,Unknown,Unknown,-128,Under way using engine,Unknown,Unknown
ANTJE   ,244700852,52.811,5.6207,8.3,2025-11-05 14:17:32.780519638 +0000 UTC,Unknown,DarkTurquoise,Unknown,Unknown,Unknown,Unknown,Netherlands 🇳🇱,213.1,Unknown,Unknown,-128,Under way using engine,Unknown,Unknown
WLA-197,261006870,54.6024,18.8007,0,2025-11-05 14:17:45.540678946 +0000 UTC,Fishing,Gold,Unknown,Unknown,Unknown,Unknown,Poland 🇵🇱,218,Unknown,Unknown,-128,Engaged in fishing,Unknown,Unknown
FS AQUARIUS         ,232025974,57.1947,-2.0377,0.3,2025-11-05 14:17:32.788394112 +0000 UTC,Unknown,DarkTurquoise,Unknown,Unknown,Unknown,Unknown,United Kingdom 🇬🇧,307.8,Unknown,Unknown,0,At anchor,Unknown,Unknown
VEERHAVEN VII,244010253,51.5081,6.7261,Unknown,2025-11-05 14:17:32.789798017 +0000 UTC,Cargo,ForestGreen,DINTELHAVEN,USBPV,Belhaven,United States,Netherlands 🇳🇱,Unknown,193,35,Unknown,Unknown,0,1.9
VALERIE ,244060704,52.3479,4.9115,0.3,2025-11-05 14:17:32.793457671 +0000 UTC,Unknown,DarkTurquoise,Unknown,Unknown,Unknown,Unknown,Netherlands 🇳🇱,62.3,Unknown,Unknown,-128,Under way using engine,Unknown,Unknown
SYNTHESE 18,253242513,51.8671,4.3165,Unknown,2025-11-05 14:17:32.794532495 +0000 UTC,Tanker,Navy,N/A,Unknown,Unknown,Unknown,Luxembourg 🇱🇺,Unknown,111,13,Unknown,Unknown,0,0
SWAN DIGNITY        ,355797000,51.95,3.7725,0,2025-11-05 14:17:32.797177596 +0000 UTC,Unknown,DarkTurquoise,Unknown,Unknown,Unknown,Unknown,Panama 🇵🇦,342.5,Unknown,Unknown,0,At anchor,Unknown,Unknown
ST PIERRE           ,228024800,47.7326,-3.3559,0,2025-11-05 14:17:32.799113952 +0000 UTC,Unknown,DarkTurquoise,Unknown,Unknown,Unknown,Unknown,France 🇫🇷,269.7,Unknown,Unknown,0,Under way using engine,Unknown,Unknown
DRAGONFLY 3,244733611,50.9821,6.9728,4.7,2025-11-05 14:17:32.799864417 +0000 UTC,Unknown,DarkTurquoise,Unknown,Unknown,Unknown,Unknown,Netherlands 🇳🇱,123.3,Unknown,Unknown,-128,Under way using engine,Unknown,Unknown
MSC ESTHI           ,354499000,37.9568,23.5994,0,2025-11-05 14:17:32.802581748 +0000 UTC,Unknown,DarkTurquoise,Unknown,Unknown,Unknown,Unknown,Panama 🇵🇦,8.8,Unknown,Unknown,0,Moored,Unknown,Unknown
BURNS HARBOR        ,367050160,46.7029,-92.0187,0.8,2025-11-05 14:17:32.804815453 +0000 UTC,Unknown,DarkTurquoise,Unknown,Unknown,Unknown,Unknown,United States 🇺🇸,181.6,Unknown,Unknown,0,Under way using engine,Unknown,Unknown
FRANKA 2,261039010,54.4476,18.577,Unknown,2025-11-05 14:17:32.80578996 +0000 UTC,Unknown,DarkTurquoise,Unknown,Unknown,Unknown,Unknown,Poland 🇵🇱,Unknown,Unknown,Unknown,Unknown,Unknown,Unknown,Unknown
FAEHRE BREITENHAGEN,211769280,51.9327,11.9491,Unknown,2025-11-05 14:17:32.80688522 +0000 UTC,Passenger Ship,Crimson,,Unknown,Unknown,Unknown,Germany 🇩🇪,Unknown,30,8,Unknown,Unknown,0,0
DAUNTLESS,244000606,51.8088,5.4538,0,2025-11-05 14:17:32.808580301 +0000 UTC,Unknown,DarkTurquoise,Unknown,Unknown,Unknown,Unknown,Netherlands 🇳🇱,360,Unknown,Unknown,-128,Under way using engine,Unknown,Unknown
ORANGE              ,367505870,30.1349,-93.323,0,2025-11-05 14:17:32.810472432 +0000 UTC,Unknown,DarkTurquoise,Unknown,Unknown,Unknown,Unknown,United States 🇺🇸,228.4,Unknown,Unknown,0,,Unknown,Unknown
MEDUSA,205309590,53.5374,8.5822,0,2025-11-05 14:17:32.814705516 +0000 UTC,Unknown,DarkTurquoise,Unknown,Unknown,Unknown,Unknown,Belgium 🇧🇪,0,Unknown,Unknown,-128,Moored,Unknown,Unknown
SEA DRIFT           ,366998080,30.1017,-93.3288,0,2025-11-05 14:17:32.815764796 +0000 UTC,Unknown,DarkTurquoise,Unknown,Unknown,Unknown,Unknown,United States 🇺🇸,280,Unknown,Unknown,0,,Unknown,Unknown
SKY MARINE,352002352,40.635,22.9129,0,2025-11-05 14:17:32.818034318 +0000 UTC,Unknown,DarkTurquoise,Unknown,Unknown,Unknown,Unknown,Panama 🇵🇦,315.3,Unknown,Unknown,0,Moored,Unknown,Unknown
ROVINARI,279202417,44.8013,20.4372,0,2025-11-05 14:17:32.822833627 +0000 UTC,Unknown,DarkTurquoise,Unknown,Unknown,Unknown,Unknown,Serbia 🇷🇸,228.3,Unknown,Unknown,-128,,Unknown,Unknown
CALA VERD           ,224339000,41.3458,2.152,0,2025-11-05 14:17:32.821379398 +0000 UTC,Unknown,DarkTurquoise,Unknown,Unknown,Unknown,Unknown,Spain 🇪🇸,132.8,Unknown,Unknown,-128,Moored,Unknown,Unknown
WHITCHAMPION,235009956,50.8894,-1.3943,0.9,2025-11-05 14:17:44.157304086 +0000 UTC,Tanker,Navy,SOLENT BUNKERING,CNXUK,Xunke,China,United Kingdom 🇬🇧,160.5,85,15,-11,Under way using engine,9252280,5.6
ADRIAAN,244770332,51.8062,4.5793,0,2025-11-05 14:17:32.827323289 +0000 UTC,Unknown,DarkTurquoise,Unknown,Unknown,Unknown,Unknown,Netherlands 🇳🇱,0,Unknown,Unknown,-128,Moored,Unknown,Unknown
TATE MCALLISTER     ,367643790,26.0819,-80.1162,0,2025-11-05 14:17:32.830053518 +0000 UTC,Unknown,DarkTurquoise,Unknown,Unknown,Unknown,Unknown,United States 🇺🇸,77.8,Unknown,Unknown,0,Undefined,Unknown,Unknown
WAKASAMARU          ,431013136,34.8776,136.9385,0,2025-11-05 14:17:32.831059449 +0000 UTC,Unknown,DarkTurquoise,Unknown,Unknown,Unknown,Unknown,Japan 🇯🇵,269,Unknown,Unknown,0,Under way using engine,Unknown,Unknown
GUARD VESSEL BOOSTER,219016665,54.6113,11.3856,1.2,2025-11-05 14:17:32.835722768 +0000 UTC,Unknown,DarkTurquoise,Unknown,Unknown,Unknown,Unknown,Denmark 🇩🇰,170.9,Unknown,Unknown,127,Under way using engine,Unknown,Unknown
M.T.V.L.19          ,567002240,13.577,100.5797,0,2025-11-05 14:17:32.83672886 +0000 UTC,Unknown,DarkTurquoise,Unknown,Unknown,Unknown,Unknown,Thailand 🇹🇭,133.1,Unknown,Unknown,0,At anchor,Unknown,Unknown
PONT D'YEU          ,227612820,46.7257,-2.3472,0,2025-11-05 14:17:32.889129909 +0000 UTC,Unknown,DarkTurquoise,Unknown,Unknown,Unknown,Unknown,France 🇫🇷,203.2,Unknown,Unknown,0,Under way using engine,Unknown,Unknown
TUG 53              ,205285000,51.3295,4.3071,5.9,2025-11-05 14:17:32.8912352 +0000 UTC,Unknown,DarkTurquoise,Unknown,Unknown,Unknown,Unknown,Belgium 🇧🇪,333.2,Unknown,Unknown,-127,Moored,Unknown,Unknown
PIERRE CUYPERS,244013586,52.3753,4.8838,0,2025-11-05 14:17:32.895171334 +0000 UTC,Unknown,DarkTurquoise,Unknown,Unknown,Unknown,Unknown,Netherlands 🇳🇱,360,Unknown,Unknown,-128,Under way using engine,Unknown,Unknown
TWEE GEZUSTERS ,244700586,51.9161,4.4839,0,2025-11-05 14:17:32.899710783 +0000 UTC,Unknown,DarkTurquoise,Unknown,Unknown,Unknown,Unknown,Netherlands 🇳🇱,123.8,Unknown,Unknown,-128,Undefined,Unknown,Unknown
BOADICEA            ,319086200,44.3936,8.9369,0,2025-11-05 14:17:32.90142579 +0000 UTC,Unknown,DarkTurquoise,Unknown,Unknown,Unknown,Unknown,Cayman Islands (British Overseas Territory) 🇰🇾,186.9,Unknown,Unknown,0,Moored,Unknown,Unknown
ROSINA C,247072770,45.3456,13.1109,2.6,2025-11-05 14:17:32.903612577 +0000 UTC,Unknown,DarkTurquoise,Unknown,Unknown,Unknown,Unknown,Italy 🇮🇹,105.9,Unknown,Unknown,-128,Under way using engine,Unknown,Unknown
WILSON BREMEN,314546000,49.6264,-3.8106,7.9,2025-11-05 14:17:32.911486251 +0000 UTC,Unknown,DarkTurquoise,Unknown,Unknown,Unknown,Unknown,Barbados 🇧🇧,240.1,Unknown,Unknown,0,Under way using engine,Unknown,Unknown
TANJA,211542750,53.5456,9.9657,0,2025-11-05 14:17:32.921397975 +0000 UTC,Unknown,DarkTurquoise,Unknown,Unknown,Unknown,Unknown,Germany 🇩🇪,333,Unknown,Unknown,0,Under way using engine,Unknown,Unknown
AIDANOVA,247389200,58.9754,5.7254,0,2025-11-05 14:17:32.917844057 +0000 UTC,Unknown,DarkTurquoise,Unknown,Unknown,Unknown,Unknown,Italy 🇮🇹,262.6,Unknown,Unknown,0,Moored,Unknown,Unknown
FISH TALES,338360123,25.6931,-80.2603,Unknown,2025-11-05 14:17:32.920410502 +0000 UTC,Unknown,DarkTurquoise,Unknown,Unknown,Unknown,Unknown,United States 🇺🇸,Unknown,Unknown,Unknown,Unknown,Unknown,Unknown,Unknown
RESCUE 935,265585890,58.4763,16.9708,5.4,2025-11-05 14:17:32.922808801 +0000 UTC,Unknown,DarkTurquoise,Unknown,Unknown,Unknown,Unknown,Sweden 🇸🇪,116,Unknown,Unknown,11,Moored,Unknown,Unknown
WILLIAM F FALLON JR ,367073820,36.8614,-76.317,11.1,2025-11-05 14:17:32.924035517 +0000 UTC,Unknown,DarkTurquoise,Unknown,Unknown,Unknown,Unknown,United States 🇺🇸,309.9,Unknown,Unknown,0,Under way using engine,Unknown,Unknown
LINZ,203999311,48.3134,14.3206,0,2025-11-05 14:17:43.192310004 +0000 UTC,Unknown,DarkTurquoise,Unknown,Unknown,Unknown,Unknown,Austria 🇦🇹,360,Unknown,Unknown,-128,Under way using engine,Unknown,Unknown
KALLIOPI G          ,240205400,37.9587,23.6119,0,2025-11-05 14:17:32.928550344 +0000 UTC,Unknown,DarkTurquoise,Unknown,Unknown,Unknown,Unknown,Greece 🇬🇷,26.2,Unknown,Unknown,-128,Under way using engine,Unknown,Unknown
ALULIM              ,255915791,43.5654,7.0787,0,2025-11-05 14:17:34.675746255 +0000 UTC,Pleasure Craft,PeachPuff,GOLFE JUAN          ,AQJUB,Jubany,Antarctica,Madeira (Portugal) 🇵🇹,256.5,52,10,0,Moored,9848106,2.9
NORTHERN STAR       ,477995431,22.2849,114.1751,6.6,2025-11-05 14:17:32.934764271 +0000 UTC,Unknown,DarkTurquoise,Unknown,Unknown,Unknown,Unknown,Hong Kong (China) 🇭🇰,153.3,Unknown,Unknown,-128,Under way using engine,Unknown,Unknown
ROCKET REBEL        ,232055511,51.5027,-0.1204,0,2025-11-05 14:17:32.940049696 +0000 UTC,Unknown,DarkTurquoise,Unknown,Unknown,Unknown,Unknown,United Kingdom 🇬🇧,95.4,Unknown,Unknown,22,,Unknown,Unknown
EXCELLENCE,319161800,32.0968,-81.113,0,2025-11-05 14:17:32.946358526 +0000 UTC,Unknown,DarkTurquoise,Unknown,Unknown,Unknown,Unknown,Cayman Islands (British Overseas Territory) 🇰🇾,31.2,Unknown,Unknown,0,Moored,Unknown,Unknown
OCEANIC HUNTER,601867100,-34.0999,18.2997,1.8,2025-11-05 14:17:32.951581955 +0000 UTC,Unknown,DarkTurquoise,Unknown,Unknown,Unknown,Unknown,South Africa 🇿🇦,145.9,Unknown,Unknown,-128,Under way using engine,Unknown,Unknown
AMADEUS ELEGANT     ,211490230,51.2127,6.7025,0.1,2025-11-05 14:17:32.952850656 +0000 UTC,Unknown,DarkTurquoise,Unknown,Unknown,Unknown,Unknown,Germany 🇩🇪,210.9,Unknown,Unknown,-128,Moored,Unknown,Unknown
GALILEO,244010955,51.4607,4.2272,4.5,2025-11-05 14:17:45.570696016 +0000 UTC,Unknown,DarkTurquoise,Unknown,Unknown,Unknown,Unknown,Netherlands 🇳🇱,176.1,Unknown,Unknown,-128,Under way using engine,Unknown,Unknown
WAKALELE,512010406,40.6196,0.602,Unknown,2025-11-05 14:17:32.9726569 +0000 UTC,Unknown,DarkTurquoise,Unknown,Unknown,Unknown,Unknown,New Zealand 🇳🇿,Unknown,Unknown,Unknown,Unknown,Unknown,Unknown,Unknown
ICE,631010093,37.9525,23.553,0,2025-11-05 14:17:32.977132416 +0000 UTC,Unknown,DarkTurquoise,Unknown,Unknown,Unknown,Unknown,Equatorial Guinea 🇬🇶,244,Unknown,Unknown,1,Moored,Unknown,Unknown
MSC KAYLA           ,636018491,43.3456,-3.0443,0,2025-11-05 14:17:32.986611853 +0000 UTC,Unknown,DarkTurquoise,Unknown,Unknown,Unknown,Unknown,Liberia 🇱🇷,169.7,Unknown,Unknown,0,Moored,Unknown,Unknown
B 4 BLISS,235094636,38.9026,-76.5083,Unknown,2025-11-05 14:17:32.994038759 +0000 UTC,Unknown,DarkTurquoise,Unknown,Unknown,Unknown,Unknown,United Kingdom 🇬🇧,Unknown,Unknown,Unknown,Unknown,Unknown,Unknown,Unknown
VEERMAN,244615886,50.8864,7.0512,4.6,2025-11-05 14:17:33.005057189 +0000 UTC,Unknown,DarkTurquoise,Unknown,Unknown,Unknown,Unknown,Netherlands 🇳🇱,157.3,Unknown,Unknown,-128,Under way using engine,Unknown,Unknown
VELSEN EXPRESS,244013041,52.3745,4.943,0,2025-11-05 14:17:33.007521966 +0000 UTC,Unknown,DarkTurquoise,Unknown,Unknown,Unknown,Unknown,Netherlands 🇳🇱,360,Unknown,Unknown,-128,Under way using engine,Unknown,Unknown
M/V MOLLY KAYTE,338313733,38.8297,-76.5472,Unknown,2025-11-05 14:17:33.008480568 +0000 UTC,Unknown,DarkTurquoise,Unknown,Unknown,Unknown,Unknown,United States 🇺🇸,Unknown,Unknown,Unknown,Unknown,Unknown,Unknown,Unknown
TEE TIME,368359640,25.7955,-80.1465,Unknown,2025-11-05 14:17:33.012551087 +0000 UTC,Unknown,DarkTurquoise,Unknown,Unknown,Unknown,Unknown,United States 🇺🇸,Unknown,Unknown,Unknown,Unknown,Unknown,Unknown,Unknown
SEA LOAFERS 2,366884000,0.0,0.0,0,2025-11-05 14:17:33.014604815 +0000 UTC,Unknown,DarkTurquoise,Unknown,Unknown,Unknown,Unknown,United States 🇺🇸,0,Unknown,Unknown,53,Under way using engine,Unknown,Unknown
SHAKE N BAKE TBD    ,256980000,43.3244,5.3589,0,2025-11-05 14:17:33.017046283 +0000 UTC,Unknown,DarkTurquoise,Unknown,Unknown,Unknown,Unknown,Malta 🇲🇹,360,Unknown,Unknown,0,Moored,Unknown,Unknown
DRIELAKE,211626290,53.1421,8.2517,0,2025-11-05 14:17:33.019572109 +0000 UTC,Unknown,DarkTurquoise,Unknown,Unknown,Unknown,Unknown,Germany 🇩🇪,360,Unknown,Unknown,0,Under way using engine,Unknown,Unknown
FREJA,265054070,59.3309,18.0802,6.8,2025-11-05 14:17:33.021011892 +0000 UTC,Unknown,DarkTurquoise,Unknown,Unknown,Unknown,Unknown,Sweden 🇸🇪,302.9,Unknown,Unknown,-128,Under way using engine,Unknown,Unknown
WSF TACOMA          ,366772760,47.6027,-122.3601,16.9,2025-11-05 14:17:44.682529138 +0000 UTC,Unknown,DarkTurquoise,Unknown,Unknown,Unknown,Unknown,United States 🇺🇸,270,Unknown,Unknown,0,Under way using engine,Unknown,Unknown
DANCHOVOTO GEORGI   ,207823230,43.1856,27.903,0,2025-11-05 14:17:33.02982937 +0000 UTC,Unknown,DarkTurquoise,Unknown,Unknown,Unknown,Unknown,Bulgaria 🇧🇬,326.6,Unknown,Unknown,-128,Under way using engine,Unknown,Unknown
PERA                ,538010871,18.2955,-69.8423,Unknown,2025-11-05 14:17:33.030923948 +0000 UTC,Cargo,ForestGreen,DO HAI              ,DOHAI,Rio Haina,Dominican Republic,Marshall Islands 🇲🇭,Unknown,180,30,Unknown,Unknown,9633202,7.4
ST PAUL             ,367526550,30.0591,-93.5288,3.9,2025-11-05 14:17:33.032283956 +0000 UTC,Unknown,DarkTurquoise,Unknown,Unknown,Unknown,Unknown,United States 🇺🇸,88,Unknown,Unknown,0,,Unknown,Unknown
MISTER MAC          ,367661820,29.7534,-95.0949,6.6,2025-11-05 14:17:33.033445867 +0000 UTC,Unknown,DarkTurquoise,Unknown,Unknown,Unknown,Unknown,United States 🇺🇸,210.4,Unknown,Unknown,0,,Unknown,Unknown
NORDLOTUS           ,255806138,29.4137,-93.6089,0.1,2025-11-05 14:17:33.034642206 +0000 UTC,Unknown,DarkTurquoise,Unknown,Unknown,Unknown,Unknown,Madeira (Portugal) 🇵🇹,31.2,Unknown,Unknown,-4,At anchor,Unknown,Unknown
DULARGE             ,367032830,29.6249,-94.0894,0,2025-11-05 14:17:33.038524652 +0000 UTC,Unknown,DarkTurquoise,Unknown,Unknown,Unknown,Unknown,United States 🇺🇸,338,Unknown,Unknown,-128,At anchor,Unknown,Unknown
GULF DAWN           ,367005130,29.8493,-93.9705,0,2025-11-05 14:17:33.040371524 +0000 UTC,Unknown,DarkTurquoise,Unknown,Unknown,Unknown,Unknown,United States 🇺🇸,273.9,Unknown,Unknown,-128,,Unknown,Unknown
PACIFIC DAWN        ,366847780,29.9245,-93.8807,0.1,2025-11-05 14:17:33.042258846 +0000 UTC,Unknown,DarkTurquoise,Unknown,Unknown,Unknown,Unknown,United States 🇺🇸,336.8,Unknown,Unknown,0,,Unknown,Unknown
KAREN PAPE          ,367504970,29.8848,-93.9177,4.7,2025-11-05 14:17:33.044136268 +0000 UTC,Unknown,DarkTurquoise,Unknown,Unknown,Unknown,Unknown,United States 🇺🇸,37,Unknown,Unknown,0,,Unknown,Unknown
RIVO                ,265650950,57.6469,11.8191,25.7,2025-11-05 14:17:41.865592899 +0000 UTC,Unknown,DarkTurquoise,Unknown,Unknown,Unknown,Unknown,Sweden 🇸🇪,12.3,Unknown,Unknown,127,Under way using engine,Unknown,Unknown
VOLHARDING 1,244710454,51.9152,4.4828,0,2025-11-05 14:17:33.051827162 +0000 UTC,Unknown,DarkTurquoise,Unknown,Unknown,Unknown,Unknown,Netherlands 🇳🇱,0,Unknown,Unknown,-128,Under way using engine,Unknown,Unknown
CLAIR DE LUNE,244710199,52.6341,5.0632,0,2025-11-05 14:17:33.052775105 +0000 UTC,Unknown,DarkTurquoise,Unknown,Unknown,Unknown,Unknown,Netherlands 🇳🇱,0,Unknown,Unknown,0,Under way using engine,Unknown,Unknown
WIEN,203999426,48.2118,16.3803,0,2025-11-05 14:17:33.056341744 +0000 UTC,Unknown,DarkTurquoise,Unknown,Unknown,Unknown,Unknown,Austria 🇦🇹,207,Unknown,Unknown,-128,Under way using engine,Unknown,Unknown
BIEN ESTAR          ,239384800,37.9128,23.7007,0,2025-11-05 14:17:33.058140802 +0000 UTC,Unknown,DarkTurquoise,Unknown,Unknown,Unknown,Unknown,Greece 🇬🇷,360,Unknown,Unknown,-128,Moored,Unknown,Unknown
TEXELSTROOM         ,244870335,53.0034,4.7805,0,2025-11-05 14:17:33.059041999 +0000 UTC,Unknown,DarkTurquoise,Unknown,Unknown,Unknown,Unknown,Netherlands 🇳🇱,329.6,Unknown,Unknown,0,Under way using engine,Unknown,Unknown
SOFIE               ,244150137,52.4147,4.8345,0,2025-11-05 14:17:33.060401751 +0000 UTC,Unknown,DarkTurquoise,Unknown,Unknown,Unknown,Unknown,Netherlands 🇳🇱,0,Unknown,Unknown,-128,Under way using engine,Unknown,Unknown
SCHLOSS UPPSALA,211271050,51.923,4.199,4.2,2025-11-05 14:17:33.061741748 +0000 UTC,Unknown,DarkTurquoise,Unknown,Unknown,Unknown,Unknown,Germany 🇩🇪,182,Unknown,Unknown,0,Under way using engine,Unknown,Unknown
FSS BETHWEL HENRY   ,510112000,-16.948,145.7727,0,2025-11-05 14:17:33.0636341 +0000 UTC,Unknown,DarkTurquoise,Unknown,Unknown,Unknown,Unknown,Micronesia 🇫🇲,0,Unknown,Unknown,0,Moored,Unknown,Unknown
BEETHOVEN,211499030,50.7334,7.1095,0,2025-11-05 14:17:33.065432938 +0000 UTC,Unknown,DarkTurquoise,Unknown,Unknown,Unknown,Unknown,Germany 🇩🇪,190.1,Unknown,Unknown,-128,Under way using engine,Unknown,Unknown
OCEAN VENTURE II    ,577079000,22.5741,120.3016,0,2025-11-05 14:17:33.067879155 +0000 UTC,Fishing,Gold,Unknown,Unknown,Unknown,Unknown,Vanuatu 🇻🇺,293.5,Unknown,Unknown,-128,Engaged in fishing,Unknown,Unknown
STROME,235050789,50.6094,-2.4581,Unknown,2025-11-05 14:17:33.070637853 +0000 UTC,Unknown,DarkTurquoise,Unknown,Unknown,Unknown,Unknown,United Kingdom 🇬🇧,Unknown,Unknown,Unknown,Unknown,Unknown,Unknown,Unknown
BEAUMAGIC           ,244615000,49.4859,0.4874,Unknown,2025-11-05 14:17:33.069277758 +0000 UTC,Cargo,ForestGreen,NOSVG               ,NOSVG,Stavanger,Norway,Netherlands 🇳🇱,Unknown,88,12,Unknown,Unknown,9373266,5
DALLAS,244370444,51.454,6.724,3.5,2025-11-05 14:17:33.072035311 +0000 UTC,Unknown,DarkTurquoise,Unknown,Unknown,Unknown,Unknown,Netherlands 🇳🇱,22,Unknown,Unknown,-128,Under way using engine,Unknown,Unknown
IMPETUOSO,247087260,45.4597,12.6781,5.8,2025-11-05 14:17:33.07858853 +0000 UTC,Unknown,DarkTurquoise,Unknown,Unknown,Unknown,Unknown,Italy 🇮🇹,65.2,Unknown,Unknown,-128,Under way using engine,Unknown,Unknown
OLESIA,244700130,51.6511,4.1031,7.9,2025-11-05 14:17:33.079877346 +0000 UTC,Unknown,DarkTurquoise,Unknown,Unknown,Unknown,Unknown,Netherlands 🇳🇱,216.4,Unknown,Unknown,0,Under way using engine,Unknown,Unknown
MEDVIND,258007070,59.2662,10.7316,Unknown,2025-11-05 14:17:33.08627788 +0000 UTC,Unknown,DarkTurquoise,Unknown,Unknown,Unknown,Unknown,Norway 🇳🇴,Unknown,Unknown,Unknown,Unknown,Unknown,Unknown,Unknown
DAMIATE,244700319,51.22,3.2353,0,2025-11-05 14:17:33.087356417 +0000 UTC,Unknown,DarkTurquoise,Unknown,Unknown,Unknown,Unknown,Netherlands 🇳🇱,360,Unknown,Unknown,0,Moored,Unknown,Unknown
NOORDPOOL           ,244057587,51.8985,4.4438,0,2025-11-05 14:17:33.088521976 +0000 UTC,Unknown,DarkTurquoise,Unknown,Unknown,Unknown,Unknown,Netherlands 🇳🇱,0,Unknown,Unknown,-128,Under way using engine,Unknown,Unknown
SIRIS,218031050,51.2671,4.3723,0,2025-11-05 14:17:33.089726697 +0000 UTC,Unknown,DarkTurquoise,Unknown,Unknown,Unknown,Unknown,Germany 🇩🇪,360,Unknown,Unknown,-128,Under way using engine,Unknown,Unknown
GEERTRUIDA VD WEES,244660204,51.8019,4.6422,0,2025-11-05 14:17:33.091052571 +0000 UTC,Unknown,DarkTurquoise,Unknown,Unknown,Unknown,Unknown,Netherlands 🇳🇱,360,Unknown,Unknown,-128,Moored,Unknown,Unknown
SENCKENBERG         ,211217760,53.2171,7.4521,0,2025-11-05 14:17:33.092236539 +0000 UTC,Unknown,DarkTurquoise,Unknown,Unknown,Unknown,Unknown,Germany 🇩🇪,303.8,Unknown,Unknown,-128,Moored,Unknown,Unknown
TWINS               ,244620698,51.3219,3.826,2.4,2025-11-05 14:17:33.095975784 +0000 UTC,Unknown,DarkTurquoise,Unknown,Unknown,Unknown,Unknown,Netherlands 🇳🇱,203.1,Unknown,Unknown,127,Under way using engine,Unknown,Unknown
DELFIN 12,265609580,59.3276,18.0781,0.1,2025-11-05 14:17:33.098434283 +0000 UTC,Unknown,DarkTurquoise,Unknown,Unknown,Unknown,Unknown,Sweden 🇸🇪,360,Unknown,Unknown,-128,Under way using engine,Unknown,Unknown
HOEGH LONDON        ,258981000,53.6202,5.6937,10.9,2025-11-05 14:17:45.280988332 +0000 UTC,Unknown,DarkTurquoise,Unknown,Unknown,Unknown,Unknown,Norway 🇳🇴,71.6,Unknown,Unknown,0,Under way using engine,Unknown,Unknown
TRUST GALAXY        ,563084900,53.6507,9.5132,0,2025-11-05 14:17:33.103489277 +0000 UTC,Unknown,DarkTurquoise,Unknown,Unknown,Unknown,Unknown,Singapore 🇸🇬,358.8,Unknown,Unknown,0,Under way using engine,Unknown,Unknown
GRAMPIAN TALISMAN,235052783,53.4022,-3.0266,0,2025-11-05 14:17:33.109381675 +0000 UTC,Unknown,DarkTurquoise,Unknown,Unknown,Unknown,Unknown,United Kingdom 🇬🇧,280,Unknown,Unknown,0,Moored,Unknown,Unknown
TERINA B            ,244710250,52.4657,4.5804,0,2025-11-05 14:17:33.116450581 +0000 UTC,Unknown,DarkTurquoise,Unknown,Unknown,Unknown,Unknown,Netherlands 🇳🇱,250.1,Unknown,Unknown,-128,Under way sailing,Unknown,Unknown
AARDAL              ,258573000,60.2096,5.5729,12.5,2025-11-05 14:17:33.117754264 +0000 UTC,Unknown,DarkTurquoise,Unknown,Unknown,Unknown,Unknown,Norway 🇳🇴,95.6,Unknown,Unknown,0,Under way using engine,Unknown,Unknown
ESPERADO,244650979,51.7625,4.626,9,2025-11-05 14:17:33.11871612 +0000 UTC,Unknown,DarkTurquoise,Unknown,Unknown,Unknown,Unknown,Netherlands 🇳🇱,173.4,Unknown,Unknown,-128,Under way using engine,Unknown,Unknown
RIX VENTURE         ,212673000,55.0327,11.7758,9.1,2025-11-05 14:17:33.123663449 +0000 UTC,Unknown,DarkTurquoise,Unknown,Unknown,Unknown,Unknown,Cyprus 🇨🇾,298.4,Unknown,Unknown,-9,Moored,Unknown,Unknown
VB STATESMAN        ,235092996,53.5806,-0.0734,0,2025-11-05 14:17:43.250076848 +0000 UTC,Tug Boat,Silver,WORKING RIVER       ,Unknown,Unknown,Unknown,United Kingdom 🇬🇧,179.3,24,9,0,Under way using engine,9655896,4.5
ARKTURUS,276636000,59.454,24.6618,0,2025-11-05 14:17:33.127932572 +0000 UTC,Unknown,DarkTurquoise,Unknown,Unknown,Unknown,Unknown,Estonia 🇪🇪,333.5,Unknown,Unknown,0,Under way using engine,Unknown,Unknown
BACCARA,636013899,37.9321,23.6846,Unknown,2025-11-05 14:17:33.130329384 +0000 UTC,Unknown,DarkTurquoise,Unknown,Unknown,Unknown,Unknown,Liberia 🇱🇷,Unknown,Unknown,Unknown,Unknown,Unknown,Unknown,Unknown
SOFIA,244070371,52.3761,4.9055,0,2025-11-05 14:17:33.138417881 +0000 UTC,Unknown,DarkTurquoise,Unknown,Unknown,Unknown,Unknown,Netherlands 🇳🇱,360,Unknown,Unknown,-128,Under way using engine,Unknown,Unknown
PUCCINI,205522890,51.8954,4.6915,7.7,2025-11-05 14:17:33.14362537 +0000 UTC,Unknown,DarkTurquoise,Unknown,Unknown,Unknown,Unknown,Belgium 🇧🇪,250.8,Unknown,Unknown,-128,Under way using engine,Unknown,Unknown
MARY ANN            ,268245002,53.7636,7.2157,0.9,2025-11-05 14:17:33.148176391 +0000 UTC,Unknown,DarkTurquoise,Unknown,Unknown,Unknown,Unknown,San Marino 🇸🇲,288,Unknown,Unknown,0,Under way using engine,Unknown,Unknown
INKA,261183700,54.5286,18.5287,0,2025-11-05 14:17:33.152920787 +0000 UTC,Unknown,DarkTurquoise,Unknown,Unknown,Unknown,Unknown,Poland 🇵🇱,360,Unknown,Unknown,0,Under way using engine,Unknown,Unknown
NORTHERN JAEGER     ,366046000,48.7594,-122.5098,0,2025-11-05 14:17:33.155469176 +0000 UTC,Unknown,DarkTurquoise,Unknown,Unknown,Unknown,Unknown,United States 🇺🇸,210.6,Unknown,Unknown,0,Under way using engine,Unknown,Unknown
CHARLEY,518100223,1.295,103.7599,0,2025-11-05 14:17:33.160564651 +0000 UTC,Unknown,DarkTurquoise,Unknown,Unknown,Unknown,Unknown,Cook Islands 🇨🇰,63.4,Unknown,Unknown,0,Under way using engine,Unknown,Unknown
LUCINDA SMITH       ,367723620,41.6413,-70.9213,0,2025-11-05 14:17:33.172578632 +0000 UTC,Unknown,DarkTurquoise,Unknown,Unknown,Unknown,Unknown,United States 🇺🇸,283,Unknown,Unknown,0,Under way using engine,Unknown,Unknown
SPUHELS             ,316052439,49.1637,-123.9223,0,2025-11-05 14:17:33.178509075 +0000 UTC,Unknown,DarkTurquoise,Unknown,Unknown,Unknown,Unknown,Canada 🇨🇦,202.4,Unknown,Unknown,0,,Unknown,Unknown
KOTA NALURI         ,563677000,1.1549,103.7837,8.3,2025-11-05 14:17:33.179853363 +0000 UTC,Unknown,DarkTurquoise,Unknown,Unknown,Unknown,Unknown,Singapore 🇸🇬,38.7,Unknown,Unknown,0,Under way using engine,Unknown,Unknown
MARIETTE,244753296,52.6032,5.528,7,2025-11-05 14:17:33.186434041 +0000 UTC,Unknown,DarkTurquoise,Unknown,Unknown,Unknown,Unknown,Netherlands 🇳🇱,191.6,Unknown,Unknown,-128,Under way using engine,Unknown,Unknown
LADY GEORGINA       ,232205000,39.5661,2.6409,0,2025-11-05 14:17:33.188020793 +0000 UTC,Unknown,DarkTurquoise,Unknown,Unknown,Unknown,Unknown,United Kingdom 🇬🇧,120.4,Unknown,Unknown,0,Moored,Unknown,Unknown
CMA CGM LIBRA,249819000,44.6286,-63.5614,Unknown,2025-11-05 14:17:33.189176698 +0000 UTC,Cargo,ForestGreen,CAHAL,CAHAL,Halifax,Canada,Malta 🇲🇹,Unknown,364,46,Unknown,Unknown,9399193,14.7
DALTON HUNTER,316052947,48.9579,-57.9474,Unknown,2025-11-05 14:17:33.190767573 +0000 UTC,Tug Boat,Silver,CORNER BROOK,Unknown,Unknown,Unknown,Canada 🇨🇦,Unknown,27,11,Unknown,Unknown,9768174,4.6
LEONARDO            ,230644000,60.1536,24.925,0.1,2025-11-05 14:17:33.192043002 +0000 UTC,Unknown,DarkTurquoise,Unknown,Unknown,Unknown,Unknown,Finland 🇫🇮,100.3,Unknown,Unknown,0,Restricted manoeuvrability,Unknown,Unknown
ANTARCTIC ENDURANCE,257400000,-33.916,18.4542,Unknown,2025-11-05 14:17:33.19325092 +0000 UTC,Fishing,Gold,ZA CPT,Unknown,Unknown,Unknown,Norway 🇳🇴,Unknown,130,23,Unknown,Unknown,9827891,7.3
FRONT CHALLENGER    ,538007002,43.6979,-8.6614,5.8,2025-11-05 14:17:33.196137283 +0000 UTC,Unknown,DarkTurquoise,Unknown,Unknown,Unknown,Unknown,Marshall Islands 🇲🇭,264.9,Unknown,Unknown,-3,Under way using engine,Unknown,Unknown
OCEAN WAVE I        ,352146000,34.3384,33.1472,4.4,2025-11-05 14:17:33.197819058 +0000 UTC,Unknown,DarkTurquoise,Unknown,Unknown,Unknown,Unknown,Panama 🇵🇦,56.3,Unknown,Unknown,0,Restricted manoeuvrability,Unknown,Unknown
INDUS 1             ,511101776,31.5284,32.2805,0,2025-11-05 14:17:33.199548121 +0000 UTC,Unknown,DarkTurquoise,Unknown,Unknown,Unknown,Unknown,Palau 🇵🇼,232.8,Unknown,Unknown,0,At anchor,Unknown,Unknown
SPICE               ,275049270,34.6675,33.0414,Unknown,2025-11-05 14:17:33.201412433 +0000 UTC,Unknown,DarkTurquoise,Unknown,Unknown,Unknown,Unknown,Latvia 🇱🇻,Unknown,Unknown,Unknown,Unknown,Unknown,Unknown,Unknown
ACHERON             ,314102000,31.1145,32.3126,7.7,2025-11-05 14:17:33.202980238 +0000 UTC,Unknown,DarkTurquoise,Unknown,Unknown,Unknown,Unknown,Barbados 🇧🇧,16,Unknown,Unknown,0,Under way using engine,Unknown,Unknown
LIBERTY PEACE       ,368784000,31.3669,32.3119,0,2025-11-05 14:17:33.206448133 +0000 UTC,Unknown,DarkTurquoise,Unknown,Unknown,Unknown,Unknown,United States 🇺🇸,225.9,Unknown,Unknown,-6,Under way using engine,Unknown,Unknown
VADESTO,244620519,53.2357,6.5796,5.1,2025-11-05 14:17:33.207650886 +0000 UTC,Unknown,DarkTurquoise,Unknown,Unknown,Unknown,Unknown,Netherlands 🇳🇱,117.9,Unknown,Unknown,-128,Under way using engine,Unknown,Unknown
MERIBEL,276014770,47.6537,-122.3667,Unknown,2025-11-05 14:17:33.208457536 +0000 UTC,Unknown,DarkTurquoise,Unknown,Unknown,Unknown,Unknown,Estonia 🇪🇪,Unknown,Unknown,Unknown,Unknown,Unknown,Unknown,Unknown
AMPHITRITE HIGHWAY  ,352005546,1.1776,103.7659,0.1,2025-11-05 14:17:33.209566685 +0000 UTC,Unknown,DarkTurquoise,Unknown,Unknown,Unknown,Unknown,Panama 🇵🇦,173.5,Unknown,Unknown,-7,At anchor,Unknown,Unknown
CAROLYN H           ,367712860,47.5708,-122.3528,3.7,2025-11-05 14:17:33.211239659 +0000 UTC,Unknown,DarkTurquoise,Unknown,Unknown,Unknown,Unknown,United States 🇺🇸,326.8,Unknown,Unknown,0,Under way using engine,Unknown,Unknown
TOI CHALLENGER,636016319,45.7914,13.5489,0,2025-11-05 14:17:33.212318071 +0000 UTC,Unknown,DarkTurquoise,Unknown,Unknown,Unknown,Unknown,Liberia 🇱🇷,360,Unknown,Unknown,0,Moored,Unknown,Unknown
KBV 002 TRITON,266287000,57.6512,18.9041,5.4,2025-11-05 14:17:33.213415671 +0000 UTC,Unknown,DarkTurquoise,Unknown,Unknown,Unknown,Unknown,Sweden 🇸🇪,244.4,Unknown,Unknown,0,Under way using engine,Unknown,Unknown
CAYMAN,205524290,51.3355,3.82,1.1,2025-11-05 14:17:33.214741446 +0000 UTC,Unknown,DarkTurquoise,Unknown,Unknown,Unknown,Unknown,Belgium 🇧🇪,151.2,Unknown,Unknown,-128,Under way using engine,Unknown,Unknown
CANNETO M           ,247242200,41.1335,-8.7627,0.3,2025-11-05 14:17:33.216089901 +0000 UTC,Unknown,DarkTurquoise,Unknown,Unknown,Unknown,Unknown,Italy 🇮🇹,102.8,Unknown,Unknown,-26,At anchor,Unknown,Unknown
HARINGVLIET,244750893,52.3356,4.8449,0,2025-11-05 14:17:33.21826033 +0000 UTC,Unknown,DarkTurquoise,Unknown,Unknown,Unknown,Unknown,Netherlands 🇳🇱,360,Unknown,Unknown,-128,Under way using engine,Unknown,Unknown
CAPTAIN RAY O'NEAL  ,367403140,44.1267,-68.8725,0,2025-11-05 14:17:33.223291744 +0000 UTC,Unknown,DarkTurquoise,Unknown,Unknown,Unknown,Unknown,United States 🇺🇸,278.4,Unknown,Unknown,-128,Under way using engine,Unknown,Unknown
PATRIOT STATE       ,303829064,41.7384,-70.6264,0,2025-11-05 14:17:33.229393488 +0000 UTC,Unknown,DarkTurquoise,Unknown,Unknown,Unknown,Unknown,Alaska (USA) 🇺🇸,171.9,Unknown,Unknown,0,Moored,Unknown,Unknown
PEZ FINDER,338067800,33.9827,-118.4507,Unknown,2025-11-05 14:17:33.230869519 +0000 UTC,Unknown,DarkTurquoise,Unknown,Unknown,Unknown,Unknown,United States 🇺🇸,Unknown,Unknown,Unknown,Unknown,Unknown,Unknown,Unknown
O 62 DINI      ,205265000,51.3214,3.1187,3.9,2025-11-05 14:17:33.232514279 +0000 UTC,Unknown,DarkTurquoise,Unknown,Unknown,Unknown,Unknown,Belgium 🇧🇪,49.6,Unknown,Unknown,127,Undefined,Unknown,Unknown
IJVEER 65,244184488,52.3823,4.9028,0,2025-11-05 14:17:33.233630191 +0000 UTC,Unknown,DarkTurquoise,Unknown,Unknown,Unknown,Unknown,Netherlands 🇳🇱,360,Unknown,Unknown,-128,Under way using engine,Unknown,Unknown
MOON                ,538010108,38.9254,-76.4147,0.2,2025-11-05 14:17:33.237320201 +0000 UTC,Unknown,DarkTurquoise,Unknown,Unknown,Unknown,Unknown,Marshall Islands 🇲🇭,325,Unknown,Unknown,0,At anchor,Unknown,Unknown
SANTA ROSA          ,219086000,36.9056,-76.3267,0,2025-11-05 14:17:33.238323544 +0000 UTC,Unknown,DarkTurquoise,Unknown,Unknown,Unknown,Unknown,Denmark 🇩🇰,75.2,Unknown,Unknown,0,Moored,Unknown,Unknown
FALISCA             ,247281700,38.0103,12.5087,0,2025-11-05 14:17:33.24223934 +0000 UTC,Unknown,DarkTurquoise,Unknown,Unknown,Unknown,Unknown,Italy 🇮🇹,326.5,Unknown,Unknown,-128,Moored,Unknown,Unknown
PILOT L148          ,230045250,59.78,21.3426,7.6,2025-11-05 14:17:33.243448111 +0000 UTC,Unknown,DarkTurquoise,Unknown,Unknown,Unknown,Unknown,Finland 🇫🇮,327.1,Unknown,Unknown,127,Under way using engine,Unknown,Unknown
EM NIKITA           ,563251100,1.2564,103.6354,4.2,2025-11-05 14:17:33.271336396 +0000 UTC,Unknown,DarkTurquoise,Unknown,Unknown,Unknown,Unknown,Singapore 🇸🇬,265.4,Unknown,Unknown,3,Under way using engine,Unknown,Unknown
FUTE,227214530,49.3914,1.0115,0,2025-11-05 14:17:33.273596044 +0000 UTC,Unknown,DarkTurquoise,Unknown,Unknown,Unknown,Unknown,France 🇫🇷,0,Unknown,Unknown,-128,Under way using engine,Unknown,Unknown
VICTORIA            ,257086870,60.5321,5.2539,Unknown,2025-11-05 14:17:33.27417 +0000 UTC,Unknown,DarkTurquoise,Unknown,Unknown,Unknown,Unknown,Norway 🇳🇴,Unknown,Unknown,Unknown,Unknown,Unknown,Unknown,Unknown
OCEAN PARADISE,229785000,37.9293,23.6824,0.1,2025-11-05 14:17:33.277386622 +0000 UTC,Unknown,DarkTurquoise,Unknown,Unknown,Unknown,Unknown,Malta 🇲🇹,0,Unknown,Unknown,2,Under way using engine,Unknown,Unknown
NANCY JEAN II,338354773,32.7262,-117.2119,Unknown,2025-11-05 14:17:33.278327005 +0000 UTC,Unknown,DarkTurquoise,Unknown,Unknown,Unknown,Unknown,United States 🇺🇸,Unknown,Unknown,Unknown,Unknown,Unknown,Unknown,Unknown
FREDERIK            ,304058000,51.1014,3.7472,0,2025-11-05 14:17:33.282851804 +0000 UTC,Unknown,DarkTurquoise,Unknown,Unknown,Unknown,Unknown,Antigua and Barbuda 🇦🇬,204,Unknown,Unknown,0,Under way using engine,Unknown,Unknown
URSA MAJOR,244660584,51.8498,5.8183,0,2025-11-05 14:17:33.286618213 +0000 UTC,Unknown,DarkTurquoise,Unknown,Unknown,Unknown,Unknown,Netherlands 🇳🇱,87.6,Unknown,Unknown,-128,,Unknown,Unknown
FORTIZZA            ,249763000,45.6158,13.568,3.7,2025-11-05 14:17:33.287948489 +0000 UTC,Unknown,DarkTurquoise,Unknown,Unknown,Unknown,Unknown,Malta 🇲🇹,106,Unknown,Unknown,0,Under way using engine,Unknown,Unknown
RYOSUI              ,431009833,34.8792,139.8886,11,2025-11-05 14:17:33.288927977 +0000 UTC,Unknown,DarkTurquoise,Unknown,Unknown,Unknown,Unknown,Japan 🇯🇵,87.6,Unknown,Unknown,0,Under way using engine,Unknown,Unknown
RIJK DE GOOYER      ,244710875,52.3752,4.8762,0,2025-11-05 14:17:33.289627966 +0000 UTC,Unknown,DarkTurquoise,Unknown,Unknown,Unknown,Unknown,Netherlands 🇳🇱,277.7,Unknown,Unknown,-128,Undefined,Unknown,Unknown
GOLJE               ,265506010,59.0564,18.4373,0,2025-11-05 14:17:33.29083084 +0000 UTC,Unknown,DarkTurquoise,Unknown,Unknown,Unknown,Unknown,Sweden 🇸🇪,0,Unknown,Unknown,0,Restricted manoeuvrability,Unknown,Unknown
NORMAND SAMSON      ,257311000,8.0223,-56.8877,0.1,2025-11-05 14:17:33.293706064 +0000 UTC,Unknown,DarkTurquoise,Unknown,Unknown,Unknown,Unknown,Norway 🇳🇴,318.4,Unknown,Unknown,0,Restricted manoeuvrability,Unknown,Unknown
JOSSET              ,366841020,29.6828,-91.1803,2.5,2025-11-05 14:17:33.295738782 +0000 UTC,Unknown,DarkTurquoise,Unknown,Unknown,Unknown,Unknown,United States 🇺🇸,89.4,Unknown,Unknown,-128,Undefined,Unknown,Unknown
RAVENNA,244660905,51.8731,6.0365,9.6,2025-11-05 14:17:33.301963065 +0000 UTC,Unknown,DarkTurquoise,Unknown,Unknown,Unknown,Unknown,Netherlands 🇳🇱,290.8,Unknown,Unknown,-128,Under way using engine,Unknown,Unknown
WABO                ,244740307,52.3928,4.8233,0,2025-11-05 14:17:33.302850362 +0000 UTC,Unknown,DarkTurquoise,Unknown,Unknown,Unknown,Unknown,Netherlands 🇳🇱,291.1,Unknown,Unknown,-128,,Unknown,Unknown
GOLLWITZ,244700760,51.8063,4.579,0,2025-11-05 14:17:33.304014076 +0000 UTC,Unknown,DarkTurquoise,Unknown,Unknown,Unknown,Unknown,Netherlands 🇳🇱,360,Unknown,Unknown,-128,Undefined,Unknown,Unknown
CHRISTOS XLIV,241578000,40.6352,22.9016,0,2025-11-05 14:17:33.310676006 +0000 UTC,Unknown,DarkTurquoise,Unknown,Unknown,Unknown,Unknown,Greece 🇬🇷,250.1,Unknown,Unknown,-128,Under way using engine,Unknown,Unknown
HUA RONG 26         ,414404110,1.1988,103.8778,7.1,2025-11-05 14:17:33.313040376 +0000 UTC,Unknown,DarkTurquoise,Unknown,Unknown,Unknown,Unknown,China 🇨🇳,70.8,Unknown,Unknown,0,Under way using engine,Unknown,Unknown
HARRIS              ,232058682,57.5962,-3.9916,0,2025-11-05 14:17:33.314092724 +0000 UTC,Unknown,DarkTurquoise,Unknown,Unknown,Unknown,Unknown,United Kingdom 🇬🇧,188.1,Unknown,Unknown,0,Moored,Unknown,Unknown
RUTH E HUGHES       ,367387420,42.3616,-71.036,0.1,2025-11-05 14:17:33.315356226 +0000 UTC,Unknown,DarkTurquoise,Unknown,Unknown,Unknown,Unknown,United States 🇺🇸,284.6,Unknown,Unknown,0,Under way using engine,Unknown,Unknown
ENERGY,319239800,44.4088,8.9206,0,2025-11-05 14:17:33.316431313 +0000 UTC,Unknown,DarkTurquoise,Unknown,Unknown,Unknown,Unknown,Cayman Islands (British Overseas Territory) 🇰🇾,165.9,Unknown,Unknown,0,Moored,Unknown,Unknown
MIKE HOWARD         ,368103560,30.0759,-93.2761,4.9,2025-11-05 14:17:33.318720661 +0000 UTC,Unknown,DarkTurquoise,Unknown,Unknown,Unknown,Unknown,United States 🇺🇸,137.9,Unknown,Unknown,0,Moored,Unknown,Unknown
PIETER,244001731,52.2527,5.3192,Unknown,2025-11-05 14:17:33.320028569 +0000 UTC,Unknown,DarkTurquoise,Unknown,Unknown,Unknown,Unknown,Netherlands 🇳🇱,Unknown,Unknown,Unknown,Unknown,Unknown,Unknown,Unknown
VOS PATHFINDER      ,235060799,57.1359,-1.8813,4.5,2025-11-05 14:17:33.324498105 +0000 UTC,Unknown,DarkTurquoise,Unknown,Unknown,Unknown,Unknown,United Kingdom 🇬🇧,95,Unknown,Unknown,0,Under way using engine,Unknown,Unknown
FALCO               ,230987390,60.2243,22.103,6.6,2025-11-05 14:17:33.328330836 +0000 UTC,Unknown,DarkTurquoise,Unknown,Unknown,Unknown,Unknown,Finland 🇫🇮,39.8,Unknown,Unknown,0,Under way using engine,Unknown,Unknown
OSPREY              ,367458840,25.7643,-80.1396,0,2025-11-05 14:17:33.329569837 +0000 UTC,Unknown,DarkTurquoise,Unknown,Unknown,Unknown,Unknown,United States 🇺🇸,360,Unknown,Unknown,0,Under way using engine,Unknown,Unknown
BREAKTHROUGH,319300600,41.3791,2.1844,Unknown,2025-11-05 14:17:33.334715881 +0000 UTC,Pleasure Craft,PeachPuff,ES BCN,ESBCN,Barcelona,Spain,Cayman Islands (British Overseas Territory) 🇰🇾,Unknown,119,19,Unknown,Unknown,9899650,5
PILOT 571 SE        ,265513350,59.2019,17.6252,0,2025-11-05 14:17:33.339377936 +0000 UTC,Unknown,DarkTurquoise,Unknown,Unknown,Unknown,Unknown,Sweden 🇸🇪,194.5,Unknown,Unknown,0,Under way using engine,Unknown,Unknown
STEN NEPTUN         ,255946000,53.6418,9.5207,8,2025-11-05 14:17:33.343510988 +0000 UTC,Unknown,DarkTurquoise,Unknown,Unknown,Unknown,Unknown,Madeira (Portugal) 🇵🇹,157.5,Unknown,Unknown,-4,Under way using engine,Unknown,Unknown
AQS NORDLAND        ,257800700,67.2843,14.3751,0,2025-11-05 14:17:33.344658032 +0000 UTC,Unknown,DarkTurquoise,Unknown,Unknown,Unknown,Unknown,Norway 🇳🇴,327,Unknown,Unknown,0,Under way using engine,Unknown,Unknown
F/V SERENA,227857000,49.4982,-0.3833,4.9,2025-11-05 14:17:33.352579917 +0000 UTC,Unknown,DarkTurquoise,Unknown,Unknown,Unknown,Unknown,France 🇫🇷,311.1,Unknown,Unknown,-128,Undefined,Unknown,Unknown
TRANQUILLITY  BF7,235003080,57.5063,-1.7723,0,2025-11-05 14:17:34.786714725 +0000 UTC,Fishing,Gold,CH 16,Unknown,Unknown,Unknown,United Kingdom 🇬🇧,297.2,Unknown,Unknown,0,Under way using engine,0,0
RHEINTANK36,211507020,48.2979,14.328,0,2025-11-05 14:17:33.356421555 +0000 UTC,Unknown,DarkTurquoise,Unknown,Unknown,Unknown,Unknown,Germany 🇩🇪,83.8,Unknown,Unknown,-128,Under way using engine,Unknown,Unknown
RIJNWERKEN,244700617,52.1587,4.6428,0,2025-11-05 14:17:33.357703063 +0000 UTC,Unknown,DarkTurquoise,Unknown,Unknown,Unknown,Unknown,Netherlands 🇳🇱,360,Unknown,Unknown,-128,Under way using engine,Unknown,Unknown
ALLEGRA,319484000,37.9315,23.6803,Unknown,2025-11-05 14:17:33.362463114 +0000 UTC,Pleasure Craft,PeachPuff,FLISVOS,FRFNS,Flins,France,Cayman Islands (British Overseas Territory) 🇰🇾,Unknown,41,8,Unknown,Unknown,1001647,3
BROEDERTROUW XV,244660206,51.7532,5.8743,7.3,2025-11-05 14:17:33.366057127 +0000 UTC,Unknown,DarkTurquoise,Unknown,Unknown,Unknown,Unknown,Netherlands 🇳🇱,135,Unknown,Unknown,0,Under way using engine,Unknown,Unknown
LIDAN               ,231897000,57.8949,12.0392,9.4,2025-11-05 14:17:33.367163619 +0000 UTC,Unknown,DarkTurquoise,Unknown,Unknown,Unknown,Unknown,Faroe Islands (Denmark) 🇫🇴,13.5,Unknown,Unknown,0,Under way using engine,Unknown,Unknown
RNMB-ORCADIAN       ,232039081,56.0063,-4.7948,0,2025-11-05 14:17:33.368557627 +0000 UTC,Unknown,DarkTurquoise,Unknown,Unknown,Unknown,Unknown,United Kingdom 🇬🇧,360,Unknown,Unknown,-128,Moored,Unknown,Unknown
ELSA LAULA RENBERG  ,257058280,67.2845,14.3723,0,2025-11-05 14:17:33.370160919 +0000 UTC,Unknown,DarkTurquoise,Unknown,Unknown,Unknown,Unknown,Norway 🇳🇴,237.7,Unknown,Unknown,0,Under way using engine,Unknown,Unknown
SL GRIFFIN          ,636025249,8.1745,-57.0278,1.4,2025-11-05 14:17:33.374042566 +0000 UTC,Unknown,DarkTurquoise,Unknown,Unknown,Unknown,Unknown,Liberia 🇱🇷,46.9,Unknown,Unknown,0,Under way using engine,Unknown,Unknown
EVER LUNAR          ,416497000,8.957,-79.572,3.4,2025-11-05 14:17:33.376800811 +0000 UTC,Unknown,DarkTurquoise,Unknown,Unknown,Unknown,Unknown,Taiwan 🇹🇼,161.9,Unknown,Unknown,0,Under way using engine,Unknown,Unknown
NORDSEE VII,211871890,53.5453,9.9701,0.4,2025-11-05 14:17:45.578061104 +0000 UTC,Unknown,DarkTurquoise,Unknown,Unknown,Unknown,Unknown,Germany 🇩🇪,111.2,Unknown,Unknown,-128,Under way using engine,Unknown,Unknown
MATADOR 2           ,245670000,51.8975,4.4019,6,2025-11-05 14:17:33.386953062 +0000 UTC,Unknown,DarkTurquoise,Unknown,Unknown,Unknown,Unknown,Netherlands 🇳🇱,69.2,Unknown,Unknown,-128,Restricted manoeuvrability,Unknown,Unknown
SB 21               ,244860383,52.4056,4.8679,Unknown,2025-11-05 14:17:33.394597148 +0000 UTC,Other Type,RoyalBlue,,Unknown,Unknown,Unknown,Netherlands 🇳🇱,Unknown,16,4,Unknown,Unknown,0,1.5
CTRACTOR-8          ,366982190,32.7057,-117.1754,9.1,2025-11-05 14:17:33.397285644 +0000 UTC,Unknown,DarkTurquoise,Unknown,Unknown,Unknown,Unknown,United States 🇺🇸,310,Unknown,Unknown,11,Under way using engine,Unknown,Unknown
FEED STAVANGER,305224000,59.0208,10.895,10.4,2025-11-05 14:17:44.618435287 +0000 UTC,Unknown,DarkTurquoise,Unknown,Unknown,Unknown,Unknown,Antigua and Barbuda 🇦🇬,294.1,Unknown,Unknown,0,Under way using engine,Unknown,Unknown
WILDERNESS DISCOVERE,367480140,0.0,0.0,0,2025-11-05 14:17:33.414329935 +0000 UTC,Unknown,DarkTurquoise,Unknown,Unknown,Unknown,Unknown,United States 🇺🇸,0,Unknown,Unknown,0,Moored,Unknown,Unknown
ALICE               ,244667197,52.5755,5.8704,0,2025-11-05 14:17:33.416035377 +0000 UTC,Unknown,DarkTurquoise,Unknown,Unknown,Unknown,Unknown,Netherlands 🇳🇱,272.5,Unknown,Unknown,-128,Undefined,Unknown,Unknown
LADY JJ             ,368365620,26.1241,-80.1093,0,2025-11-05 14:17:33.417434477 +0000 UTC,Unknown,DarkTurquoise,Unknown,Unknown,Unknown,Unknown,United States 🇺🇸,258.4,Unknown,Unknown,-128,Moored,Unknown,Unknown
LITIPOLO IV,228162330,48.3789,-4.4896,Unknown,2025-11-05 14:17:33.422880326 +0000 UTC,Unknown,DarkTurquoise,Unknown,Unknown,Unknown,Unknown,France 🇫🇷,Unknown,Unknown,Unknown,Unknown,Unknown,Unknown,Unknown
INFINITY            ,339000037,37.9314,23.6496,0,2025-11-05 14:17:33.425249171 +0000 UTC,Unknown,DarkTurquoise,Unknown,Unknown,Unknown,Unknown,Jamaica 🇯🇲,239.6,Unknown,Unknown,0,Moored,Unknown,Unknown
WABI SABI NI,503172330,-33.6564,151.3066,Unknown,2025-11-05 14:17:33.437654867 +0000 UTC,Unknown,DarkTurquoise,Unknown,Unknown,Unknown,Unknown,Australia 🇦🇺,Unknown,Unknown,Unknown,Unknown,Unknown,Unknown,Unknown
VS LISBETH          ,232005015,36.5627,-8.7896,10.5,2025-11-05 14:17:33.439878867 +0000 UTC,Unknown,DarkTurquoise,Unknown,Unknown,Unknown,Unknown,United Kingdom 🇬🇧,292.8,Unknown,Unknown,0,Under way using engine,Unknown,Unknown
SMIT WAALHAVEN 24,244700124,51.8832,4.452,0,2025-11-05 14:17:33.443340578 +0000 UTC,Unknown,DarkTurquoise,Unknown,Unknown,Unknown,Unknown,Netherlands 🇳🇱,205.2,Unknown,Unknown,-128,,Unknown,Unknown
MARIA,265828570,59.3321,18.0769,0,2025-11-05 14:17:33.445652221 +0000 UTC,Unknown,DarkTurquoise,Unknown,Unknown,Unknown,Unknown,Sweden 🇸🇪,67.6,Unknown,Unknown,-10,Under way using engine,Unknown,Unknown
PORTO DI LIVORNO    ,247194300,43.5606,10.3023,0,2025-11-05 14:17:33.451011256 +0000 UTC,Unknown,DarkTurquoise,Unknown,Unknown,Unknown,Unknown,Italy 🇮🇹,139,Unknown,Unknown,-128,Under way using engine,Unknown,Unknown
SEMPER-SPERA,244750145,51.911,4.5809,0,2025-11-05 14:17:33.453660755 +0000 UTC,Unknown,DarkTurquoise,Unknown,Unknown,Unknown,Unknown,Netherlands 🇳🇱,0,Unknown,Unknown,-128,Moored,Unknown,Unknown
GRACIE M REINAUER   ,367728850,40.8305,-73.7755,8.4,2025-11-05 14:17:33.455641835 +0000 UTC,Unknown,DarkTurquoise,Unknown,Unknown,Unknown,Unknown,United States 🇺🇸,35.5,Unknown,Unknown,0,Under way using engine,Unknown,Unknown
LA PUNTA,205698810,51.2282,2.9229,Unknown,2025-11-05 14:17:33.457232308 +0000 UTC,Unknown,DarkTurquoise,Unknown,Unknown,Unknown,Unknown,Belgium 🇧🇪,Unknown,Unknown,Unknown,Unknown,Unknown,Unknown,Unknown
SOREN LARSEN,518378000,-33.8646,151.181,0,2025-11-05 14:17:33.458667784 +0000 UTC,Unknown,DarkTurquoise,Unknown,Unknown,Unknown,Unknown,Cook Islands 🇨🇰,0,Unknown,Unknown,-128,Under way using engine,Unknown,Unknown
RVE 21,244630451,51.9013,4.3606,0,2025-11-05 14:17:33.463015982 +0000 UTC,Unknown,DarkTurquoise,Unknown,Unknown,Unknown,Unknown,Netherlands 🇳🇱,360,Unknown,Unknown,-128,Undefined,Unknown,Unknown
COBALT SUN          ,636019387,57.6411,10.7324,0,2025-11-05 14:17:33.474073485 +0000 UTC,Unknown,DarkTurquoise,Unknown,Unknown,Unknown,Unknown,Liberia 🇱🇷,298.8,Unknown,Unknown,3,At anchor,Unknown,Unknown
BOLD  TERN,229080000,49.4639,-0.4724,0,2025-11-05 14:17:33.475165492 +0000 UTC,Unknown,DarkTurquoise,Unknown,Unknown,Unknown,Unknown,Malta 🇲🇹,251.9,Unknown,Unknown,0,Undefined,Unknown,Unknown
PUTLOS,211212690,54.5043,10.8534,12.5,2025-11-05 14:17:33.47845451 +0000 UTC,Unknown,DarkTurquoise,Unknown,Unknown,Unknown,Unknown,Germany 🇩🇪,164.4,Unknown,Unknown,0,Under way using engine,Unknown,Unknown
ATLANTIC FIR        ,316009640,48.958,-57.9487,Unknown,2025-11-05 14:17:33.48496936 +0000 UTC,Tug Boat,Silver,GVNR IL ANCHOR      ,Unknown,Unknown,Unknown,Canada 🇨🇦,Unknown,30,11,Unknown,Unknown,9324916,5.5
ENDEAVOR            ,366884240,27.9334,-82.4338,0,2025-11-05 14:17:33.486333334 +0000 UTC,Unknown,DarkTurquoise,Unknown,Unknown,Unknown,Unknown,United States 🇺🇸,314.8,Unknown,Unknown,-128,Undefined,Unknown,Unknown
RPA 1               ,244100063,51.813,4.6566,0.1,2025-11-05 14:17:33.490721444 +0000 UTC,Unknown,DarkTurquoise,Unknown,Unknown,Unknown,Unknown,Netherlands 🇳🇱,215.1,Unknown,Unknown,-128,Under way using engine,Unknown,Unknown
LEGUANO,265018620,53.5246,8.1441,Unknown,2025-11-05 14:17:33.497440465 +0000 UTC,Unknown,DarkTurquoise,Unknown,Unknown,Unknown,Unknown,Sweden 🇸🇪,Unknown,Unknown,Unknown,Unknown,Unknown,Unknown,Unknown
STENTOR,244620046,53.1823,5.5365,0,2025-11-05 14:17:33.499108221 +0000 UTC,Unknown,DarkTurquoise,Unknown,Unknown,Unknown,Unknown,Netherlands 🇳🇱,360,Unknown,Unknown,-128,Under way using engine,Unknown,Unknown
ALFA VERDE,244059044,51.8899,4.4144,1.6,2025-11-05 14:17:43.96287403 +0000 UTC,Cargo,ForestGreen,HARINGHAVEN,NOHAA,Ha,Norway,Netherlands 🇳🇱,283.5,110,12,-128,Under way using engine,0,1
KAISHOMARU          ,431000225,39.7665,140.0486,0,2025-11-05 14:17:33.533659482 +0000 UTC,Unknown,DarkTurquoise,Unknown,Unknown,Unknown,Unknown,Japan 🇯🇵,293.7,Unknown,Unknown,0,Under way using engine,Unknown,Unknown
PRINS RICHARD,219000429,54.6093,11.2919,15,2025-11-05 14:17:33.535528716 +0000 UTC,Unknown,DarkTurquoise,Unknown,Unknown,Unknown,Unknown,Denmark 🇩🇰,216.3,Unknown,Unknown,5,Under way using engine,Unknown,Unknown
KONINGIN FABIOLA,244780643,52.3792,4.8926,2.4,2025-11-05 14:17:33.537205357 +0000 UTC,Unknown,DarkTurquoise,Unknown,Unknown,Unknown,Unknown,Netherlands 🇳🇱,107,Unknown,Unknown,-128,Under way using engine,Unknown,Unknown
BULK SANTOS         ,636018975,51.9657,4.1128,Unknown,2025-11-05 14:17:33.539420664 +0000 UTC,Cargo,ForestGreen,NLRTM               ,NLRTM,Rotterdam,Netherlands,Liberia 🇱🇷,Unknown,300,50,Unknown,Unknown,9849772,18
P99,244050309,51.9058,4.4637,0.1,2025-11-05 14:17:33.541158567 +0000 UTC,Unknown,DarkTurquoise,Unknown,Unknown,Unknown,Unknown,Netherlands 🇳🇱,51,Unknown,Unknown,0,Under way using engine,Unknown,Unknown
MSRC STEADFAST      ,368373020,25.7789,-80.1861,0,2025-11-05 14:17:33.5428433 +0000 UTC,Unknown,DarkTurquoise,Unknown,Unknown,Unknown,Unknown,United States 🇺🇸,143.4,Unknown,Unknown,-128,Undefined,Unknown,Unknown
UAL BRAZIL          ,305560000,-3.5303,-38.7945,0,2025-11-05 14:17:33.548052674 +0000 UTC,Unknown,DarkTurquoise,Unknown,Unknown,Unknown,Unknown,Antigua and Barbuda 🇦🇬,41.9,Unknown,Unknown,0,Moored,Unknown,Unknown
HEBE II ,257648500,67.1037,15.3932,0,2025-11-05 14:17:33.549484916 +0000 UTC,Unknown,DarkTurquoise,Unknown,Unknown,Unknown,Unknown,Norway 🇳🇴,0,Unknown,Unknown,0,Undefined,Unknown,Unknown
BREITLING,211624750,54.1767,12.0972,0,2025-11-05 14:17:46.142249289 +0000 UTC,Unknown,DarkTurquoise,Unknown,Unknown,Unknown,Unknown,Germany 🇩🇪,360,Unknown,Unknown,0,Under way using engine,Unknown,Unknown
INITIA,244740874,51.4761,4.0047,8,2025-11-05 14:17:33.552813222 +0000 UTC,Unknown,DarkTurquoise,Unknown,Unknown,Unknown,Unknown,Netherlands 🇳🇱,176.9,Unknown,Unknown,0,Under way using engine,Unknown,Unknown
MARTA COLLIN        ,265530880,57.7073,11.6633,0,2025-11-05 14:17:33.555535856 +0000 UTC,Unknown,DarkTurquoise,Unknown,Unknown,Unknown,Unknown,Sweden 🇸🇪,21.4,Unknown,Unknown,0,Under way using engine,Unknown,Unknown
BLUE STAR 2         ,239737000,37.9408,23.6246,0,2025-11-05 14:17:33.557412754 +0000 UTC,Unknown,DarkTurquoise,Unknown,Unknown,Unknown,Unknown,Greece 🇬🇷,28,Unknown,Unknown,0,Moored,Unknown,Unknown
ASH ADRIATIC        ,538009698,41.1015,1.2297,0,2025-11-05 14:17:33.558427266 +0000 UTC,Unknown,DarkTurquoise,Unknown,Unknown,Unknown,Unknown,Marshall Islands 🇲🇭,111,Unknown,Unknown,0,Moored,Unknown,Unknown
BATOUWE,244700877,51.9073,5.4499,0,2025-11-05 14:17:33.561843113 +0000 UTC,Unknown,DarkTurquoise,Unknown,Unknown,Unknown,Unknown,Netherlands 🇳🇱,360,Unknown,Unknown,-128,Constrained by her draught,Unknown,Unknown
DELTA -KVB-,211882550,51.8156,5.3752,5.8,2025-11-05 14:17:46.859295391 +0000 UTC,Unknown,DarkTurquoise,Unknown,Unknown,Unknown,Unknown,Germany 🇩🇪,26.3,Unknown,Unknown,-128,Under way using engine,Unknown,Unknown
JANIENKE,244650899,52.4209,4.8136,6.1,2025-11-05 14:17:33.566965926 +0000 UTC,Unknown,DarkTurquoise,Unknown,Unknown,Unknown,Unknown,Netherlands 🇳🇱,244.9,Unknown,Unknown,-128,Under way using engine,Unknown,Unknown
YOUNAN,232014927,37.9312,23.6833,0,2025-11-05 14:17:33.570824197 +0000 UTC,Unknown,DarkTurquoise,Unknown,Unknown,Unknown,Unknown,United Kingdom 🇬🇧,360,Unknown,Unknown,-128,Undefined,Unknown,Unknown
IVERNIA,244030198,51.8234,4.6999,0,2025-11-05 14:17:33.571957456 +0000 UTC,Unknown,DarkTurquoise,Unknown,Unknown,Unknown,Unknown,Netherlands 🇳🇱,360,Unknown,Unknown,-128,Under way using engine,Unknown,Unknown
JOLIEN,261182694,52.1886,10.4217,0,2025-11-05 14:17:33.573565152 +0000 UTC,Fishing,Gold,Unknown,Unknown,Unknown,Unknown,Poland 🇵🇱,360,Unknown,Unknown,0,Engaged in fishing,Unknown,Unknown
DISCOVERY PRINCESS,310812000,1.2509,103.6116,0,2025-11-05 14:17:33.582350469 +0000 UTC,Unknown,DarkTurquoise,Unknown,Unknown,Unknown,Unknown,Bermuda (British Overseas Territory) 🇧🇲,360,Unknown,Unknown,0,Undefined,Unknown,Unknown
PHILOS              ,244650794,51.2707,4.3092,3.3,2025-11-05 14:17:33.615670905 +0000 UTC,Unknown,DarkTurquoise,Unknown,Unknown,Unknown,Unknown,Netherlands 🇳🇱,65,Unknown,Unknown,-128,Under way using engine,Unknown,Unknown
TRANS FJELL,248886000,53.841,8.8565,13.3,2025-11-05 14:17:33.617522331 +0000 UTC,Unknown,DarkTurquoise,Unknown,Unknown,Unknown,Unknown,Malta 🇲🇹,264.3,Unknown,Unknown,0,Under way using engine,Unknown,Unknown
RESCUE STIG WADSTROM,265816860,56.3852,16.0922,0,2025-11-05 14:17:33.618769268 +0000 UTC,Unknown,DarkTurquoise,Unknown,Unknown,Unknown,Unknown,Sweden 🇸🇪,305.1,Unknown,Unknown,-128,Under way using engine,Unknown,Unknown
EMERALD             ,248033000,49.8073,-3.4485,12.4,2025-11-05 14:17:33.620156315 +0000 UTC,Unknown,DarkTurquoise,Unknown,Unknown,Unknown,Unknown,Malta 🇲🇹,240,Unknown,Unknown,0,Under way using engine,Unknown,Unknown
SKANDI FLORA        ,258239000,59.0219,5.644,10.2,2025-11-05 14:17:33.621888631 +0000 UTC,Unknown,DarkTurquoise,Unknown,Unknown,Unknown,Unknown,Norway 🇳🇴,132.4,Unknown,Unknown,0,Under way using engine,Unknown,Unknown
CELTIC ENDEAVOUR    ,305924000,53.4913,-3.4585,0.2,2025-11-05 14:17:33.623110207 +0000 UTC,Unknown,DarkTurquoise,Unknown,Unknown,Unknown,Unknown,Antigua and Barbuda 🇦🇬,211,Unknown,Unknown,-13,At anchor,Unknown,Unknown
NT3 WATERSNIP,244035980,52.3901,4.8939,6.1,2025-11-05 14:17:33.625080694 +0000 UTC,Unknown,DarkTurquoise,Unknown,Unknown,Unknown,Unknown,Netherlands 🇳🇱,183.7,Unknown,Unknown,-128,Under way using engine,Unknown,Unknown
MORENA QUATRE,224109490,40.6161,0.5962,Unknown,2025-11-05 14:17:33.658471149 +0000 UTC,Unknown,DarkTurquoise,Unknown,Unknown,Unknown,Unknown,Spain 🇪🇸,Unknown,Unknown,Unknown,Unknown,Unknown,Unknown,Unknown
VB ROB,244791000,51.9588,4.0413,3.4,2025-11-05 14:17:33.663408665 +0000 UTC,Unknown,DarkTurquoise,Unknown,Unknown,Unknown,Unknown,Netherlands 🇳🇱,247,Unknown,Unknown,0,Moored,Unknown,Unknown
FJORDCH-EXPERIENCE  ,258064000,60.4459,5.3099,0,2025-11-05 14:17:33.665959088 +0000 UTC,Unknown,DarkTurquoise,Unknown,Unknown,Unknown,Unknown,Norway 🇳🇴,176.7,Unknown,Unknown,0,Moored,Unknown,Unknown
HEBO CAT 13         ,244870481,52.4057,4.8582,0,2025-11-05 14:17:33.667329161 +0000 UTC,Unknown,DarkTurquoise,Unknown,Unknown,Unknown,Unknown,Netherlands 🇳🇱,31.4,Unknown,Unknown,-127,Under way using engine,Unknown,Unknown
ALVA MAERSK         ,219734000,45.5821,13.67,Unknown,2025-11-05 14:17:33.67040613 +0000 UTC,Cargo,ForestGreen,HRRJK>>SIKOP        ,SIKOP,Koper,Slovenia,Denmark 🇩🇰,Unknown,351,54,Unknown,Unknown,9961817,12.1
SKARPO,265522470,59.3269,18.0756,0,2025-11-05 14:17:33.672108576 +0000 UTC,Unknown,DarkTurquoise,Unknown,Unknown,Unknown,Unknown,Sweden 🇸🇪,360,Unknown,Unknown,0,Under way using engine,Unknown,Unknown
HANSESLOP 6,211783290,53.5269,9.9591,8,2025-11-05 14:17:33.674569965 +0000 UTC,Unknown,DarkTurquoise,Unknown,Unknown,Unknown,Unknown,Germany 🇩🇪,129,Unknown,Unknown,0,Under way using engine,Unknown,Unknown
AMALIE ESSBERGER,255805370,54.5381,11.4072,11.9,2025-11-05 14:17:33.676691512 +0000 UTC,Unknown,DarkTurquoise,Unknown,Unknown,Unknown,Unknown,Madeira (Portugal) 🇵🇹,295.5,Unknown,Unknown,0,Under way using engine,Unknown,Unknown
KOBE EXPRESS,310764000,37.9937,15.5796,14.9,2025-11-05 14:17:33.677972175 +0000 UTC,Unknown,DarkTurquoise,Unknown,Unknown,Unknown,Unknown,Bermuda (British Overseas Territory) 🇧🇲,0.3,Unknown,Unknown,0,Under way using engine,Unknown,Unknown
SHACKLETON          ,250002011,53.3483,-6.1993,0,2025-11-05 14:17:33.67926224 +0000 UTC,Unknown,DarkTurquoise,Unknown,Unknown,Unknown,Unknown,Ireland 🇮🇪,360,Unknown,Unknown,0,Under way using engine,Unknown,Unknown
ANGKALIA,210420000,37.9332,23.6798,Unknown,2025-11-05 14:17:33.680842098 +0000 UTC,Pleasure Craft,PeachPuff,FLISVOS,FRFNS,Flins,France,Cyprus 🇨🇾,Unknown,37,7,Unknown,Unknown,9451446,2.2
SVITZER MYALL       ,503625000,-32.8917,151.7734,0.6,2025-11-05 14:17:33.682070256 +0000 UTC,Unknown,DarkTurquoise,Unknown,Unknown,Unknown,Unknown,Australia 🇦🇺,264,Unknown,Unknown,-127,Under way sailing,Unknown,Unknown
GERHARD,211767680,53.3531,7.217,0,2025-11-05 14:17:33.688830373 +0000 UTC,Unknown,DarkTurquoise,Unknown,Unknown,Unknown,Unknown,Germany 🇩🇪,360,Unknown,Unknown,-128,Under way using engine,Unknown,Unknown
SEA BEAR ,368079780,47.5631,-122.2314,Unknown,2025-11-05 14:17:33.690281406 +0000 UTC,Unknown,DarkTurquoise,Unknown,Unknown,Unknown,Unknown,United States 🇺🇸,Unknown,Unknown,Unknown,Unknown,Unknown,Unknown,Unknown
JOSE Y DOLORES,224025970,41.2144,1.7342,0,2025-11-05 14:17:33.691722249 +0000 UTC,Fishing,Gold,Unknown,Unknown,Unknown,Unknown,Spain 🇪🇸,0,Unknown,Unknown,-128,Engaged in fishing,Unknown,Unknown
HELGOLAND 2,211476340,53.8532,8.7422,0,2025-11-05 14:17:33.693166202 +0000 UTC,Unknown,DarkTurquoise,Unknown,Unknown,Unknown,Unknown,Germany 🇩🇪,360,Unknown,Unknown,-128,Constrained by her draught,Unknown,Unknown
ROYAL CANADIAN      ,316005667,49.2866,-123.0975,0,2025-11-05 14:17:33.697134591 +0000 UTC,Unknown,DarkTurquoise,Unknown,Unknown,Unknown,Unknown,Canada 🇨🇦,89,Unknown,Unknown,0,Under way sailing,Unknown,Unknown
AMILCAR,672747000,41.3393,2.1527,6.1,2025-11-05 14:17:33.698450333 +0000 UTC,Unknown,DarkTurquoise,Unknown,Unknown,Unknown,Unknown,Tunisia 🇹🇳,29.4,Unknown,Unknown,12,Under way using engine,Unknown,Unknown
RESCUE D SILVIA     ,265530850,59.4553,18.3086,0,2025-11-05 14:17:33.703709798 +0000 UTC,Unknown,DarkTurquoise,Unknown,Unknown,Unknown,Unknown,Sweden 🇸🇪,18.9,Unknown,Unknown,0,Under way using engine,Unknown,Unknown
CRYSTAL SERENITY,311536000,43.6599,-70.2421,0,2025-11-05 14:17:33.705075084 +0000 UTC,Unknown,DarkTurquoise,Unknown,Unknown,Unknown,Unknown,Bahamas 🇧🇸,289.1,Unknown,Unknown,0,Moored,Unknown,Unknown
TEMPORE,205545690,51.3971,3.9586,Unknown,2025-11-05 14:17:33.707511138 +0000 UTC,Cargo,ForestGreen,AMSTERDAM MERCURIUSH,NLAMS,Amsterdam,Netherlands,Belgium 🇧🇪,Unknown,60,8,Unknown,Unknown,0,0.2
ACE OF SPADES       ,211666810,54.3825,10.1802,Unknown,2025-11-05 14:17:33.70950284 +0000 UTC,Unknown,DarkTurquoise,Unknown,Unknown,Unknown,Unknown,Germany 🇩🇪,Unknown,Unknown,Unknown,Unknown,Unknown,Unknown,Unknown
WINDSERVE SPARTAN,368379170,41.6431,-70.9163,0,2025-11-05 14:17:33.712024746 +0000 UTC,Unknown,DarkTurquoise,Unknown,Unknown,Unknown,Unknown,United States 🇺🇸,0,Unknown,Unknown,0,Under way using engine,Unknown,Unknown
ALLEGONDA,244630178,52.0832,5.0798,7.3,2025-11-05 14:17:33.716422674 +0000 UTC,Unknown,DarkTurquoise,Unknown,Unknown,Unknown,Unknown,Netherlands 🇳🇱,171.7,Unknown,Unknown,0,Under way using engine,Unknown,Unknown
H84 GULDBORG,219003138,57.7061,11.6592,0,2025-11-05 14:17:33.722823271 +0000 UTC,Unknown,DarkTurquoise,Unknown,Unknown,Unknown,Unknown,Denmark 🇩🇰,360,Unknown,Unknown,-128,Undefined,Unknown,Unknown
LUROEYSUND,257754600,66.4086,12.8878,Unknown,2025-11-05 14:17:33.725858279 +0000 UTC,Cargo,ForestGreen,TLF: 97047867,Unknown,Unknown,Unknown,Norway 🇳🇴,Unknown,13,7,Unknown,Unknown,2577546,3
HERCULES,210566000,59.6044,5.7638,0,2025-11-05 14:17:33.728507036 +0000 UTC,Unknown,DarkTurquoise,Unknown,Unknown,Unknown,Unknown,Cyprus 🇨🇾,180,Unknown,Unknown,0,Moored,Unknown,Unknown
REM ART             ,257574000,63.104,7.7841,0,2025-11-05 14:17:33.729986881 +0000 UTC,Unknown,DarkTurquoise,Unknown,Unknown,Unknown,Unknown,Norway 🇳🇴,333,Unknown,Unknown,1,Moored,Unknown,Unknown
BUOY S 7       [54%],585900192,69.7341,16.6828,Unknown,2025-11-05 14:17:33.732098778 +0000 UTC,Unknown,DarkTurquoise,Unknown,Unknown,Unknown,Unknown,Unknown,Unknown,Unknown,Unknown,Unknown,Unknown,Unknown,Unknown
HUNTER              ,257388000,62.3372,5.7292,0,2025-11-05 14:17:44.79187996 +0000 UTC,Fishing,Gold,AALESUND            ,Unknown,Unknown,Unknown,Norway 🇳🇴,360,40,11,0,Under way using engine,8906949,6.6
AMRON,257514500,68.0713,13.5368,Unknown,2025-11-05 14:17:33.735221054 +0000 UTC,Other Type,RoyalBlue,TLF 48868600,Unknown,Unknown,Unknown,Norway 🇳🇴,Unknown,15,8,Unknown,Unknown,0,3.1
SELIO               ,258026890,62.0446,5.3445,0,2025-11-05 14:17:33.736554818 +0000 UTC,Unknown,DarkTurquoise,Unknown,Unknown,Unknown,Unknown,Norway 🇳🇴,94.4,Unknown,Unknown,127,Under way using engine,Unknown,Unknown
BINDALINGEN,257005350,64.789,11.462,0,2025-11-05 14:17:33.739021933 +0000 UTC,Unknown,DarkTurquoise,Unknown,Unknown,Unknown,Unknown,Norway 🇳🇴,219.2,Unknown,Unknown,-128,Under way using engine,Unknown,Unknown
STRAND SENIOR,257061650,62.4678,6.1215,0,2025-11-05 14:17:33.737782883 +0000 UTC,Unknown,DarkTurquoise,Unknown,Unknown,Unknown,Unknown,Norway 🇳🇴,342.5,Unknown,Unknown,0,Moored,Unknown,Unknown
KRANSVIK JR         ,258183000,69.8712,19.8361,Unknown,2025-11-05 14:17:33.740216398 +0000 UTC,Fishing,Gold,TLF 98433252        ,Unknown,Unknown,Unknown,Norway 🇳🇴,Unknown,27,9,Unknown,Unknown,9240263,6.3
NY VIKING           ,257864800,63.5085,7.9724,0,2025-11-05 14:17:33.741697909 +0000 UTC,Unknown,DarkTurquoise,Unknown,Unknown,Unknown,Unknown,Norway 🇳🇴,2,Unknown,Unknown,0,Under way using engine,Unknown,Unknown
HAVILA CHARISMA     ,257419000,61.6126,5.0706,0,2025-11-05 14:17:33.74587641 +0000 UTC,Cargo,ForestGreen,FJORDBASE           ,BRBOB,Borba,Brazil,Norway 🇳🇴,167.1,95,20,0,Moored,9631890,5.4
MARITA KRISTIN,257004610,71.0836,24.0603,Unknown,2025-11-05 14:17:33.746778454 +0000 UTC,Unknown,DarkTurquoise,Unknown,Unknown,Unknown,Unknown,Norway 🇳🇴,Unknown,Unknown,Unknown,Unknown,Unknown,Unknown,Unknown
Unknown Vessel,877227672,65.2162,12.0399,Unknown,2025-11-05 14:17:33.748336769 +0000 UTC,Unknown,DarkTurquoise,Unknown,Unknown,Unknown,Unknown,Unknown,Unknown,6,2,Unknown,Unknown,Unknown,Unknown
LEIF HELGE          ,258526000,69.5091,17.9084,0,2025-11-05 14:17:33.7494243 +0000 UTC,Fishing,Gold,Unknown,Unknown,Unknown,Unknown,Norway 🇳🇴,348.1,Unknown,Unknown,0,Engaged in fishing,Unknown,Unknown
HAV NES             ,231099000,68.497,16.1284,Unknown,2025-11-05 14:17:33.750783861 +0000 UTC,Cargo,ForestGreen,TOMMA               ,CASTH,Saint-Thomas,Canada,Faroe Islands (Denmark) 🇫🇴,Unknown,75,12,Unknown,Unknown,8719097,4.3
REMO                ,257440500,63.7625,8.8603,Unknown,2025-11-05 14:17:33.752349322 +0000 UTC,Fishing,Gold,BOMLO               ,Unknown,Unknown,Unknown,Norway 🇳🇴,Unknown,21,6,Unknown,Unknown,0,3
ERIK BYE,259460000,59.6112,5.2438,0,2025-11-05 14:17:33.754728809 +0000 UTC,Unknown,DarkTurquoise,Unknown,Unknown,Unknown,Unknown,Norway 🇳🇴,48.7,Unknown,Unknown,0,Under way using engine,Unknown,Unknown
FROY LEADER         ,259030410,61.9115,5.1801,Unknown,2025-11-05 14:17:33.755947614 +0000 UTC,Towing,DarkGreen,FISHFARMS           ,Unknown,Unknown,Unknown,Norway 🇳🇴,Unknown,26,13,Unknown,Unknown,9980631,0
TENAX,258312000,60.8139,5.0168,Unknown,2025-11-05 14:17:33.753365265 +0000 UTC,Tug Boat,Silver,MONGSTAD,Unknown,Unknown,Unknown,Norway 🇳🇴,Unknown,38,14,Unknown,Unknown,9348716,7
ELDORADO            ,257088220,66.494,12.084,0,2025-11-05 14:17:33.759848241 +0000 UTC,Unknown,DarkTurquoise,Unknown,Unknown,Unknown,Unknown,Norway 🇳🇴,98.4,Unknown,Unknown,0,Under way using engine,Unknown,Unknown
INGUN,257010320,61.9744,5.1358,Unknown,2025-11-05 14:17:33.76342503 +0000 UTC,Unknown,DarkTurquoise,Unknown,Unknown,Unknown,Unknown,Norway 🇳🇴,Unknown,Unknown,Unknown,Unknown,Unknown,Unknown,Unknown
MOERETIND           ,259522000,62.5655,6.1974,9.6,2025-11-05 14:17:33.764469923 +0000 UTC,Unknown,DarkTurquoise,Unknown,Unknown,Unknown,Unknown,Norway 🇳🇴,38.6,Unknown,Unknown,0,Under way using engine,Unknown,Unknown
SOLBJORN            ,257001420,67.938,13.0835,0,2025-11-05 14:17:33.765157786 +0000 UTC,Unknown,DarkTurquoise,Unknown,Unknown,Unknown,Unknown,Norway 🇳🇴,326.7,Unknown,Unknown,0,Under way using engine,Unknown,Unknown
OLAVSON             ,258224000,60.6997,4.9229,0,2025-11-05 14:17:33.765871969 +0000 UTC,Unknown,DarkTurquoise,Unknown,Unknown,Unknown,Unknown,Norway 🇳🇴,313.9,Unknown,Unknown,-128,Under way using engine,Unknown,Unknown
AMALIA              ,245230000,59.1265,9.6178,0,2025-11-05 14:17:33.766657652 +0000 UTC,Unknown,DarkTurquoise,Unknown,Unknown,Unknown,Unknown,Netherlands 🇳🇱,328.3,Unknown,Unknown,0,Moored,Unknown,Unknown
LISE BEATE          ,257602000,69.4957,17.4915,0,2025-11-05 14:17:33.767773357 +0000 UTC,Fishing,Gold,Unknown,Unknown,Unknown,Unknown,Norway 🇳🇴,0.1,Unknown,Unknown,0,Engaged in fishing,Unknown,Unknown
NEFELIN V           ,257517000,70.2278,22.8167,23.8,2025-11-05 14:17:33.769137155 +0000 UTC,Unknown,DarkTurquoise,Unknown,Unknown,Unknown,Unknown,Norway 🇳🇴,112.6,Unknown,Unknown,0,Under way using engine,Unknown,Unknown
GEISNES,257253400,64.6378,11.3479,Unknown,2025-11-05 14:17:33.770642878 +0000 UTC,Passenger Ship,Crimson,SEIERSTAD -  OLHAMM,GBODH,Oldham,United Kingdom,Norway 🇳🇴,Unknown,44,12,Unknown,Unknown,8805353,0
BUSKALG,257294720,64.8595,11.2298,0,2025-11-05 14:17:33.771973297 +0000 UTC,Unknown,DarkTurquoise,Unknown,Unknown,Unknown,Unknown,Norway 🇳🇴,262,Unknown,Unknown,0,Under way using engine,Unknown,Unknown
MARAN WAVE          ,311000971,58.0141,5.908,Unknown,2025-11-05 14:17:33.77323008 +0000 UTC,Tanker,Navy,MARINER B UK        ,CUMAR,Mariel,Cuba,Bahamas 🇧🇸,Unknown,245,44,Unknown,Unknown,9863558,8.6
SJOELAKS,257870700,67.2046,15.2801,8.6,2025-11-05 14:17:33.774691521 +0000 UTC,Unknown,DarkTurquoise,Unknown,Unknown,Unknown,Unknown,Norway 🇳🇴,11.7,Unknown,Unknown,-48,Under way using engine,Unknown,Unknown
VESTFJORD,258207880,59.8366,5.306,4.2,2025-11-05 14:17:33.775343235 +0000 UTC,Unknown,DarkTurquoise,Unknown,Unknown,Unknown,Unknown,Norway 🇳🇴,337.3,Unknown,Unknown,-49,Under way using engine,Unknown,Unknown
KEY EAST            ,229015000,65.5885,10.8345,4,2025-11-05 14:17:43.12344949 +0000 UTC,Tanker,Navy,SALTHELA            ,NOSLH,Salthella,Norway,Malta 🇲🇹,179,109,16,-127,Under way using engine,9525584,5.7
EVERINGEN,244650973,51.78,4.7513,8.1,2025-11-05 14:17:33.777101374 +0000 UTC,Unknown,DarkTurquoise,Unknown,Unknown,Unknown,Unknown,Netherlands 🇳🇱,208.7,Unknown,Unknown,-128,Moored,Unknown,Unknown
GREENPORTS 1,211718100,53.5306,8.5765,0,2025-11-05 14:17:33.778386657 +0000 UTC,Unknown,DarkTurquoise,Unknown,Unknown,Unknown,Unknown,Germany 🇩🇪,360,Unknown,Unknown,-128,Moored,Unknown,Unknown
XANDO               ,211683720,51.871,6.0427,3.3,2025-11-05 14:17:43.988606842 +0000 UTC,Cargo,ForestGreen,                    ,Unknown,Unknown,Unknown,Germany 🇩🇪,105.9,85,9,-128,Under way using engine,0,1.2
WESER PILOT,211464260,53.8742,7.8671,9,2025-11-05 14:17:33.784695186 +0000 UTC,Unknown,DarkTurquoise,Unknown,Unknown,Unknown,Unknown,Germany 🇩🇪,225.5,Unknown,Unknown,0,Under way using engine,Unknown,Unknown
RODZINA,227093830,51.1966,3.2276,Unknown,2025-11-05 14:17:33.787383606 +0000 UTC,Cargo,ForestGreen,GENT,BEGNE,Gent (Ghent),Belgium,France 🇫🇷,Unknown,80,9,Unknown,Unknown,0,2.4
ROLLO,367705000,47.6589,-122.3814,0,2025-11-05 14:17:33.796774944 +0000 UTC,Unknown,DarkTurquoise,Unknown,Unknown,Unknown,Unknown,United States 🇺🇸,171,Unknown,Unknown,0,Under way sailing,Unknown,Unknown
IRON DON            ,368086630,48.7224,-122.5144,0,2025-11-05 14:17:33.79895161 +0000 UTC,Unknown,DarkTurquoise,Unknown,Unknown,Unknown,Unknown,United States 🇺🇸,273.3,Unknown,Unknown,-128,Under way using engine,Unknown,Unknown
SATURN              ,366888770,46.2011,-123.387,0,2025-11-05 14:17:33.805222579 +0000 UTC,Unknown,DarkTurquoise,Unknown,Unknown,Unknown,Unknown,United States 🇺🇸,330.3,Unknown,Unknown,-128,Under way using engine,Unknown,Unknown
HTMS.PHARUEHATSABODI,567052500,13.5509,100.5785,0,2025-11-05 14:17:33.806113308 +0000 UTC,Unknown,DarkTurquoise,Unknown,Unknown,Unknown,Unknown,Thailand 🇹🇭,0,Unknown,Unknown,-128,Under way using engine,Unknown,Unknown
F/V ESPERANZA 2     ,228144000,48.1421,-4.342,8.7,2025-11-05 14:17:33.80735441 +0000 UTC,Unknown,DarkTurquoise,Unknown,Unknown,Unknown,Unknown,France 🇫🇷,314.1,Unknown,Unknown,-128,Under way using engine,Unknown,Unknown
ESSIEN              ,563180400,-33.8361,18.4212,0.3,2025-11-05 14:17:33.808983937 +0000 UTC,Unknown,DarkTurquoise,Unknown,Unknown,Unknown,Unknown,Singapore 🇸🇬,7.6,Unknown,Unknown,0,At anchor,Unknown,Unknown
BRABO,205554090,51.2368,4.4196,0,2025-11-05 14:17:46.470888455 +0000 UTC,Unknown,DarkTurquoise,Unknown,Unknown,Unknown,Unknown,Belgium 🇧🇪,32.2,Unknown,Unknown,-128,Under way using engine,Unknown,Unknown
F/V MEN GWEN        ,227481000,47.2274,-2.8328,2.7,2025-11-05 14:17:33.8112802 +0000 UTC,Unknown,DarkTurquoise,Unknown,Unknown,Unknown,Unknown,France 🇫🇷,109.5,Unknown,Unknown,-128,Under way using engine,Unknown,Unknown
WLA-305,261004830,54.7953,18.4194,0,2025-11-05 14:17:33.816064999 +0000 UTC,Fishing,Gold,Unknown,Unknown,Unknown,Unknown,Poland 🇵🇱,0,Unknown,Unknown,-128,Engaged in fishing,Unknown,Unknown
CHANGING TIDES,338523795,39.1449,-76.2521,Unknown,2025-11-05 14:17:33.817869442 +0000 UTC,Unknown,DarkTurquoise,Unknown,Unknown,Unknown,Unknown,United States 🇺🇸,Unknown,Unknown,Unknown,Unknown,Unknown,Unknown,Unknown
GRAND 99            ,477996955,22.3674,114.1024,0,2025-11-05 14:17:33.819361041 +0000 UTC,Unknown,DarkTurquoise,Unknown,Unknown,Unknown,Unknown,Hong Kong (China) 🇭🇰,305.2,Unknown,Unknown,0,Undefined,Unknown,Unknown
TONG YEA NO3,416124900,25.1514,121.7453,0,2025-11-05 14:17:42.993855043 +0000 UTC,Unknown,DarkTurquoise,Unknown,Unknown,Unknown,Unknown,Taiwan 🇹🇼,360,Unknown,Unknown,-128,Under way using engine,Unknown,Unknown
IRELAND,244140388,53.403,4.54,11.4,2025-11-05 14:17:33.827287751 +0000 UTC,Unknown,DarkTurquoise,Unknown,Unknown,Unknown,Unknown,Netherlands 🇳🇱,200,Unknown,Unknown,-7,Under way using engine,Unknown,Unknown
TS2 SVEN            ,245552000,53.3588,5.2168,0,2025-11-05 14:17:33.828493272 +0000 UTC,Unknown,DarkTurquoise,Unknown,Unknown,Unknown,Unknown,Netherlands 🇳🇱,354,Unknown,Unknown,0,Under way using engine,Unknown,Unknown
DRIFA               ,355507000,53.1801,5.4147,0,2025-11-05 14:17:33.83104334 +0000 UTC,Unknown,DarkTurquoise,Unknown,Unknown,Unknown,Unknown,Panama 🇵🇦,78.9,Unknown,Unknown,0,Moored,Unknown,Unknown
NOORD NEDERLAND     ,244296000,53.355,5.2189,10.5,2025-11-05 14:17:33.832379855 +0000 UTC,Unknown,DarkTurquoise,Unknown,Unknown,Unknown,Unknown,Netherlands 🇳🇱,346,Unknown,Unknown,0,Under way using engine,Unknown,Unknown
COMMITMENT          ,338899000,37.7895,-122.5531,Unknown,2025-11-05 14:17:33.842104454 +0000 UTC,Towing,DarkGreen,SFO                 ,Unknown,Unknown,Unknown,United States 🇺🇸,Unknown,208,23,Unknown,Unknown,9369411,6.7
OLAND,211731030,54.4726,9.0384,0,2025-11-05 14:17:46.556648372 +0000 UTC,Unknown,DarkTurquoise,Unknown,Unknown,Unknown,Unknown,Germany 🇩🇪,360,Unknown,Unknown,0,Under way using engine,Unknown,Unknown
ACE VIKING,210148000,54.5351,18.52,0,2025-11-05 14:17:33.845004087 +0000 UTC,Unknown,DarkTurquoise,Unknown,Unknown,Unknown,Unknown,Cyprus 🇨🇾,274.4,Unknown,Unknown,-128,Moored,Unknown,Unknown
EXPORTER            ,368029450,28.9319,-95.2933,1.1,2025-11-05 14:17:33.858140904 +0000 UTC,Unknown,DarkTurquoise,Unknown,Unknown,Unknown,Unknown,United States 🇺🇸,102.7,Unknown,Unknown,-127,Under way using engine,Unknown,Unknown
OSPREY V            ,503137590,-42.51,147.9153,0,2025-11-05 14:17:33.860636122 +0000 UTC,Unknown,DarkTurquoise,Unknown,Unknown,Unknown,Unknown,Australia 🇦🇺,360,Unknown,Unknown,-128,Under way using engine,Unknown,Unknown
SANDON 9,567004000,13.6265,100.544,Unknown,2025-11-05 14:17:33.86222606 +0000 UTC,Dredging or Underwater Operations,Black,WAT BANG HUA SUEA,CNHUM,Huma,China,Thailand 🇹🇭,Unknown,91,15,Unknown,Unknown,9173123,0
LADY MATHILDE       ,245197000,49.4284,0.2464,0,2025-11-05 14:17:33.864211608 +0000 UTC,Unknown,DarkTurquoise,Unknown,Unknown,Unknown,Unknown,Netherlands 🇳🇱,246.6,Unknown,Unknown,0,Moored,Unknown,Unknown
NORD ALLEGRO        ,352898696,51.4426,0.7428,0,2025-11-05 14:17:33.865390181 +0000 UTC,Unknown,DarkTurquoise,Unknown,Unknown,Unknown,Unknown,Panama 🇵🇦,88.5,Unknown,Unknown,0,Moored,Unknown,Unknown
RAN      ,211815620,52.5146,13.4096,0,2025-11-05 14:17:33.866558899 +0000 UTC,Unknown,DarkTurquoise,Unknown,Unknown,Unknown,Unknown,Germany 🇩🇪,360,Unknown,Unknown,-128,Moored,Unknown,Unknown
NOBLE PRINCE TG35,563066180,1.2385,103.732,1.3,2025-11-05 14:17:33.873272742 +0000 UTC,Unknown,DarkTurquoise,Unknown,Unknown,Unknown,Unknown,Singapore 🇸🇬,90,Unknown,Unknown,-128,Under way using engine,Unknown,Unknown
EUROPA,227096370,51.2358,4.4448,0,2025-11-05 14:17:33.874381702 +0000 UTC,Unknown,DarkTurquoise,Unknown,Unknown,Unknown,Unknown,France 🇫🇷,312.4,Unknown,Unknown,-128,Under way using engine,Unknown,Unknown
NUOVO SS. CROCIFISSO,247143820,37.0957,13.9384,0.2,2025-11-05 14:17:33.920376231 +0000 UTC,Fishing,Gold,Unknown,Unknown,Unknown,Unknown,Italy 🇮🇹,132.8,Unknown,Unknown,-128,Engaged in fishing,Unknown,Unknown
CHINASKI,261006889,40.6212,0.6039,Unknown,2025-11-05 14:17:33.923970025 +0000 UTC,Unknown,DarkTurquoise,Unknown,Unknown,Unknown,Unknown,Poland 🇵🇱,Unknown,Unknown,Unknown,Unknown,Unknown,Unknown,Unknown
SCARBOROUGH         ,503345600,-33.8559,151.1881,0,2025-11-05 14:17:33.925666055 +0000 UTC,Unknown,DarkTurquoise,Unknown,Unknown,Unknown,Unknown,Australia 🇦🇺,360,Unknown,Unknown,-128,Under way using engine,Unknown,Unknown
RESCUE SPARB SKANE 2,265810820,55.9232,14.2986,0,2025-11-05 14:17:33.926967112 +0000 UTC,Unknown,DarkTurquoise,Unknown,Unknown,Unknown,Unknown,Sweden 🇸🇪,360,Unknown,Unknown,-128,Undefined,Unknown,Unknown
H&S BRAVERY         ,246231000,51.8189,4.6994,Unknown,2025-11-05 14:17:33.928068252 +0000 UTC,Cargo,ForestGreen,NLDOR               ,NLDOR,Dordrecht,Netherlands,Netherlands 🇳🇱,Unknown,82,11,Unknown,Unknown,9195547,3
JEAN TRANAPE,228867200,50.7365,1.54,12.4,2025-11-05 14:17:33.92921098 +0000 UTC,Unknown,DarkTurquoise,Unknown,Unknown,Unknown,Unknown,France 🇫🇷,180.9,Unknown,Unknown,0,Under way using engine,Unknown,Unknown
ECOMAR              ,209621000,59.5229,21.4729,9.7,2025-11-05 14:17:33.930240411 +0000 UTC,Unknown,DarkTurquoise,Unknown,Unknown,Unknown,Unknown,Cyprus 🇨🇾,76.4,Unknown,Unknown,0,Under way using engine,Unknown,Unknown
ALESSANDRO MORACE   ,247488200,38.2171,15.2418,0,2025-11-05 14:17:33.931210419 +0000 UTC,Unknown,DarkTurquoise,Unknown,Unknown,Unknown,Unknown,Italy 🇮🇹,236.9,Unknown,Unknown,0,Under way using engine,Unknown,Unknown
SOMTRANS XXVII,244870573,51.9755,4.9909,4.6,2025-11-05 14:17:33.932156207 +0000 UTC,Unknown,DarkTurquoise,Unknown,Unknown,Unknown,Unknown,Netherlands 🇳🇱,53,Unknown,Unknown,-128,Under way using engine,Unknown,Unknown
BOTNIA SEAWAYS,219737000,51.9006,4.364,2.6,2025-11-05 14:17:33.934059437 +0000 UTC,Unknown,DarkTurquoise,Unknown,Unknown,Unknown,Unknown,Denmark 🇩🇰,212.2,Unknown,Unknown,127,Under way using engine,Unknown,Unknown
XEL-HA              ,345090027,20.6194,-87.0729,0,2025-11-05 14:17:33.935655517 +0000 UTC,Unknown,DarkTurquoise,Unknown,Unknown,Unknown,Unknown,Mexico 🇲🇽,134.1,Unknown,Unknown,-128,Under way using engine,Unknown,Unknown
VA BENE,263960005,41.1423,-8.6504,Unknown,2025-11-05 14:17:33.939436125 +0000 UTC,Unknown,DarkTurquoise,Unknown,Unknown,Unknown,Unknown,Portugal 🇵🇹,Unknown,Unknown,Unknown,Unknown,Unknown,Unknown,Unknown
LOTSE 4             ,211589740,53.5392,9.8809,8.1,2025-11-05 14:17:33.941371699 +0000 UTC,Unknown,DarkTurquoise,Unknown,Unknown,Unknown,Unknown,Germany 🇩🇪,269.5,Unknown,Unknown,127,Under way using engine,Unknown,Unknown
BRAKEL 2     ,244650618,51.8263,5.0921,5.5,2025-11-05 14:17:33.942667985 +0000 UTC,Unknown,DarkTurquoise,Unknown,Unknown,Unknown,Unknown,Netherlands 🇳🇱,358.3,Unknown,Unknown,127,Under way using engine,Unknown,Unknown
JUPITER,338351332,33.9784,-118.4495,Unknown,2025-11-05 14:17:33.943931556 +0000 UTC,Unknown,DarkTurquoise,Unknown,Unknown,Unknown,Unknown,United States 🇺🇸,Unknown,Unknown,Unknown,Unknown,Unknown,Unknown,Unknown
GOULPHAR,228082800,47.6396,-2.7616,0,2025-11-05 14:17:33.944952691 +0000 UTC,Unknown,DarkTurquoise,Unknown,Unknown,Unknown,Unknown,France 🇫🇷,130.3,Unknown,Unknown,0,Under way using engine,Unknown,Unknown
 MSTX 8,244830800,51.8964,4.4801,6.7,2025-11-05 14:17:33.946780683 +0000 UTC,Unknown,DarkTurquoise,Unknown,Unknown,Unknown,Unknown,Netherlands 🇳🇱,73.9,Unknown,Unknown,-128,Under way using engine,Unknown,Unknown
CHEYENNE,257201500,59.8355,10.475,Unknown,2025-11-05 14:17:33.948246798 +0000 UTC,Unknown,DarkTurquoise,Unknown,Unknown,Unknown,Unknown,Norway 🇳🇴,Unknown,Unknown,Unknown,Unknown,Unknown,Unknown,Unknown
PL ST BRENDAN       ,235078345,51.9475,1.2915,102.3,2025-11-05 14:17:33.949494019 +0000 UTC,Unknown,DarkTurquoise,Unknown,Unknown,Unknown,Unknown,United Kingdom 🇬🇧,360,Unknown,Unknown,0,Under way using engine,Unknown,Unknown
HTK NEW SKY         ,352002231,29.7482,-95.2876,0.1,2025-11-05 14:17:33.95129511 +0000 UTC,Unknown,DarkTurquoise,Unknown,Unknown,Unknown,Unknown,Panama 🇵🇦,136.7,Unknown,Unknown,0,Moored,Unknown,Unknown
SUNSET HORNBLOWER ,367469070,37.8682,-122.315,0,2025-11-05 14:17:33.952299596 +0000 UTC,Unknown,DarkTurquoise,Unknown,Unknown,Unknown,Unknown,United States 🇺🇸,179.5,Unknown,Unknown,-128,Under way using engine,Unknown,Unknown
SHINING STAR,244022795,51.7681,5.3537,0,2025-11-05 14:17:33.954516878 +0000 UTC,Unknown,DarkTurquoise,Unknown,Unknown,Unknown,Unknown,Netherlands 🇳🇱,360,Unknown,Unknown,-128,Under way using engine,Unknown,Unknown
F/V GR DE GAULLE,228369000,49.5397,-0.018,8.4,2025-11-05 14:17:33.958376119 +0000 UTC,Fishing,Gold,Unknown,Unknown,Unknown,Unknown,France 🇫🇷,312.8,Unknown,Unknown,-128,Engaged in fishing,Unknown,Unknown
O'MATHILDE,248217000,37.9315,23.6496,0,2025-11-05 14:17:33.963415186 +0000 UTC,Unknown,DarkTurquoise,Unknown,Unknown,Unknown,Unknown,Malta 🇲🇹,305.3,Unknown,Unknown,5,Moored,Unknown,Unknown
ROERDOMP,244180683,52.3638,4.8864,0.8,2025-11-05 14:17:33.964766719 +0000 UTC,Unknown,DarkTurquoise,Unknown,Unknown,Unknown,Unknown,Netherlands 🇳🇱,360,Unknown,Unknown,-128,Under way using engine,Unknown,Unknown
MAERSK LABREA       ,219538000,30.6756,-13.1028,17.2,2025-11-05 14:17:33.966287987 +0000 UTC,Unknown,DarkTurquoise,Unknown,Unknown,Unknown,Unknown,Denmark 🇩🇰,226.2,Unknown,Unknown,0,Under way using engine,Unknown,Unknown
BILLWERDER ,211682430,53.5256,10.0023,0,2025-11-05 14:17:34.733155874 +0000 UTC,Unknown,DarkTurquoise,Unknown,Unknown,Unknown,Unknown,Germany 🇩🇪,360,Unknown,Unknown,0,Under way using engine,Unknown,Unknown
RULICIA,244312797,52.1092,5.0722,0,2025-11-05 14:17:43.246168022 +0000 UTC,Cargo,ForestGreen,CONTAINER TERMINAL U,DJDCT,Doraleh Container Terminal,Djibouti,Netherlands 🇳🇱,139.2,110,12,-128,Moored,0,2.6
EMERALD COAST       ,367314510,39.8919,-75.1929,0,2025-11-05 14:17:33.978704534 +0000 UTC,Unknown,DarkTurquoise,Unknown,Unknown,Unknown,Unknown,United States 🇺🇸,309.9,Unknown,Unknown,0,,Unknown,Unknown
ZWERVER,244061040,51.9,4.4927,0,2025-11-05 14:17:33.981528478 +0000 UTC,Unknown,DarkTurquoise,Unknown,Unknown,Unknown,Unknown,Netherlands 🇳🇱,0,Unknown,Unknown,-128,Moored,Unknown,Unknown
MARIA CHRIS NG-21   ,211680250,53.4105,6.2113,0,2025-11-05 14:17:33.982963125 +0000 UTC,Fishing,Gold,Unknown,Unknown,Unknown,Unknown,Germany 🇩🇪,323.8,Unknown,Unknown,0,Engaged in fishing,Unknown,Unknown
REEL THERAPY ,338236435,48.4633,-122.9696,Unknown,2025-11-05 14:17:33.984689466 +0000 UTC,Unknown,DarkTurquoise,Unknown,Unknown,Unknown,Unknown,United States 🇺🇸,Unknown,Unknown,Unknown,Unknown,Unknown,Unknown,Unknown
WS 23,211751550,53.5263,9.9278,0,2025-11-05 14:17:33.99362344 +0000 UTC,Unknown,DarkTurquoise,Unknown,Unknown,Unknown,Unknown,Germany 🇩🇪,343.4,Unknown,Unknown,0,Under way using engine,Unknown,Unknown
EEMSHORN,246192000,51.4828,4.0566,0,2025-11-05 14:17:34.002018985 +0000 UTC,Unknown,DarkTurquoise,Unknown,Unknown,Unknown,Unknown,Netherlands 🇳🇱,288.1,Unknown,Unknown,0,Moored,Unknown,Unknown
RYGERFJELL,257273400,58.9978,5.7798,6.2,2025-11-05 14:17:34.008361976 +0000 UTC,Unknown,DarkTurquoise,Unknown,Unknown,Unknown,Unknown,Norway 🇳🇴,234.9,Unknown,Unknown,-127,Under way using engine,Unknown,Unknown
PERTAMINAGASAMARYLIS,352002389,36.9795,0.5255,15.4,2025-11-05 14:17:34.007043117 +0000 UTC,Unknown,DarkTurquoise,Unknown,Unknown,Unknown,Unknown,Panama 🇵🇦,251.2,Unknown,Unknown,-3,Under way using engine,Unknown,Unknown
LADJAR I            ,279202598,44.7938,20.3884,6.9,2025-11-05 14:17:34.010844161 +0000 UTC,Unknown,DarkTurquoise,Unknown,Unknown,Unknown,Unknown,Serbia 🇷🇸,253.5,Unknown,Unknown,-128,Under way using engine,Unknown,Unknown
JOSEFA PEREZ        ,224002330,41.3018,2.1453,0,2025-11-05 14:17:34.009781646 +0000 UTC,Unknown,DarkTurquoise,Unknown,Unknown,Unknown,Unknown,Spain 🇪🇸,330.7,Unknown,Unknown,-128,Moored,Unknown,Unknown
NEW WAVELET         ,373342000,38.9447,-10.1314,9,2025-11-05 14:17:34.016249096 +0000 UTC,Unknown,DarkTurquoise,Unknown,Unknown,Unknown,Unknown,Panama 🇵🇦,179.7,Unknown,Unknown,0,Under way using engine,Unknown,Unknown
WHEELS              ,367403020,26.1064,-80.1174,0,2025-11-05 14:17:34.040787178 +0000 UTC,Unknown,DarkTurquoise,Unknown,Unknown,Unknown,Unknown,United States 🇺🇸,154,Unknown,Unknown,-3,Under way using engine,Unknown,Unknown
BERGSTRAUM,259319000,51.4714,3.5112,13.9,2025-11-05 14:17:34.043352539 +0000 UTC,Unknown,DarkTurquoise,Unknown,Unknown,Unknown,Unknown,Norway 🇳🇴,331.1,Unknown,Unknown,8,Under way using engine,Unknown,Unknown
LADY G II           ,248989000,37.9328,23.6477,Unknown,2025-11-05 14:17:34.045718966 +0000 UTC,Pleasure Craft,PeachPuff,ZEA                 ,ESZUE,Zuera,Spain,Malta 🇲🇹,Unknown,44,8,Unknown,Unknown,1005746,2.5
VROUWE FRIDACORNELIA,244670020,52.4599,5.0388,0,2025-11-05 14:17:46.243048 +0000 UTC,Unknown,DarkTurquoise,Unknown,Unknown,Unknown,Unknown,Netherlands 🇳🇱,215.4,Unknown,Unknown,-128,Undefined,Unknown,Unknown
F/V VAG A LAMM      ,228208700,48.1248,-4.3065,8.7,2025-11-05 14:17:34.047943748 +0000 UTC,Unknown,DarkTurquoise,Unknown,Unknown,Unknown,Unknown,France 🇫🇷,3.5,Unknown,Unknown,0,Under way using engine,Unknown,Unknown
HAIDA CHIEF ,367041530,47.656,-122.3772,0,2025-11-05 14:17:34.073001236 +0000 UTC,Unknown,DarkTurquoise,Unknown,Unknown,Unknown,Unknown,United States 🇺🇸,170,Unknown,Unknown,53,Under way using engine,Unknown,Unknown
MONSUN              ,265588910,59.8699,19.0771,Unknown,2025-11-05 14:17:34.049581963 +0000 UTC,Passenger Ship,Crimson,,Unknown,Unknown,Unknown,Sweden 🇸🇪,Unknown,19,6,Unknown,Unknown,0,1.4
HERON ,366872110,25.7686,-80.1455,8.5,2025-11-05 14:17:34.054343941 +0000 UTC,Unknown,DarkTurquoise,Unknown,Unknown,Unknown,Unknown,United States 🇺🇸,101.3,Unknown,Unknown,-128,Under way using engine,Unknown,Unknown
MURRAY STAR         ,215178000,51.4077,3.194,11.7,2025-11-05 14:17:34.053729679 +0000 UTC,Unknown,DarkTurquoise,Unknown,Unknown,Unknown,Unknown,Malta 🇲🇹,261.5,Unknown,Unknown,0,Under way using engine,Unknown,Unknown
  ,224178660,28.9671,-13.5384,0,2025-11-05 14:17:34.052965771 +0000 UTC,Unknown,DarkTurquoise,Unknown,Unknown,Unknown,Unknown,Spain 🇪🇸,360,Unknown,Unknown,-128,Undefined,Unknown,Unknown
MULTRATUG 5         ,245428000,51.4607,3.674,0,2025-11-05 14:17:34.055110533 +0000 UTC,Unknown,DarkTurquoise,Unknown,Unknown,Unknown,Unknown,Netherlands 🇳🇱,2.9,Unknown,Unknown,-128,Moored,Unknown,Unknown
BOEDAPEST ,244013259,52.3752,4.8776,0.8,2025-11-05 14:17:34.052148991 +0000 UTC,Unknown,DarkTurquoise,Unknown,Unknown,Unknown,Unknown,Netherlands 🇳🇱,355.5,Unknown,Unknown,-128,Under way using engine,Unknown,Unknown
CAMBRILS,224104460,41.1054,1.2415,0,2025-11-05 14:17:34.055765269 +0000 UTC,Unknown,DarkTurquoise,Unknown,Unknown,Unknown,Unknown,Spain 🇪🇸,310.1,Unknown,Unknown,-128,Under way using engine,Unknown,Unknown
CREME BRULEE,338505709,30.3102,-87.4381,Unknown,2025-11-05 14:17:34.057102358 +0000 UTC,Unknown,DarkTurquoise,Unknown,Unknown,Unknown,Unknown,United States 🇺🇸,Unknown,Unknown,Unknown,Unknown,Unknown,Unknown,Unknown
AURA                ,230987550,60.1947,21.535,8.8,2025-11-05 14:17:46.675084329 +0000 UTC,Passenger Ship,Crimson,GALTBY              ,CAGLT,Galt,Canada,Finland 🇫🇮,72.8,54,12,-11,Under way using engine,8959867,0
 MMA CRYSTAL        ,416254600,25.1527,121.7632,Unknown,2025-11-05 14:17:34.058454964 +0000 UTC,Spare - Local Vessel,DarkGoldenRod,TW KEL              ,TWKEL,Keelung (Chilung),Taiwan,Taiwan 🇹🇼,Unknown,70,17,Unknown,Unknown,9594212,5.3
PILOT L244          ,230099950,60.0989,25.1787,1.7,2025-11-05 14:17:34.064723268 +0000 UTC,Unknown,DarkTurquoise,Unknown,Unknown,Unknown,Unknown,Finland 🇫🇮,345,Unknown,Unknown,127,Under way using engine,Unknown,Unknown
AMERIKAHOEFT,211472160,53.5266,9.928,0,2025-11-05 14:17:34.079058453 +0000 UTC,Unknown,DarkTurquoise,Unknown,Unknown,Unknown,Unknown,Germany 🇩🇪,220,Unknown,Unknown,0,Under way using engine,Unknown,Unknown
BREMEN              ,210041000,51.1791,4.3281,5,2025-11-05 14:17:34.074842689 +0000 UTC,Unknown,DarkTurquoise,Unknown,Unknown,Unknown,Unknown,Cyprus 🇨🇾,181.9,Unknown,Unknown,0,Under way using engine,Unknown,Unknown
RITA,255806054,33.907,33.1577,15.1,2025-11-05 14:17:34.075690108 +0000 UTC,Unknown,DarkTurquoise,Unknown,Unknown,Unknown,Unknown,Madeira (Portugal) 🇵🇹,45,Unknown,Unknown,0,Under way using engine,Unknown,Unknown
FAIRCHEM PRESTIGE   ,538011231,29.7474,-95.0635,10.3,2025-11-05 14:17:43.332359616 +0000 UTC,Tanker,Navy,USHOU               ,USHOU,Houston,United States,Marshall Islands 🇲🇭,156.9,158,27,0,Under way using engine,9984261,9.9
ORANJE NASSAU 2     ,244620876,51.8563,4.3425,Unknown,2025-11-05 14:17:34.091697913 +0000 UTC,Tanker,Navy,GENT  GENT TERMINALS,NGEAT,Ea Terminal,Nigeria,Netherlands 🇳🇱,Unknown,110,14,Unknown,Unknown,0,4.2
YVINEC3 SOLO SAILOR ,228047800,47.7275,-3.3711,0.1,2025-11-05 14:17:34.089420685 +0000 UTC,Unknown,DarkTurquoise,Unknown,Unknown,Unknown,Unknown,France 🇫🇷,360,Unknown,Unknown,0,Under way using engine,Unknown,Unknown
BASTO ELECTRIC,257122880,59.4109,10.4903,4.8,2025-11-05 14:17:34.094275202 +0000 UTC,Unknown,DarkTurquoise,Unknown,Unknown,Unknown,Unknown,Norway 🇳🇴,131.1,Unknown,Unknown,-18,Under way using engine,Unknown,Unknown
DE VLIETER,244630490,53.3375,6.2961,0,2025-11-05 14:17:34.082427747 +0000 UTC,Unknown,DarkTurquoise,Unknown,Unknown,Unknown,Unknown,Netherlands 🇳🇱,360,Unknown,Unknown,-128,Undefined,Unknown,Unknown
F/V MARIAL          ,227563000,46.7258,-2.346,0,2025-11-05 14:17:34.083496579 +0000 UTC,Fishing,Gold,Unknown,Unknown,Unknown,Unknown,France 🇫🇷,299.8,Unknown,Unknown,0,Engaged in fishing,Unknown,Unknown
MERSEY              ,246262000,53.6123,9.5699,9.5,2025-11-05 14:17:34.100042903 +0000 UTC,Unknown,DarkTurquoise,Unknown,Unknown,Unknown,Unknown,Netherlands 🇳🇱,308.2,Unknown,Unknown,0,Restricted manoeuvrability,Unknown,Unknown
MOTHER GOOSE,244770425,52.6378,5.0637,0,2025-11-05 14:17:34.084628004 +0000 UTC,Unknown,DarkTurquoise,Unknown,Unknown,Unknown,Unknown,Netherlands 🇳🇱,0,Unknown,Unknown,0,Under way using engine,Unknown,Unknown
CAPT. JIM MCALLISTER,368056740,32.8552,-79.9521,0,2025-11-05 14:17:34.100921736 +0000 UTC,Unknown,DarkTurquoise,Unknown,Unknown,Unknown,Unknown,United States 🇺🇸,310.2,Unknown,Unknown,0,Under way using engine,Unknown,Unknown
HAVENDIENST 2,244710450,51.9165,4.4831,0,2025-11-05 14:17:34.08866281 +0000 UTC,Unknown,DarkTurquoise,Unknown,Unknown,Unknown,Unknown,Netherlands 🇳🇱,0,Unknown,Unknown,-128,Under way using engine,Unknown,Unknown
SCHELDESTAD,205207190,51.3846,3.6486,0,2025-11-05 14:17:34.108820709 +0000 UTC,Unknown,DarkTurquoise,Unknown,Unknown,Unknown,Unknown,Belgium 🇧🇪,360,Unknown,Unknown,-128,Moored,Unknown,Unknown
INDEPENDENCE,367175860,33.7297,-118.2766,0,2025-11-05 14:17:34.118656211 +0000 UTC,Unknown,DarkTurquoise,Unknown,Unknown,Unknown,Unknown,United States 🇺🇸,360,Unknown,Unknown,0,Under way using engine,Unknown,Unknown
MISJE IRIS,259182000,48.7166,-2.16,6.4,2025-11-05 14:17:47.143308266 +0000 UTC,Cargo,ForestGreen,FRSML,FRSML,Saint-Malo,France,Norway 🇳🇴,107.4,90,16,7,Under way using engine,1049728,6.7
SEJONA,205447090,51.46,6.7229,4.9,2025-11-05 14:17:34.13729829 +0000 UTC,Unknown,DarkTurquoise,Unknown,Unknown,Unknown,Unknown,Belgium 🇧🇪,179,Unknown,Unknown,-128,Under way using engine,Unknown,Unknown
RING                ,265640190,59.3424,18.435,0.1,2025-11-05 14:17:34.139146314 +0000 UTC,Unknown,DarkTurquoise,Unknown,Unknown,Unknown,Unknown,Sweden 🇸🇪,200.6,Unknown,Unknown,-128,Under way using engine,Unknown,Unknown
DELFINO-VERDE_GT    ,247453300,45.6469,13.7465,10.2,2025-11-05 14:17:46.240281966 +0000 UTC,Unknown,DarkTurquoise,Unknown,Unknown,Unknown,Unknown,Italy 🇮🇹,213,Unknown,Unknown,-127,Under way using engine,Unknown,Unknown
GREENVILLE          ,256843000,47.5577,-122.5047,0,2025-11-05 14:17:34.145223261 +0000 UTC,Unknown,DarkTurquoise,Unknown,Unknown,Unknown,Unknown,Malta 🇲🇹,164.8,Unknown,Unknown,3,At anchor,Unknown,Unknown
JAIME DEVALL        ,366972040,29.9737,-93.8422,5.4,2025-11-05 14:17:34.154419957 +0000 UTC,Unknown,DarkTurquoise,Unknown,Unknown,Unknown,Unknown,United States 🇺🇸,72.7,Unknown,Unknown,-128,Under way using engine,Unknown,Unknown
ERNEST YANCEY       ,367510420,30.0588,-93.6775,6,2025-11-05 14:17:34.156048244 +0000 UTC,Unknown,DarkTurquoise,Unknown,Unknown,Unknown,Unknown,United States 🇺🇸,270.2,Unknown,Unknown,0,,Unknown,Unknown
MILA KATE           ,368277260,30.0691,-93.7239,0,2025-11-05 14:17:34.15779668 +0000 UTC,Unknown,DarkTurquoise,Unknown,Unknown,Unknown,Unknown,United States 🇺🇸,84.9,Unknown,Unknown,-128,Under way using engine,Unknown,Unknown
PRONTO,244660004,51.9613,4.0484,0.6,2025-11-05 14:17:34.161993599 +0000 UTC,Unknown,DarkTurquoise,Unknown,Unknown,Unknown,Unknown,Netherlands 🇳🇱,17.4,Unknown,Unknown,-128,Under way using engine,Unknown,Unknown
LOTSE 2,211318600,53.5403,9.8797,0,2025-11-05 14:17:34.162837284 +0000 UTC,Unknown,DarkTurquoise,Unknown,Unknown,Unknown,Unknown,Germany 🇩🇪,82.7,Unknown,Unknown,0,Under way using engine,Unknown,Unknown
BABETTE.,244750232,51.8324,4.6713,5.4,2025-11-05 14:17:34.163573556 +0000 UTC,Unknown,DarkTurquoise,Unknown,Unknown,Unknown,Unknown,Netherlands 🇳🇱,19.4,Unknown,Unknown,-128,Under way using engine,Unknown,Unknown
PARIS IENA,226008840,48.8635,2.319,9.1,2025-11-05 14:17:34.165302293 +0000 UTC,Unknown,DarkTurquoise,Unknown,Unknown,Unknown,Unknown,France 🇫🇷,288.8,Unknown,Unknown,-128,Undefined,Unknown,Unknown
VB TRIUMPHANTE      ,205065000,51.4555,3.6974,9.9,2025-11-05 14:17:34.166731786 +0000 UTC,Unknown,DarkTurquoise,Unknown,Unknown,Unknown,Unknown,Belgium 🇧🇪,132,Unknown,Unknown,127,Under way using engine,Unknown,Unknown
SCH 2414  ,211518790,53.5133,9.9328,0,2025-11-05 14:17:34.167332041 +0000 UTC,Unknown,DarkTurquoise,Unknown,Unknown,Unknown,Unknown,Germany 🇩🇪,0,Unknown,Unknown,0,Under way using engine,Unknown,Unknown
CAPRICHO DE PERCEB. ,224222770,43.5562,-1.7659,9.6,2025-11-05 14:17:34.169716321 +0000 UTC,Fishing,Gold,Unknown,Unknown,Unknown,Unknown,Spain 🇪🇸,31.4,Unknown,Unknown,-128,Engaged in fishing,Unknown,Unknown
Unknown Vessel,503133540,-42.8849,147.3324,Unknown,2025-11-05 14:17:34.170486112 +0000 UTC,Unknown,DarkTurquoise,Unknown,Unknown,Unknown,Unknown,Australia 🇦🇺,Unknown,24,8,Unknown,Unknown,Unknown,Unknown
PIETRO MONDELLO     ,247485900,38.2103,15.5624,Unknown,2025-11-05 14:17:34.175949989 +0000 UTC,Passenger Ship,Crimson,ITMSN<>ITVSG        ,ITVSG,"Villa San Giovanni, Calabria",Italy,Italy 🇮🇹,Unknown,134,22,Unknown,Unknown,9977206,4.2
GREBEN,279202431,44.8008,20.4229,0,2025-11-05 14:17:34.180441176 +0000 UTC,Unknown,DarkTurquoise,Unknown,Unknown,Unknown,Unknown,Serbia 🇷🇸,360,Unknown,Unknown,-128,Undefined,Unknown,Unknown
W. PEARCE,316009929,54.2566,-130.3548,5.5,2025-11-05 14:17:34.18450218 +0000 UTC,Unknown,DarkTurquoise,Unknown,Unknown,Unknown,Unknown,Canada 🇨🇦,161.9,Unknown,Unknown,-128,Under way using engine,Unknown,Unknown
STEPHANIE STONE     ,367075010,29.9237,-90.0672,5.6,2025-11-05 14:17:34.18879024 +0000 UTC,Unknown,DarkTurquoise,Unknown,Unknown,Unknown,Unknown,United States 🇺🇸,237,Unknown,Unknown,0,Moored,Unknown,Unknown
GEO RANGER,245893000,52.4658,4.6669,0,2025-11-05 14:17:34.193554998 +0000 UTC,Unknown,DarkTurquoise,Unknown,Unknown,Unknown,Unknown,Netherlands 🇳🇱,275.6,Unknown,Unknown,0,Moored,Unknown,Unknown
NONNO BRANDO,247051550,45.1355,12.6286,11.6,2025-11-05 14:17:34.19750867 +0000 UTC,Unknown,DarkTurquoise,Unknown,Unknown,Unknown,Unknown,Italy 🇮🇹,290.8,Unknown,Unknown,-128,Undefined,Unknown,Unknown
VASILIKI            ,239110400,37.5714,22.8005,Unknown,2025-11-05 14:17:34.202159891 +0000 UTC,Tug Boat,Silver,NAFPLIO   I         ,Unknown,Unknown,Unknown,Greece 🇬🇷,Unknown,23,7,Unknown,Unknown,0,3
VALK,244001586,51.9379,4.415,0,2025-11-05 14:17:34.207386839 +0000 UTC,Unknown,DarkTurquoise,Unknown,Unknown,Unknown,Unknown,Netherlands 🇳🇱,360,Unknown,Unknown,-128,Moored,Unknown,Unknown
TSUSHIMA            ,431163000,39.8748,139.8564,0,2025-11-05 14:17:34.210811196 +0000 UTC,Unknown,DarkTurquoise,Unknown,Unknown,Unknown,Unknown,Japan 🇯🇵,186.1,Unknown,Unknown,0,Under way using engine,Unknown,Unknown
MONTEVERDI,205257090,51.2889,4.3402,3.3,2025-11-05 14:17:34.212437613 +0000 UTC,Unknown,DarkTurquoise,Unknown,Unknown,Unknown,Unknown,Belgium 🇧🇪,339.8,Unknown,Unknown,0,Under way using engine,Unknown,Unknown
SVITZER MERCURIUS   ,232026149,50.8714,-1.3801,5.5,2025-11-05 14:17:43.557085096 +0000 UTC,Unknown,DarkTurquoise,Unknown,Unknown,Unknown,Unknown,United Kingdom 🇬🇧,312.2,Unknown,Unknown,127,Under way using engine,Unknown,Unknown
EXCELLENCE          ,319477000,41.3793,2.1857,Unknown,2025-11-05 14:17:34.216088567 +0000 UTC,Pleasure Craft,PeachPuff,PORTO LOANO         ,ITLOA,Loano,Italy,Cayman Islands (British Overseas Territory) 🇰🇾,Unknown,45,8,Unknown,Unknown,9583031,2.2
MILAN,244660098,51.4682,6.7144,4.6,2025-11-05 14:17:34.221244794 +0000 UTC,Unknown,DarkTurquoise,Unknown,Unknown,Unknown,Unknown,Netherlands 🇳🇱,120,Unknown,Unknown,-128,Under way using engine,Unknown,Unknown
ROSMARI I,224064170,40.4943,0.6274,1.1,2025-11-05 14:17:34.224430224 +0000 UTC,Unknown,DarkTurquoise,Unknown,Unknown,Unknown,Unknown,Spain 🇪🇸,359.9,Unknown,Unknown,-128,Under way using engine,Unknown,Unknown
MAYVIEW MAERSK,219578000,53.5288,9.9178,0,2025-11-05 14:17:34.239568375 +0000 UTC,Unknown,DarkTurquoise,Unknown,Unknown,Unknown,Unknown,Denmark 🇩🇰,305,Unknown,Unknown,0,Under way using engine,Unknown,Unknown
RIVAL,244140446,52.624,4.7727,Unknown,2025-11-05 14:17:34.233540355 +0000 UTC,Pleasure Craft,PeachPuff, ,Unknown,Unknown,Unknown,Netherlands 🇳🇱,Unknown,26,6,Unknown,Unknown,0,0.9
ZK50-ZEEVALK        ,244030325,53.3354,6.3024,0,2025-11-05 14:17:34.242548777 +0000 UTC,Fishing,Gold,Unknown,Unknown,Unknown,Unknown,Netherlands 🇳🇱,0,Unknown,Unknown,-128,Engaged in fishing,Unknown,Unknown
F/V BIENVENUE       ,228189000,49.4873,-0.3519,5.8,2025-11-05 14:17:34.244045244 +0000 UTC,Unknown,DarkTurquoise,Unknown,Unknown,Unknown,Unknown,France 🇫🇷,299.3,Unknown,Unknown,-128,Under way using engine,Unknown,Unknown
INDUS VICTORY       ,566805000,1.1232,103.7577,5.9,2025-11-05 14:17:34.246630899 +0000 UTC,Unknown,DarkTurquoise,Unknown,Unknown,Unknown,Unknown,Singapore 🇸🇬,39,Unknown,Unknown,0,Under way using engine,Unknown,Unknown
NOORDENWIND,244620958,51.6827,5.9663,3.3,2025-11-05 14:17:34.248341774 +0000 UTC,Unknown,DarkTurquoise,Unknown,Unknown,Unknown,Unknown,Netherlands 🇳🇱,61.9,Unknown,Unknown,127,Under way using engine,Unknown,Unknown
DELPHINUS           ,368341690,37.7362,-122.2572,0,2025-11-05 14:17:34.249884769 +0000 UTC,Unknown,DarkTurquoise,Unknown,Unknown,Unknown,Unknown,United States 🇺🇸,76.3,Unknown,Unknown,0,Under way using engine,Unknown,Unknown
FORTWACHTER         ,244050812,52.4653,4.5789,0,2025-11-05 14:17:34.263030091 +0000 UTC,Unknown,DarkTurquoise,Unknown,Unknown,Unknown,Unknown,Netherlands 🇳🇱,293.5,Unknown,Unknown,-128,Undefined,Unknown,Unknown
AQUADELTA           ,246786000,53.6322,8.4466,1.6,2025-11-05 14:17:34.267517811 +0000 UTC,Unknown,DarkTurquoise,Unknown,Unknown,Unknown,Unknown,Netherlands 🇳🇱,304.7,Unknown,Unknown,0,Restricted manoeuvrability,Unknown,Unknown
STOLT SEAGULL       ,235112571,46.6802,-2.9381,10.1,2025-11-05 14:17:34.270716739 +0000 UTC,Unknown,DarkTurquoise,Unknown,Unknown,Unknown,Unknown,United Kingdom 🇬🇧,123.2,Unknown,Unknown,0,Under way using engine,Unknown,Unknown
INTER SCOTIA        ,257294000,57.6685,-7.0605,Unknown,2025-11-05 14:17:34.274651685 +0000 UTC,Cargo,ForestGreen,FISHFARMS           ,FRV88,Charmes,France,Norway 🇳🇴,Unknown,76,17,Unknown,Unknown,9933391,6
BONTEKOE II         ,244720321,52.4537,5.8267,0,2025-11-05 14:17:34.276338917 +0000 UTC,Unknown,DarkTurquoise,Unknown,Unknown,Unknown,Unknown,Netherlands 🇳🇱,276.4,Unknown,Unknown,-128,Undefined,Unknown,Unknown
ULLI                ,211892160,53.5244,9.938,10.1,2025-11-05 14:17:34.28359569 +0000 UTC,Unknown,DarkTurquoise,Unknown,Unknown,Unknown,Unknown,Germany 🇩🇪,182,Unknown,Unknown,-128,Moored,Unknown,Unknown
JENNIFER,265183000,59.3221,18.1,Unknown,2025-11-05 14:17:34.285092037 +0000 UTC,Unknown,DarkTurquoise,Unknown,Unknown,Unknown,Unknown,Sweden 🇸🇪,Unknown,Unknown,Unknown,Unknown,Unknown,Unknown,Unknown
HIDLE               ,258000810,59.1946,5.9054,10.5,2025-11-05 14:17:34.287156167 +0000 UTC,Unknown,DarkTurquoise,Unknown,Unknown,Unknown,Unknown,Norway 🇳🇴,206.5,Unknown,Unknown,0,Under way using engine,Unknown,Unknown
MOE LINE 2,567073300,13.6543,100.558,0,2025-11-05 14:17:34.288598851 +0000 UTC,Unknown,DarkTurquoise,Unknown,Unknown,Unknown,Unknown,Thailand 🇹🇭,360,Unknown,Unknown,-128,Under way using engine,Unknown,Unknown
AQUA VOLENTE,244040342,51.5145,3.8919,Unknown,2025-11-05 14:17:34.291178198 +0000 UTC,Unknown,DarkTurquoise,Unknown,Unknown,Unknown,Unknown,Netherlands 🇳🇱,Unknown,Unknown,Unknown,Unknown,Unknown,Unknown,Unknown
STELLAMARIS         ,228032800,46.1386,-1.2511,10.3,2025-11-05 14:17:34.292548393 +0000 UTC,Unknown,DarkTurquoise,Unknown,Unknown,Unknown,Unknown,France 🇫🇷,196.3,Unknown,Unknown,0,Under way using engine,Unknown,Unknown
Unknown Vessel,244710298,52.3733,4.911,0,2025-11-05 14:17:34.303174735 +0000 UTC,Unknown,DarkTurquoise,Unknown,Unknown,Unknown,Unknown,Netherlands 🇳🇱,360,Unknown,Unknown,-128,Under way using engine,Unknown,Unknown
AAHAV,257063400,69.6517,18.9628,0.1,2025-11-05 14:17:34.310233934 +0000 UTC,Unknown,DarkTurquoise,Unknown,Unknown,Unknown,Unknown,Norway 🇳🇴,346.4,Unknown,Unknown,0,Under way using engine,Unknown,Unknown
DENRIA,244000895,50.092,7.7532,4.1,2025-11-05 14:17:34.311945636 +0000 UTC,Unknown,DarkTurquoise,Unknown,Unknown,Unknown,Unknown,Netherlands 🇳🇱,144.2,Unknown,Unknown,-128,Under way using engine,Unknown,Unknown
JAN SMIT      ,244730671,52.4889,5.0822,5.8,2025-11-05 14:17:46.272679435 +0000 UTC,Unknown,DarkTurquoise,Unknown,Unknown,Unknown,Unknown,Netherlands 🇳🇱,317,Unknown,Unknown,0,Moored,Unknown,Unknown
PEGASUS VOYAGER,311000111,37.6056,-122.9185,9.5,2025-11-05 14:17:34.321458934 +0000 UTC,Unknown,DarkTurquoise,Unknown,Unknown,Unknown,Unknown,Bahamas 🇧🇸,48.9,Unknown,Unknown,8,Under way using engine,Unknown,Unknown
NORDLYS,232007990,47.5423,-2.8967,Unknown,2025-11-05 14:17:34.323938179 +0000 UTC,Unknown,DarkTurquoise,Unknown,Unknown,Unknown,Unknown,United Kingdom 🇬🇧,Unknown,Unknown,Unknown,Unknown,Unknown,Unknown,Unknown
SEA BULL            ,248086000,35.8145,14.5425,0,2025-11-05 14:17:47.139558373 +0000 UTC,Unknown,DarkTurquoise,Unknown,Unknown,Unknown,Unknown,Malta 🇲🇹,293.5,Unknown,Unknown,-6,Under way using engine,Unknown,Unknown
NYSTEIN,258824000,60.386,5.3066,0.1,2025-11-05 14:17:34.328303676 +0000 UTC,Unknown,DarkTurquoise,Unknown,Unknown,Unknown,Unknown,Norway 🇳🇴,119,Unknown,Unknown,0,Under way using engine,Unknown,Unknown
GAYA                ,428009066,31.6383,34.5221,0,2025-11-05 14:17:34.329513184 +0000 UTC,Unknown,DarkTurquoise,Unknown,Unknown,Unknown,Unknown,Israel 🇮🇱,165.7,Unknown,Unknown,-128,Under way using engine,Unknown,Unknown
HAI SOON 16         ,566754000,1.2762,103.9199,6.4,2025-11-05 14:17:34.330721784 +0000 UTC,Unknown,DarkTurquoise,Unknown,Unknown,Unknown,Unknown,Singapore 🇸🇬,254.8,Unknown,Unknown,0,Under way using engine,Unknown,Unknown
PARAMJAMUNA IV      ,229886000,43.1017,5.9139,12.5,2025-11-05 14:17:34.333217516 +0000 UTC,Unknown,DarkTurquoise,Unknown,Unknown,Unknown,Unknown,Malta 🇲🇹,318,Unknown,Unknown,-26,Under way using engine,Unknown,Unknown
UNIQUESHIP,244660545,51.8921,4.2257,5.8,2025-11-05 14:17:34.338322635 +0000 UTC,Unknown,DarkTurquoise,Unknown,Unknown,Unknown,Unknown,Netherlands 🇳🇱,332.6,Unknown,Unknown,-128,Under way using engine,Unknown,Unknown
Unknown Vessel,258093430,59.8435,10.511,Unknown,2025-11-05 14:17:34.353987138 +0000 UTC,Unknown,DarkTurquoise,Unknown,Unknown,Unknown,Unknown,Norway 🇳🇴,Unknown,11,4,Unknown,Unknown,Unknown,Unknown
CHEM GALLIUM        ,636019200,60.0301,19.3612,13.8,2025-11-05 14:17:34.35838701 +0000 UTC,Unknown,DarkTurquoise,Unknown,Unknown,Unknown,Unknown,Liberia 🇱🇷,318.9,Unknown,Unknown,0,Under way using engine,Unknown,Unknown
FAIRPLAY-81         ,211625340,53.5544,8.5632,0,2025-11-05 14:17:34.362364085 +0000 UTC,Unknown,DarkTurquoise,Unknown,Unknown,Unknown,Unknown,Germany 🇩🇪,262.9,Unknown,Unknown,0,Moored,Unknown,Unknown
SD JUNKANOO         ,311000616,26.5205,-78.7674,0,2025-11-05 14:17:34.369156121 +0000 UTC,Unknown,DarkTurquoise,Unknown,Unknown,Unknown,Unknown,Bahamas 🇧🇸,93.2,Unknown,Unknown,0,Under way sailing,Unknown,Unknown
MISS ROLANETTE      ,367451110,29.7642,-95.0927,0,2025-11-05 14:17:34.370939874 +0000 UTC,Unknown,DarkTurquoise,Unknown,Unknown,Unknown,Unknown,United States 🇺🇸,338.7,Unknown,Unknown,0,,Unknown,Unknown
LUETJEOOG           ,211224690,53.3593,7.2036,0,2025-11-05 14:17:34.375860642 +0000 UTC,Unknown,DarkTurquoise,Unknown,Unknown,Unknown,Unknown,Germany 🇩🇪,126,Unknown,Unknown,0,Moored,Unknown,Unknown
BRETT MATTHEW       ,368375640,32.3261,-90.8967,0,2025-11-05 14:17:34.38341053 +0000 UTC,Unknown,DarkTurquoise,Unknown,Unknown,Unknown,Unknown,United States 🇺🇸,254.8,Unknown,Unknown,-128,Under way using engine,Unknown,Unknown
SONGA AURORA,255806341,51.3161,4.2708,10.1,2025-11-05 14:17:34.385264887 +0000 UTC,Unknown,DarkTurquoise,Unknown,Unknown,Unknown,Unknown,Madeira (Portugal) 🇵🇹,176.4,Unknown,Unknown,-4,Under way using engine,Unknown,Unknown
MENJA   ,219000603,55.4576,8.4225,7.7,2025-11-05 14:17:34.38660193 +0000 UTC,Unknown,DarkTurquoise,Unknown,Unknown,Unknown,Unknown,Denmark 🇩🇰,242.2,Unknown,Unknown,-127,Under way using engine,Unknown,Unknown
DS MADRID           ,538011965,50.6165,0.3804,13.5,2025-11-05 14:17:34.390271564 +0000 UTC,Unknown,DarkTurquoise,Unknown,Unknown,Unknown,Unknown,Marshall Islands 🇲🇭,256,Unknown,Unknown,0,Under way using engine,Unknown,Unknown
KOKAKO              ,566709000,-41.3116,174.8117,0,2025-11-05 14:17:34.391569344 +0000 UTC,Unknown,DarkTurquoise,Unknown,Unknown,Unknown,Unknown,Singapore 🇸🇬,16.8,Unknown,Unknown,0,Moored,Unknown,Unknown
AQUA AMISIA,244700288,51.8795,4.2679,0,2025-11-05 14:17:34.392682242 +0000 UTC,Unknown,DarkTurquoise,Unknown,Unknown,Unknown,Unknown,Netherlands 🇳🇱,0,Unknown,Unknown,-128,Under way using engine,Unknown,Unknown
ESTUARY EVORA       ,232025144,51.4456,0.7444,0,2025-11-05 14:17:34.395876577 +0000 UTC,Unknown,DarkTurquoise,Unknown,Unknown,Unknown,Unknown,United Kingdom 🇬🇧,360,Unknown,Unknown,0,Under way using engine,Unknown,Unknown
FRENCH WARSHIP,299999999,48.3753,-4.5061,Unknown,2025-11-05 14:17:34.397554531 +0000 UTC,Military Operations,Indigo,0,Unknown,Unknown,Unknown,Unknown,Unknown,80,15,Unknown,Unknown,0,0
 MSTX 11,244020738,51.9011,4.4697,22.5,2025-11-05 14:17:42.976376601 +0000 UTC,Unknown,DarkTurquoise,Unknown,Unknown,Unknown,Unknown,Netherlands 🇳🇱,236.6,Unknown,Unknown,-128,Under way using engine,Unknown,Unknown
SG,211359910,39.5589,2.6296,Unknown,2025-11-05 14:17:34.405172202 +0000 UTC,Unknown,DarkTurquoise,Unknown,Unknown,Unknown,Unknown,Germany 🇩🇪,Unknown,Unknown,Unknown,Unknown,Unknown,Unknown,Unknown
SEASPAN RAPTOR,316042022,49.2931,-123.0793,3.6,2025-11-05 14:17:34.409056708 +0000 UTC,Unknown,DarkTurquoise,Unknown,Unknown,Unknown,Unknown,Canada 🇨🇦,282.9,Unknown,Unknown,127,Under way using engine,Unknown,Unknown
ELIZABETH,244800368,51.9581,4.9668,0,2025-11-05 14:17:34.410970902 +0000 UTC,Unknown,DarkTurquoise,Unknown,Unknown,Unknown,Unknown,Netherlands 🇳🇱,360,Unknown,Unknown,-128,At anchor,Unknown,Unknown
SEVENTEEN,338189676,38.9801,-76.3324,Unknown,2025-11-05 14:17:34.41540031 +0000 UTC,Unknown,DarkTurquoise,Unknown,Unknown,Unknown,Unknown,United States 🇺🇸,Unknown,Unknown,Unknown,Unknown,Unknown,Unknown,Unknown
KEISER WILHELM,257364700,60.3957,5.321,0.1,2025-11-05 14:17:34.416716228 +0000 UTC,Unknown,DarkTurquoise,Unknown,Unknown,Unknown,Unknown,Norway 🇳🇴,149.6,Unknown,Unknown,0,Under way using engine,Unknown,Unknown
FAIRPLAY XI         ,255916110,53.6021,8.1486,0,2025-11-05 14:17:34.419251372 +0000 UTC,Unknown,DarkTurquoise,Unknown,Unknown,Unknown,Unknown,Madeira (Portugal) 🇵🇹,23,Unknown,Unknown,0,Under way using engine,Unknown,Unknown
STRIL MERMAID       ,257475000,58.9245,5.5997,0,2025-11-05 14:17:34.421977474 +0000 UTC,Unknown,DarkTurquoise,Unknown,Unknown,Unknown,Unknown,Norway 🇳🇴,134.2,Unknown,Unknown,0,Moored,Unknown,Unknown
BARNSTABLE          ,368354510,41.6335,-70.9079,0,2025-11-05 14:17:34.428690516 +0000 UTC,Unknown,DarkTurquoise,Unknown,Unknown,Unknown,Unknown,United States 🇺🇸,164.5,Unknown,Unknown,0,Under way using engine,Unknown,Unknown
ARTEMIS             ,232043529,57.5017,-1.7778,0,2025-11-05 14:17:34.430172183 +0000 UTC,Unknown,DarkTurquoise,Unknown,Unknown,Unknown,Unknown,United Kingdom 🇬🇧,61.6,Unknown,Unknown,0,Under way using engine,Unknown,Unknown
INTREPIDO           ,247299900,38.0132,12.5144,Unknown,2025-11-05 14:17:34.432810662 +0000 UTC,Passenger Ship,Crimson,TP/ EGADI           ,MAAGA,Agadir,Morocco,Italy 🇮🇹,Unknown,20,6,Unknown,Unknown,0,2
MILLENNIUM DIAMOND,235092958,51.5012,-0.0608,0,2025-11-05 14:17:34.433993806 +0000 UTC,Unknown,DarkTurquoise,Unknown,Unknown,Unknown,Unknown,United Kingdom 🇬🇧,68.5,Unknown,Unknown,-128,Under way using engine,Unknown,Unknown
SUOKKI              ,230108610,60.1674,24.9564,0,2025-11-05 14:17:34.435246522 +0000 UTC,Unknown,DarkTurquoise,Unknown,Unknown,Unknown,Unknown,Finland 🇫🇮,319,Unknown,Unknown,0,Under way using engine,Unknown,Unknown
LA PATACHE,226009410,48.8641,2.308,0,2025-11-05 14:17:34.442349703 +0000 UTC,Unknown,DarkTurquoise,Unknown,Unknown,Unknown,Unknown,France 🇫🇷,360,Unknown,Unknown,-128,Undefined,Unknown,Unknown
NJORD ZUIDER,232027488,53.3418,7.1858,6.3,2025-11-05 14:17:34.447399135 +0000 UTC,Unknown,DarkTurquoise,Unknown,Unknown,Unknown,Unknown,United Kingdom 🇬🇧,211.3,Unknown,Unknown,0,Under way using engine,Unknown,Unknown
SITC MOJI           ,477813700,34.5338,137.9361,11,2025-11-05 14:17:34.449953066 +0000 UTC,Unknown,DarkTurquoise,Unknown,Unknown,Unknown,Unknown,Hong Kong (China) 🇭🇰,272,Unknown,Unknown,7,Under way using engine,Unknown,Unknown
KEIKO,367789830,47.6302,-122.3957,Unknown,2025-11-05 14:17:34.450873988 +0000 UTC,Unknown,DarkTurquoise,Unknown,Unknown,Unknown,Unknown,United States 🇺🇸,Unknown,Unknown,Unknown,Unknown,Unknown,Unknown,Unknown
RIVER STAR,211512360,53.545,9.9687,0,2025-11-05 14:17:46.977994501 +0000 UTC,Unknown,DarkTurquoise,Unknown,Unknown,Unknown,Unknown,Germany 🇩🇪,0,Unknown,Unknown,0,Under way using engine,Unknown,Unknown
ENERGIE,211179650,52.5041,13.1996,3.7,2025-11-05 14:17:34.471806953 +0000 UTC,Unknown,DarkTurquoise,Unknown,Unknown,Unknown,Unknown,Germany 🇩🇪,14.6,Unknown,Unknown,-128,Under way using engine,Unknown,Unknown
LUCANIA,205478990,51.2432,4.4055,4.8,2025-11-05 14:17:34.470387771 +0000 UTC,Unknown,DarkTurquoise,Unknown,Unknown,Unknown,Unknown,Belgium 🇧🇪,286.2,Unknown,Unknown,-128,Under way using engine,Unknown,Unknown
HEBO-CAT 15,244045000,53.1,5.37,6,2025-11-05 14:17:34.472517625 +0000 UTC,Unknown,DarkTurquoise,Unknown,Unknown,Unknown,Unknown,Netherlands 🇳🇱,22.5,Unknown,Unknown,0,Under way using engine,Unknown,Unknown
GUNECE,271046350,53.8634,9.2975,12.6,2025-11-05 14:17:34.477584689 +0000 UTC,Unknown,DarkTurquoise,Unknown,Unknown,Unknown,Unknown,Turkey 🇹🇷,311.9,Unknown,Unknown,-6,Under way using engine,Unknown,Unknown
OPUS ONE,269057098,52.3964,4.8867,0,2025-11-05 14:17:34.478686606 +0000 UTC,Unknown,DarkTurquoise,Unknown,Unknown,Unknown,Unknown,Switzerland 🇨🇭,23,Unknown,Unknown,0,Under way using engine,Unknown,Unknown
BERCEAU DE LOCEAN,228156900,48.0961,-4.3224,0.1,2025-11-05 14:17:34.483649827 +0000 UTC,Unknown,DarkTurquoise,Unknown,Unknown,Unknown,Unknown,France 🇫🇷,14.4,Unknown,Unknown,-128,Undefined,Unknown,Unknown
WALTER,211498060,53.5258,10.0021,0,2025-11-05 14:17:34.484600182 +0000 UTC,Unknown,DarkTurquoise,Unknown,Unknown,Unknown,Unknown,Germany 🇩🇪,0,Unknown,Unknown,0,Under way using engine,Unknown,Unknown
HAWK III,374125000,33.9318,35.5684,0,2025-11-05 14:17:34.494324598 +0000 UTC,Unknown,DarkTurquoise,Unknown,Unknown,Unknown,Unknown,Panama 🇵🇦,57,Unknown,Unknown,0,At anchor,Unknown,Unknown
COLLINGWOOD         ,235064735,55.0041,-1.4431,8.3,2025-11-05 14:17:34.4998661 +0000 UTC,Unknown,DarkTurquoise,Unknown,Unknown,Unknown,Unknown,United Kingdom 🇬🇧,193.7,Unknown,Unknown,-128,Undefined,Unknown,Unknown
JEAN BRUEL,226009390,48.864,2.3087,0,2025-11-05 14:17:34.501108387 +0000 UTC,Unknown,DarkTurquoise,Unknown,Unknown,Unknown,Unknown,France 🇫🇷,0,Unknown,Unknown,-128,Undefined,Unknown,Unknown
ENETAI              ,368151810,47.5131,-122.4957,0,2025-11-05 14:17:34.548861978 +0000 UTC,Unknown,DarkTurquoise,Unknown,Unknown,Unknown,Unknown,United States 🇺🇸,359,Unknown,Unknown,0,Under way using engine,Unknown,Unknown
MUTARE,244740762,51.4602,4.0066,1.8,2025-11-05 14:17:34.505763798 +0000 UTC,Unknown,DarkTurquoise,Unknown,Unknown,Unknown,Unknown,Netherlands 🇳🇱,19.4,Unknown,Unknown,-128,Under way using engine,Unknown,Unknown
AURORA   ,244130216,51.5016,4.1892,0,2025-11-05 14:17:34.510511607 +0000 UTC,Unknown,DarkTurquoise,Unknown,Unknown,Unknown,Unknown,Netherlands 🇳🇱,0,Unknown,Unknown,0,Under way using engine,Unknown,Unknown
SCOT ISLES          ,232035207,47.3049,-2.1141,Unknown,2025-11-05 14:17:34.511601262 +0000 UTC,Cargo,ForestGreen,FRMTX               ,FRMTX,Montoir-de-Bretagne,France,United Kingdom 🇬🇧,Unknown,90,15,Unknown,Unknown,9728758,4.1
P94,244030067,51.8507,5.8527,0,2025-11-05 14:17:34.512480059 +0000 UTC,Unknown,DarkTurquoise,Unknown,Unknown,Unknown,Unknown,Netherlands 🇳🇱,287.4,Unknown,Unknown,0,Under way using engine,Unknown,Unknown
WIGHT RYDER 2,235069877,50.7959,-1.1091,0,2025-11-05 14:17:34.513379724 +0000 UTC,Unknown,DarkTurquoise,Unknown,Unknown,Unknown,Unknown,United Kingdom 🇬🇧,32.6,Unknown,Unknown,0,Under way using engine,Unknown,Unknown
LADY ANN MAGEE,215660000,43.7366,7.4238,0,2025-11-05 14:17:34.520526747 +0000 UTC,Unknown,DarkTurquoise,Unknown,Unknown,Unknown,Unknown,Malta 🇲🇹,8.5,Unknown,Unknown,0,Moored,Unknown,Unknown
WHITE ROSE OF DRACHS,235862000,43.7236,7.4158,0,2025-11-05 14:17:34.521932892 +0000 UTC,Unknown,DarkTurquoise,Unknown,Unknown,Unknown,Unknown,United Kingdom 🇬🇧,180,Unknown,Unknown,0,Moored,Unknown,Unknown
LELANTINA           ,254312000,43.7369,7.4267,Unknown,2025-11-05 14:17:34.523114748 +0000 UTC,Unknown,DarkTurquoise,Unknown,Unknown,Unknown,Unknown,Monaco 🇲🇨,Unknown,Unknown,Unknown,Unknown,Unknown,Unknown,Unknown
RONNIE              ,305434000,43.2722,-79.841,0,2025-11-05 14:17:43.429949109 +0000 UTC,Cargo,ForestGreen,CAHAM               ,CAHAM,Hamilton,Canada,Antigua and Barbuda 🇦🇬,200.9,147,23,0,Moored,9736224,6.2
MOKSHA,368252290,10.6811,-61.6334,Unknown,2025-11-05 14:17:34.529095055 +0000 UTC,Unknown,DarkTurquoise,Unknown,Unknown,Unknown,Unknown,United States 🇺🇸,Unknown,Unknown,Unknown,Unknown,Unknown,Unknown,Unknown
FMG SAWFISH         ,503000193,-20.3304,118.5785,0,2025-11-05 14:17:34.532384307 +0000 UTC,Unknown,DarkTurquoise,Unknown,Unknown,Unknown,Unknown,Australia 🇦🇺,285,Unknown,Unknown,0,Under way sailing,Unknown,Unknown
RT DISCOVERY        ,229790000,-20.3138,118.5735,0,2025-11-05 14:17:34.533446261 +0000 UTC,Unknown,DarkTurquoise,Unknown,Unknown,Unknown,Unknown,Malta 🇲🇹,240.6,Unknown,Unknown,0,Undefined,Unknown,Unknown
ENGAGE RASCAL       ,503158950,-20.3307,118.5798,0,2025-11-05 14:17:44.995323602 +0000 UTC,Unknown,DarkTurquoise,Unknown,Unknown,Unknown,Unknown,Australia 🇦🇺,327.5,Unknown,Unknown,0,Under way using engine,Unknown,Unknown
AKUNA 4             ,503443700,-20.3126,118.5734,102.3,2025-11-05 14:17:34.536105272 +0000 UTC,Unknown,DarkTurquoise,Unknown,Unknown,Unknown,Unknown,Australia 🇦🇺,360,Unknown,Unknown,-128,,Unknown,Unknown
FMG MAKO            ,503000135,-20.3303,118.5783,0,2025-11-05 14:17:34.537560918 +0000 UTC,Unknown,DarkTurquoise,Unknown,Unknown,Unknown,Unknown,Australia 🇦🇺,273.4,Unknown,Unknown,0,Undefined,Unknown,Unknown
BLUE DOLPHIN,601411000,-33.9169,18.445,Unknown,2025-11-05 14:17:34.538486623 +0000 UTC,Unknown,DarkTurquoise,Unknown,Unknown,Unknown,Unknown,South Africa 🇿🇦,Unknown,Unknown,Unknown,Unknown,Unknown,Unknown,Unknown
PIRATA DE ONZA      ,224261460,42.2418,-8.7259,0,2025-11-05 14:17:34.539795352 +0000 UTC,Unknown,DarkTurquoise,Unknown,Unknown,Unknown,Unknown,Spain 🇪🇸,219.8,Unknown,Unknown,0,Undefined,Unknown,Unknown
MSC IRENE           ,355233000,1.1619,103.806,9.5,2025-11-05 14:17:34.541241678 +0000 UTC,Unknown,DarkTurquoise,Unknown,Unknown,Unknown,Unknown,Panama 🇵🇦,74.5,Unknown,Unknown,0,Under way using engine,Unknown,Unknown
TEKA 3,338002395,45.734,-122.8544,Unknown,2025-11-05 14:17:34.542841955 +0000 UTC,Unknown,DarkTurquoise,Unknown,Unknown,Unknown,Unknown,United States 🇺🇸,Unknown,Unknown,Unknown,Unknown,Unknown,Unknown,Unknown
LIZA DESTINY        ,311000248,8.011,-56.992,0.1,2025-11-05 14:17:34.551043307 +0000 UTC,Unknown,DarkTurquoise,Unknown,Unknown,Unknown,Unknown,Bahamas 🇧🇸,206.4,Unknown,Unknown,0,Restricted manoeuvrability,Unknown,Unknown
Unknown Vessel,244670016,52.5274,5.4348,0,2025-11-05 14:17:34.554180139 +0000 UTC,Unknown,DarkTurquoise,Unknown,Unknown,Unknown,Unknown,Netherlands 🇳🇱,306.5,Unknown,Unknown,-128,Under way using engine,Unknown,Unknown
GIA INSPIRATION     ,538009918,53.8469,8.7534,0,2025-11-05 14:17:34.555496712 +0000 UTC,Unknown,DarkTurquoise,Unknown,Unknown,Unknown,Unknown,Marshall Islands 🇲🇭,224.8,Unknown,Unknown,0,Moored,Unknown,Unknown
Unknown Vessel,244000513,52.1353,4.6454,Unknown,2025-11-05 14:17:34.556665962 +0000 UTC,Unknown,DarkTurquoise,Unknown,Unknown,Unknown,Unknown,Netherlands 🇳🇱,Unknown,15,5,Unknown,Unknown,Unknown,Unknown
LUIS BARRANKO       ,224019470,43.388,-1.8406,9.6,2025-11-05 14:17:34.563582438 +0000 UTC,Unknown,DarkTurquoise,Unknown,Unknown,Unknown,Unknown,Spain 🇪🇸,61.4,Unknown,Unknown,0,Undefined,Unknown,Unknown
H-5                 ,261459000,54.5368,18.5459,0,2025-11-05 14:17:34.564732878 +0000 UTC,Unknown,DarkTurquoise,Unknown,Unknown,Unknown,Unknown,Poland 🇵🇱,0,Unknown,Unknown,-128,Under way using engine,Unknown,Unknown
CAPT.E.FRANK THOMPSO,367519240,44.0797,-68.9351,11.5,2025-11-05 14:17:34.566847916 +0000 UTC,Unknown,DarkTurquoise,Unknown,Unknown,Unknown,Unknown,United States 🇺🇸,303.9,Unknown,Unknown,0,Under way using engine,Unknown,Unknown
HOKUTO MARU         ,431002574,35.3692,140.7005,10.3,2025-11-05 14:17:34.569234726 +0000 UTC,Unknown,DarkTurquoise,Unknown,Unknown,Unknown,Unknown,Japan 🇯🇵,209.7,Unknown,Unknown,0,Under way using engine,Unknown,Unknown
FUN QUAD IV,225999670,39.4619,-0.3173,Unknown,2025-11-05 14:17:34.574594087 +0000 UTC,Unknown,DarkTurquoise,Unknown,Unknown,Unknown,Unknown,Spain 🇪🇸,Unknown,Unknown,Unknown,Unknown,Unknown,Unknown,Unknown
OHANA               ,338238172,38.9029,-76.5093,0,2025-11-05 14:17:34.578270984 +0000 UTC,Unknown,DarkTurquoise,Unknown,Unknown,Unknown,Unknown,United States 🇺🇸,202.1,Unknown,Unknown,-128,Under way using engine,Unknown,Unknown
MEDKON ANKARA,271052266,37.8553,23.6408,10.2,2025-11-05 14:17:34.579580675 +0000 UTC,Unknown,DarkTurquoise,Unknown,Unknown,Unknown,Unknown,Turkey 🇹🇷,331,Unknown,Unknown,-14,Under way using engine,Unknown,Unknown
DRAGONFLY,319296900,38.3152,0.0657,18.2,2025-11-05 14:17:34.583402696 +0000 UTC,Unknown,DarkTurquoise,Unknown,Unknown,Unknown,Unknown,Cayman Islands (British Overseas Territory) 🇰🇾,208.8,Unknown,Unknown,2,Under way using engine,Unknown,Unknown
VB SONADOR          ,224182450,39.4427,-0.3172,0,2025-11-05 14:17:34.584663906 +0000 UTC,Unknown,DarkTurquoise,Unknown,Unknown,Unknown,Unknown,Spain 🇪🇸,0,Unknown,Unknown,0,Under way using engine,Unknown,Unknown
MILBOMAR   ,224310520,39.4301,-0.2397,9.9,2025-11-05 14:17:34.585678729 +0000 UTC,Fishing,Gold,Unknown,Unknown,Unknown,Unknown,Spain 🇪🇸,285.7,Unknown,Unknown,-128,Engaged in fishing,Unknown,Unknown
FLB BONN            ,211134320,50.7387,7.1075,0,2025-11-05 14:17:34.586644278 +0000 UTC,Unknown,DarkTurquoise,Unknown,Unknown,Unknown,Unknown,Germany 🇩🇪,360,Unknown,Unknown,-128,Under way using engine,Unknown,Unknown
CANDY,244020503,51.816,4.6643,Unknown,2025-11-05 14:17:34.587580072 +0000 UTC,Unknown,DarkTurquoise,Unknown,Unknown,Unknown,Unknown,Netherlands 🇳🇱,Unknown,Unknown,Unknown,Unknown,Unknown,Unknown,Unknown
JAGARE              ,319182500,53.6218,8.476,13.1,2025-11-05 14:17:34.588572728 +0000 UTC,Unknown,DarkTurquoise,Unknown,Unknown,Unknown,Unknown,Cayman Islands (British Overseas Territory) 🇰🇾,310.1,Unknown,Unknown,127,Under way using engine,Unknown,Unknown
DRUKWERK,244057148,52.3753,4.884,0,2025-11-05 14:17:34.589810758 +0000 UTC,Unknown,DarkTurquoise,Unknown,Unknown,Unknown,Unknown,Netherlands 🇳🇱,360,Unknown,Unknown,-128,Under way using engine,Unknown,Unknown
ISABELLA,244670122,51.4583,3.6866,7.9,2025-11-05 14:17:34.596525172 +0000 UTC,Unknown,DarkTurquoise,Unknown,Unknown,Unknown,Unknown,Netherlands 🇳🇱,280.7,Unknown,Unknown,-128,Under way using engine,Unknown,Unknown
RV WHALE SONG,518873000,-32.0625,115.7433,0,2025-11-05 14:17:34.597560267 +0000 UTC,Unknown,DarkTurquoise,Unknown,Unknown,Unknown,Unknown,Cook Islands 🇨🇰,360,Unknown,Unknown,0,Under way using engine,Unknown,Unknown
P63,244004346,51.8993,5.4567,0,2025-11-05 14:17:34.599757089 +0000 UTC,Unknown,DarkTurquoise,Unknown,Unknown,Unknown,Unknown,Netherlands 🇳🇱,264,Unknown,Unknown,0,Moored,Unknown,Unknown
WIND SUPPORTER      ,219009338,54.5525,11.6675,0.2,2025-11-05 14:17:34.603228681 +0000 UTC,Unknown,DarkTurquoise,Unknown,Unknown,Unknown,Unknown,Denmark 🇩🇰,25.2,Unknown,Unknown,127,Under way using engine,Unknown,Unknown
MOSKOU ,244137352,52.3848,4.8939,0.1,2025-11-05 14:17:34.607405899 +0000 UTC,Unknown,DarkTurquoise,Unknown,Unknown,Unknown,Unknown,Netherlands 🇳🇱,1.4,Unknown,Unknown,-128,Under way using engine,Unknown,Unknown
HEINRICH,211514890,53.4711,9.9889,0,2025-11-05 14:17:46.245107174 +0000 UTC,Unknown,DarkTurquoise,Unknown,Unknown,Unknown,Unknown,Germany 🇩🇪,0,Unknown,Unknown,0,Under way using engine,Unknown,Unknown
NORA,211363120,51.908,4.5014,0,2025-11-05 14:17:34.61311869 +0000 UTC,Unknown,DarkTurquoise,Unknown,Unknown,Unknown,Unknown,Germany 🇩🇪,360,Unknown,Unknown,-128,Under way using engine,Unknown,Unknown
MFV LEE-ANNE,601458000,-33.906,18.4267,0,2025-11-05 14:17:34.615610787 +0000 UTC,Unknown,DarkTurquoise,Unknown,Unknown,Unknown,Unknown,South Africa 🇿🇦,256.8,Unknown,Unknown,0,Under way using engine,Unknown,Unknown
GLITTSKAR,266186000,57.6178,11.7615,0,2025-11-05 14:17:34.61739867 +0000 UTC,Fishing,Gold,Unknown,Unknown,Unknown,Unknown,Sweden 🇸🇪,284.9,Unknown,Unknown,0,Engaged in fishing,Unknown,Unknown
FGS GERHARD MERCATOR,211510620,51.4357,6.7567,0,2025-11-05 14:17:34.617922022 +0000 UTC,Unknown,DarkTurquoise,Unknown,Unknown,Unknown,Unknown,Germany 🇩🇪,0,Unknown,Unknown,-128,Undefined,Unknown,Unknown
SVK05 EJDERN        ,265500650,62.6417,17.9513,0,2025-11-05 14:17:34.620359792 +0000 UTC,Unknown,DarkTurquoise,Unknown,Unknown,Unknown,Unknown,Sweden 🇸🇪,360,Unknown,Unknown,0,Moored,Unknown,Unknown
HOZAN MARU          ,431005341,35.0593,140.2978,11.1,2025-11-05 14:17:34.623408794 +0000 UTC,Unknown,DarkTurquoise,Unknown,Unknown,Unknown,Unknown,Japan 🇯🇵,59.8,Unknown,Unknown,0,Under way using engine,Unknown,Unknown
KILDIN,259635000,69.7048,19.021,0,2025-11-05 14:17:34.628185696 +0000 UTC,Fishing,Gold,Unknown,Unknown,Unknown,Unknown,Norway 🇳🇴,204,Unknown,Unknown,0,Engaged in fishing,Unknown,Unknown
CAPE CALVERT,316001481,48.4191,-123.388,0.1,2025-11-05 14:17:34.63130373 +0000 UTC,Unknown,DarkTurquoise,Unknown,Unknown,Unknown,Unknown,Canada 🇨🇦,290.3,Unknown,Unknown,16,Moored,Unknown,Unknown
BAILEY,368043680,47.6295,-122.3913,Unknown,2025-11-05 14:17:34.635404579 +0000 UTC,Unknown,DarkTurquoise,Unknown,Unknown,Unknown,Unknown,United States 🇺🇸,Unknown,Unknown,Unknown,Unknown,Unknown,Unknown,Unknown
DRECHT,244316170,52.7182,6.0773,0,2025-11-05 14:17:34.646313508 +0000 UTC,Unknown,DarkTurquoise,Unknown,Unknown,Unknown,Unknown,Netherlands 🇳🇱,360,Unknown,Unknown,-128,Under way using engine,Unknown,Unknown
FISHBURN            ,503345300,-33.8609,151.2102,0,2025-11-05 14:17:34.648274072 +0000 UTC,Unknown,DarkTurquoise,Unknown,Unknown,Unknown,Unknown,Australia 🇦🇺,360,Unknown,Unknown,-128,Under way using engine,Unknown,Unknown
PACIFIC GOLD        ,636019843,-34.8172,138.3253,3.4,2025-11-05 14:17:34.649447126 +0000 UTC,Unknown,DarkTurquoise,Unknown,Unknown,Unknown,Unknown,Liberia 🇱🇷,46.3,Unknown,Unknown,-11,Under way using engine,Unknown,Unknown
JATULI              ,230688000,55.4727,14.9048,12.3,2025-11-05 14:17:34.655819301 +0000 UTC,Unknown,DarkTurquoise,Unknown,Unknown,Unknown,Unknown,Finland 🇫🇮,62.2,Unknown,Unknown,3,Under way using engine,Unknown,Unknown
KAREL DOORMAN,244660333,51.2766,4.3343,0,2025-11-05 14:17:34.661481791 +0000 UTC,Unknown,DarkTurquoise,Unknown,Unknown,Unknown,Unknown,Netherlands 🇳🇱,360,Unknown,Unknown,-128,Under way using engine,Unknown,Unknown
KNRM-NH1816,244780876,52.4632,4.5764,10.4,2025-11-05 14:17:34.662978323 +0000 UTC,Unknown,DarkTurquoise,Unknown,Unknown,Unknown,Unknown,Netherlands 🇳🇱,91.4,Unknown,Unknown,127,Under way using engine,Unknown,Unknown
RELIANCE            ,367348240,47.6626,-122.3875,0,2025-11-05 14:17:34.666873276 +0000 UTC,Unknown,DarkTurquoise,Unknown,Unknown,Unknown,Unknown,United States 🇺🇸,258,Unknown,Unknown,0,Under way using engine,Unknown,Unknown
HARRY SLINGER,244860579,52.3825,4.8594,0,2025-11-05 14:17:34.668563695 +0000 UTC,Unknown,DarkTurquoise,Unknown,Unknown,Unknown,Unknown,Netherlands 🇳🇱,0,Unknown,Unknown,-128,Under way using engine,Unknown,Unknown
COOKE               ,368044470,29.973,-93.8474,0,2025-11-05 14:17:34.670505639 +0000 UTC,Unknown,DarkTurquoise,Unknown,Unknown,Unknown,Unknown,United States 🇺🇸,23.7,Unknown,Unknown,0,,Unknown,Unknown
SAN BERNARD         ,367501660,29.8166,-93.9845,0.6,2025-11-05 14:17:34.671464945 +0000 UTC,Unknown,DarkTurquoise,Unknown,Unknown,Unknown,Unknown,United States 🇺🇸,272.2,Unknown,Unknown,0,,Unknown,Unknown
LAURA M             ,368201570,30.022,-93.9871,0,2025-11-05 14:17:34.672817597 +0000 UTC,Unknown,DarkTurquoise,Unknown,Unknown,Unknown,Unknown,United States 🇺🇸,316,Unknown,Unknown,0,Under way using engine,Unknown,Unknown
CMA CGM G.WASHINGTON,215197000,10.4053,-75.5359,0,2025-11-05 14:17:34.674648618 +0000 UTC,Unknown,DarkTurquoise,Unknown,Unknown,Unknown,Unknown,Malta 🇲🇹,226.2,Unknown,Unknown,0,Moored,Unknown,Unknown
ESEVE 6,226014610,49.4765,0.4055,6.4,2025-11-05 14:17:34.686329444 +0000 UTC,Unknown,DarkTurquoise,Unknown,Unknown,Unknown,Unknown,France 🇫🇷,92.2,Unknown,Unknown,-128,Under way using engine,Unknown,Unknown
ALVERO          ,244730137,51.4285,4.0298,7.5,2025-11-05 14:17:34.688569075 +0000 UTC,Unknown,DarkTurquoise,Unknown,Unknown,Unknown,Unknown,Netherlands 🇳🇱,320.3,Unknown,Unknown,0,Under way using engine,Unknown,Unknown
CAP D AUNIS         ,227001640,46.1559,-1.2375,1.8,2025-11-05 14:17:34.694796095 +0000 UTC,Unknown,DarkTurquoise,Unknown,Unknown,Unknown,Unknown,France 🇫🇷,156.9,Unknown,Unknown,-128,Restricted manoeuvrability,Unknown,Unknown
YE-24 SARAH.MAURITS ,244750739,51.4997,4.054,0,2025-11-05 14:17:34.696673215 +0000 UTC,Fishing,Gold,Unknown,Unknown,Unknown,Unknown,Netherlands 🇳🇱,297.6,Unknown,Unknown,0,Engaged in fishing,Unknown,Unknown
KUTSI ILHAN         ,271048518,43.0336,31.3351,0.5,2025-11-05 14:17:34.714803766 +0000 UTC,Unknown,DarkTurquoise,Unknown,Unknown,Unknown,Unknown,Turkey 🇹🇷,207.6,Unknown,Unknown,0,Under way using engine,Unknown,Unknown
MILLERNTOR          ,218805000,59.1576,10.6326,Unknown,2025-11-05 14:17:34.729798891 +0000 UTC,Cargo,ForestGreen,VARBERG SE          ,SEVAG,Varberg,Sweden,Germany 🇩🇪,Unknown,90,15,Unknown,Unknown,9265665,5.4
CARL FEDDERSEN,211699930,53.5374,9.8766,0,2025-11-05 14:17:34.732086689 +0000 UTC,Unknown,DarkTurquoise,Unknown,Unknown,Unknown,Unknown,Germany 🇩🇪,360,Unknown,Unknown,0,Under way using engine,Unknown,Unknown
SUNNAN,265615050,59.322,18.1044,0.1,2025-11-05 14:17:34.735332186 +0000 UTC,Unknown,DarkTurquoise,Unknown,Unknown,Unknown,Unknown,Sweden 🇸🇪,298.1,Unknown,Unknown,0,Under way using engine,Unknown,Unknown
MARLIES,211515990,53.4936,9.9821,0,2025-11-05 14:17:34.740353222 +0000 UTC,Unknown,DarkTurquoise,Unknown,Unknown,Unknown,Unknown,Germany 🇩🇪,360,Unknown,Unknown,-128,Moored,Unknown,Unknown
OCEAN CARTIER       ,316048473,49.2981,-123.0284,0,2025-11-05 14:17:34.748983058 +0000 UTC,Unknown,DarkTurquoise,Unknown,Unknown,Unknown,Unknown,Canada 🇨🇦,6.9,Unknown,Unknown,0,Under way using engine,Unknown,Unknown
MARTINA 2,244700833,51.8461,6.1492,Unknown,2025-11-05 14:17:34.750782968 +0000 UTC,Other Type,RoyalBlue,MILLINGEN A/D RIJN ,DKAGE,Allinge,Denmark,Netherlands 🇳🇱,Unknown,35,6,Unknown,Unknown,0,0
KEVIN Y MARIELA,224046660,36.8041,-6.3369,0,2025-11-05 14:17:34.752219437 +0000 UTC,Unknown,DarkTurquoise,Unknown,Unknown,Unknown,Unknown,Spain 🇪🇸,360,Unknown,Unknown,-128,Under way using engine,Unknown,Unknown
POOLSTER            ,244078819,52.4141,4.6836,0,2025-11-05 14:17:34.913366108 +0000 UTC,Unknown,DarkTurquoise,Unknown,Unknown,Unknown,Unknown,Netherlands 🇳🇱,306.5,Unknown,Unknown,-128,Moored,Unknown,Unknown
DANPILOT ECHO       ,219023834,54.9248,10.8365,19.3,2025-11-05 14:17:35.06711608 +0000 UTC,Unknown,DarkTurquoise,Unknown,Unknown,Unknown,Unknown,Denmark 🇩🇰,178.7,Unknown,Unknown,127,Under way using engine,Unknown,Unknown
SLOW POKE           ,368340590,41.4338,2.2415,0,2025-11-05 14:17:35.242467452 +0000 UTC,Unknown,DarkTurquoise,Unknown,Unknown,Unknown,Unknown,United States 🇺🇸,294.2,Unknown,Unknown,0,Moored,Unknown,Unknown
GRANIT              ,257123000,71.2641,20.0327,3.6,2025-11-05 14:17:35.378787674 +0000 UTC,Fishing,Gold,Unknown,Unknown,Unknown,Unknown,Norway 🇳🇴,325,Unknown,Unknown,127,Engaged in fishing,Unknown,Unknown
TROMOY II,257170700,58.4583,8.7722,5.8,2025-11-05 14:17:35.499329174 +0000 UTC,Unknown,DarkTurquoise,Unknown,Unknown,Unknown,Unknown,Norway 🇳🇴,66.7,Unknown,Unknown,-128,Under way using engine,Unknown,Unknown
OMEGA TRI           ,257954900,62.8618,8.157,Unknown,2025-11-05 14:17:35.673689514 +0000 UTC,Unknown,DarkTurquoise,Unknown,Unknown,Unknown,Unknown,Norway 🇳🇴,Unknown,Unknown,Unknown,Unknown,Unknown,Unknown,Unknown
HIDRAFERJA,258146000,61.179,7.252,9.6,2025-11-05 14:17:35.753705779 +0000 UTC,Unknown,DarkTurquoise,Unknown,Unknown,Unknown,Unknown,Norway 🇳🇴,178.6,Unknown,Unknown,0,Under way using engine,Unknown,Unknown
FROY SAFIR,257004440,63.7362,8.8376,Unknown,2025-11-05 14:17:35.899132282 +0000 UTC,Unknown,DarkTurquoise,Unknown,Unknown,Unknown,Unknown,Norway 🇳🇴,Unknown,Unknown,Unknown,Unknown,Unknown,Unknown,Unknown
NCL VESTLAND        ,255915684,60.3303,4.0517,14.6,2025-11-05 14:17:35.950983425 +0000 UTC,Unknown,DarkTurquoise,Unknown,Unknown,Unknown,Unknown,Madeira (Portugal) 🇵🇹,183.2,Unknown,Unknown,7,Under way using engine,Unknown,Unknown
BRUVIK              ,257209600,62.4459,6.1966,Unknown,2025-11-05 14:17:36.131084707 +0000 UTC,Unknown,DarkTurquoise,AALESUND            ,SJNYA,Ny-Alesund,Svalbard and Jan Mayen,Norway 🇳🇴,Unknown,45,8,Unknown,Unknown,5054343,3
RONJA HAVSOY        ,257594000,69.2303,17.9524,10,2025-11-05 14:17:36.437827063 +0000 UTC,Unknown,DarkTurquoise,Unknown,Unknown,Unknown,Unknown,Norway 🇳🇴,188.9,Unknown,Unknown,0,Under way using engine,Unknown,Unknown
INGEGJERD,257732600,68.7849,14.6407,Unknown,2025-11-05 14:17:36.870085315 +0000 UTC,Cargo,ForestGreen,JENNSKARET,RULNK,Lensk,Russia,Norway 🇳🇴,Unknown,13,5,Unknown,Unknown,0,1.8
GERD STENSEN        ,257254500,68.1334,13.6117,0,2025-11-05 14:17:36.940594562 +0000 UTC,Unknown,DarkTurquoise,Unknown,Unknown,Unknown,Unknown,Norway 🇳🇴,2.7,Unknown,Unknown,0,Under way using engine,Unknown,Unknown
TEINESKJAER         ,258015500,60.2765,5.0881,0,2025-11-05 14:17:37.128797835 +0000 UTC,Fishing,Gold,Unknown,Unknown,Unknown,Unknown,Norway 🇳🇴,310.8,Unknown,Unknown,0,Engaged in fishing,Unknown,Unknown
VILDE,258081850,59.4749,5.9719,0,2025-11-05 14:17:37.203270252 +0000 UTC,Unknown,DarkTurquoise,Unknown,Unknown,Unknown,Unknown,Norway 🇳🇴,337.8,Unknown,Unknown,-128,Under way using engine,Unknown,Unknown
EIDSVAAG OPAL       ,257080750,69.4565,18.9551,9.7,2025-11-05 14:17:37.351235448 +0000 UTC,Unknown,DarkTurquoise,Unknown,Unknown,Unknown,Unknown,Norway 🇳🇴,150.3,Unknown,Unknown,0,Under way using engine,Unknown,Unknown
THEIS               ,257121890,58.0956,6.7935,0,2025-11-05 14:17:37.500374825 +0000 UTC,Unknown,DarkTurquoise,Unknown,Unknown,Unknown,Unknown,Norway 🇳🇴,357.8,Unknown,Unknown,0,Under way using engine,Unknown,Unknown
CASPIAN             ,257735000,68.5519,16.2666,10.7,2025-11-05 14:17:38.002494031 +0000 UTC,Unknown,DarkTurquoise,Unknown,Unknown,Unknown,Unknown,Norway 🇳🇴,263.9,Unknown,Unknown,0,Under way using engine,Unknown,Unknown
FIRDA EIR           ,259408000,62.4424,6.2756,0,2025-11-05 14:17:38.205926733 +0000 UTC,Unknown,DarkTurquoise,Unknown,Unknown,Unknown,Unknown,Norway 🇳🇴,136.8,Unknown,Unknown,0,Under way using engine,Unknown,Unknown
FIRDA HARVEST       ,259822000,60.8598,4.9654,0,2025-11-05 14:17:45.438614049 +0000 UTC,Cargo,ForestGreen,FISHFARMS           ,FRV88,Charmes,France,Norway 🇳🇴,351,34,9,0,Under way using engine,9576246,4.8
GURATIND,257164500,68.5091,15.005,Unknown,2025-11-05 14:17:38.598438337 +0000 UTC,Unknown,DarkTurquoise,97785645 FISKEFELTET,Unknown,Unknown,Unknown,Norway 🇳🇴,Unknown,15,6,Unknown,Unknown,0,0
NANNA CECILIE L820  ,219026675,60.2538,3.5346,Unknown,2025-11-05 14:17:38.804151085 +0000 UTC,Fishing,Gold,,Unknown,Unknown,Unknown,Denmark 🇩🇰,Unknown,32,8,Unknown,Unknown,0,0
TAUMAR,257090830,62.4725,6.1324,0.1,2025-11-05 14:17:38.972230675 +0000 UTC,Unknown,DarkTurquoise,Unknown,Unknown,Unknown,Unknown,Norway 🇳🇴,56.9,Unknown,Unknown,0,Under way using engine,Unknown,Unknown
HAAJA,257042710,70.5375,23.5583,Unknown,2025-11-05 14:17:39.285511663 +0000 UTC,Cargo,ForestGreen,TLF 90099890,Unknown,Unknown,Unknown,Norway 🇳🇴,Unknown,15,8,Unknown,Unknown,0,0
STORM,258027600,67.4975,15.4418,25.5,2025-11-05 14:17:39.351966193 +0000 UTC,Unknown,DarkTurquoise,Unknown,Unknown,Unknown,Unknown,Norway 🇳🇴,127.7,Unknown,Unknown,-128,Under way using engine,Unknown,Unknown
MIR,257391800,59.6096,5.2473,Unknown,2025-11-05 14:17:39.622462159 +0000 UTC,Unknown,DarkTurquoise,Unknown,Unknown,Unknown,Unknown,Norway 🇳🇴,Unknown,Unknown,Unknown,Unknown,Unknown,Unknown,Unknown
MULTIND,257126140,67.4884,15.455,0.1,2025-11-05 14:17:39.711383746 +0000 UTC,Unknown,DarkTurquoise,Unknown,Unknown,Unknown,Unknown,Norway 🇳🇴,360,Unknown,Unknown,-128,Under way using engine,Unknown,Unknown
GARD                ,257892500,70.0732,19.9965,0,2025-11-05 14:17:43.69578655 +0000 UTC,Dredging or Underwater Operations,Black,FISHFARMS           ,FRV88,Charmes,France,Norway 🇳🇴,152.9,15,8,0,At anchor,0,2
RANESON,257130810,67.9018,15.1866,Unknown,2025-11-05 14:17:40.474484026 +0000 UTC,Cargo,ForestGreen,FISHFARMS,FRV88,Charmes,France,Norway 🇳🇴,Unknown,20,10,Unknown,Unknown,9962287,4
OYGUTT BOYE 5       ,109011382,70.9119,26.3259,Unknown,2025-11-05 14:17:40.475043858 +0000 UTC,Unknown,DarkTurquoise,Unknown,Unknown,Unknown,Unknown,Unknown,Unknown,Unknown,Unknown,Unknown,Unknown,Unknown,Unknown
KNM MAGNUS LAGABOETE,258592000,68.6373,16.5922,10.4,2025-11-05 14:17:40.561996624 +0000 UTC,Unknown,DarkTurquoise,Unknown,Unknown,Unknown,Unknown,Norway 🇳🇴,208.4,Unknown,Unknown,0,Under way using engine,Unknown,Unknown
AQUA FJORD,258031000,61.5843,5.0007,0,2025-11-05 14:17:40.756280091 +0000 UTC,Unknown,DarkTurquoise,Unknown,Unknown,Unknown,Unknown,Norway 🇳🇴,276,Unknown,Unknown,0,Under way using engine,Unknown,Unknown
HAVILA POLARIS,258094000,68.5712,14.9116,0,2025-11-05 14:17:40.926699299 +0000 UTC,Unknown,DarkTurquoise,Unknown,Unknown,Unknown,Unknown,Norway 🇳🇴,178.5,Unknown,Unknown,0,Under way using engine,Unknown,Unknown
HAVBRIS,259029000,61.753,4.9888,9.6,2025-11-05 14:17:40.994144938 +0000 UTC,Unknown,DarkTurquoise,Unknown,Unknown,Unknown,Unknown,Norway 🇳🇴,219.3,Unknown,Unknown,0,Under way using engine,Unknown,Unknown
EGGUMSVAERING,257675500,68.2388,13.6303,0,2025-11-05 14:17:41.067141919 +0000 UTC,Unknown,DarkTurquoise,Unknown,Unknown,Unknown,Unknown,Norway 🇳🇴,337,Unknown,Unknown,0,Under way using engine,Unknown,Unknown
BOLGTIND,257197500,66.8068,13.2383,0.1,2025-11-05 14:17:41.258082487 +0000 UTC,Unknown,DarkTurquoise,Unknown,Unknown,Unknown,Unknown,Norway 🇳🇴,274,Unknown,Unknown,-128,Under way using engine,Unknown,Unknown
BARSTEIN,257084140,61.0742,4.837,0,2025-11-05 14:17:41.560464251 +0000 UTC,Unknown,DarkTurquoise,Unknown,Unknown,Unknown,Unknown,Norway 🇳🇴,360,Unknown,Unknown,-128,Undefined,Unknown,Unknown
PHOENICIAN          ,538072346,41.2107,1.7308,0,2025-11-05 14:17:41.631313129 +0000 UTC,Unknown,DarkTurquoise,Unknown,Unknown,Unknown,Unknown,Marshall Islands 🇲🇭,48.9,Unknown,Unknown,0,Moored,Unknown,Unknown
SPES SALUTIS,244870464,51.963,5.2809,2,2025-11-05 14:17:41.810744246 +0000 UTC,Unknown,DarkTurquoise,Unknown,Unknown,Unknown,Unknown,Netherlands 🇳🇱,188.7,Unknown,Unknown,-128,Under way using engine,Unknown,Unknown
DELTA,244020258,51.8812,4.3993,0,2025-11-05 14:17:41.812842553 +0000 UTC,Unknown,DarkTurquoise,Unknown,Unknown,Unknown,Unknown,Netherlands 🇳🇱,360,Unknown,Unknown,0,Under way using engine,Unknown,Unknown
URANUS              ,211215680,51.8159,5.2252,0,2025-11-05 14:17:41.815552892 +0000 UTC,Unknown,DarkTurquoise,Unknown,Unknown,Unknown,Unknown,Germany 🇩🇪,0,Unknown,Unknown,-128,Under way using engine,Unknown,Unknown
MSC NURYA G         ,636023313,-32.8501,152.4789,15.4,2025-11-05 14:17:41.816635955 +0000 UTC,Unknown,DarkTurquoise,Unknown,Unknown,Unknown,Unknown,Liberia 🇱🇷,23.4,Unknown,Unknown,-4,Under way using engine,Unknown,Unknown
TAMARIS,205377890,49.479,8.5608,4,2025-11-05 14:17:41.817753616 +0000 UTC,Unknown,DarkTurquoise,Unknown,Unknown,Unknown,Unknown,Belgium 🇧🇪,79.4,Unknown,Unknown,0,Under way using engine,Unknown,Unknown
CAROLIN,269057114,52.4232,4.796,8.4,2025-11-05 14:17:47.169285317 +0000 UTC,Unknown,DarkTurquoise,Unknown,Unknown,Unknown,Unknown,Switzerland 🇨🇭,102.2,Unknown,Unknown,-128,Under way using engine,Unknown,Unknown
APOLLONIUS          ,538006904,51.9273,4.2067,Unknown,2025-11-05 14:17:41.820265046 +0000 UTC,Cargo,ForestGreen,NL RTM              ,NLRTM,Rotterdam,Netherlands,Marshall Islands 🇲🇭,Unknown,292,45,Unknown,Unknown,9718234,17.7
FAIRPLAY-27         ,255915769,51.8179,4.0433,0,2025-11-05 14:17:41.822263195 +0000 UTC,Unknown,DarkTurquoise,Unknown,Unknown,Unknown,Unknown,Madeira (Portugal) 🇵🇹,2.3,Unknown,Unknown,0,Moored,Unknown,Unknown
TOMBIGBEE           ,367645980,39.1471,-84.7415,0,2025-11-05 14:17:41.821067218 +0000 UTC,Unknown,DarkTurquoise,Unknown,Unknown,Unknown,Unknown,United States 🇺🇸,313.2,Unknown,Unknown,-128,Under way using engine,Unknown,Unknown
IMATRA,244750353,52.2444,5.0114,9.6,2025-11-05 14:17:41.823377274 +0000 UTC,Unknown,DarkTurquoise,Unknown,Unknown,Unknown,Unknown,Netherlands 🇳🇱,191,Unknown,Unknown,-128,Under way using engine,Unknown,Unknown
ROSTOCKER7,211217860,54.0998,12.1128,0,2025-11-05 14:17:41.82458616 +0000 UTC,Unknown,DarkTurquoise,Unknown,Unknown,Unknown,Unknown,Germany 🇩🇪,360,Unknown,Unknown,-128,Under way using engine,Unknown,Unknown
INTELLIGENCE DIVA   ,352005659,29.933,-89.9851,0,2025-11-05 14:17:41.826083585 +0000 UTC,Unknown,DarkTurquoise,Unknown,Unknown,Unknown,Unknown,Panama 🇵🇦,107.1,Unknown,Unknown,0,Under way using engine,Unknown,Unknown
CASTOR              ,276718000,60.2208,25.1978,0,2025-11-05 14:17:41.827033653 +0000 UTC,Unknown,DarkTurquoise,Unknown,Unknown,Unknown,Unknown,Estonia 🇪🇪,211.7,Unknown,Unknown,0,Under way using engine,Unknown,Unknown
Unknown Vessel,368006350,47.628,-122.3941,Unknown,2025-11-05 14:17:41.828402743 +0000 UTC,Unknown,DarkTurquoise,Unknown,Unknown,Unknown,Unknown,United States 🇺🇸,Unknown,20,6,Unknown,Unknown,Unknown,Unknown
ISABEL MCALLISTER   ,368396250,39.2692,-76.5807,0,2025-11-05 14:17:41.829504612 +0000 UTC,Unknown,DarkTurquoise,Unknown,Unknown,Unknown,Unknown,United States 🇺🇸,26.5,Unknown,Unknown,0,Under way using engine,Unknown,Unknown
KLARA,305373000,57.3862,19.0648,9.6,2025-11-05 14:17:41.830540198 +0000 UTC,Unknown,DarkTurquoise,Unknown,Unknown,Unknown,Unknown,Antigua and Barbuda 🇦🇬,212.7,Unknown,Unknown,0,Under way using engine,Unknown,Unknown
MASSACHUSETTS       ,367627580,42.3605,-71.0372,0.8,2025-11-05 14:17:41.833041214 +0000 UTC,Unknown,DarkTurquoise,Unknown,Unknown,Unknown,Unknown,United States 🇺🇸,101,Unknown,Unknown,0,Under way using engine,Unknown,Unknown
SAM HOUSTON         ,367337690,29.7485,-95.2923,0,2025-11-05 14:17:41.835488655 +0000 UTC,Unknown,DarkTurquoise,Unknown,Unknown,Unknown,Unknown,United States 🇺🇸,142.7,Unknown,Unknown,-128,Undefined,Unknown,Unknown
SCANBIO VIKING,257872000,57.3858,11.451,8.2,2025-11-05 14:17:41.837156474 +0000 UTC,Unknown,DarkTurquoise,Unknown,Unknown,Unknown,Unknown,Norway 🇳🇴,161,Unknown,Unknown,-13,Under way using engine,Unknown,Unknown
BASTO IV            ,257845600,59.4111,10.6287,12.9,2025-11-05 14:17:41.843392726 +0000 UTC,Unknown,DarkTurquoise,Unknown,Unknown,Unknown,Unknown,Norway 🇳🇴,69.6,Unknown,Unknown,0,Under way using engine,Unknown,Unknown
PILOTVESSEL WAKATERE,512004996,-36.8432,174.7759,0,2025-11-05 14:17:41.841967961 +0000 UTC,Unknown,DarkTurquoise,Unknown,Unknown,Unknown,Unknown,New Zealand 🇳🇿,53.3,Unknown,Unknown,-128,Under way using engine,Unknown,Unknown
MSTX 12,244020742,51.9144,4.4834,3.7,2025-11-05 14:17:41.844581007 +0000 UTC,Unknown,DarkTurquoise,Unknown,Unknown,Unknown,Unknown,Netherlands 🇳🇱,180.2,Unknown,Unknown,-128,Under way using engine,Unknown,Unknown
CHRISTINA   ,244133678,51.8492,5.8698,0,2025-11-05 14:17:41.845535234 +0000 UTC,Unknown,DarkTurquoise,Unknown,Unknown,Unknown,Unknown,Netherlands 🇳🇱,0,Unknown,Unknown,-128,Under way using engine,Unknown,Unknown
TUG 40              ,205625000,51.3318,4.3053,5.9,2025-11-05 14:17:41.846829686 +0000 UTC,Unknown,DarkTurquoise,Unknown,Unknown,Unknown,Unknown,Belgium 🇧🇪,338.1,Unknown,Unknown,-127,Under way using engine,Unknown,Unknown
Unknown Vessel,257029060,58.8707,5.7643,Unknown,2025-11-05 14:17:41.849002978 +0000 UTC,Unknown,DarkTurquoise,Unknown,Unknown,Unknown,Unknown,Norway 🇳🇴,Unknown,12,4,Unknown,Unknown,Unknown,Unknown
KRABBENKREEK,244670435,51.2348,4.4387,5.4,2025-11-05 14:17:41.850223327 +0000 UTC,Unknown,DarkTurquoise,Unknown,Unknown,Unknown,Unknown,Netherlands 🇳🇱,266.9,Unknown,Unknown,-128,Under way using engine,Unknown,Unknown
SILVER DEE          ,235025987,28.9174,-13.7004,0,2025-11-05 14:17:41.851543462 +0000 UTC,Unknown,DarkTurquoise,Unknown,Unknown,Unknown,Unknown,United Kingdom 🇬🇧,225.4,Unknown,Unknown,0,Under way using engine,Unknown,Unknown
Unknown Vessel,244000874,51.8201,4.051,Unknown,2025-11-05 14:17:41.853473712 +0000 UTC,Unknown,DarkTurquoise,Unknown,Unknown,Unknown,Unknown,Netherlands 🇳🇱,Unknown,13,4,Unknown,Unknown,Unknown,Unknown
Unknown Vessel,249026000,39.531,2.5655,0,2025-11-05 14:17:41.854842269 +0000 UTC,Unknown,DarkTurquoise,Unknown,Unknown,Unknown,Unknown,Malta 🇲🇹,360,Unknown,Unknown,0,Undefined,Unknown,Unknown
LINDA,244690021,51.5574,3.6533,0,2025-11-05 14:17:41.856514768 +0000 UTC,Unknown,DarkTurquoise,Unknown,Unknown,Unknown,Unknown,Netherlands 🇳🇱,191.7,Unknown,Unknown,-128,Under way using engine,Unknown,Unknown
DONNA SANTA DUE     ,319202300,39.4604,-0.315,Unknown,2025-11-05 14:17:41.859033465 +0000 UTC,Pleasure Craft,PeachPuff,CRUISING            ,AOCUI,Cuio,Angola,Cayman Islands (British Overseas Territory) 🇰🇾,Unknown,44,9,Unknown,Unknown,0,2.3
SAAM ERIKS          ,316041968,49.2902,-122.9745,0.1,2025-11-05 14:17:41.860517843 +0000 UTC,Unknown,DarkTurquoise,Unknown,Unknown,Unknown,Unknown,Canada 🇨🇦,0,Unknown,Unknown,-9,Under way sailing,Unknown,Unknown
STRANDWAY           ,212396000,53.4734,5.8121,1.8,2025-11-05 14:17:41.862418072 +0000 UTC,Unknown,DarkTurquoise,Unknown,Unknown,Unknown,Unknown,Cyprus 🇨🇾,261.2,Unknown,Unknown,-127,Restricted manoeuvrability,Unknown,Unknown
SYLVIA              ,305288000,50.0587,-4.2034,7.2,2025-11-05 14:17:41.864376482 +0000 UTC,Unknown,DarkTurquoise,Unknown,Unknown,Unknown,Unknown,Antigua and Barbuda 🇦🇬,247.9,Unknown,Unknown,0,Under way using engine,Unknown,Unknown
Unknown Vessel,211291160,54.4974,8.8078,0,2025-11-05 14:17:41.867118561 +0000 UTC,Unknown,DarkTurquoise,Unknown,Unknown,Unknown,Unknown,Germany 🇩🇪,174.8,Unknown,Unknown,0,Moored,Unknown,Unknown
EUGEN MAERSK,563254900,41.2241,2.1606,1.4,2025-11-05 14:17:41.868153492 +0000 UTC,Unknown,DarkTurquoise,Unknown,Unknown,Unknown,Unknown,Singapore 🇸🇬,52.5,Unknown,Unknown,5,Under way using engine,Unknown,Unknown
CORPUS CHRISTI      ,366997690,28.9072,-95.3644,0,2025-11-05 14:17:41.869046675 +0000 UTC,Unknown,DarkTurquoise,Unknown,Unknown,Unknown,Unknown,United States 🇺🇸,171,Unknown,Unknown,0,Under way using engine,Unknown,Unknown
HILDAMAR,244690150,52.4959,5.3973,6.3,2025-11-05 14:17:41.870235326 +0000 UTC,Unknown,DarkTurquoise,Unknown,Unknown,Unknown,Unknown,Netherlands 🇳🇱,44.8,Unknown,Unknown,-128,Under way using engine,Unknown,Unknown
RIJNLAND,244700264,51.8485,6.1242,8.5,2025-11-05 14:17:41.872515506 +0000 UTC,Unknown,DarkTurquoise,Unknown,Unknown,Unknown,Unknown,Netherlands 🇳🇱,269.7,Unknown,Unknown,-128,Moored,Unknown,Unknown
TJERK-HIDDE,244660711,51.9249,4.1974,0,2025-11-05 14:17:41.874822378 +0000 UTC,Unknown,DarkTurquoise,Unknown,Unknown,Unknown,Unknown,Netherlands 🇳🇱,360,Unknown,Unknown,-128,Under way using engine,Unknown,Unknown
M V DAKOTA          ,248038000,43.3205,-1.9169,0,2025-11-05 14:17:41.876354493 +0000 UTC,Unknown,DarkTurquoise,Unknown,Unknown,Unknown,Unknown,Malta 🇲🇹,162.3,Unknown,Unknown,0,Moored,Unknown,Unknown
PILOT L147          ,230022010,60.2057,25.6239,0,2025-11-05 14:17:41.878330534 +0000 UTC,Unknown,DarkTurquoise,Unknown,Unknown,Unknown,Unknown,Finland 🇫🇮,69.7,Unknown,Unknown,127,Undefined,Unknown,Unknown
ROCKET              ,269121260,39.5622,2.6298,0,2025-11-05 14:17:41.879315386 +0000 UTC,Unknown,DarkTurquoise,Unknown,Unknown,Unknown,Unknown,Switzerland 🇨🇭,360,Unknown,Unknown,-128,Under way using engine,Unknown,Unknown
SMIT WAALHAVEN 5,244060910,51.8831,4.4515,0.1,2025-11-05 14:17:41.88145884 +0000 UTC,Unknown,DarkTurquoise,Unknown,Unknown,Unknown,Unknown,Netherlands 🇳🇱,360,Unknown,Unknown,-128,Under way using engine,Unknown,Unknown
Unknown Vessel,227316750,49.4938,-0.3595,3.9,2025-11-05 14:17:41.88235081 +0000 UTC,Fishing,Gold,Unknown,Unknown,Unknown,Unknown,France 🇫🇷,302.3,Unknown,Unknown,-127,Engaged in fishing,Unknown,Unknown
SCHLESWIG-HOLSTEIN,211190000,54.6452,11.3364,12.9,2025-11-05 14:17:41.883318449 +0000 UTC,Unknown,DarkTurquoise,Unknown,Unknown,Unknown,Unknown,Germany 🇩🇪,41.3,Unknown,Unknown,7,Under way using engine,Unknown,Unknown
FINNSIRIUS,230703000,59.9328,19.9223,15.1,2025-11-05 14:17:41.884760641 +0000 UTC,Unknown,DarkTurquoise,Unknown,Unknown,Unknown,Unknown,Finland 🇫🇮,241.7,Unknown,Unknown,0,Under way using engine,Unknown,Unknown
ANNA                ,341842001,31.156,33.8351,1.1,2025-11-05 14:17:41.888976024 +0000 UTC,Unknown,DarkTurquoise,Unknown,Unknown,Unknown,Unknown,Saint Kitts and Nevis 🇰🇳,203,Unknown,Unknown,127,Under way using engine,Unknown,Unknown
GRAY WHALE,338426406,47.628,-122.3903,Unknown,2025-11-05 14:17:41.887394449 +0000 UTC,Unknown,DarkTurquoise,Unknown,Unknown,Unknown,Unknown,United States 🇺🇸,Unknown,Unknown,Unknown,Unknown,Unknown,Unknown,Unknown
CMA CGM MOZART,215878000,31.4665,32.4008,10.7,2025-11-05 14:17:41.891068719 +0000 UTC,Unknown,DarkTurquoise,Unknown,Unknown,Unknown,Unknown,Malta 🇲🇹,315.3,Unknown,Unknown,-14,Under way using engine,Unknown,Unknown
FRESH,256004343,34.6659,33.043,Unknown,2025-11-05 14:17:41.892892356 +0000 UTC,Unknown,DarkTurquoise,Unknown,Unknown,Unknown,Unknown,Malta 🇲🇹,Unknown,Unknown,Unknown,Unknown,Unknown,Unknown,Unknown
LUNA                ,367602150,45.6111,-122.6129,0,2025-11-05 14:17:41.89438314 +0000 UTC,Unknown,DarkTurquoise,Unknown,Unknown,Unknown,Unknown,United States 🇺🇸,119.5,Unknown,Unknown,0,Undefined,Unknown,Unknown
HEL-111             ,261001870,54.6003,18.8036,0,2025-11-05 14:17:41.895332927 +0000 UTC,Unknown,DarkTurquoise,Unknown,Unknown,Unknown,Unknown,Poland 🇵🇱,333.6,Unknown,Unknown,0,Under way using engine,Unknown,Unknown
OCEAN LEE,316047351,49.2737,-123.1393,Unknown,2025-11-05 14:17:41.897613699 +0000 UTC,Fishing,Gold,,Unknown,Unknown,Unknown,Canada 🇨🇦,Unknown,13,4,Unknown,Unknown,0,0
AXEL,265635500,59.0521,18.0742,0,2025-11-05 14:17:41.900349903 +0000 UTC,Unknown,DarkTurquoise,Unknown,Unknown,Unknown,Unknown,Sweden 🇸🇪,0,Unknown,Unknown,-128,Under way using engine,Unknown,Unknown
KEN SPIRIT          ,355456000,47.5559,-122.5239,0,2025-11-05 14:17:41.903807502 +0000 UTC,Unknown,DarkTurquoise,Unknown,Unknown,Unknown,Unknown,Panama 🇵🇦,8,Unknown,Unknown,0,Under way using engine,Unknown,Unknown
KROONBORG,244830399,53.5669,1.6327,0,2025-11-05 14:17:41.905445579 +0000 UTC,Unknown,DarkTurquoise,Unknown,Unknown,Unknown,Unknown,Netherlands 🇳🇱,99.7,Unknown,Unknown,11,Under way using engine,Unknown,Unknown
ZOI,237082600,37.8749,23.7287,0,2025-11-05 14:17:41.907756174 +0000 UTC,Unknown,DarkTurquoise,Unknown,Unknown,Unknown,Unknown,Greece 🇬🇷,360,Unknown,Unknown,-128,At anchor,Unknown,Unknown
CAMINANTE,244129874,51.5594,3.6469,Unknown,2025-11-05 14:17:41.908324632 +0000 UTC,Unknown,DarkTurquoise,Unknown,Unknown,Unknown,Unknown,Netherlands 🇳🇱,Unknown,Unknown,Unknown,Unknown,Unknown,Unknown,Unknown
BEBE,257144400,59.8876,10.7478,Unknown,2025-11-05 14:17:41.909863696 +0000 UTC,Tug Boat,Silver,OSLO,Unknown,Unknown,Unknown,Norway 🇳🇴,Unknown,27,8,Unknown,Unknown,6423890,0
MOEWE               ,211601140,52.4913,13.4831,0,2025-11-05 14:17:41.914253018 +0000 UTC,Unknown,DarkTurquoise,Unknown,Unknown,Unknown,Unknown,Germany 🇩🇪,360,Unknown,Unknown,-128,Moored,Unknown,Unknown
THE-AN II,244750380,51.0504,5.8017,0.9,2025-11-05 14:17:41.919686863 +0000 UTC,Unknown,DarkTurquoise,Unknown,Unknown,Unknown,Unknown,Netherlands 🇳🇱,159.5,Unknown,Unknown,-128,Under way using engine,Unknown,Unknown
FRANCESC I LLUIS,224014120,41.3724,2.1836,5.8,2025-11-05 14:17:41.921251604 +0000 UTC,Fishing,Gold,Unknown,Unknown,Unknown,Unknown,Spain 🇪🇸,355.3,Unknown,Unknown,-128,Engaged in fishing,Unknown,Unknown
OCEAN GUARDIAN      ,255744000,51.1541,-8.4225,4.6,2025-11-05 14:17:41.926028282 +0000 UTC,Unknown,DarkTurquoise,Unknown,Unknown,Unknown,Unknown,Madeira (Portugal) 🇵🇹,234.2,Unknown,Unknown,-127,Under way using engine,Unknown,Unknown
DIANTHO,244660178,51.8227,5.4061,7.8,2025-11-05 14:17:41.92739939 +0000 UTC,Unknown,DarkTurquoise,Unknown,Unknown,Unknown,Unknown,Netherlands 🇳🇱,254,Unknown,Unknown,-128,Under way using engine,Unknown,Unknown
NORTHERN SKAGERRAK  ,265797830,57.6444,11.8581,0,2025-11-05 14:17:41.928384135 +0000 UTC,Unknown,DarkTurquoise,Unknown,Unknown,Unknown,Unknown,Sweden 🇸🇪,65,Unknown,Unknown,0,Under way using engine,Unknown,Unknown
MAKS,261182494,52.3412,13.8211,4.5,2025-11-05 14:17:41.929790224 +0000 UTC,Unknown,DarkTurquoise,Unknown,Unknown,Unknown,Unknown,Poland 🇵🇱,83.5,Unknown,Unknown,-128,Under way using engine,Unknown,Unknown
LANCE               ,312531000,-33.9168,18.4391,0,2025-11-05 14:17:41.932143785 +0000 UTC,Unknown,DarkTurquoise,Unknown,Unknown,Unknown,Unknown,Belize 🇧🇿,301,Unknown,Unknown,0,Under way using engine,Unknown,Unknown
MYSTIC EAGLE,338230035,49.294,-123.1319,Unknown,2025-11-05 14:17:41.933455683 +0000 UTC,Unknown,DarkTurquoise,Unknown,Unknown,Unknown,Unknown,United States 🇺🇸,Unknown,Unknown,Unknown,Unknown,Unknown,Unknown,Unknown
HAKKASAN            ,538006183,-20.1314,57.4781,0,2025-11-05 14:17:41.934422292 +0000 UTC,Unknown,DarkTurquoise,Unknown,Unknown,Unknown,Unknown,Marshall Islands 🇲🇭,281.1,Unknown,Unknown,0,Under way using engine,Unknown,Unknown
Unknown Vessel,368413940,48.5192,-122.6221,Unknown,2025-11-05 14:17:41.935439521 +0000 UTC,Unknown,DarkTurquoise,Unknown,Unknown,Unknown,Unknown,United States 🇺🇸,Unknown,12,5,Unknown,Unknown,Unknown,Unknown
HORNBLOWER DISCOVERY,368093850,37.807,-122.4043,0,2025-11-05 14:17:41.936440202 +0000 UTC,Unknown,DarkTurquoise,Unknown,Unknown,Unknown,Unknown,United States 🇺🇸,360,Unknown,Unknown,-128,Under way using engine,Unknown,Unknown
DELTA LINDA         ,367328780,37.7936,-122.2882,0.5,2025-11-05 14:17:41.93709908 +0000 UTC,Unknown,DarkTurquoise,Unknown,Unknown,Unknown,Unknown,United States 🇺🇸,123.8,Unknown,Unknown,33,Under way using engine,Unknown,Unknown
TRAVERSITY          ,368081160,40.7043,-73.976,0,2025-11-05 14:17:41.937729691 +0000 UTC,Unknown,DarkTurquoise,Unknown,Unknown,Unknown,Unknown,United States 🇺🇸,176.2,Unknown,Unknown,0,Under way using engine,Unknown,Unknown
RUNNER              ,305001300,53.861,7.8958,Unknown,2025-11-05 14:17:41.940474911 +0000 UTC,Cargo,ForestGreen,DENHA               ,DENHA,Nordenham,Germany,Antigua and Barbuda 🇦🇬,Unknown,82,12,Unknown,Unknown,9137193,4.7
GRANDE AUCKLAND     ,247416600,51.3939,2.993,13.5,2025-11-05 14:17:41.943537056 +0000 UTC,Unknown,DarkTurquoise,Unknown,Unknown,Unknown,Unknown,Italy 🇮🇹,246.8,Unknown,Unknown,6,Under way using engine,Unknown,Unknown
HENDRIKA MARGARETHA ,244246000,52.678,4.5032,11.9,2025-11-05 14:17:43.177628873 +0000 UTC,Unknown,DarkTurquoise,Unknown,Unknown,Unknown,Unknown,Netherlands 🇳🇱,5.1,Unknown,Unknown,-127,Under way using engine,Unknown,Unknown
HISTRIA AGATA,256359000,38.2339,15.3243,0.1,2025-11-05 14:17:41.950241236 +0000 UTC,Unknown,DarkTurquoise,Unknown,Unknown,Unknown,Unknown,Malta 🇲🇹,91,Unknown,Unknown,2,At anchor,Unknown,Unknown
ANTHEA LUNA         ,232058323,51.5539,2.9154,0.6,2025-11-05 14:17:41.952938889 +0000 UTC,Unknown,DarkTurquoise,Unknown,Unknown,Unknown,Unknown,United Kingdom 🇬🇧,126.5,Unknown,Unknown,0,Under way using engine,Unknown,Unknown
CGAS TIGER,249224000,51.4183,1.4667,0,2025-11-05 14:17:41.954130956 +0000 UTC,Unknown,DarkTurquoise,Unknown,Unknown,Unknown,Unknown,Malta 🇲🇹,243,Unknown,Unknown,-5,Under way using engine,Unknown,Unknown
CHEMICAL HUNTER     ,256340000,51.4792,1.3177,13.9,2025-11-05 14:17:41.95525435 +0000 UTC,Unknown,DarkTurquoise,Unknown,Unknown,Unknown,Unknown,Malta 🇲🇹,104.2,Unknown,Unknown,0,Under way using engine,Unknown,Unknown
ESTUARY ELISE       ,232053737,51.33,1.4206,Unknown,2025-11-05 14:17:41.958242005 +0000 UTC,Unknown,DarkTurquoise,PILOTAGE            ,MQWF3,Case-Pilote,Martinique,United Kingdom 🇬🇧,Unknown,17,4,Unknown,Unknown,0,2
COTE DES FLANDRES   ,228085000,51.0902,1.5478,18,2025-11-05 14:17:45.76412804 +0000 UTC,Unknown,DarkTurquoise,Unknown,Unknown,Unknown,Unknown,France 🇫🇷,302.1,Unknown,Unknown,-127,Under way using engine,Unknown,Unknown
Unknown Vessel,244049195,51.774,5.3457,Unknown,2025-11-05 14:17:41.96129912 +0000 UTC,Unknown,DarkTurquoise,Unknown,Unknown,Unknown,Unknown,Netherlands 🇳🇱,Unknown,12,4,Unknown,Unknown,Unknown,Unknown
MARAN GAS NICE      ,241890000,50.1047,-1.4497,13.7,2025-11-05 14:17:41.962413642 +0000 UTC,Unknown,DarkTurquoise,Unknown,Unknown,Unknown,Unknown,Greece 🇬🇷,75.4,Unknown,Unknown,-6,Under way using engine,Unknown,Unknown
WATERBOOT  10,244670997,51.892,4.2862,0,2025-11-05 14:17:41.963716825 +0000 UTC,Unknown,DarkTurquoise,Unknown,Unknown,Unknown,Unknown,Netherlands 🇳🇱,360,Unknown,Unknown,-128,Moored,Unknown,Unknown
BETTER PLACE        ,319189000,41.3765,2.1866,0,2025-11-05 14:17:46.851874679 +0000 UTC,Unknown,DarkTurquoise,Unknown,Unknown,Unknown,Unknown,Cayman Islands (British Overseas Territory) 🇰🇾,333.2,Unknown,Unknown,0,Under way using engine,Unknown,Unknown
YAQUINA             ,366971000,46.2568,-123.6095,4.4,2025-11-05 14:17:41.96762682 +0000 UTC,Unknown,DarkTurquoise,Unknown,Unknown,Unknown,Unknown,United States 🇺🇸,280.2,Unknown,Unknown,0,Restricted manoeuvrability,Unknown,Unknown
REGIUS              ,538006871,53.3381,8.4932,Unknown,2025-11-05 14:17:41.970826636 +0000 UTC,Cargo,ForestGreen,DEBKE               ,DEBKE,Brake,Germany,Marshall Islands 🇲🇭,Unknown,179,28,Unknown,Unknown,9737113,6.6
RISEN SON           ,368413540,29.7813,-92.1855,Unknown,2025-11-05 14:17:41.973255221 +0000 UTC,Passenger Ship,Crimson,FOURCHON            ,USFOC,Port Fourchon,United States,United States 🇺🇸,Unknown,38,9,Unknown,Unknown,0,0
HEMMA,244043546,52.6376,5.0656,Unknown,2025-11-05 14:17:41.974294103 +0000 UTC,Unknown,DarkTurquoise,Unknown,Unknown,Unknown,Unknown,Netherlands 🇳🇱,Unknown,Unknown,Unknown,Unknown,Unknown,Unknown,Unknown
MARGARET MCALLISTER ,366909510,32.8544,-79.953,0,2025-11-05 14:17:41.981064502 +0000 UTC,Unknown,DarkTurquoise,Unknown,Unknown,Unknown,Unknown,United States 🇺🇸,321.1,Unknown,Unknown,-128,Under way using engine,Unknown,Unknown
HAYATE              ,431012808,35.4487,139.659,0,2025-11-05 14:17:41.982089298 +0000 UTC,Unknown,DarkTurquoise,Unknown,Unknown,Unknown,Unknown,Japan 🇯🇵,134.5,Unknown,Unknown,0,Under way using engine,Unknown,Unknown
QUEEN OF CAPILANO,316001247,49.3794,-123.3308,0,2025-11-05 14:17:45.951514273 +0000 UTC,Unknown,DarkTurquoise,Unknown,Unknown,Unknown,Unknown,Canada 🇨🇦,138.1,Unknown,Unknown,127,Under way using engine,Unknown,Unknown
WATERMAN,244710818,52.3969,4.8595,0,2025-11-05 14:17:46.100342991 +0000 UTC,Unknown,DarkTurquoise,Unknown,Unknown,Unknown,Unknown,Netherlands 🇳🇱,172.5,Unknown,Unknown,-128,Under way using engine,Unknown,Unknown
VICTORIA OF WIGHT,232015630,50.7929,-1.1077,0,2025-11-05 14:17:41.989160152 +0000 UTC,Unknown,DarkTurquoise,Unknown,Unknown,Unknown,Unknown,United Kingdom 🇬🇧,283.7,Unknown,Unknown,0,Under way using engine,Unknown,Unknown
EDUARD ,211518240,52.4248,13.583,0,2025-11-05 14:17:41.99468716 +0000 UTC,Unknown,DarkTurquoise,Unknown,Unknown,Unknown,Unknown,Germany 🇩🇪,360,Unknown,Unknown,-128,Moored,Unknown,Unknown
ARDMORE CHIPPEWA    ,538005868,52.7543,-5.8469,11.6,2025-11-05 14:17:41.995887503 +0000 UTC,Unknown,DarkTurquoise,Unknown,Unknown,Unknown,Unknown,Marshall Islands 🇲🇭,358.3,Unknown,Unknown,0,Under way using engine,Unknown,Unknown
SOUTHERN BELLE,368115890,30.1068,-93.2901,0,2025-11-05 14:17:41.999333826 +0000 UTC,Unknown,DarkTurquoise,Unknown,Unknown,Unknown,Unknown,United States 🇺🇸,360,Unknown,Unknown,-128,Under way using engine,Unknown,Unknown
ZHONG SHAN 20       ,413496790,22.3089,114.1543,0.1,2025-11-05 14:17:42.000935543 +0000 UTC,Unknown,DarkTurquoise,Unknown,Unknown,Unknown,Unknown,China 🇨🇳,169.2,Unknown,Unknown,0,Moored,Unknown,Unknown
55MSP,222233334,30.3081,-87.3946,21.5,2025-11-05 14:17:42.003526461 +0000 UTC,Unknown,DarkTurquoise,Unknown,Unknown,Unknown,Unknown,Unknown,39.5,Unknown,Unknown,-43,Under way using engine,Unknown,Unknown
ESCAPADE  ,368202610,47.5421,-122.6429,0,2025-11-05 14:17:42.005817949 +0000 UTC,Unknown,DarkTurquoise,Unknown,Unknown,Unknown,Unknown,United States 🇺🇸,360,Unknown,Unknown,0,Under way using engine,Unknown,Unknown
COURAGEOUS,368047190,48.503,-122.6047,Unknown,2025-11-05 14:17:42.010754241 +0000 UTC,Unknown,DarkTurquoise,Unknown,Unknown,Unknown,Unknown,United States 🇺🇸,Unknown,Unknown,Unknown,Unknown,Unknown,Unknown,Unknown
UNIGAS 1,269057001,51.6951,4.5087,8.8,2025-11-05 14:17:42.324440868 +0000 UTC,Tanker,Navy,ANTWERPEN KANAALDOK,BEANR,Antwerpen,Belgium,Switzerland 🇨🇭,264.6,135,12,0,Under way using engine,0,1.4
FAIRPLAY-53         ,211290740,53.5533,8.561,0,2025-11-05 14:17:42.01668792 +0000 UTC,Unknown,DarkTurquoise,Unknown,Unknown,Unknown,Unknown,Germany 🇩🇪,0,Unknown,Unknown,0,Moored,Unknown,Unknown
CANOPEE             ,228438700,52.0047,3.9095,17.5,2025-11-05 14:17:42.018052674 +0000 UTC,Unknown,DarkTurquoise,Unknown,Unknown,Unknown,Unknown,France 🇫🇷,90.3,Unknown,Unknown,0,Under way using engine,Unknown,Unknown
FJORDKATT           ,258242000,60.4725,5.2554,28,2025-11-05 14:17:42.020453698 +0000 UTC,Unknown,DarkTurquoise,Unknown,Unknown,Unknown,Unknown,Norway 🇳🇴,166.4,Unknown,Unknown,127,Under way using engine,Unknown,Unknown
CARLIJN,244700469,51.3087,4.3221,6.7,2025-11-05 14:17:44.436238689 +0000 UTC,Cargo,ForestGreen,MARK KM 10,Unknown,Unknown,Unknown,Netherlands 🇳🇱,329.9,86,11,-128,Under way using engine,0,2.6
PILOT NEW YORK      ,368138010,40.4839,-73.8494,0.8,2025-11-05 14:17:42.026369033 +0000 UTC,Unknown,DarkTurquoise,Unknown,Unknown,Unknown,Unknown,United States 🇺🇸,58.4,Unknown,Unknown,-13,Under way using engine,Unknown,Unknown
CMA CGM KINABALU    ,249623000,1.2586,103.7793,0,2025-11-05 14:17:42.028469103 +0000 UTC,Unknown,DarkTurquoise,Unknown,Unknown,Unknown,Unknown,Malta 🇲🇹,359,Unknown,Unknown,0,Moored,Unknown,Unknown
Unknown Vessel,244050191,51.9022,4.5577,Unknown,2025-11-05 14:17:42.02974431 +0000 UTC,Unknown,DarkTurquoise,Unknown,Unknown,Unknown,Unknown,Netherlands 🇳🇱,Unknown,9,4,Unknown,Unknown,Unknown,Unknown
GFS GISELLE,566456000,25.2501,55.2677,0,2025-11-05 14:17:42.033653874 +0000 UTC,Unknown,DarkTurquoise,Unknown,Unknown,Unknown,Unknown,Singapore 🇸🇬,276.8,Unknown,Unknown,0,Moored,Unknown,Unknown
FIONA,367538280,47.6482,-122.3304,Unknown,2025-11-05 14:17:42.03648096 +0000 UTC,Unknown,DarkTurquoise,Unknown,Unknown,Unknown,Unknown,United States 🇺🇸,Unknown,Unknown,Unknown,Unknown,Unknown,Unknown,Unknown
TOERIST 6  ,244690570,53.0332,5.6665,0,2025-11-05 14:17:42.03982004 +0000 UTC,Unknown,DarkTurquoise,Unknown,Unknown,Unknown,Unknown,Netherlands 🇳🇱,0,Unknown,Unknown,-128,Under way using engine,Unknown,Unknown
DELTA 1,244730905,51.7977,4.6383,0.1,2025-11-05 14:17:42.040865865 +0000 UTC,Unknown,DarkTurquoise,Unknown,Unknown,Unknown,Unknown,Netherlands 🇳🇱,360,Unknown,Unknown,-128,Moored,Unknown,Unknown
RESCUE NORD         ,265581960,65.5627,22.1337,0,2025-11-05 14:17:44.860584929 +0000 UTC,Search and Rescue vessel,WhiteSmoke,SWEDISH SAR VESSEL  ,BEDSE,Dessel,Belgium,Sweden 🇸🇪,173.3,11,3,0,Under way using engine,0,1
HANSEAT,211772040,53.0757,8.8024,0,2025-11-05 14:17:42.043231537 +0000 UTC,Unknown,DarkTurquoise,Unknown,Unknown,Unknown,Unknown,Germany 🇩🇪,360,Unknown,Unknown,-128,Under way using engine,Unknown,Unknown
PANTHER   ,211511160,53.0498,8.877,0,2025-11-05 14:17:42.04546867 +0000 UTC,Unknown,DarkTurquoise,Unknown,Unknown,Unknown,Unknown,Germany 🇩🇪,0,Unknown,Unknown,-128,Under way using engine,Unknown,Unknown
MONTE CAPANNE,2470052,42.7713,10.1671,Unknown,2025-11-05 14:17:42.051946995 +0000 UTC,Unknown,DarkTurquoise,Unknown,Unknown,Unknown,Unknown,Italy 🇮🇹,Unknown,Unknown,Unknown,Unknown,Unknown,Unknown,Unknown
TANNER              ,232038663,51.493,-0.1224,0.1,2025-11-05 14:17:42.053247672 +0000 UTC,Unknown,DarkTurquoise,Unknown,Unknown,Unknown,Unknown,United Kingdom 🇬🇧,164.9,Unknown,Unknown,24,Undefined,Unknown,Unknown
STANLEY T           ,368233270,29.9043,-89.9879,0,2025-11-05 14:17:42.057254825 +0000 UTC,Unknown,DarkTurquoise,Unknown,Unknown,Unknown,Unknown,United States 🇺🇸,52.9,Unknown,Unknown,0,,Unknown,Unknown
JOCHIE,244870230,52.3691,4.8935,2.5,2025-11-05 14:17:42.058362641 +0000 UTC,Unknown,DarkTurquoise,Unknown,Unknown,Unknown,Unknown,Netherlands 🇳🇱,104.8,Unknown,Unknown,-128,Undefined,Unknown,Unknown
RESCUE VIALLA       ,265001070,59.7522,19.0819,0.1,2025-11-05 14:17:42.060249645 +0000 UTC,Unknown,DarkTurquoise,Unknown,Unknown,Unknown,Unknown,Sweden 🇸🇪,276.9,Unknown,Unknown,0,Under way using engine,Unknown,Unknown
TONI B              ,367500650,45.9489,-122.811,10.4,2025-11-05 14:17:42.061219163 +0000 UTC,Unknown,DarkTurquoise,Unknown,Unknown,Unknown,Unknown,United States 🇺🇸,345.2,Unknown,Unknown,127,Under way using engine,Unknown,Unknown
ANNETTE ESSBERGER   ,255806303,54.3976,10.1999,10.1,2025-11-05 14:17:42.062737547 +0000 UTC,Unknown,DarkTurquoise,Unknown,Unknown,Unknown,Unknown,Madeira (Portugal) 🇵🇹,195,Unknown,Unknown,0,Under way using engine,Unknown,Unknown
P&O LIBERTE,210384000,51.0358,1.5196,17.2,2025-11-05 14:17:42.063472353 +0000 UTC,Unknown,DarkTurquoise,Unknown,Unknown,Unknown,Unknown,Cyprus 🇨🇾,133.5,Unknown,Unknown,0,Under way using engine,Unknown,Unknown
TIPM NO.13403,416003453,22.5975,120.2849,0,2025-11-05 14:17:42.065053624 +0000 UTC,Unknown,DarkTurquoise,Unknown,Unknown,Unknown,Unknown,Taiwan 🇹🇼,35.4,Unknown,Unknown,-128,Undefined,Unknown,Unknown
SKY LAND,730000226,10.4108,-75.5417,Unknown,2025-11-05 14:17:42.06680732 +0000 UTC,Unknown,DarkTurquoise,Unknown,Unknown,Unknown,Unknown,Colombia 🇨🇴,Unknown,Unknown,Unknown,Unknown,Unknown,Unknown,Unknown
BLUEONE             ,240725700,37.9119,23.7043,0,2025-11-05 14:17:42.068045359 +0000 UTC,Unknown,DarkTurquoise,Unknown,Unknown,Unknown,Unknown,Greece 🇬🇷,360,Unknown,Unknown,-128,Under way sailing,Unknown,Unknown
HOGMARSO FARJA,265676640,59.658,18.857,6.3,2025-11-05 14:17:42.070364034 +0000 UTC,Unknown,DarkTurquoise,Unknown,Unknown,Unknown,Unknown,Sweden 🇸🇪,23.6,Unknown,Unknown,-128,Under way using engine,Unknown,Unknown
FAIRPLAY-45         ,261005046,53.4513,14.5874,0,2025-11-05 14:17:43.757363444 +0000 UTC,Towing,DarkGreen,PLSZZ               ,Unknown,Unknown,Unknown,Poland 🇵🇱,295.8,22,7,0,Under way using engine,9110860,2.9
DE HESTER,244710787,52.5605,5.9161,0,2025-11-05 14:17:42.888366 +0000 UTC,Passenger Ship,Crimson,IJSSELMEER / WADDEN ,DEASS,Assel,Germany,Netherlands 🇳🇱,360,38,7,-128,Under way sailing,0,1.5
SVITZER TEMPEST     ,244013126,52.4174,4.8073,0,2025-11-05 14:17:45.348093099 +0000 UTC,Tug Boat,Silver,AMS                 ,Unknown,Unknown,Unknown,Netherlands 🇳🇱,227.4,28,10,0,Under way using engine,9793076,4.8
WRANGLER,367170860,46.1684,-123.914,0,2025-11-05 14:17:42.076518349 +0000 UTC,Fishing,Gold,Unknown,Unknown,Unknown,Unknown,United States 🇺🇸,360,Unknown,Unknown,-128,Engaged in fishing,Unknown,Unknown
ADRIANA     ,244660179,51.71,4.8149,0,2025-11-05 14:17:42.077763034 +0000 UTC,Unknown,DarkTurquoise,Unknown,Unknown,Unknown,Unknown,Netherlands 🇳🇱,0,Unknown,Unknown,-128,Undefined,Unknown,Unknown
BOADICEA,244150089,52.0988,5.0766,7.2,2025-11-05 14:17:42.08128173 +0000 UTC,Unknown,DarkTurquoise,Unknown,Unknown,Unknown,Unknown,Netherlands 🇳🇱,173.4,Unknown,Unknown,-128,Under way using engine,Unknown,Unknown
Unknown Vessel,257271900,59.8622,10.5074,Unknown,2025-11-05 14:17:42.082584814 +0000 UTC,Unknown,DarkTurquoise,Unknown,Unknown,Unknown,Unknown,Norway 🇳🇴,Unknown,24,5,Unknown,Unknown,Unknown,Unknown
TRUDY,244047449,51.318,3.8275,8.5,2025-11-05 14:17:42.08353544 +0000 UTC,Unknown,DarkTurquoise,Unknown,Unknown,Unknown,Unknown,Netherlands 🇳🇱,348.7,Unknown,Unknown,0,Under way using engine,Unknown,Unknown
TAK 5,277149000,55.7006,21.1267,0,2025-11-05 14:17:42.084870828 +0000 UTC,Unknown,DarkTurquoise,Unknown,Unknown,Unknown,Unknown,Lithuania 🇱🇹,360,Unknown,Unknown,-128,Moored,Unknown,Unknown
COPENHAGEN,219423000,54.5328,11.9383,12.6,2025-11-05 14:17:46.071538598 +0000 UTC,Unknown,DarkTurquoise,Unknown,Unknown,Unknown,Unknown,Denmark 🇩🇰,350.1,Unknown,Unknown,7,Under way using engine,Unknown,Unknown
TIOGA               ,366938840,41.5441,-70.6978,1.9,2025-11-05 14:17:42.087125201 +0000 UTC,Unknown,DarkTurquoise,Unknown,Unknown,Unknown,Unknown,United States 🇺🇸,254.2,Unknown,Unknown,0,Under way using engine,Unknown,Unknown
ELSJE,244070660,53.2177,6.5971,0.3,2025-11-05 14:17:42.088140087 +0000 UTC,Unknown,DarkTurquoise,Unknown,Unknown,Unknown,Unknown,Netherlands 🇳🇱,48.7,Unknown,Unknown,-128,Under way using engine,Unknown,Unknown
VEERHAVEN X,244620947,51.8667,5.825,11.1,2025-11-05 14:17:42.089587338 +0000 UTC,Unknown,DarkTurquoise,Unknown,Unknown,Unknown,Unknown,Netherlands 🇳🇱,309.2,Unknown,Unknown,-128,Under way using engine,Unknown,Unknown
VB XEREA            ,224208000,39.4421,-0.3174,0,2025-11-05 14:17:42.091183817 +0000 UTC,Unknown,DarkTurquoise,Unknown,Unknown,Unknown,Unknown,Spain 🇪🇸,349,Unknown,Unknown,0,Under way using engine,Unknown,Unknown
Z-8 AQUARIUS        ,205264000,51.3961,3.566,0,2025-11-05 14:17:42.092776806 +0000 UTC,Fishing,Gold,Unknown,Unknown,Unknown,Unknown,Belgium 🇧🇪,328.5,Unknown,Unknown,-128,Engaged in fishing,Unknown,Unknown
WISCHHAFEN          ,211444890,53.7879,9.3456,0,2025-11-05 14:17:42.094370844 +0000 UTC,Unknown,DarkTurquoise,Unknown,Unknown,Unknown,Unknown,Germany 🇩🇪,321.8,Unknown,Unknown,0,Undefined,Unknown,Unknown
LYRA PILOTS         ,244780376,51.4402,3.5748,0.1,2025-11-05 14:17:42.095605024 +0000 UTC,Unknown,DarkTurquoise,Unknown,Unknown,Unknown,Unknown,Netherlands 🇳🇱,33,Unknown,Unknown,0,Under way using engine,Unknown,Unknown
Unknown Vessel,338340003,33.9721,-118.4518,Unknown,2025-11-05 14:17:42.096611956 +0000 UTC,Unknown,DarkTurquoise,Unknown,Unknown,Unknown,Unknown,United States 🇺🇸,Unknown,16,5,Unknown,Unknown,Unknown,Unknown
HERKULES VIII,253242471,51.4545,6.7712,0,2025-11-05 14:17:46.230437037 +0000 UTC,Unknown,DarkTurquoise,Unknown,Unknown,Unknown,Unknown,Luxembourg 🇱🇺,46.3,Unknown,Unknown,0,Under way using engine,Unknown,Unknown
STUBNITZ,211223210,54.0953,12.118,5,2025-11-05 14:17:42.105599068 +0000 UTC,Unknown,DarkTurquoise,Unknown,Unknown,Unknown,Unknown,Germany 🇩🇪,120.3,Unknown,Unknown,-127,Under way using engine,Unknown,Unknown
VB BREMEN,211690000,53.607,8.1529,4.9,2025-11-05 14:17:42.107445042 +0000 UTC,Unknown,DarkTurquoise,Unknown,Unknown,Unknown,Unknown,Germany 🇩🇪,189.5,Unknown,Unknown,0,Under way using engine,Unknown,Unknown
STELLA MARIS,244026987,51.7613,3.8591,Unknown,2025-11-05 14:17:42.109840144 +0000 UTC,Unknown,DarkTurquoise,Unknown,Unknown,Unknown,Unknown,Netherlands 🇳🇱,Unknown,Unknown,Unknown,Unknown,Unknown,Unknown,Unknown
SAMY                ,227830350,28.8323,-13.7518,Unknown,2025-11-05 14:17:42.110941301 +0000 UTC,Unknown,DarkTurquoise,Unknown,Unknown,Unknown,Unknown,France 🇫🇷,Unknown,Unknown,Unknown,Unknown,Unknown,Unknown,Unknown
LIBERATOR,235076072,51.54,0.6494,0,2025-11-05 14:17:42.114285076 +0000 UTC,Unknown,DarkTurquoise,Unknown,Unknown,Unknown,Unknown,United Kingdom 🇬🇧,0,Unknown,Unknown,-128,Under way using engine,Unknown,Unknown
CURACAO,244710173,52.4189,4.8096,0,2025-11-05 14:17:42.117532971 +0000 UTC,Unknown,DarkTurquoise,Unknown,Unknown,Unknown,Unknown,Netherlands 🇳🇱,360,Unknown,Unknown,-128,Moored,Unknown,Unknown
RV CALLISTA         ,235028893,50.8914,-1.394,0.1,2025-11-05 14:17:42.118746379 +0000 UTC,Unknown,DarkTurquoise,Unknown,Unknown,Unknown,Unknown,United Kingdom 🇬🇧,195.8,Unknown,Unknown,0,Undefined,Unknown,Unknown
MILLENIUM MAVERICK  ,366998840,37.8219,-122.3114,0,2025-11-05 14:17:42.121119363 +0000 UTC,Unknown,DarkTurquoise,Unknown,Unknown,Unknown,Unknown,United States 🇺🇸,349.7,Unknown,Unknown,0,Under way using engine,Unknown,Unknown
MAERSK NANSHA       ,563288400,51.3256,4.3353,0,2025-11-05 14:17:42.122778251 +0000 UTC,Unknown,DarkTurquoise,Unknown,Unknown,Unknown,Unknown,Singapore 🇸🇬,177.5,Unknown,Unknown,0,Moored,Unknown,Unknown
KANHOLMEN,265582580,59.3178,18.1329,9.7,2025-11-05 14:17:42.123921364 +0000 UTC,Unknown,DarkTurquoise,Unknown,Unknown,Unknown,Unknown,Sweden 🇸🇪,84.8,Unknown,Unknown,127,Under way using engine,Unknown,Unknown
PEAK BORDEAUX       ,246474000,52.9501,-5.7737,11.4,2025-11-05 14:17:42.125151973 +0000 UTC,Unknown,DarkTurquoise,Unknown,Unknown,Unknown,Unknown,Netherlands 🇳🇱,183,Unknown,Unknown,0,Under way using engine,Unknown,Unknown
HECTOR HIGHWAY      ,311001547,52.6284,3.9036,19.7,2025-11-05 14:17:42.1269861 +0000 UTC,Unknown,DarkTurquoise,Unknown,Unknown,Unknown,Unknown,Bahamas 🇧🇸,47.7,Unknown,Unknown,0,Under way using engine,Unknown,Unknown
CG47273,369493067,43.0717,-70.711,0,2025-11-05 14:17:42.127922051 +0000 UTC,Unknown,DarkTurquoise,Unknown,Unknown,Unknown,Unknown,United States 🇺🇸,191,Unknown,Unknown,-8,Under way using engine,Unknown,Unknown
BRUECKENKIEKER,211307810,53.5254,10.0022,0,2025-11-05 14:17:46.671729061 +0000 UTC,Unknown,DarkTurquoise,Unknown,Unknown,Unknown,Unknown,Germany 🇩🇪,0,Unknown,Unknown,0,Under way using engine,Unknown,Unknown
URANIBORG           ,265698740,55.8747,12.7876,9.6,2025-11-05 14:17:42.132963338 +0000 UTC,Unknown,DarkTurquoise,Unknown,Unknown,Unknown,Unknown,Sweden 🇸🇪,151,Unknown,Unknown,0,Under way using engine,Unknown,Unknown
ANNEGINA            ,235005770,51.2278,1.877,4.5,2025-11-05 14:17:42.136608438 +0000 UTC,Unknown,DarkTurquoise,Unknown,Unknown,Unknown,Unknown,United Kingdom 🇬🇧,38.2,Unknown,Unknown,0,Under way using engine,Unknown,Unknown
DA GUI              ,413492450,51.3974,2.1022,15.1,2025-11-05 14:17:42.137971095 +0000 UTC,Unknown,DarkTurquoise,Unknown,Unknown,Unknown,Unknown,China 🇨🇳,27.5,Unknown,Unknown,0,Under way using engine,Unknown,Unknown
SOTEN,265025230,58.3534,11.2234,0,2025-11-05 14:17:42.14055899 +0000 UTC,Unknown,DarkTurquoise,Unknown,Unknown,Unknown,Unknown,Sweden 🇸🇪,360,Unknown,Unknown,-128,Under way using engine,Unknown,Unknown
KG-8 ENSIS,246840000,51.5786,3.3661,1.8,2025-11-05 14:17:42.143219088 +0000 UTC,Unknown,DarkTurquoise,Unknown,Unknown,Unknown,Unknown,Netherlands 🇳🇱,159.3,Unknown,Unknown,0,Under way using engine,Unknown,Unknown
DE JONGE WILLEM,244710906,53.3375,6.2961,0,2025-11-05 14:17:42.144252774 +0000 UTC,Unknown,DarkTurquoise,Unknown,Unknown,Unknown,Unknown,Netherlands 🇳🇱,360,Unknown,Unknown,-128,Under way using engine,Unknown,Unknown
SCOTT SPIRIT        ,311027400,50.3029,-0.1737,13.3,2025-11-05 14:17:42.145782438 +0000 UTC,Unknown,DarkTurquoise,Unknown,Unknown,Unknown,Unknown,Bahamas 🇧🇸,93.7,Unknown,Unknown,0,Under way using engine,Unknown,Unknown
ZHI YING HE SHUN    ,352999881,1.2636,103.8771,0,2025-11-05 14:17:42.148128582 +0000 UTC,Unknown,DarkTurquoise,Unknown,Unknown,Unknown,Unknown,Panama 🇵🇦,14.2,Unknown,Unknown,0,At anchor,Unknown,Unknown
STREBER,211661500,48.3178,14.3183,0,2025-11-05 14:17:42.150081961 +0000 UTC,Unknown,DarkTurquoise,Unknown,Unknown,Unknown,Unknown,Germany 🇩🇪,360,Unknown,Unknown,0,Under way using engine,Unknown,Unknown
DONAU               ,203999443,48.309,14.2574,10.8,2025-11-05 14:17:42.15193759 +0000 UTC,Unknown,DarkTurquoise,Unknown,Unknown,Unknown,Unknown,Austria 🇦🇹,112.6,Unknown,Unknown,-128,Under way using engine,Unknown,Unknown
YAVUZ,271046765,42.8693,31.2394,0,2025-11-05 14:17:42.153493187 +0000 UTC,Unknown,DarkTurquoise,Unknown,Unknown,Unknown,Unknown,Turkey 🇹🇷,117.5,Unknown,Unknown,0,Restricted manoeuvrability,Unknown,Unknown
MISS ANNE           ,367554180,36.8591,-76.3375,8.8,2025-11-05 14:17:42.154492735 +0000 UTC,Unknown,DarkTurquoise,Unknown,Unknown,Unknown,Unknown,United States 🇺🇸,257.7,Unknown,Unknown,0,Under way using engine,Unknown,Unknown
ASTERIA             ,367367470,42.3558,-71.0477,3.9,2025-11-05 14:17:42.155930931 +0000 UTC,Unknown,DarkTurquoise,Unknown,Unknown,Unknown,Unknown,United States 🇺🇸,256.6,Unknown,Unknown,127,Under way using engine,Unknown,Unknown
GLITTSKAR           ,265781000,57.3566,11.6389,2.6,2025-11-05 14:17:42.156927163 +0000 UTC,Unknown,DarkTurquoise,Unknown,Unknown,Unknown,Unknown,Sweden 🇸🇪,74.4,Unknown,Unknown,0,Under way using engine,Unknown,Unknown
SVEINN JONSSON,601276000,-33.9072,18.4192,0,2025-11-05 14:17:46.481475741 +0000 UTC,Fishing,Gold,CAPE  TOWN,Unknown,Unknown,Unknown,South Africa 🇿🇦,82.1,42,8,0,Engaged in fishing,0,0
ASTRID ERIKA,257857000,50.0994,-3.6072,8.8,2025-11-05 14:17:42.161661249 +0000 UTC,Unknown,DarkTurquoise,Unknown,Unknown,Unknown,Unknown,Norway 🇳🇴,257.7,Unknown,Unknown,127,Under way using engine,Unknown,Unknown
LIZZY CONFIDENCE    ,255915971,53.5926,8.5174,15.3,2025-11-05 14:17:42.16353628 +0000 UTC,Unknown,DarkTurquoise,Unknown,Unknown,Unknown,Unknown,Madeira (Portugal) 🇵🇹,329.7,Unknown,Unknown,0,Under way using engine,Unknown,Unknown
IJVEER 50           ,244750685,52.3816,4.9083,0,2025-11-05 14:17:42.165176832 +0000 UTC,Unknown,DarkTurquoise,Unknown,Unknown,Unknown,Unknown,Netherlands 🇳🇱,7,Unknown,Unknown,-128,Under way using engine,Unknown,Unknown
DYNAMOGRACHT        ,244726000,-33.3243,115.6615,0,2025-11-05 14:17:42.167308111 +0000 UTC,Unknown,DarkTurquoise,Unknown,Unknown,Unknown,Unknown,Netherlands 🇳🇱,58.2,Unknown,Unknown,0,Moored,Unknown,Unknown
POLIS 139-9950      ,265565600,59.3184,18.1615,0,2025-11-05 14:17:42.168980331 +0000 UTC,Unknown,DarkTurquoise,Unknown,Unknown,Unknown,Unknown,Sweden 🇸🇪,248.2,Unknown,Unknown,0,Under way using engine,Unknown,Unknown
VB BISON            ,218020020,53.5431,9.9188,0,2025-11-05 14:17:47.063885518 +0000 UTC,Unknown,DarkTurquoise,Unknown,Unknown,Unknown,Unknown,Germany 🇩🇪,353,Unknown,Unknown,0,Under way using engine,Unknown,Unknown
ALTAN               ,271046710,42.9713,31.2319,3.2,2025-11-05 14:17:42.175873752 +0000 UTC,Unknown,DarkTurquoise,Unknown,Unknown,Unknown,Unknown,Turkey 🇹🇷,184.6,Unknown,Unknown,0,Under way using engine,Unknown,Unknown
NATURAL 9           ,368104350,25.7849,-80.1791,0,2025-11-05 14:17:42.178268847 +0000 UTC,Unknown,DarkTurquoise,Unknown,Unknown,Unknown,Unknown,United States 🇺🇸,336,Unknown,Unknown,0,Under way using engine,Unknown,Unknown
ANGEL CARMEN U,224128340,41.2149,1.7361,0,2025-11-05 14:17:42.179986404 +0000 UTC,Unknown,DarkTurquoise,Unknown,Unknown,Unknown,Unknown,Spain 🇪🇸,360,Unknown,Unknown,-128,Undefined,Unknown,Unknown
ARKLOW SPIRIT,250002887,55.6588,21.1541,0,2025-11-05 14:17:42.182271319 +0000 UTC,Unknown,DarkTurquoise,Unknown,Unknown,Unknown,Unknown,Ireland 🇮🇪,102,Unknown,Unknown,0,Moored,Unknown,Unknown
F/V TXIMISTARRI 2   ,227142200,48.0993,-4.3265,0,2025-11-05 14:17:42.183369674 +0000 UTC,Unknown,DarkTurquoise,Unknown,Unknown,Unknown,Unknown,France 🇫🇷,261.5,Unknown,Unknown,0,Under way using engine,Unknown,Unknown
KALLE,230044260,60.1458,24.9838,0,2025-11-05 14:17:42.23088184 +0000 UTC,Unknown,DarkTurquoise,Unknown,Unknown,Unknown,Unknown,Finland 🇫🇮,0,Unknown,Unknown,-128,Restricted manoeuvrability,Unknown,Unknown
MARIE               ,265522240,57.7016,11.6751,8.9,2025-11-05 14:17:42.234311512 +0000 UTC,Unknown,DarkTurquoise,Unknown,Unknown,Unknown,Unknown,Sweden 🇸🇪,246.4,Unknown,Unknown,-127,Under way using engine,Unknown,Unknown
PV WARNA            ,503185260,-34.7958,138.391,24.8,2025-11-05 14:17:42.23661748 +0000 UTC,Unknown,DarkTurquoise,Unknown,Unknown,Unknown,Unknown,Australia 🇦🇺,245.4,Unknown,Unknown,-128,Under way using engine,Unknown,Unknown
KAREN MORAN         ,367446390,36.9578,-76.3283,0.1,2025-11-05 14:17:42.237702554 +0000 UTC,Unknown,DarkTurquoise,Unknown,Unknown,Unknown,Unknown,United States 🇺🇸,268.9,Unknown,Unknown,0,Under way using engine,Unknown,Unknown
LUSCA ,265033420,59.7519,19.0808,0,2025-11-05 14:17:42.239659371 +0000 UTC,Unknown,DarkTurquoise,Unknown,Unknown,Unknown,Unknown,Sweden 🇸🇪,360,Unknown,Unknown,0,Under way using engine,Unknown,Unknown
SEVEN OCEANS,235053116,51.9054,4.38,0,2025-11-05 14:17:42.241088367 +0000 UTC,Unknown,DarkTurquoise,Unknown,Unknown,Unknown,Unknown,United Kingdom 🇬🇧,170,Unknown,Unknown,0,Moored,Unknown,Unknown
PILOT A,225991618,28.1471,-15.4116,5,2025-11-05 14:17:42.242293773 +0000 UTC,Unknown,DarkTurquoise,Unknown,Unknown,Unknown,Unknown,Spain 🇪🇸,153.8,Unknown,Unknown,-128,Under way using engine,Unknown,Unknown
FLORENCE SPIRIT     ,316001940,42.1281,-83.1245,10.1,2025-11-05 14:17:42.243486696 +0000 UTC,Unknown,DarkTurquoise,Unknown,Unknown,Unknown,Unknown,Canada 🇨🇦,185.9,Unknown,Unknown,-7,Under way using engine,Unknown,Unknown
ROTTERDAM 2,244180084,51.898,5.5187,0,2025-11-05 14:17:42.244640597 +0000 UTC,Unknown,DarkTurquoise,Unknown,Unknown,Unknown,Unknown,Netherlands 🇳🇱,360,Unknown,Unknown,-128,Under way using engine,Unknown,Unknown
FU MAO NO.268,416180800,-33.9174,18.436,Unknown,2025-11-05 14:17:42.246841988 +0000 UTC,Unknown,DarkTurquoise,Unknown,Unknown,Unknown,Unknown,Taiwan 🇹🇼,Unknown,Unknown,Unknown,Unknown,Unknown,Unknown,Unknown
MARIE KATHERINE     ,368240540,48.7569,-122.5058,Unknown,2025-11-05 14:17:42.247518668 +0000 UTC,Unknown,DarkTurquoise,Unknown,Unknown,Unknown,Unknown,United States 🇺🇸,Unknown,Unknown,Unknown,Unknown,Unknown,Unknown,Unknown
ROLF_HEIN,211469260,52.6549,5.5641,8.7,2025-11-05 14:17:42.249267422 +0000 UTC,Unknown,DarkTurquoise,Unknown,Unknown,Unknown,Unknown,Germany 🇩🇪,344.5,Unknown,Unknown,-128,Under way using engine,Unknown,Unknown
ARCIMS 14,232061173,50.6,-2.4474,Unknown,2025-11-05 14:17:42.250237396 +0000 UTC,Unknown,DarkTurquoise,Unknown,Unknown,Unknown,Unknown,United Kingdom 🇬🇧,Unknown,Unknown,Unknown,Unknown,Unknown,Unknown,Unknown
XYLIAN,244128019,51.7295,5.2595,0,2025-11-05 14:17:42.253264352 +0000 UTC,Unknown,DarkTurquoise,Unknown,Unknown,Unknown,Unknown,Netherlands 🇳🇱,0,Unknown,Unknown,-128,Under way using engine,Unknown,Unknown
HILDE A             ,215426000,44.1818,8.7714,0.2,2025-11-05 14:17:42.251167961 +0000 UTC,Unknown,DarkTurquoise,Unknown,Unknown,Unknown,Unknown,Malta 🇲🇹,251.1,Unknown,Unknown,0,Under way using engine,Unknown,Unknown
ISA                 ,244571000,53.5288,8.1579,0,2025-11-05 14:17:42.252329936 +0000 UTC,Unknown,DarkTurquoise,Unknown,Unknown,Unknown,Unknown,Netherlands 🇳🇱,51,Unknown,Unknown,0,Restricted manoeuvrability,Unknown,Unknown
RAWAN               ,403660000,34.7097,33.3231,Unknown,2025-11-05 14:17:42.256145796 +0000 UTC,Tanker,Navy,ES BCN              ,ESBCN,Barcelona,Spain,Saudi Arabia 🇸🇦,Unknown,183,35,Unknown,Unknown,9845104,8.7
MARK DULEY          ,367522240,38.8887,-90.5276,4.3,2025-11-05 14:17:42.25708313 +0000 UTC,Unknown,DarkTurquoise,Unknown,Unknown,Unknown,Unknown,United States 🇺🇸,213.4,Unknown,Unknown,0,Under way using engine,Unknown,Unknown
SCHELDT RIVER,205708000,51.4345,4.0153,12.2,2025-11-05 14:17:43.582844609 +0000 UTC,Dredging or Underwater Operations,Black,DREDGING OPERATIONS ,ZALER,Lerato,South Africa,Belgium 🇧🇪,301.9,116,26,7,Under way using engine,9778143,5.2
Unknown Vessel,265052190,59.3261,18.0441,Unknown,2025-11-05 14:17:42.257939039 +0000 UTC,Unknown,DarkTurquoise,Unknown,Unknown,Unknown,Unknown,Sweden 🇸🇪,Unknown,12,5,Unknown,Unknown,Unknown,Unknown
GOTA                ,265522230,57.7,11.6736,8.7,2025-11-05 14:17:42.258648539 +0000 UTC,Unknown,DarkTurquoise,Unknown,Unknown,Unknown,Unknown,Sweden 🇸🇪,60.2,Unknown,Unknown,0,Under way using engine,Unknown,Unknown
DANPILOT MARS       ,219001058,55.0997,14.6931,0,2025-11-05 14:17:42.259204106 +0000 UTC,Unknown,DarkTurquoise,Unknown,Unknown,Unknown,Unknown,Denmark 🇩🇰,345,Unknown,Unknown,0,Under way using engine,Unknown,Unknown
DIKKY,244730091,51.8574,5.8448,3.1,2025-11-05 14:17:42.260552787 +0000 UTC,Unknown,DarkTurquoise,Unknown,Unknown,Unknown,Unknown,Netherlands 🇳🇱,133.1,Unknown,Unknown,-128,Under way using engine,Unknown,Unknown
UAL COLOGNE,244620675,57.4995,-1.7708,0,2025-11-05 14:17:42.261792236 +0000 UTC,Unknown,DarkTurquoise,Unknown,Unknown,Unknown,Unknown,Netherlands 🇳🇱,217.9,Unknown,Unknown,0,Moored,Unknown,Unknown
BONAFIDE,244700632,51.1882,3.8014,6.5,2025-11-05 14:17:42.264252365 +0000 UTC,Unknown,DarkTurquoise,Unknown,Unknown,Unknown,Unknown,Netherlands 🇳🇱,179.6,Unknown,Unknown,-128,Under way using engine,Unknown,Unknown
F/V JEAN PAUL 2     ,227314170,49.6179,0.0135,5.5,2025-11-05 14:17:42.264865295 +0000 UTC,Unknown,DarkTurquoise,Unknown,Unknown,Unknown,Unknown,France 🇫🇷,241.5,Unknown,Unknown,-128,Under way using engine,Unknown,Unknown
LIZZIE LANE PEUS    ,368244180,38.9672,-90.5445,3.6,2025-11-05 14:17:42.265442069 +0000 UTC,Unknown,DarkTurquoise,Unknown,Unknown,Unknown,Unknown,United States 🇺🇸,326.3,Unknown,Unknown,0,,Unknown,Unknown
CITY OF AMSTERDAM,244250733,52.3658,4.9015,2.9,2025-11-05 14:17:42.266180527 +0000 UTC,Unknown,DarkTurquoise,Unknown,Unknown,Unknown,Unknown,Netherlands 🇳🇱,251.9,Unknown,Unknown,-128,Under way using engine,Unknown,Unknown
ELCH,211589250,54.3689,10.1515,Unknown,2025-11-05 14:17:42.266946565 +0000 UTC,Unknown,DarkTurquoise,Unknown,Unknown,Unknown,Unknown,Germany 🇩🇪,Unknown,Unknown,Unknown,Unknown,Unknown,Unknown,Unknown
JONABORG            ,244054000,55.8834,-4.3753,7.7,2025-11-05 14:17:42.268514141 +0000 UTC,Unknown,DarkTurquoise,Unknown,Unknown,Unknown,Unknown,Netherlands 🇳🇱,128.8,Unknown,Unknown,0,Under way using engine,Unknown,Unknown
F/V ADELINE STEPHEN ,228929000,47.1864,-2.7831,2.6,2025-11-05 14:17:42.268913524 +0000 UTC,Unknown,DarkTurquoise,Unknown,Unknown,Unknown,Unknown,France 🇫🇷,220,Unknown,Unknown,-127,Under way using engine,Unknown,Unknown
ANNA VAN NIEUWKOOP,244710733,52.6375,5.063,0,2025-11-05 14:17:42.267573325 +0000 UTC,Unknown,DarkTurquoise,Unknown,Unknown,Unknown,Unknown,Netherlands 🇳🇱,0,Unknown,Unknown,0,Under way using engine,Unknown,Unknown
UK238TWEEGEBROEDERS,244820740,52.5184,5.4401,Unknown,2025-11-05 14:17:42.274176629 +0000 UTC,Other Type,RoyalBlue, ,Unknown,Unknown,Unknown,Netherlands 🇳🇱,Unknown,16,4,Unknown,Unknown,0,1.4
COMBINATION,244170620,51.1803,3.8014,5.6,2025-11-05 14:17:42.272502408 +0000 UTC,Unknown,DarkTurquoise,Unknown,Unknown,Unknown,Unknown,Netherlands 🇳🇱,15.1,Unknown,Unknown,0,Under way using engine,Unknown,Unknown
NAVE OHANA          ,352005478,20.7093,-158.1428,0.5,2025-11-05 14:17:42.269383384 +0000 UTC,Unknown,DarkTurquoise,Unknown,Unknown,Unknown,Unknown,Panama 🇵🇦,203.6,Unknown,Unknown,-3,Under way using engine,Unknown,Unknown
JOSINA              ,211750710,51.4299,6.719,4.3,2025-11-05 14:17:42.273116415 +0000 UTC,Unknown,DarkTurquoise,Unknown,Unknown,Unknown,Unknown,Germany 🇩🇪,132.9,Unknown,Unknown,-128,Under way using engine,Unknown,Unknown
RINDO MARU          ,431007017,35.1464,140.4786,14.9,2025-11-05 14:17:42.26987335 +0000 UTC,Unknown,DarkTurquoise,Unknown,Unknown,Unknown,Unknown,Japan 🇯🇵,228.3,Unknown,Unknown,0,Under way using engine,Unknown,Unknown
BLUEFIN-A-DINI      ,338407581,33.7643,-118.251,Unknown,2025-11-05 14:17:42.277987824 +0000 UTC,Unknown,DarkTurquoise,Unknown,Unknown,Unknown,Unknown,United States 🇺🇸,Unknown,Unknown,Unknown,Unknown,Unknown,Unknown,Unknown
RIKIEI NO.8         ,431009718,35.1147,140.3782,11.9,2025-11-05 14:17:47.0536371 +0000 UTC,Unknown,DarkTurquoise,Unknown,Unknown,Unknown,Unknown,Japan 🇯🇵,47,Unknown,Unknown,0,Under way using engine,Unknown,Unknown
ASTERI,267131009,48.2981,14.3366,0,2025-11-05 14:17:42.27521197 +0000 UTC,Unknown,DarkTurquoise,Unknown,Unknown,Unknown,Unknown,Slovakia 🇸🇰,182.6,Unknown,Unknown,-128,Under way using engine,Unknown,Unknown
PIET HEIN,244700361,51.887,4.4066,0.2,2025-11-05 14:17:46.665989698 +0000 UTC,Dredging or Underwater Operations,Black,NLPER011150873600014,Unknown,Unknown,Unknown,Netherlands 🇳🇱,194.7,86,10,-128,Under way using engine,0,3.2
AFON ALAW,235090202,50.7727,-1.0861,0.7,2025-11-05 14:17:42.276618266 +0000 UTC,Unknown,DarkTurquoise,Unknown,Unknown,Unknown,Unknown,United Kingdom 🇬🇧,195.2,Unknown,Unknown,0,Under way using engine,Unknown,Unknown
HYDROVAC 20,244700193,51.7865,4.6444,0,2025-11-05 14:17:42.277505082 +0000 UTC,Unknown,DarkTurquoise,Unknown,Unknown,Unknown,Unknown,Netherlands 🇳🇱,342.1,Unknown,Unknown,-128,Under way using engine,Unknown,Unknown
ELSA,244740886,51.8977,4.4829,0,2025-11-05 14:17:42.282018047 +0000 UTC,Unknown,DarkTurquoise,Unknown,Unknown,Unknown,Unknown,Netherlands 🇳🇱,208.1,Unknown,Unknown,-128,Under way using engine,Unknown,Unknown
VB SANDON,235074754,53.4302,-2.9988,0,2025-11-05 14:17:42.279365688 +0000 UTC,Unknown,DarkTurquoise,Unknown,Unknown,Unknown,Unknown,United Kingdom 🇬🇧,182,Unknown,Unknown,0,Moored,Unknown,Unknown
SEVERINE            ,256565000,39.5731,-0.0312,12.3,2025-11-05 14:17:42.281560932 +0000 UTC,Unknown,DarkTurquoise,Unknown,Unknown,Unknown,Unknown,Malta 🇲🇹,109.2,Unknown,Unknown,-4,Under way using engine,Unknown,Unknown
SANT PAU,224220140,41.1959,2.3106,2.5,2025-11-05 14:17:42.279934811 +0000 UTC,Fishing,Gold,Unknown,Unknown,Unknown,Unknown,Spain 🇪🇸,257.2,Unknown,Unknown,0,Engaged in fishing,Unknown,Unknown
SKEENA COAST        ,316002742,49.8284,-124.8652,8.5,2025-11-05 14:17:42.282422897 +0000 UTC,Unknown,DarkTurquoise,Unknown,Unknown,Unknown,Unknown,Canada 🇨🇦,307.7,Unknown,Unknown,-128,Under way using engine,Unknown,Unknown
FILIPPO LIPPI       ,247041700,38.4059,15.0037,14,2025-11-05 14:17:42.280589093 +0000 UTC,Unknown,DarkTurquoise,Unknown,Unknown,Unknown,Unknown,Italy 🇮🇹,119,Unknown,Unknown,-128,Moored,Unknown,Unknown
KUTTER OSCAR ,219002823,56.1274,12.3104,0,2025-11-05 14:17:42.28609629 +0000 UTC,Fishing,Gold,Unknown,Unknown,Unknown,Unknown,Denmark 🇩🇰,332,Unknown,Unknown,0,Engaged in fishing,Unknown,Unknown
ONDERNEMING,244730794,52.5104,6.0872,0,2025-11-05 14:17:42.287776691 +0000 UTC,Unknown,DarkTurquoise,Unknown,Unknown,Unknown,Unknown,Netherlands 🇳🇱,0,Unknown,Unknown,-128,Under way using engine,Unknown,Unknown
Unknown Vessel,2444059,51.981,4.1126,0,2025-11-05 14:17:42.284799653 +0000 UTC,Unknown,DarkTurquoise,Unknown,Unknown,Unknown,Unknown,Netherlands 🇳🇱,0,Unknown,Unknown,-128,Undefined,Unknown,Unknown
FORTUNA,269057651,51.972,5.9185,0,2025-11-05 14:17:42.283245951 +0000 UTC,Unknown,DarkTurquoise,Unknown,Unknown,Unknown,Unknown,Switzerland 🇨🇭,360,Unknown,Unknown,-128,Moored,Unknown,Unknown
ANASTASIA,219013707,55.4893,9.5009,Unknown,2025-11-05 14:17:42.284057 +0000 UTC,Unknown,DarkTurquoise,Unknown,Unknown,Unknown,Unknown,Denmark 🇩🇰,Unknown,Unknown,Unknown,Unknown,Unknown,Unknown,Unknown
LADY CLARA          ,305015000,51.8251,1.6768,10.5,2025-11-05 14:17:46.800358909 +0000 UTC,Unknown,DarkTurquoise,Unknown,Unknown,Unknown,Unknown,Antigua and Barbuda 🇦🇬,101.1,Unknown,Unknown,0,Under way using engine,Unknown,Unknown
PORTO VADO V^       ,247064700,44.2642,8.4459,0,2025-11-05 14:17:42.283546887 +0000 UTC,Unknown,DarkTurquoise,Unknown,Unknown,Unknown,Unknown,Italy 🇮🇹,282.4,Unknown,Unknown,-128,Under way using engine,Unknown,Unknown
OOCL MAGNOLIA       ,477138900,39.5955,-73.894,18.6,2025-11-05 14:17:42.290860684 +0000 UTC,Unknown,DarkTurquoise,Unknown,Unknown,Unknown,Unknown,Hong Kong (China) 🇭🇰,185.3,Unknown,Unknown,0,Under way using engine,Unknown,Unknown
CREATE,244016193,52.4649,5.0381,0,2025-11-05 14:17:43.367107085 +0000 UTC,Pleasure Craft,PeachPuff,KATWOUDE,GRKIO,Kiato,Greece,Netherlands 🇳🇱,360,23,7,-128,,0,1.2
ORIANA       ,244072597,51.8115,4.7241,0,2025-11-05 14:17:42.29569601 +0000 UTC,Unknown,DarkTurquoise,Unknown,Unknown,Unknown,Unknown,Netherlands 🇳🇱,360,Unknown,Unknown,-128,Moored,Unknown,Unknown
F/V MAGAYANT        ,227860000,47.1876,-2.8582,2.9,2025-11-05 14:17:42.299502348 +0000 UTC,Unknown,DarkTurquoise,Unknown,Unknown,Unknown,Unknown,France 🇫🇷,202.3,Unknown,Unknown,0,Under way using engine,Unknown,Unknown
HARON,265741690,57.707,11.6605,0.1,2025-11-05 14:17:42.301264997 +0000 UTC,Unknown,DarkTurquoise,Unknown,Unknown,Unknown,Unknown,Sweden 🇸🇪,360,Unknown,Unknown,7,Moored,Unknown,Unknown
TREEHOUSE           ,319135800,-27.4437,153.1079,0,2025-11-05 14:17:42.303147661 +0000 UTC,Unknown,DarkTurquoise,Unknown,Unknown,Unknown,Unknown,Cayman Islands (British Overseas Territory) 🇰🇾,174.5,Unknown,Unknown,0,Moored,Unknown,Unknown
AETHRA              ,241831000,51.9002,-8.4575,0,2025-11-05 14:17:42.306884254 +0000 UTC,Unknown,DarkTurquoise,Unknown,Unknown,Unknown,Unknown,Greece 🇬🇷,309.5,Unknown,Unknown,-2,Moored,Unknown,Unknown
THE BULL            ,254083000,43.6951,7.3869,4.1,2025-11-05 14:17:42.308356548 +0000 UTC,Unknown,DarkTurquoise,Unknown,Unknown,Unknown,Unknown,Monaco 🇲🇨,229.9,Unknown,Unknown,0,Restricted manoeuvrability,Unknown,Unknown
BYLGIA              ,244740210,51.8906,4.4526,Unknown,2025-11-05 14:17:42.310837301 +0000 UTC,Tug Boat,Silver,RTM WAALHAVEN 2     ,Unknown,Unknown,Unknown,Netherlands 🇳🇱,Unknown,72,18,Unknown,Unknown,9646314,7.6
LEANORA,244620941,52.711,5.56,8,2025-11-05 14:17:42.313488325 +0000 UTC,Unknown,DarkTurquoise,Unknown,Unknown,Unknown,Unknown,Netherlands 🇳🇱,188.1,Unknown,Unknown,-128,Under way using engine,Unknown,Unknown
HONG TAI 61         ,413479270,22.3082,114.1261,5,2025-11-05 14:17:42.316157899 +0000 UTC,Unknown,DarkTurquoise,Unknown,Unknown,Unknown,Unknown,China 🇨🇳,154.5,Unknown,Unknown,0,Moored,Unknown,Unknown
STAR LIVORNO        ,258009000,39.2594,-76.5694,0,2025-11-05 14:17:42.318012465 +0000 UTC,Unknown,DarkTurquoise,Unknown,Unknown,Unknown,Unknown,Norway 🇳🇴,118,Unknown,Unknown,0,Moored,Unknown,Unknown
SHARLOU,269117510,-27.4444,153.1065,0,2025-11-05 14:17:42.322219029 +0000 UTC,Unknown,DarkTurquoise,Unknown,Unknown,Unknown,Unknown,Switzerland 🇨🇭,156.2,Unknown,Unknown,0,Moored,Unknown,Unknown
SCHROOTBARON XL,244010809,52.6431,6.0802,0,2025-11-05 14:17:42.325717172 +0000 UTC,Unknown,DarkTurquoise,Unknown,Unknown,Unknown,Unknown,Netherlands 🇳🇱,360,Unknown,Unknown,-128,Under way using engine,Unknown,Unknown
ALENA,269057027,51.4475,6.756,Unknown,2025-11-05 14:17:42.327532206 +0000 UTC,Passenger Ship,Crimson,PONT DE LIGE,BELGG,Liege,Belgium,Switzerland 🇨🇭,Unknown,135,12,Unknown,Unknown,0,2
SD GRACE            ,377492000,10.6757,-61.6453,5.5,2025-11-05 14:17:42.331621048 +0000 UTC,Unknown,DarkTurquoise,Unknown,Unknown,Unknown,Unknown,Saint Vincent and the Grenadines 🇻🇨,157.9,Unknown,Unknown,0,Under way using engine,Unknown,Unknown
GAMBLER,244000730,51.852,5.8747,5.3,2025-11-05 14:17:42.332881344 +0000 UTC,Unknown,DarkTurquoise,Unknown,Unknown,Unknown,Unknown,Netherlands 🇳🇱,56.7,Unknown,Unknown,-128,Undefined,Unknown,Unknown
SANDRA HUGH,367305920,37.9044,-122.3755,5.2,2025-11-05 14:17:42.335802465 +0000 UTC,Unknown,DarkTurquoise,Unknown,Unknown,Unknown,Unknown,United States 🇺🇸,98,Unknown,Unknown,0,Under way using engine,Unknown,Unknown
IONA ISLAND         ,563302200,29.7483,-95.1726,Unknown,2025-11-05 14:17:42.337055732 +0000 UTC,Cargo,ForestGreen,USHOU               ,USHOU,Houston,United States,Singapore 🇸🇬,Unknown,180,30,Unknown,Unknown,9641780,6.3
KRVE 86,244030117,51.8969,4.4168,0.1,2025-11-05 14:17:42.339398237 +0000 UTC,Unknown,DarkTurquoise,Unknown,Unknown,Unknown,Unknown,Netherlands 🇳🇱,35.2,Unknown,Unknown,-128,Under way using engine,Unknown,Unknown
JENNY               ,244700809,53.1698,5.4134,0,2025-11-05 14:17:42.341115844 +0000 UTC,Unknown,DarkTurquoise,Unknown,Unknown,Unknown,Unknown,Netherlands 🇳🇱,289.5,Unknown,Unknown,-128,Undefined,Unknown,Unknown
BRU-8 MARINUS ,244035000,53.1802,5.4366,0,2025-11-05 14:17:42.342964164 +0000 UTC,Unknown,DarkTurquoise,Unknown,Unknown,Unknown,Unknown,Netherlands 🇳🇱,222.3,Unknown,Unknown,0,Under way using engine,Unknown,Unknown
GROTE BEER,244780777,53.1745,5.4102,0,2025-11-05 14:17:42.344093354 +0000 UTC,Unknown,DarkTurquoise,Unknown,Unknown,Unknown,Unknown,Netherlands 🇳🇱,0,Unknown,Unknown,-128,Under way using engine,Unknown,Unknown
METIN DADAYLI,351656000,37.911,23.0558,1.5,2025-11-05 14:17:42.346376435 +0000 UTC,Unknown,DarkTurquoise,Unknown,Unknown,Unknown,Unknown,Panama 🇵🇦,135,Unknown,Unknown,127,Under way using engine,Unknown,Unknown
EDITH               ,255805906,54.2953,9.6916,Unknown,2025-11-05 14:17:42.347642551 +0000 UTC,Cargo,ForestGreen,DEHAM               ,DEHAM,Hamburg,Germany,Madeira (Portugal) 🇵🇹,Unknown,141,20,Unknown,Unknown,9328625,7.3
NORDAN,265523880,59.4223,18.6632,13,2025-11-05 14:17:42.348925751 +0000 UTC,Unknown,DarkTurquoise,Unknown,Unknown,Unknown,Unknown,Sweden 🇸🇪,320.6,Unknown,Unknown,127,Under way using engine,Unknown,Unknown
NUOVA CARA MADRE,247140920,37.9943,12.1686,3.1,2025-11-05 14:17:47.162144198 +0000 UTC,Unknown,DarkTurquoise,Unknown,Unknown,Unknown,Unknown,Italy 🇮🇹,88.5,Unknown,Unknown,-128,Under way using engine,Unknown,Unknown
VB TIGER            ,246543000,51.9381,4.0628,3.1,2025-11-05 14:17:42.350065013 +0000 UTC,Unknown,DarkTurquoise,Unknown,Unknown,Unknown,Unknown,Netherlands 🇳🇱,244.7,Unknown,Unknown,0,Under way using engine,Unknown,Unknown
NERO                ,246925000,54.635,11.3451,0.5,2025-11-05 14:17:42.353082756 +0000 UTC,Unknown,DarkTurquoise,Unknown,Unknown,Unknown,Unknown,Netherlands 🇳🇱,276.3,Unknown,Unknown,0,Under way using engine,Unknown,Unknown
MARY EMMA           ,367686010,36.9822,-76.1493,5,2025-11-05 14:17:42.354525509 +0000 UTC,Unknown,DarkTurquoise,Unknown,Unknown,Unknown,Unknown,United States 🇺🇸,132.9,Unknown,Unknown,0,Under way using engine,Unknown,Unknown
BONITA              ,275334000,51.8982,4.4321,0,2025-11-05 14:17:42.358818123 +0000 UTC,Unknown,DarkTurquoise,Unknown,Unknown,Unknown,Unknown,Latvia 🇱🇻,333.3,Unknown,Unknown,0,Moored,Unknown,Unknown
INLET RANGER        ,316019449,54.3119,-130.2507,0.1,2025-11-05 14:17:42.360635455 +0000 UTC,Unknown,DarkTurquoise,Unknown,Unknown,Unknown,Unknown,Canada 🇨🇦,53.9,Unknown,Unknown,-128,Undefined,Unknown,Unknown
COMMODORE,211797910,53.5427,9.9228,7.4,2025-11-05 14:17:42.361831971 +0000 UTC,Unknown,DarkTurquoise,Unknown,Unknown,Unknown,Unknown,Germany 🇩🇪,270.2,Unknown,Unknown,-128,Under way using engine,Unknown,Unknown
PENNY,257520800,62.3625,5.6619,Unknown,2025-11-05 14:17:42.365793932 +0000 UTC,Unknown,DarkTurquoise,Unknown,Unknown,Unknown,Unknown,Norway 🇳🇴,Unknown,Unknown,Unknown,Unknown,Unknown,Unknown,Unknown
LINGBANK            ,219025976,57.7218,10.6016,0,2025-11-05 14:17:42.356467844 +0000 UTC,Fishing,Gold,Unknown,Unknown,Unknown,Unknown,Denmark 🇩🇰,158.6,Unknown,Unknown,0,Engaged in fishing,Unknown,Unknown
OCEAN GEORGIE BAIN  ,316016013,49.2983,-123.0283,0,2025-11-05 14:17:42.367118679 +0000 UTC,Unknown,DarkTurquoise,Unknown,Unknown,Unknown,Unknown,Canada 🇨🇦,222,Unknown,Unknown,0,Under way sailing,Unknown,Unknown
CERULEAN ACE        ,352003313,51.3205,3.2117,Unknown,2025-11-05 14:17:42.370010637 +0000 UTC,Cargo,ForestGreen,BE ZEE              ,BEZEE,Zeebrugge,Belgium,Panama 🇵🇦,Unknown,199,38,Unknown,Unknown,9973872,8.7
BROOKS M HAMILTON   ,368171390,33.7267,-118.2636,5.9,2025-11-05 14:17:42.373040339 +0000 UTC,Unknown,DarkTurquoise,Unknown,Unknown,Unknown,Unknown,United States 🇺🇸,182.3,Unknown,Unknown,-127,,Unknown,Unknown
CATYOPE,256004759,38.2193,15.243,Unknown,2025-11-05 14:17:42.375375252 +0000 UTC,Unknown,DarkTurquoise,Unknown,Unknown,Unknown,Unknown,Malta 🇲🇹,Unknown,Unknown,Unknown,Unknown,Unknown,Unknown,Unknown
DREAM TERRAX        ,538008844,55.0174,18.5904,12.2,2025-11-05 14:17:42.377699517 +0000 UTC,Unknown,DarkTurquoise,Unknown,Unknown,Unknown,Unknown,Marshall Islands 🇲🇭,294.4,Unknown,Unknown,0,Under way using engine,Unknown,Unknown
AARSLEFF 103,219020533,55.7001,12.6164,0,2025-11-05 14:17:42.380694866 +0000 UTC,Unknown,DarkTurquoise,Unknown,Unknown,Unknown,Unknown,Denmark 🇩🇰,64.8,Unknown,Unknown,-128,Undefined,Unknown,Unknown
ALVFRIDA,265739650,57.7059,11.9563,0,2025-11-05 14:17:42.382893312 +0000 UTC,Unknown,DarkTurquoise,Unknown,Unknown,Unknown,Unknown,Sweden 🇸🇪,4.3,Unknown,Unknown,0,Under way using engine,Unknown,Unknown
LA BELLA VITA,316054484,43.5656,-79.5549,Unknown,2025-11-05 14:17:42.384148547 +0000 UTC,Unknown,DarkTurquoise,Unknown,Unknown,Unknown,Unknown,Canada 🇨🇦,Unknown,Unknown,Unknown,Unknown,Unknown,Unknown,Unknown
ANNELIES            ,244929727,51.813,4.6547,7,2025-11-05 14:17:46.972725139 +0000 UTC,Cargo,ForestGreen,IJMUIDEN            ,NLIJM,IJmuiden/Velsen,Netherlands,Netherlands 🇳🇱,218.2,80,10,-128,Under way using engine,0,1
SEACAT MAYFLOWER    ,232059073,51.9787,2.092,2.5,2025-11-05 14:17:42.386686475 +0000 UTC,Unknown,DarkTurquoise,Unknown,Unknown,Unknown,Unknown,United Kingdom 🇬🇧,174,Unknown,Unknown,0,Under way using engine,Unknown,Unknown
UMIKO,225998392,39.425,-0.3222,Unknown,2025-11-05 14:17:42.390551023 +0000 UTC,Unknown,DarkTurquoise,Unknown,Unknown,Unknown,Unknown,Spain 🇪🇸,Unknown,Unknown,Unknown,Unknown,Unknown,Unknown,Unknown
AL JIMI             ,636017816,-40.7344,174.1843,8.6,2025-11-05 14:17:42.392492588 +0000 UTC,Unknown,DarkTurquoise,Unknown,Unknown,Unknown,Unknown,Liberia 🇱🇷,152.2,Unknown,Unknown,0,Under way using engine,Unknown,Unknown
MAINTAL             ,255806439,51.1931,1.4309,0,2025-11-05 14:17:42.399788422 +0000 UTC,Unknown,DarkTurquoise,Unknown,Unknown,Unknown,Unknown,Madeira (Portugal) 🇵🇹,147.1,Unknown,Unknown,0,At anchor,Unknown,Unknown
HZE 24      ,244620855,52.3587,4.9687,Unknown,2025-11-05 14:17:42.403076322 +0000 UTC,Dredging or Underwater Operations,Black,ZEEBURG            ,BEZEE,Zeebrugge,Belgium,Netherlands 🇳🇱,Unknown,16,4,Unknown,Unknown,0,1.4
KAROLINE            ,211227550,54.4197,11.1916,0.1,2025-11-05 14:17:42.404369527 +0000 UTC,Unknown,DarkTurquoise,Unknown,Unknown,Unknown,Unknown,Germany 🇩🇪,297,Unknown,Unknown,0,Undefined,Unknown,Unknown
TARANGER            ,259982000,50.1223,-1.0585,8.2,2025-11-05 14:17:42.405523451 +0000 UTC,Unknown,DarkTurquoise,Unknown,Unknown,Unknown,Unknown,Norway 🇳🇴,76.7,Unknown,Unknown,3,Under way using engine,Unknown,Unknown
IRIS ABICHT,211184640,53.5366,9.8702,Unknown,2025-11-05 14:17:42.409589778 +0000 UTC,Passenger Ship,Crimson,,Unknown,Unknown,Unknown,Germany 🇩🇪,Unknown,18,5,Unknown,Unknown,0,1.2
MIKIONA             ,367153070,37.8383,-122.9288,4.1,2025-11-05 14:17:42.411638124 +0000 UTC,Unknown,DarkTurquoise,Unknown,Unknown,Unknown,Unknown,United States 🇺🇸,122.2,Unknown,Unknown,127,,Unknown,Unknown
RYAN PALMER         ,366738610,33.7351,-118.2706,0,2025-11-05 14:17:42.414774574 +0000 UTC,Unknown,DarkTurquoise,Unknown,Unknown,Unknown,Unknown,United States 🇺🇸,4.9,Unknown,Unknown,-128,Under way using engine,Unknown,Unknown
STL H2              ,563032960,1.2123,103.7322,0,2025-11-05 14:17:42.416062171 +0000 UTC,Unknown,DarkTurquoise,Unknown,Unknown,Unknown,Unknown,Singapore 🇸🇬,121.4,Unknown,Unknown,0,Restricted manoeuvrability,Unknown,Unknown
MELKART-4,273352280,74.6018,17.4888,7.2,2025-11-05 14:17:42.419072596 +0000 UTC,Fishing,Gold,Unknown,Unknown,Unknown,Unknown,Russia 🇷🇺,26.6,Unknown,Unknown,-127,Engaged in fishing,Unknown,Unknown
OV RUNDE            ,259030100,64.8052,11.5705,Unknown,2025-11-05 14:17:42.42850892 +0000 UTC,Cargo,ForestGreen,CH 16 TLF 94156662  ,Unknown,Unknown,Unknown,Norway 🇳🇴,Unknown,15,6,Unknown,Unknown,0,1
BONDOEY,257633700,64.9449,11.3701,0.2,2025-11-05 14:17:42.429790846 +0000 UTC,Unknown,DarkTurquoise,Unknown,Unknown,Unknown,Unknown,Norway 🇳🇴,171.7,Unknown,Unknown,-128,Under way using engine,Unknown,Unknown
SOLINE,257877700,63.4568,9.0719,0,2025-11-05 14:17:42.427332593 +0000 UTC,Fishing,Gold,Unknown,Unknown,Unknown,Unknown,Norway 🇳🇴,10.4,Unknown,Unknown,12,Engaged in fishing,Unknown,Unknown
SJOEFISK,257450500,70.2226,21.0269,6.4,2025-11-05 14:17:42.43113165 +0000 UTC,Fishing,Gold,Unknown,Unknown,Unknown,Unknown,Norway 🇳🇴,315.1,Unknown,Unknown,-128,Engaged in fishing,Unknown,Unknown
SHARON VALE N34     ,233098000,59.9835,1.6371,6.3,2025-11-05 14:17:42.426118678 +0000 UTC,Fishing,Gold,Unknown,Unknown,Unknown,Unknown,United Kingdom 🇬🇧,212.4,Unknown,Unknown,0,Engaged in fishing,Unknown,Unknown
ANE H,257028190,63.4358,8.5947,8.7,2025-11-05 14:17:46.845548536 +0000 UTC,Cargo,ForestGreen,,Unknown,Unknown,Unknown,Norway 🇳🇴,231.4,14,8,-128,Undefined,0,0
KORSHOLMEN          ,259695000,63.6856,9.673,0,2025-11-05 14:17:42.421324845 +0000 UTC,Unknown,DarkTurquoise,Unknown,Unknown,Unknown,Unknown,Norway 🇳🇴,123.2,Unknown,Unknown,0,Under way using engine,Unknown,Unknown
KVALNES,257610000,62.4377,6.2809,0,2025-11-05 14:17:42.424938254 +0000 UTC,Unknown,DarkTurquoise,Unknown,Unknown,Unknown,Unknown,Norway 🇳🇴,341.6,Unknown,Unknown,0,Under way using engine,Unknown,Unknown
SILVER BIRD  S449,219034290,58.055,9.9045,Unknown,2025-11-05 14:17:42.433569263 +0000 UTC,Fishing,Gold,,Unknown,Unknown,Unknown,Denmark 🇩🇰,Unknown,20,7,Unknown,Unknown,0,0
NORWIND MAESTRO     ,259298000,62.5485,6.2734,Unknown,2025-11-05 14:17:42.434427034 +0000 UTC,Other Type,RoyalBlue,,Unknown,Unknown,Unknown,Norway 🇳🇴,Unknown,89,20,Unknown,Unknown,1074890,0
LAMBOY,257104510,60.036,5.3456,0,2025-11-05 14:17:42.436088845 +0000 UTC,Unknown,DarkTurquoise,Unknown,Unknown,Unknown,Unknown,Norway 🇳🇴,277.4,Unknown,Unknown,-128,Under way using engine,Unknown,Unknown
MIA,257231620,63.0602,7.6993,0,2025-11-05 14:17:43.132888748 +0000 UTC,Fishing,Gold,,Unknown,Unknown,Unknown,Norway 🇳🇴,360,15,4,-128,Moored,0,0
SANDTROLL           ,257007520,61.3548,4.8774,8,2025-11-05 14:17:42.440461517 +0000 UTC,Unknown,DarkTurquoise,Unknown,Unknown,Unknown,Unknown,Norway 🇳🇴,29.3,Unknown,Unknown,127,Under way using engine,Unknown,Unknown
SILDAFJORD          ,257078370,60.0621,5.9506,12,2025-11-05 14:17:42.442633136 +0000 UTC,Unknown,DarkTurquoise,Unknown,Unknown,Unknown,Unknown,Norway 🇳🇴,98.1,Unknown,Unknown,0,Under way using engine,Unknown,Unknown
LINNEA       ,257860500,58.8705,10.5838,1.5,2025-11-05 14:17:42.44327457 +0000 UTC,Fishing,Gold,Unknown,Unknown,Unknown,Unknown,Norway 🇳🇴,279.8,Unknown,Unknown,0,Engaged in fishing,Unknown,Unknown
HERMANN O BUOY [90%],585900206,70.2788,21.1761,Unknown,2025-11-05 14:17:42.444049513 +0000 UTC,Unknown,DarkTurquoise,Unknown,Unknown,Unknown,Unknown,Unknown,Unknown,Unknown,Unknown,Unknown,Unknown,Unknown,Unknown
LYKKEN              ,259017160,69.3014,16.9824,Unknown,2025-11-05 14:17:42.44479838 +0000 UTC,Unknown,DarkTurquoise,Unknown,Unknown,Unknown,Unknown,Norway 🇳🇴,Unknown,Unknown,Unknown,Unknown,Unknown,Unknown,Unknown
SHUN LI NO18        ,416004122,25.2604,121.9441,Unknown,2025-11-05 14:17:42.446848553 +0000 UTC,Unknown,DarkTurquoise,                    ,Unknown,Unknown,Unknown,Taiwan 🇹🇼,Unknown,Unknown,Unknown,Unknown,Unknown,0,0
CAPRICORNIAN SUNRISE,503748000,-32.0481,115.7321,0,2025-11-05 14:17:42.448823101 +0000 UTC,Unknown,DarkTurquoise,Unknown,Unknown,Unknown,Unknown,Australia 🇦🇺,217.5,Unknown,Unknown,-128,Moored,Unknown,Unknown
TRIDENT             ,367760890,26.0825,-80.115,0,2025-11-05 14:17:42.45512301 +0000 UTC,Unknown,DarkTurquoise,Unknown,Unknown,Unknown,Unknown,United States 🇺🇸,143.6,Unknown,Unknown,0,Under way using engine,Unknown,Unknown
PEARL RIVER         ,367187120,26.0601,-80.1325,0,2025-11-05 14:17:42.457715031 +0000 UTC,Unknown,DarkTurquoise,Unknown,Unknown,Unknown,Unknown,United States 🇺🇸,360,Unknown,Unknown,-128,Under way using engine,Unknown,Unknown
WINE DOWN,338411966,26.1075,-80.1263,Unknown,2025-11-05 14:17:42.456562985 +0000 UTC,Unknown,DarkTurquoise,Unknown,Unknown,Unknown,Unknown,United States 🇺🇸,Unknown,Unknown,Unknown,Unknown,Unknown,Unknown,Unknown
ORION               ,244740335,51.8236,4.7143,8.9,2025-11-05 14:17:42.450396858 +0000 UTC,Unknown,DarkTurquoise,Unknown,Unknown,Unknown,Unknown,Netherlands 🇳🇱,271.9,Unknown,Unknown,127,Under way using engine,Unknown,Unknown
CHAOS               ,538072085,26.0884,-80.1819,0,2025-11-05 14:17:42.462451742 +0000 UTC,Unknown,DarkTurquoise,Unknown,Unknown,Unknown,Unknown,Marshall Islands 🇲🇭,255.8,Unknown,Unknown,0,Under way using engine,Unknown,Unknown
FRYA                ,211536810,53.5365,8.5775,0,2025-11-05 14:17:42.469412297 +0000 UTC,Unknown,DarkTurquoise,Unknown,Unknown,Unknown,Unknown,Germany 🇩🇪,141,Unknown,Unknown,0,Under way using engine,Unknown,Unknown
SOMTRANS VII,244870141,51.8989,4.3638,8.9,2025-11-05 14:17:42.472993536 +0000 UTC,Unknown,DarkTurquoise,Unknown,Unknown,Unknown,Unknown,Netherlands 🇳🇱,268.6,Unknown,Unknown,-128,Under way using engine,Unknown,Unknown
WSF SEALTH          ,366710820,47.6004,-122.3974,14.8,2025-11-05 14:17:42.471287562 +0000 UTC,Unknown,DarkTurquoise,Unknown,Unknown,Unknown,Unknown,United States 🇺🇸,244.3,Unknown,Unknown,0,Under way using engine,Unknown,Unknown
GLORY               ,314419000,37.9469,23.5452,Unknown,2025-11-05 14:17:42.465581544 +0000 UTC,Cargo,ForestGreen,GR PIR              ,GRPIR,Piraeus,Greece,Barbados 🇧🇧,Unknown,88,14,Unknown,Unknown,8908791,3.2
MARTENS 9,244620834,51.4644,3.6968,1.4,2025-11-05 14:17:42.474167642 +0000 UTC,Unknown,DarkTurquoise,Unknown,Unknown,Unknown,Unknown,Netherlands 🇳🇱,70.4,Unknown,Unknown,-128,Under way using engine,Unknown,Unknown
ATLANTIS            ,276869000,53.913,7.8683,0,2025-11-05 14:17:42.475871566 +0000 UTC,Unknown,DarkTurquoise,Unknown,Unknown,Unknown,Unknown,Estonia 🇪🇪,55.2,Unknown,Unknown,0,At anchor,Unknown,Unknown
TAMBUR              ,265068090,57.7206,11.9805,0,2025-11-05 14:17:42.479243137 +0000 UTC,Unknown,DarkTurquoise,Unknown,Unknown,Unknown,Unknown,Sweden 🇸🇪,70.3,Unknown,Unknown,-128,Under way using engine,Unknown,Unknown
LUBQUEST            ,563014650,1.2996,103.9496,0,2025-11-05 14:17:42.480863156 +0000 UTC,Unknown,DarkTurquoise,Unknown,Unknown,Unknown,Unknown,Singapore 🇸🇬,124.8,Unknown,Unknown,-128,Under way sailing,Unknown,Unknown
FOX SUNRISE,266203000,57.6226,11.4001,12.5,2025-11-05 14:17:42.482694354 +0000 UTC,Unknown,DarkTurquoise,Unknown,Unknown,Unknown,Unknown,Sweden 🇸🇪,98.2,Unknown,Unknown,0,Under way using engine,Unknown,Unknown
MAZY                ,229043000,37.932,23.6823,Unknown,2025-11-05 14:17:42.484578901 +0000 UTC,Pleasure Craft,PeachPuff,FLOISVOS            ,FRFNS,Flins,France,Malta 🇲🇹,Unknown,39,9,Unknown,Unknown,0,2.3
KINTAIL,368179120,48.514,-122.6079,Unknown,2025-11-05 14:17:42.486126418 +0000 UTC,Unknown,DarkTurquoise,Unknown,Unknown,Unknown,Unknown,United States 🇺🇸,Unknown,Unknown,Unknown,Unknown,Unknown,Unknown,Unknown
DE KOP,205512190,51.2755,4.3349,Unknown,2025-11-05 14:17:42.487831111 +0000 UTC,Dredging or Underwater Operations,Black,,Unknown,Unknown,Unknown,Belgium 🇧🇪,Unknown,85,16,Unknown,Unknown,0,0
CORREGGIO,218024380,52.5735,5.8704,Unknown,2025-11-05 14:17:42.490872015 +0000 UTC,Tanker,Navy,HAATLANDHAVEN BIODIE,NOHAA,Ha,Norway,Germany 🇩🇪,Unknown,86,12,Unknown,Unknown,0,2
AGIA CHARIS         ,538011058,55.8932,16.2597,13,2025-11-05 14:17:42.489536979 +0000 UTC,Unknown,DarkTurquoise,Unknown,Unknown,Unknown,Unknown,Marshall Islands 🇲🇭,61.5,Unknown,Unknown,0,Under way using engine,Unknown,Unknown
STUTTGART,211579050,48.8175,9.229,0,2025-11-05 14:17:42.492482525 +0000 UTC,Unknown,DarkTurquoise,Unknown,Unknown,Unknown,Unknown,Germany 🇩🇪,360,Unknown,Unknown,0,Moored,Unknown,Unknown
CECILIA,266397000,56.0022,14.7317,Unknown,2025-11-05 14:17:42.493939144 +0000 UTC,Unknown,DarkTurquoise,Unknown,Unknown,Unknown,Unknown,Sweden 🇸🇪,Unknown,Unknown,Unknown,Unknown,Unknown,Unknown,Unknown
WENDELLA LTD ,367152790,41.8823,-87.6397,2.4,2025-11-05 14:17:43.794105825 +0000 UTC,Passenger Ship,Crimson,USCHI<>USCHI,USCHI,Chicago,United States,United States 🇺🇸,180.8,20,6,-128,Under way using engine,100980988,2.5
ELBE 1,211715020,53.5198,9.97,0,2025-11-05 14:17:42.498968988 +0000 UTC,Unknown,DarkTurquoise,Unknown,Unknown,Unknown,Unknown,Germany 🇩🇪,360,Unknown,Unknown,-128,Under way using engine,Unknown,Unknown
Unknown Vessel,316046625,49.1715,-122.9634,Unknown,2025-11-05 14:17:42.504560796 +0000 UTC,Unknown,DarkTurquoise,Unknown,Unknown,Unknown,Unknown,Canada 🇨🇦,Unknown,Unknown,Unknown,Unknown,Unknown,Unknown,Unknown
CANNIS              ,235053755,50.3603,-4.1196,0,2025-11-05 14:17:46.896020157 +0000 UTC,Unknown,DarkTurquoise,Unknown,Unknown,Unknown,Unknown,United Kingdom 🇬🇧,160,Unknown,Unknown,0,Under way using engine,Unknown,Unknown
KLEINENSIEL,211124650,53.3624,8.4992,4.2,2025-11-05 14:17:42.510141232 +0000 UTC,Unknown,DarkTurquoise,Unknown,Unknown,Unknown,Unknown,Germany 🇩🇪,221.7,Unknown,Unknown,0,Under way using engine,Unknown,Unknown
IKLA                ,276306000,59.4821,24.6094,0.2,2025-11-05 14:17:42.51077567 +0000 UTC,Unknown,DarkTurquoise,Unknown,Unknown,Unknown,Unknown,Estonia 🇪🇪,204.3,Unknown,Unknown,0,Under way using engine,Unknown,Unknown
SONATA,277562000,39.438,-0.3218,0,2025-11-05 14:17:42.511767296 +0000 UTC,Unknown,DarkTurquoise,Unknown,Unknown,Unknown,Unknown,Lithuania 🇱🇹,1.3,Unknown,Unknown,1,Moored,Unknown,Unknown
LA SUPREMA          ,247083700,44.4067,8.9124,0,2025-11-05 14:17:45.083600031 +0000 UTC,Passenger Ship,Crimson,LGN_GOA             ,AROYA,Goya,Argentina,Italy 🇮🇹,331.2,211,30,0,Moored,9214288,7.4
CARABA              ,224240000,41.3463,2.1522,0,2025-11-05 14:17:42.51509107 +0000 UTC,Unknown,DarkTurquoise,Unknown,Unknown,Unknown,Unknown,Spain 🇪🇸,190.8,Unknown,Unknown,0,Under way sailing,Unknown,Unknown
KLEYN AMSTERDAM,244615628,52.3614,4.9022,0,2025-11-05 14:17:42.515703155 +0000 UTC,Unknown,DarkTurquoise,Unknown,Unknown,Unknown,Unknown,Netherlands 🇳🇱,360,Unknown,Unknown,-128,Under way using engine,Unknown,Unknown
SPARTITAXUS ,244750183,52.2924,5.3332,6.2,2025-11-05 14:17:42.518163795 +0000 UTC,Unknown,DarkTurquoise,Unknown,Unknown,Unknown,Unknown,Netherlands 🇳🇱,136.7,Unknown,Unknown,-128,Under way using engine,Unknown,Unknown
STENA GERMANICA,266331000,54.3179,10.1367,0,2025-11-05 14:17:42.519829982 +0000 UTC,Unknown,DarkTurquoise,Unknown,Unknown,Unknown,Unknown,Sweden 🇸🇪,246.4,Unknown,Unknown,0,Moored,Unknown,Unknown
BURRARD CHINOOK     ,316042365,49.3097,-123.0835,0,2025-11-05 14:17:42.520988429 +0000 UTC,Unknown,DarkTurquoise,Unknown,Unknown,Unknown,Unknown,Canada 🇨🇦,34.4,Unknown,Unknown,0,Under way using engine,Unknown,Unknown
VISION DOUS,224226870,42.5003,-8.8535,0.1,2025-11-05 14:17:42.522308947 +0000 UTC,Unknown,DarkTurquoise,Unknown,Unknown,Unknown,Unknown,Spain 🇪🇸,360,Unknown,Unknown,-128,Under way using engine,Unknown,Unknown
PERLE EXPRESS       ,329002300,14.5823,-61.0925,4.2,2025-11-05 14:17:42.523509089 +0000 UTC,Unknown,DarkTurquoise,Unknown,Unknown,Unknown,Unknown,Guadeloupe (French Overseas Department) 🇬🇵,96.3,Unknown,Unknown,0,Under way using engine,Unknown,Unknown
RESCUE GRANSO,265756750,58.4884,16.9424,0,2025-11-05 14:17:42.525174989 +0000 UTC,Unknown,DarkTurquoise,Unknown,Unknown,Unknown,Unknown,Sweden 🇸🇪,250,Unknown,Unknown,11,Under way using engine,Unknown,Unknown
AHTI                ,230947000,60.3105,25.5523,0,2025-11-05 14:17:42.527495053 +0000 UTC,Unknown,DarkTurquoise,Unknown,Unknown,Unknown,Unknown,Finland 🇫🇮,268.7,Unknown,Unknown,5,Under way using engine,Unknown,Unknown
CSL ASSINIBOINE,316001633,44.212,-76.2017,11.1,2025-11-05 14:17:42.530821628 +0000 UTC,Unknown,DarkTurquoise,Unknown,Unknown,Unknown,Unknown,Canada 🇨🇦,246.5,Unknown,Unknown,0,Under way using engine,Unknown,Unknown
POSEIDON,244373144,52.8571,5.1056,0,2025-11-05 14:17:42.532818956 +0000 UTC,Unknown,DarkTurquoise,Unknown,Unknown,Unknown,Unknown,Netherlands 🇳🇱,360,Unknown,Unknown,-128,Under way using engine,Unknown,Unknown
SELVA,667002033,60.2862,28.7587,8.6,2025-11-05 14:17:42.534475534 +0000 UTC,Unknown,DarkTurquoise,Unknown,Unknown,Unknown,Unknown,Sierra Leone 🇸🇱,135.4,Unknown,Unknown,0,Under way using engine,Unknown,Unknown
BASTOE I            ,259401000,59.4121,10.4903,0,2025-11-05 14:17:42.536180649 +0000 UTC,Unknown,DarkTurquoise,Unknown,Unknown,Unknown,Unknown,Norway 🇳🇴,269.7,Unknown,Unknown,0,Under way using engine,Unknown,Unknown
KLARA OLDENDORFF,255806254,59.8044,24.5836,10.2,2025-11-05 14:17:42.537632738 +0000 UTC,Unknown,DarkTurquoise,Unknown,Unknown,Unknown,Unknown,Madeira (Portugal) 🇵🇹,257.2,Unknown,Unknown,0,Under way using engine,Unknown,Unknown
BRAVADO             ,248871000,43.4252,7.044,11.5,2025-11-05 14:17:47.239653781 +0000 UTC,Unknown,DarkTurquoise,Unknown,Unknown,Unknown,Unknown,Malta 🇲🇹,30.4,Unknown,Unknown,-127,Under way using engine,Unknown,Unknown
MARY JANE MORAN     ,368391060,29.9758,-93.8593,7.8,2025-11-05 14:17:42.540658383 +0000 UTC,Unknown,DarkTurquoise,Unknown,Unknown,Unknown,Unknown,United States 🇺🇸,317.7,Unknown,Unknown,127,Under way using engine,Unknown,Unknown
TITAN               ,368257150,29.9149,-93.8879,4.6,2025-11-05 14:17:46.601830991 +0000 UTC,Unknown,DarkTurquoise,Unknown,Unknown,Unknown,Unknown,United States 🇺🇸,40,Unknown,Unknown,-127,Under way using engine,Unknown,Unknown
MIDWEST PRIDE       ,368332090,29.7141,-95.0201,5.9,2025-11-05 14:17:42.543063972 +0000 UTC,Fishing,Gold,Unknown,Unknown,Unknown,Unknown,United States 🇺🇸,0.4,Unknown,Unknown,0,Engaged in fishing,Unknown,Unknown
VB ROTTERDAM        ,245484000,51.9373,4.0574,3.7,2025-11-05 14:17:42.545033047 +0000 UTC,Unknown,DarkTurquoise,Unknown,Unknown,Unknown,Unknown,Netherlands 🇳🇱,241.3,Unknown,Unknown,-127,Under way using engine,Unknown,Unknown
GOELO ENABLER       ,257100000,48.847,-2.5188,7.1,2025-11-05 14:17:47.210555644 +0000 UTC,Unknown,DarkTurquoise,Unknown,Unknown,Unknown,Unknown,Norway 🇳🇴,318.1,Unknown,Unknown,0,Restricted manoeuvrability,Unknown,Unknown
AKUL                ,261521000,54.4018,18.7193,0,2025-11-05 14:17:47.200805275 +0000 UTC,Unknown,DarkTurquoise,Unknown,Unknown,Unknown,Unknown,Poland 🇵🇱,205.4,Unknown,Unknown,0,Under way using engine,Unknown,Unknown
VIGO,244944994,49.506,8.4393,4.6,2025-11-05 14:17:42.550328693 +0000 UTC,Unknown,DarkTurquoise,Unknown,Unknown,Unknown,Unknown,Netherlands 🇳🇱,324.3,Unknown,Unknown,0,Under way using engine,Unknown,Unknown
TOR-ON              ,265708000,57.6453,11.8585,0,2025-11-05 14:17:42.551922501 +0000 UTC,Unknown,DarkTurquoise,Unknown,Unknown,Unknown,Unknown,Sweden 🇸🇪,229.9,Unknown,Unknown,0,Under way using engine,Unknown,Unknown
Unknown Vessel,232027878,50.8427,-1.103,Unknown,2025-11-05 14:17:42.555119352 +0000 UTC,Unknown,DarkTurquoise,Unknown,Unknown,Unknown,Unknown,United Kingdom 🇬🇧,Unknown,12,4,Unknown,Unknown,Unknown,Unknown
CABO KAMUI          ,370361000,48.5099,-122.5799,Unknown,2025-11-05 14:17:42.558013946 +0000 UTC,Tanker,Navy,"ANACORTES,USA       ",CAANZ,Anzac,Canada,Panama 🇵🇦,Unknown,228,32,Unknown,Unknown,9755050,10.4
Unknown Vessel,368380390,47.6297,-122.392,Unknown,2025-11-05 14:17:42.560174617 +0000 UTC,Unknown,DarkTurquoise,Unknown,Unknown,Unknown,Unknown,United States 🇺🇸,Unknown,17,5,Unknown,Unknown,Unknown,Unknown
RMS RATINGEN        ,304193000,55.7195,21.1097,0,2025-11-05 14:17:42.562681975 +0000 UTC,Unknown,DarkTurquoise,Unknown,Unknown,Unknown,Unknown,Antigua and Barbuda 🇦🇬,304.6,Unknown,Unknown,0,Moored,Unknown,Unknown
HEL-150             ,261003910,54.5003,19.0737,9.3,2025-11-05 14:17:42.564747522 +0000 UTC,Fishing,Gold,Unknown,Unknown,Unknown,Unknown,Poland 🇵🇱,298.5,Unknown,Unknown,-127,Engaged in fishing,Unknown,Unknown
MAUNA KEA,205321090,51.2551,4.399,0,2025-11-05 14:17:42.566344231 +0000 UTC,Unknown,DarkTurquoise,Unknown,Unknown,Unknown,Unknown,Belgium 🇧🇪,360,Unknown,Unknown,-128,Under way using engine,Unknown,Unknown
SVEA,265607090,57.6509,11.7929,0.1,2025-11-05 14:17:42.56771229 +0000 UTC,Unknown,DarkTurquoise,Unknown,Unknown,Unknown,Unknown,Sweden 🇸🇪,21.8,Unknown,Unknown,0,Under way using engine,Unknown,Unknown
PARAT               ,211283440,53.8974,9.1564,0,2025-11-05 14:17:42.568893241 +0000 UTC,Unknown,DarkTurquoise,Unknown,Unknown,Unknown,Unknown,Germany 🇩🇪,345.3,Unknown,Unknown,0,Under way using engine,Unknown,Unknown
VOLHARDING 7,244710879,51.9046,4.4801,11.2,2025-11-05 14:17:42.570032005 +0000 UTC,Unknown,DarkTurquoise,Unknown,Unknown,Unknown,Unknown,Netherlands 🇳🇱,45.4,Unknown,Unknown,-128,Under way using engine,Unknown,Unknown
LA PERLA DIEZ,224364660,37.1771,-6.9528,Unknown,2025-11-05 14:17:42.571892245 +0000 UTC,Unknown,DarkTurquoise,Unknown,Unknown,Unknown,Unknown,Spain 🇪🇸,Unknown,Unknown,Unknown,Unknown,Unknown,Unknown,Unknown
BJORG,305299000,53.5682,9.6765,10.5,2025-11-05 14:17:42.57452458 +0000 UTC,Unknown,DarkTurquoise,Unknown,Unknown,Unknown,Unknown,Antigua and Barbuda 🇦🇬,279,Unknown,Unknown,0,Under way using engine,Unknown,Unknown
FAIRPLAY IV,261031580,54.5316,18.5227,0,2025-11-05 14:17:42.580527853 +0000 UTC,Unknown,DarkTurquoise,Unknown,Unknown,Unknown,Unknown,Poland 🇵🇱,360,Unknown,Unknown,0,Under way using engine,Unknown,Unknown
CATALINA JET        ,367199310,33.7486,-118.274,0.1,2025-11-05 14:17:42.581617632 +0000 UTC,Unknown,DarkTurquoise,Unknown,Unknown,Unknown,Unknown,United States 🇺🇸,302.3,Unknown,Unknown,-128,Undefined,Unknown,Unknown
LOUTRO              ,248870000,37.9181,23.5741,3,2025-11-05 14:17:42.58260988 +0000 UTC,Unknown,DarkTurquoise,Unknown,Unknown,Unknown,Unknown,Malta 🇲🇹,310.8,Unknown,Unknown,127,Under way using engine,Unknown,Unknown
ADLER EXPRESS       ,211209290,54.4726,9.0269,0,2025-11-05 14:17:42.58405408 +0000 UTC,Unknown,DarkTurquoise,Unknown,Unknown,Unknown,Unknown,Germany 🇩🇪,287.7,Unknown,Unknown,0,Under way using engine,Unknown,Unknown
GV PHOENIX          ,235001320,51.6998,1.4831,1.9,2025-11-05 14:17:44.458311822 +0000 UTC,Unknown,DarkTurquoise,Unknown,Unknown,Unknown,Unknown,United Kingdom 🇬🇧,81.3,Unknown,Unknown,-127,Under way using engine,Unknown,Unknown
KROKODIL            ,211770700,52.3152,13.6464,0,2025-11-05 14:17:42.587654834 +0000 UTC,Unknown,DarkTurquoise,Unknown,Unknown,Unknown,Unknown,Germany 🇩🇪,360,Unknown,Unknown,-128,Under way using engine,Unknown,Unknown
ALAIN D,244192305,52.41,4.7731,0,2025-11-05 14:17:42.589697018 +0000 UTC,Unknown,DarkTurquoise,Unknown,Unknown,Unknown,Unknown,Netherlands 🇳🇱,177.5,Unknown,Unknown,-128,Moored,Unknown,Unknown
AC AMITY            ,351187000,54.323,-130.3351,Unknown,2025-11-05 14:17:42.591054867 +0000 UTC,Cargo,ForestGreen,PRINCE RUPERT CANADA,CAPRR,Prince Rupert,Canada,Panama 🇵🇦,Unknown,181,28,Unknown,Unknown,9623116,6.5
Unknown Vessel,244050341,51.8282,4.6645,Unknown,2025-11-05 14:17:42.592075868 +0000 UTC,Unknown,DarkTurquoise,Unknown,Unknown,Unknown,Unknown,Netherlands 🇳🇱,Unknown,14,4,Unknown,Unknown,Unknown,Unknown
NOVA-STELLA,219007314,56.1071,12.4748,7.7,2025-11-05 14:17:42.593176085 +0000 UTC,Unknown,DarkTurquoise,Unknown,Unknown,Unknown,Unknown,Denmark 🇩🇰,294.5,Unknown,Unknown,0,Under way using engine,Unknown,Unknown
VASCO 2,211543040,51.2183,6.752,0,2025-11-05 14:17:42.594546081 +0000 UTC,Unknown,DarkTurquoise,Unknown,Unknown,Unknown,Unknown,Germany 🇩🇪,34.8,Unknown,Unknown,-128,Under way using engine,Unknown,Unknown
STRETTO MESSINA     ,247054300,38.1323,15.524,0,2025-11-05 14:17:42.595719682 +0000 UTC,Unknown,DarkTurquoise,Unknown,Unknown,Unknown,Unknown,Italy 🇮🇹,319,Unknown,Unknown,-128,Under way using engine,Unknown,Unknown
GJERTRUD VI,258175150,59.8364,10.4766,Unknown,2025-11-05 14:17:42.596876998 +0000 UTC,Unknown,DarkTurquoise,Unknown,Unknown,Unknown,Unknown,Norway 🇳🇴,Unknown,Unknown,Unknown,Unknown,Unknown,Unknown,Unknown
JOHN-CAMILLE        ,227316430,49.4903,-0.3689,1.9,2025-11-05 14:17:42.598088889 +0000 UTC,Unknown,DarkTurquoise,Unknown,Unknown,Unknown,Unknown,France 🇫🇷,126.1,Unknown,Unknown,-128,Under way using engine,Unknown,Unknown
WLA 31,261009040,54.7969,18.4178,0,2025-11-05 14:17:42.601503806 +0000 UTC,Fishing,Gold,Unknown,Unknown,Unknown,Unknown,Poland 🇵🇱,37.4,Unknown,Unknown,-128,Engaged in fishing,Unknown,Unknown
SKARVEN             ,265547250,57.7035,11.9444,8,2025-11-05 14:17:42.6024974 +0000 UTC,Unknown,DarkTurquoise,Unknown,Unknown,Unknown,Unknown,Sweden 🇸🇪,267.2,Unknown,Unknown,127,Under way using engine,Unknown,Unknown
PONT AVEN           ,228183600,50.8107,-1.0953,0,2025-11-05 14:17:42.605350122 +0000 UTC,Unknown,DarkTurquoise,Unknown,Unknown,Unknown,Unknown,France 🇫🇷,281.1,Unknown,Unknown,0,Under way using engine,Unknown,Unknown
RESCUE TRONDHEIM SAR,257508700,63.4384,10.4111,0.1,2025-11-05 14:17:42.607165212 +0000 UTC,Unknown,DarkTurquoise,Unknown,Unknown,Unknown,Unknown,Norway 🇳🇴,101.4,Unknown,Unknown,-128,Under way using engine,Unknown,Unknown
GETAWAY,237572800,37.8701,23.7343,0.1,2025-11-05 14:17:42.608601009 +0000 UTC,Fishing,Gold,Unknown,Unknown,Unknown,Unknown,Greece 🇬🇷,360,Unknown,Unknown,-128,Engaged in fishing,Unknown,Unknown
SEA CHAMP           ,316054196,50.0378,-125.2445,0,2025-11-05 14:17:42.613157805 +0000 UTC,Unknown,DarkTurquoise,Unknown,Unknown,Unknown,Unknown,Canada 🇨🇦,360,Unknown,Unknown,-128,,Unknown,Unknown
NINGBO EXPRESS,636093154,53.5031,9.9378,0,2025-11-05 14:17:42.614702391 +0000 UTC,Unknown,DarkTurquoise,Unknown,Unknown,Unknown,Unknown,Liberia 🇱🇷,61.5,Unknown,Unknown,0,Under way using engine,Unknown,Unknown
ANGELES ALVARINO@@:,225431000,42.226,-8.7465,0,2025-11-05 14:17:42.615617598 +0000 UTC,Unknown,DarkTurquoise,Unknown,Unknown,Unknown,Unknown,Spain 🇪🇸,10.9,Unknown,Unknown,-128,Moored,Unknown,Unknown
GRENADINES,228200650,43.6562,7.1811,Unknown,2025-11-05 14:17:42.616429675 +0000 UTC,Unknown,DarkTurquoise,Unknown,Unknown,Unknown,Unknown,France 🇫🇷,Unknown,Unknown,Unknown,Unknown,Unknown,Unknown,Unknown
YE55 ARNOUTMAGDALENA,244256000,52.9533,4.7154,6.2,2025-11-05 14:17:42.617079714 +0000 UTC,Unknown,DarkTurquoise,Unknown,Unknown,Unknown,Unknown,Netherlands 🇳🇱,218.8,Unknown,Unknown,-127,Under way using engine,Unknown,Unknown
TYPHOON CLIPPER     ,235056986,51.508,-0.038,29.3,2025-11-05 14:17:42.617742637 +0000 UTC,Unknown,DarkTurquoise,Unknown,Unknown,Unknown,Unknown,United Kingdom 🇬🇧,101.6,Unknown,Unknown,-128,,Unknown,Unknown
FIDATO,244650035,51.9022,4.5786,10.2,2025-11-05 14:17:42.619069033 +0000 UTC,Unknown,DarkTurquoise,Unknown,Unknown,Unknown,Unknown,Netherlands 🇳🇱,110.1,Unknown,Unknown,127,Under way using engine,Unknown,Unknown
SAMSON              ,231108300,62.0071,-6.7738,Unknown,2025-11-05 14:17:42.621551651 +0000 UTC,Tug Boat,Silver,FO THO              ,Unknown,Unknown,Unknown,Faroe Islands (Denmark) 🇫🇴,Unknown,26,8,Unknown,Unknown,9194725,3.4
NOORD,244750831,51.5051,4.2607,0,2025-11-05 14:17:42.622889497 +0000 UTC,Unknown,DarkTurquoise,Unknown,Unknown,Unknown,Unknown,Netherlands 🇳🇱,360,Unknown,Unknown,-128,Moored,Unknown,Unknown
VULCAN              ,235077424,51.418,0.7361,0,2025-11-05 14:17:42.62457698 +0000 UTC,Unknown,DarkTurquoise,Unknown,Unknown,Unknown,Unknown,United Kingdom 🇬🇧,0,Unknown,Unknown,-128,Under way using engine,Unknown,Unknown
KBV 414,265590500,58.4827,16.9636,7.9,2025-11-05 14:17:42.627142729 +0000 UTC,Unknown,DarkTurquoise,Unknown,Unknown,Unknown,Unknown,Sweden 🇸🇪,192,Unknown,Unknown,42,Under way using engine,Unknown,Unknown
TRANS HAV,249497000,59.4781,5.087,13.9,2025-11-05 14:17:42.628769724 +0000 UTC,Unknown,DarkTurquoise,Unknown,Unknown,Unknown,Unknown,Malta 🇲🇹,140.5,Unknown,Unknown,7,Under way using engine,Unknown,Unknown
DELTA TERESA        ,368084540,33.7194,-118.2301,7.5,2025-11-05 14:17:42.630421725 +0000 UTC,Unknown,DarkTurquoise,Unknown,Unknown,Unknown,Unknown,United States 🇺🇸,236.7,Unknown,Unknown,0,Under way using engine,Unknown,Unknown
Unknown Vessel,503180080,43.6357,7.1371,Unknown,2025-11-05 14:17:42.631351293 +0000 UTC,Unknown,DarkTurquoise,Unknown,Unknown,Unknown,Unknown,Australia 🇦🇺,Unknown,12,4,Unknown,Unknown,Unknown,Unknown
TERNVIND            ,219554000,57.6504,11.717,11.8,2025-11-05 14:17:42.638430843 +0000 UTC,Unknown,DarkTurquoise,Unknown,Unknown,Unknown,Unknown,Denmark 🇩🇰,70.1,Unknown,Unknown,0,Under way using engine,Unknown,Unknown
SAFIRA,244110812,51.8894,4.9968,0,2025-11-05 14:17:42.639521389 +0000 UTC,Unknown,DarkTurquoise,Unknown,Unknown,Unknown,Unknown,Netherlands 🇳🇱,0,Unknown,Unknown,0,Undefined,Unknown,Unknown
NH-KAN 1,244170638,52.4217,4.9485,0,2025-11-05 14:17:42.644762844 +0000 UTC,Unknown,DarkTurquoise,Unknown,Unknown,Unknown,Unknown,Netherlands 🇳🇱,360,Unknown,Unknown,-128,Restricted manoeuvrability,Unknown,Unknown
KIRCHDORF,211437250,53.5458,9.841,6.2,2025-11-05 14:17:42.64753723 +0000 UTC,Unknown,DarkTurquoise,Unknown,Unknown,Unknown,Unknown,Germany 🇩🇪,261,Unknown,Unknown,0,Moored,Unknown,Unknown
PERNILLE            ,219014974,56.0353,12.6267,9.4,2025-11-05 14:17:42.649279797 +0000 UTC,Unknown,DarkTurquoise,Unknown,Unknown,Unknown,Unknown,Denmark 🇩🇰,257.1,Unknown,Unknown,0,Under way using engine,Unknown,Unknown
F/V NO LIMIT        ,227315690,49.5287,-0.474,2.1,2025-11-05 14:17:42.651060534 +0000 UTC,Unknown,DarkTurquoise,Unknown,Unknown,Unknown,Unknown,France 🇫🇷,124.1,Unknown,Unknown,-127,Undefined,Unknown,Unknown
IV MARY K,316040502,44.6208,-63.5823,Unknown,2025-11-05 14:17:42.652654713 +0000 UTC,Unknown,DarkTurquoise,Unknown,Unknown,Unknown,Unknown,Canada 🇨🇦,Unknown,Unknown,Unknown,Unknown,Unknown,Unknown,Unknown
EXPLOSIEF           ,244750160,51.8165,5.3742,10.5,2025-11-05 14:17:42.653488517 +0000 UTC,Unknown,DarkTurquoise,Unknown,Unknown,Unknown,Unknown,Netherlands 🇳🇱,205.8,Unknown,Unknown,-128,Under way using engine,Unknown,Unknown
NOSOROZEC B-01      ,261186081,54.3738,18.6536,0,2025-11-05 14:17:42.654682786 +0000 UTC,Unknown,DarkTurquoise,Unknown,Unknown,Unknown,Unknown,Poland 🇵🇱,0,Unknown,Unknown,-128,Under way using engine,Unknown,Unknown
LYNCEUS             ,232003238,54.9921,-1.4495,0.1,2025-11-05 14:17:42.657258874 +0000 UTC,Unknown,DarkTurquoise,Unknown,Unknown,Unknown,Unknown,United Kingdom 🇬🇧,286.8,Unknown,Unknown,-128,Under way using engine,Unknown,Unknown
NICKELINE,244020365,51.9215,4.4996,0.1,2025-11-05 14:17:42.658564779 +0000 UTC,Unknown,DarkTurquoise,Unknown,Unknown,Unknown,Unknown,Netherlands 🇳🇱,169.7,Unknown,Unknown,-128,Under way using engine,Unknown,Unknown
OCEAN SPRING        ,477154800,35.5848,141.0019,13.9,2025-11-05 14:17:42.659737466 +0000 UTC,Unknown,DarkTurquoise,Unknown,Unknown,Unknown,Unknown,Hong Kong (China) 🇭🇰,35.2,Unknown,Unknown,0,Under way using engine,Unknown,Unknown
IPANEMAS,241213000,37.8776,23.7249,Unknown,2025-11-05 14:17:42.707375233 +0000 UTC,Pleasure Craft,PeachPuff,AEGEAN SEA,EEAEN,Aegna,Estonia,Greece 🇬🇷,Unknown,45,8,Unknown,Unknown,8662476,0
LOLA1,375219000,63.1038,7.7775,0.1,2025-11-05 14:17:42.709224674 +0000 UTC,Unknown,DarkTurquoise,Unknown,Unknown,Unknown,Unknown,Saint Vincent and the Grenadines 🇻🇨,334,Unknown,Unknown,0,Moored,Unknown,Unknown
VALAIS              ,247230000,38.1288,13.3673,0.1,2025-11-05 14:17:42.710270528 +0000 UTC,Unknown,DarkTurquoise,Unknown,Unknown,Unknown,Unknown,Italy 🇮🇹,198.9,Unknown,Unknown,-128,Moored,Unknown,Unknown
BIG ELLI            ,211245650,39.5676,2.6422,Unknown,2025-11-05 14:17:42.711237063 +0000 UTC,Unknown,DarkTurquoise,Unknown,Unknown,Unknown,Unknown,Germany 🇩🇪,Unknown,Unknown,Unknown,Unknown,Unknown,Unknown,Unknown
AQUA SPRINTER1,211353520,51.8211,4.6932,0,2025-11-05 14:17:42.712011463 +0000 UTC,Unknown,DarkTurquoise,Unknown,Unknown,Unknown,Unknown,Germany 🇩🇪,360,Unknown,Unknown,-128,Moored,Unknown,Unknown
GIANT 6             ,563077920,10.6804,-61.6474,Unknown,2025-11-05 14:17:42.713321449 +0000 UTC,Unknown,DarkTurquoise,Unknown,Unknown,Unknown,Unknown,Singapore 🇸🇬,Unknown,Unknown,Unknown,Unknown,Unknown,Unknown,Unknown
ASTERIX,244754426,52.8664,5.685,7.6,2025-11-05 14:17:42.713815454 +0000 UTC,Unknown,DarkTurquoise,Unknown,Unknown,Unknown,Unknown,Netherlands 🇳🇱,17.9,Unknown,Unknown,-128,Under way using engine,Unknown,Unknown
SAN KENNEDY         ,367330890,29.721,-95.2745,0,2025-11-05 14:17:42.714274831 +0000 UTC,Unknown,DarkTurquoise,Unknown,Unknown,Unknown,Unknown,United States 🇺🇸,323.8,Unknown,Unknown,0,,Unknown,Unknown
F/V PAPI PAUL       ,228364000,47.2311,-2.8501,3.3,2025-11-05 14:17:42.714872679 +0000 UTC,Unknown,DarkTurquoise,Unknown,Unknown,Unknown,Unknown,France 🇫🇷,88.6,Unknown,Unknown,-128,Under way using engine,Unknown,Unknown
MISS TAMI JO        ,367430760,37.0024,-76.2485,4.3,2025-11-05 14:17:42.715737855 +0000 UTC,Unknown,DarkTurquoise,Unknown,Unknown,Unknown,Unknown,United States 🇺🇸,90.6,Unknown,Unknown,-128,Under way using engine,Unknown,Unknown
ARCHON MICHAIL,240043800,37.9683,23.547,7.1,2025-11-05 14:17:42.716215354 +0000 UTC,Unknown,DarkTurquoise,Unknown,Unknown,Unknown,Unknown,Greece 🇬🇷,4.3,Unknown,Unknown,-128,Under way using engine,Unknown,Unknown
KOKMEEUW,244110531,52.418,4.8052,0.1,2025-11-05 14:17:42.717788749 +0000 UTC,Unknown,DarkTurquoise,Unknown,Unknown,Unknown,Unknown,Netherlands 🇳🇱,325,Unknown,Unknown,-128,Undefined,Unknown,Unknown
ARDEA,368269470,47.6286,-122.3897,Unknown,2025-11-05 14:17:42.718262859 +0000 UTC,Unknown,DarkTurquoise,Unknown,Unknown,Unknown,Unknown,United States 🇺🇸,Unknown,Unknown,Unknown,Unknown,Unknown,Unknown,Unknown
DJURGARDEN 10,265586630,59.3286,18.0803,0,2025-11-05 14:17:42.720307808 +0000 UTC,Unknown,DarkTurquoise,Unknown,Unknown,Unknown,Unknown,Sweden 🇸🇪,267.5,Unknown,Unknown,0,Undefined,Unknown,Unknown
EMMA COSULICH       ,563056400,1.1984,103.7391,0,2025-11-05 14:17:42.721567414 +0000 UTC,Unknown,DarkTurquoise,Unknown,Unknown,Unknown,Unknown,Singapore 🇸🇬,10.3,Unknown,Unknown,0,Under way using engine,Unknown,Unknown
WYATT M             ,367492920,33.7355,-118.2711,0,2025-11-05 14:17:42.723495222 +0000 UTC,Unknown,DarkTurquoise,Unknown,Unknown,Unknown,Unknown,United States 🇺🇸,338.9,Unknown,Unknown,-128,Undefined,Unknown,Unknown
XIN MING ZHU IX     ,477997084,22.2904,114.1597,12.7,2025-11-05 14:17:42.723979648 +0000 UTC,Unknown,DarkTurquoise,Unknown,Unknown,Unknown,Unknown,Hong Kong (China) 🇭🇰,138.2,Unknown,Unknown,127,Moored,Unknown,Unknown
KLABAUTERMANN,211540690,51.8579,12.0594,0,2025-11-05 14:17:42.72458598 +0000 UTC,Unknown,DarkTurquoise,Unknown,Unknown,Unknown,Unknown,Germany 🇩🇪,360,Unknown,Unknown,-128,Under way using engine,Unknown,Unknown
DPC DODDER          ,250006249,53.3469,-6.204,0.1,2025-11-05 14:17:42.725698194 +0000 UTC,Unknown,DarkTurquoise,Unknown,Unknown,Unknown,Unknown,Ireland 🇮🇪,360,Unknown,Unknown,0,Under way using engine,Unknown,Unknown
CG26143,338926143,42.3677,-71.051,0.9,2025-11-05 14:17:42.726021009 +0000 UTC,Unknown,DarkTurquoise,Unknown,Unknown,Unknown,Unknown,United States 🇺🇸,274.1,Unknown,Unknown,-128,Under way using engine,Unknown,Unknown
PALMAILLE,211511010,53.5454,9.9621,0,2025-11-05 14:17:45.53183008 +0000 UTC,Tanker,Navy,MILLERNTOR          ,FRMQY,Millery,France,Germany 🇩🇪,360,41,6,-128,Moored,0,0
JONA SOPHIE         ,255805601,34.2308,32.7162,0.4,2025-11-05 14:17:42.728670625 +0000 UTC,Unknown,DarkTurquoise,Unknown,Unknown,Unknown,Unknown,Madeira (Portugal) 🇵🇹,245.8,Unknown,Unknown,0,Under way using engine,Unknown,Unknown
DAT OLE LAND 2,211560830,53.5579,9.7885,8.3,2025-11-05 14:17:42.728241991 +0000 UTC,Unknown,DarkTurquoise,Unknown,Unknown,Unknown,Unknown,Germany 🇩🇪,286.8,Unknown,Unknown,-128,Under way using engine,Unknown,Unknown
SALAM 5             ,622123208,31.256,32.3228,0,2025-11-05 14:17:42.72901979 +0000 UTC,Unknown,DarkTurquoise,Unknown,Unknown,Unknown,Unknown,Egypt 🇪🇬,257.2,Unknown,Unknown,1,Under way using engine,Unknown,Unknown
SUNNY GRACE         ,372049000,31.9144,31.6277,11.3,2025-11-05 14:17:42.729410324 +0000 UTC,Unknown,DarkTurquoise,Unknown,Unknown,Unknown,Unknown,Panama 🇵🇦,121.1,Unknown,Unknown,0,Under way using engine,Unknown,Unknown
RIMAR               ,630001177,34.301,32.8229,7.2,2025-11-05 14:17:42.7300174 +0000 UTC,Unknown,DarkTurquoise,Unknown,Unknown,Unknown,Unknown,Guinea-Bissau 🇬🇼,294.9,Unknown,Unknown,0,Under way using engine,Unknown,Unknown
BROTHERS RS         ,677080800,34.5114,32.8459,10.7,2025-11-05 14:17:42.730378113 +0000 UTC,Unknown,DarkTurquoise,Unknown,Unknown,Unknown,Unknown,Tanzania 🇹🇿,109.5,Unknown,Unknown,0,Under way using engine,Unknown,Unknown
Unknown Vessel,244124330,51.9205,5.9836,Unknown,2025-11-05 14:17:42.731438689 +0000 UTC,Unknown,DarkTurquoise,Unknown,Unknown,Unknown,Unknown,Netherlands 🇳🇱,Unknown,12,4,Unknown,Unknown,Unknown,Unknown
OEYSPRINTEN,257030900,59.2499,10.7356,0,2025-11-05 14:17:42.731887841 +0000 UTC,Unknown,DarkTurquoise,Unknown,Unknown,Unknown,Unknown,Norway 🇳🇴,331.7,Unknown,Unknown,0,Moored,Unknown,Unknown
TIMMY               ,244740878,51.7877,4.6296,0,2025-11-05 14:17:42.732185486 +0000 UTC,Unknown,DarkTurquoise,Unknown,Unknown,Unknown,Unknown,Netherlands 🇳🇱,360,Unknown,Unknown,-128,Under way using engine,Unknown,Unknown
GIRAGLIA            ,247458000,43.5568,10.3037,0,2025-11-05 14:17:42.733077834 +0000 UTC,Unknown,DarkTurquoise,Unknown,Unknown,Unknown,Unknown,Italy 🇮🇹,111.3,Unknown,Unknown,0,Moored,Unknown,Unknown
LCU 9738,235075498,50.3929,-4.1869,0,2025-11-05 14:17:42.732572739 +0000 UTC,Unknown,DarkTurquoise,Unknown,Unknown,Unknown,Unknown,United Kingdom 🇬🇧,360,Unknown,Unknown,0,Moored,Unknown,Unknown
POSEIDONAS,237008100,37.7865,23.4445,Unknown,2025-11-05 14:17:42.733557882 +0000 UTC,Passenger Ship,Crimson,,Unknown,Unknown,Unknown,Greece 🇬🇷,Unknown,86,15,Unknown,Unknown,8966963,0
PILOT 794 SE,265585590,57.7073,11.6635,0,2025-11-05 14:17:42.734293402 +0000 UTC,Unknown,DarkTurquoise,Unknown,Unknown,Unknown,Unknown,Sweden 🇸🇪,336.8,Unknown,Unknown,0,Undefined,Unknown,Unknown
CHARLES A           ,367608840,40.7835,-73.9219,9.6,2025-11-05 14:17:42.734873848 +0000 UTC,Unknown,DarkTurquoise,Unknown,Unknown,Unknown,Unknown,United States 🇺🇸,216.9,Unknown,Unknown,-127,,Unknown,Unknown
OLIESERVICE 3,244670164,51.7869,4.6442,0,2025-11-05 14:17:42.735392717 +0000 UTC,Unknown,DarkTurquoise,Unknown,Unknown,Unknown,Unknown,Netherlands 🇳🇱,0,Unknown,Unknown,-128,Under way using engine,Unknown,Unknown
O 98 AMANDA         ,219003103,55.4495,10.6644,0,2025-11-05 14:17:42.739606891 +0000 UTC,Unknown,DarkTurquoise,Unknown,Unknown,Unknown,Unknown,Denmark 🇩🇰,320.5,Unknown,Unknown,-128,Undefined,Unknown,Unknown
PSA THOR CS03       ,563060200,1.2644,103.7696,9.2,2025-11-05 14:17:42.736782653 +0000 UTC,Unknown,DarkTurquoise,Unknown,Unknown,Unknown,Unknown,Singapore 🇸🇬,305.4,Unknown,Unknown,0,Moored,Unknown,Unknown
GOUWE,244750894,51.8847,4.4559,0,2025-11-05 14:17:42.735732955 +0000 UTC,Unknown,DarkTurquoise,Unknown,Unknown,Unknown,Unknown,Netherlands 🇳🇱,360,Unknown,Unknown,-128,Moored,Unknown,Unknown
TRITON,265813560,59.3026,18.0774,0,2025-11-05 14:17:42.736536083 +0000 UTC,Unknown,DarkTurquoise,Unknown,Unknown,Unknown,Unknown,Sweden 🇸🇪,360,Unknown,Unknown,0,Restricted manoeuvrability,Unknown,Unknown
HURIA MATENGA II    ,512007650,-41.2616,173.2729,0,2025-11-05 14:17:42.742781508 +0000 UTC,Unknown,DarkTurquoise,Unknown,Unknown,Unknown,Unknown,New Zealand 🇳🇿,168.9,Unknown,Unknown,0,Under way using engine,Unknown,Unknown
ISLA MARGARET       ,367709350,28.9073,-95.3636,6.1,2025-11-05 14:17:42.744612785 +0000 UTC,Unknown,DarkTurquoise,Unknown,Unknown,Unknown,Unknown,United States 🇺🇸,51,Unknown,Unknown,-127,Under way using engine,Unknown,Unknown
FAEHRBAER 4,211800200,52.5349,13.2152,0,2025-11-05 14:17:42.746068945 +0000 UTC,Unknown,DarkTurquoise,Unknown,Unknown,Unknown,Unknown,Germany 🇩🇪,360,Unknown,Unknown,-128,Under way using engine,Unknown,Unknown
SIRENA,503125780,-32.0663,115.7471,Unknown,2025-11-05 14:17:42.747511173 +0000 UTC,Unknown,DarkTurquoise,Unknown,Unknown,Unknown,Unknown,Australia 🇦🇺,Unknown,Unknown,Unknown,Unknown,Unknown,Unknown,Unknown
KAREN,304108000,53.425,14.573,0,2025-11-05 14:17:42.748548083 +0000 UTC,Unknown,DarkTurquoise,Unknown,Unknown,Unknown,Unknown,Antigua and Barbuda 🇦🇬,267.2,Unknown,Unknown,-1,Moored,Unknown,Unknown
BARRACUDA,305306000,-34.1905,18.4353,0.1,2025-11-05 14:17:42.75130011 +0000 UTC,Unknown,DarkTurquoise,Unknown,Unknown,Unknown,Unknown,Antigua and Barbuda 🇦🇬,16.3,Unknown,Unknown,-128,Under way using engine,Unknown,Unknown
Z FIVE,367396790,37.819,-122.3093,0,2025-11-05 14:17:42.754057168 +0000 UTC,Unknown,DarkTurquoise,Unknown,Unknown,Unknown,Unknown,United States 🇺🇸,360,Unknown,Unknown,0,Under way using engine,Unknown,Unknown
Unknown Vessel,503000248,-12.4613,130.8505,0,2025-11-05 14:17:42.756566774 +0000 UTC,Unknown,DarkTurquoise,Unknown,Unknown,Unknown,Unknown,Australia 🇦🇺,353.6,Unknown,Unknown,0,Moored,Unknown,Unknown
ASYA,319564000,41.2105,1.7317,Unknown,2025-11-05 14:17:42.757967286 +0000 UTC,Pleasure Craft,PeachPuff,VILANOVA,ESVLG,Villanueva y Geltru (Vilanova i la Geltru),Spain,Cayman Islands (British Overseas Territory) 🇰🇾,Unknown,47,9,Unknown,Unknown,1012440,2.9
VANGUARD            ,366760680,32.1514,-81.1479,0,2025-11-05 14:17:42.758650188 +0000 UTC,Unknown,DarkTurquoise,Unknown,Unknown,Unknown,Unknown,United States 🇺🇸,185.7,Unknown,Unknown,0,Under way using engine,Unknown,Unknown
Unknown Vessel,205456670,51.3117,3.1202,Unknown,2025-11-05 14:17:42.761287122 +0000 UTC,Unknown,DarkTurquoise,Unknown,Unknown,Unknown,Unknown,Belgium 🇧🇪,Unknown,13,4,Unknown,Unknown,Unknown,Unknown
MV  DEFENDER        ,232044217,51.6777,-7.8386,4.7,2025-11-05 14:17:42.760276124 +0000 UTC,Unknown,DarkTurquoise,Unknown,Unknown,Unknown,Unknown,United Kingdom 🇬🇧,355.4,Unknown,Unknown,0,Under way using engine,Unknown,Unknown
NORDIC SIRA,257941000,57.6834,11.8383,9.3,2025-11-05 14:17:42.762873124 +0000 UTC,Unknown,DarkTurquoise,Unknown,Unknown,Unknown,Unknown,Norway 🇳🇴,257.5,Unknown,Unknown,0,Under way using engine,Unknown,Unknown
BRANDY NICOLE,367612050,30.1072,-93.2845,0,2025-11-05 14:17:42.763968846 +0000 UTC,Unknown,DarkTurquoise,Unknown,Unknown,Unknown,Unknown,United States 🇺🇸,360,Unknown,Unknown,-128,Under way using engine,Unknown,Unknown
AQUILA              ,538009791,-32.8866,151.7634,Unknown,2025-11-05 14:17:42.765596052 +0000 UTC,Cargo,ForestGreen,JP OTK > AU NTL     ,AUNTL,Newcastle,Australia,Marshall Islands 🇲🇭,Unknown,225,32,Unknown,Unknown,9326160,6.7
PILOT 744 SE,265511430,57.6317,11.6093,0,2025-11-05 14:17:42.766805048 +0000 UTC,Unknown,DarkTurquoise,Unknown,Unknown,Unknown,Unknown,Sweden 🇸🇪,325.9,Unknown,Unknown,-128,,Unknown,Unknown
H.KANTER            ,276504000,60.1194,25.0107,Unknown,2025-11-05 14:17:42.767979989 +0000 UTC,Tug Boat,Silver,HELSINKI            ,Unknown,Unknown,Unknown,Estonia 🇪🇪,Unknown,32,12,Unknown,Unknown,9277199,4.5
WERRA ,211505940,0.0,0.0,0,2025-11-05 14:17:42.769063427 +0000 UTC,Unknown,DarkTurquoise,Unknown,Unknown,Unknown,Unknown,Germany 🇩🇪,0,Unknown,Unknown,0,Moored,Unknown,Unknown
NAIL,225019730,35.2929,-2.9315,Unknown,2025-11-05 14:17:42.771610114 +0000 UTC,Unknown,DarkTurquoise,Unknown,Unknown,Unknown,Unknown,Spain 🇪🇸,Unknown,Unknown,Unknown,Unknown,Unknown,Unknown,Unknown
DEFENDER            ,538010539,38.963,-76.4078,0.5,2025-11-05 14:17:42.770472696 +0000 UTC,Unknown,DarkTurquoise,Unknown,Unknown,Unknown,Unknown,Marshall Islands 🇲🇭,295.5,Unknown,Unknown,-11,At anchor,Unknown,Unknown
Unknown Vessel,243043004,39.4272,-0.3306,Unknown,2025-11-05 14:17:42.773011455 +0000 UTC,Unknown,DarkTurquoise,Unknown,Unknown,Unknown,Unknown,Hungary 🇭🇺,Unknown,16,5,Unknown,Unknown,Unknown,Unknown
DONNA ALEXANDRA     ,636021507,51.8924,4.2726,0,2025-11-05 14:17:42.77471981 +0000 UTC,Unknown,DarkTurquoise,Unknown,Unknown,Unknown,Unknown,Liberia 🇱🇷,0,Unknown,Unknown,2,Moored,Unknown,Unknown
SIMONE MARTINI      ,247003800,37.9759,12.422,11.9,2025-11-05 14:17:42.777006755 +0000 UTC,Unknown,DarkTurquoise,Unknown,Unknown,Unknown,Unknown,Italy 🇮🇹,63.4,Unknown,Unknown,0,Under way using engine,Unknown,Unknown
VIKING TIDE         ,316003446,49.1748,-122.9174,0,2025-11-05 14:17:42.780419852 +0000 UTC,Unknown,DarkTurquoise,Unknown,Unknown,Unknown,Unknown,Canada 🇨🇦,183.6,Unknown,Unknown,0,Under way using engine,Unknown,Unknown
PROGRESS 1,211767690,51.4525,6.73,0,2025-11-05 14:17:42.783858328 +0000 UTC,Unknown,DarkTurquoise,Unknown,Unknown,Unknown,Unknown,Germany 🇩🇪,360,Unknown,Unknown,-128,Moored,Unknown,Unknown
HAAFJELL,257076220,54.8311,11.1236,0,2025-11-05 14:17:42.785034859 +0000 UTC,Unknown,DarkTurquoise,Unknown,Unknown,Unknown,Unknown,Norway 🇳🇴,166.8,Unknown,Unknown,0,Moored,Unknown,Unknown
LANGELAND,219016938,54.9341,10.8388,8.3,2025-11-05 14:17:42.785596593 +0000 UTC,Unknown,DarkTurquoise,Unknown,Unknown,Unknown,Unknown,Denmark 🇩🇰,108.9,Unknown,Unknown,25,Under way using engine,Unknown,Unknown
KAITAKI,512445000,-41.262,174.0234,Unknown,2025-11-05 14:17:42.786308109 +0000 UTC,Passenger Ship,Crimson,WLG-PCN-WLG,Unknown,Unknown,Unknown,New Zealand 🇳🇿,Unknown,182,24,Unknown,Unknown,9107942,5.4
AITO NUI II         ,546013570,-17.5336,-149.5706,0,2025-11-05 14:17:42.78699506 +0000 UTC,Unknown,DarkTurquoise,Unknown,Unknown,Unknown,Unknown,French Polynesia (France Overseas Territory) 🇵🇫,308,Unknown,Unknown,53,Under way using engine,Unknown,Unknown
AMSTEL AQUAMARIJN,244110861,52.3756,4.8862,4.5,2025-11-05 14:17:42.788579988 +0000 UTC,Unknown,DarkTurquoise,Unknown,Unknown,Unknown,Unknown,Netherlands 🇳🇱,29,Unknown,Unknown,-128,Under way using engine,Unknown,Unknown
MSC DRAGON          ,636022076,38.472,15.9175,0,2025-11-05 14:17:42.789992928 +0000 UTC,Unknown,DarkTurquoise,Unknown,Unknown,Unknown,Unknown,Liberia 🇱🇷,142.9,Unknown,Unknown,0,Moored,Unknown,Unknown
JAN LEENHEER        ,245569000,51.8976,4.4024,6,2025-11-05 14:17:42.791641277 +0000 UTC,Unknown,DarkTurquoise,Unknown,Unknown,Unknown,Unknown,Netherlands 🇳🇱,70.7,Unknown,Unknown,-128,Restricted manoeuvrability,Unknown,Unknown
TTP56               ,511101401,6.0411,116.0953,Unknown,2025-11-05 14:17:42.794169792 +0000 UTC,Cargo,ForestGreen,KOTA KINABANU       ,JPKNN,Kin,Japan,Palau 🇵🇼,Unknown,99,16,Unknown,Unknown,8591354,0
IJDOK 1,244820984,52.3877,4.8908,0,2025-11-05 14:17:42.795642553 +0000 UTC,Unknown,DarkTurquoise,Unknown,Unknown,Unknown,Unknown,Netherlands 🇳🇱,0,Unknown,Unknown,-128,Under way using engine,Unknown,Unknown
MICHAEL CROMBIE MCCA,366724000,10.6803,-61.6381,0,2025-11-05 14:17:46.23737483 +0000 UTC,Passenger Ship,Crimson,CHAGURAMAS TT       ,TTCHA,Chaguaramas,Trinidad and Tobago,United States 🇺🇸,174.8,67,11,-8,Moored,9670690,2.5
HYDROVAC 4,244670108,51.8503,6.1024,0,2025-11-05 14:17:42.799884018 +0000 UTC,Unknown,DarkTurquoise,Unknown,Unknown,Unknown,Unknown,Netherlands 🇳🇱,116.6,Unknown,Unknown,-128,Moored,Unknown,Unknown
BAC 26              ,226015980,49.353,0.9354,4.1,2025-11-05 14:17:42.801077835 +0000 UTC,Unknown,DarkTurquoise,Unknown,Unknown,Unknown,Unknown,France 🇫🇷,182.8,Unknown,Unknown,127,Under way using engine,Unknown,Unknown
DENEB,247202000,45.6359,13.7598,0,2025-11-05 14:17:42.805123041 +0000 UTC,Unknown,DarkTurquoise,Unknown,Unknown,Unknown,Unknown,Italy 🇮🇹,0,Unknown,Unknown,-128,Moored,Unknown,Unknown
BYD CHANGSHA        ,477149900,51.8623,2.6297,14.6,2025-11-05 14:17:42.806820242 +0000 UTC,Unknown,DarkTurquoise,Unknown,Unknown,Unknown,Unknown,Hong Kong (China) 🇭🇰,221.6,Unknown,Unknown,7,Under way using engine,Unknown,Unknown
WILLIAM OLDENDORFF  ,636092761,-21.162,149.6032,0,2025-11-05 14:17:42.80802765 +0000 UTC,Unknown,DarkTurquoise,Unknown,Unknown,Unknown,Unknown,Liberia 🇱🇷,101.2,Unknown,Unknown,0,At anchor,Unknown,Unknown
MASTERMIND II,238102610,38.345,15.364,5.2,2025-11-05 14:17:42.809051384 +0000 UTC,Fishing,Gold,Unknown,Unknown,Unknown,Unknown,Croatia 🇭🇷,274.3,Unknown,Unknown,26,Engaged in fishing,Unknown,Unknown
GABRIELE,257074870,69.7539,19.131,23.2,2025-11-05 14:17:42.810032139 +0000 UTC,Unknown,DarkTurquoise,Unknown,Unknown,Unknown,Unknown,Norway 🇳🇴,235,Unknown,Unknown,0,Under way using engine,Unknown,Unknown
HENRI,211885350,50.822,7.0184,3.9,2025-11-05 14:17:42.811503768 +0000 UTC,Unknown,DarkTurquoise,Unknown,Unknown,Unknown,Unknown,Germany 🇩🇪,120.2,Unknown,Unknown,-128,Under way using engine,Unknown,Unknown
WU ZHOU CHUANG YUAN ,416004998,22.6096,120.2952,0,2025-11-05 14:17:42.813003809 +0000 UTC,Unknown,DarkTurquoise,Unknown,Unknown,Unknown,Unknown,Taiwan 🇹🇼,112.2,Unknown,Unknown,0,Under way sailing,Unknown,Unknown
ALCYON,244034905,51.7655,5.8556,0,2025-11-05 14:17:42.815533901 +0000 UTC,Unknown,DarkTurquoise,Unknown,Unknown,Unknown,Unknown,Netherlands 🇳🇱,360,Unknown,Unknown,-128,Under way using engine,Unknown,Unknown
KAPETAN APOSTOLOS   ,237215000,40.3086,22.968,10.3,2025-11-05 14:17:42.817619073 +0000 UTC,Unknown,DarkTurquoise,Unknown,Unknown,Unknown,Unknown,Greece 🇬🇷,119.8,Unknown,Unknown,-128,Under way using engine,Unknown,Unknown
LOFOTEN,258477000,58.1497,8.0357,0,2025-11-05 14:17:42.81864109 +0000 UTC,Unknown,DarkTurquoise,Unknown,Unknown,Unknown,Unknown,Norway 🇳🇴,261.9,Unknown,Unknown,0,Moored,Unknown,Unknown
HELEN RICE          ,232026655,57.3604,-5.7141,0,2025-11-05 14:17:42.819694112 +0000 UTC,Unknown,DarkTurquoise,Unknown,Unknown,Unknown,Unknown,United Kingdom 🇬🇧,255.1,Unknown,Unknown,0,Under way using engine,Unknown,Unknown
MIZU                ,247039740,45.8009,13.2263,Unknown,2025-11-05 14:17:42.820722244 +0000 UTC,Unknown,DarkTurquoise,Unknown,Unknown,Unknown,Unknown,Italy 🇮🇹,Unknown,Unknown,Unknown,Unknown,Unknown,Unknown,Unknown
KNIGHT WATCH        ,503068650,-16.9502,145.7719,0,2025-11-05 14:17:42.822524325 +0000 UTC,Unknown,DarkTurquoise,Unknown,Unknown,Unknown,Unknown,Australia 🇦🇺,176.7,Unknown,Unknown,0,,Unknown,Unknown
DARA                ,636021605,59.8549,25.5686,12.6,2025-11-05 14:17:42.826980214 +0000 UTC,Unknown,DarkTurquoise,Unknown,Unknown,Unknown,Unknown,Liberia 🇱🇷,81.9,Unknown,Unknown,0,Under way using engine,Unknown,Unknown
WIGHT RYDER 1,235069875,50.8437,-1.1131,0,2025-11-05 14:17:42.833754748 +0000 UTC,Unknown,DarkTurquoise,Unknown,Unknown,Unknown,Unknown,United Kingdom 🇬🇧,140.2,Unknown,Unknown,0,Under way using engine,Unknown,Unknown
ATLANTIC            ,235076997,28.4658,-16.2425,0,2025-11-05 14:17:42.839021569 +0000 UTC,Unknown,DarkTurquoise,Unknown,Unknown,Unknown,Unknown,United Kingdom 🇬🇧,360,Unknown,Unknown,0,Under way using engine,Unknown,Unknown
MARLIN              ,636014716,28.1489,-15.4107,1.6,2025-11-05 14:17:42.840857686 +0000 UTC,Unknown,DarkTurquoise,Unknown,Unknown,Unknown,Unknown,Liberia 🇱🇷,38,Unknown,Unknown,127,Under way using engine,Unknown,Unknown
HYDRUS              ,636023282,26.8175,-14.7775,10.7,2025-11-05 14:17:42.842728827 +0000 UTC,Unknown,DarkTurquoise,Unknown,Unknown,Unknown,Unknown,Liberia 🇱🇷,42.3,Unknown,Unknown,0,Under way using engine,Unknown,Unknown
LUMINARA,249161000,28.1395,-15.4215,0,2025-11-05 14:17:42.844427187 +0000 UTC,Unknown,DarkTurquoise,Unknown,Unknown,Unknown,Unknown,Malta 🇲🇹,130.8,Unknown,Unknown,0,Moored,Unknown,Unknown
VEERHAVEN IX,244620946,51.9589,4.1112,1,2025-11-05 14:17:42.845427923 +0000 UTC,Unknown,DarkTurquoise,Unknown,Unknown,Unknown,Unknown,Netherlands 🇳🇱,202.5,Unknown,Unknown,-127,Under way using engine,Unknown,Unknown
UKD ORCA            ,235077712,55.1197,-1.4982,0,2025-11-05 14:17:42.846545885 +0000 UTC,Unknown,DarkTurquoise,Unknown,Unknown,Unknown,Unknown,United Kingdom 🇬🇧,326.4,Unknown,Unknown,0,Restricted manoeuvrability,Unknown,Unknown
PLASSENSCHAP VI,244016201,52.1992,5.062,0,2025-11-05 14:17:42.847675689 +0000 UTC,Unknown,DarkTurquoise,Unknown,Unknown,Unknown,Unknown,Netherlands 🇳🇱,360,Unknown,Unknown,-128,Undefined,Unknown,Unknown
STAD NIJKERK 1,244700503,52.4028,4.8797,5.9,2025-11-05 14:17:42.849482081 +0000 UTC,Unknown,DarkTurquoise,Unknown,Unknown,Unknown,Unknown,Netherlands 🇳🇱,135.1,Unknown,Unknown,-128,Under way using engine,Unknown,Unknown
FROJA,265547270,57.9897,11.6959,0,2025-11-05 14:17:42.853546044 +0000 UTC,Unknown,DarkTurquoise,Unknown,Unknown,Unknown,Unknown,Sweden 🇸🇪,65.3,Unknown,Unknown,0,Undefined,Unknown,Unknown
VERITAS 3           ,244710866,52.6589,5.6016,0,2025-11-05 14:17:42.855268377 +0000 UTC,Unknown,DarkTurquoise,Unknown,Unknown,Unknown,Unknown,Netherlands 🇳🇱,313.3,Unknown,Unknown,-128,Undefined,Unknown,Unknown
SOUND OF SEIL,235101062,55.9713,-4.9083,0,2025-11-05 14:17:42.856555257 +0000 UTC,Unknown,DarkTurquoise,Unknown,Unknown,Unknown,Unknown,United Kingdom 🇬🇧,209.4,Unknown,Unknown,-128,Under way using engine,Unknown,Unknown
ALMAK               ,228037900,47.4344,-2.9636,6.2,2025-11-05 14:17:42.858825343 +0000 UTC,Unknown,DarkTurquoise,Unknown,Unknown,Unknown,Unknown,France 🇫🇷,288.1,Unknown,Unknown,127,Under way using engine,Unknown,Unknown
PUTTER,244780549,51.8073,4.5774,0,2025-11-05 14:17:42.860627314 +0000 UTC,Unknown,DarkTurquoise,Unknown,Unknown,Unknown,Unknown,Netherlands 🇳🇱,360,Unknown,Unknown,-128,Under way using engine,Unknown,Unknown
VB SAJA             ,224569880,39.9713,0.0208,102.3,2025-11-05 14:17:42.861767296 +0000 UTC,Unknown,DarkTurquoise,Unknown,Unknown,Unknown,Unknown,Spain 🇪🇸,360,Unknown,Unknown,-128,Under way using engine,Unknown,Unknown
Unknown Vessel,207836580,43.1917,27.9211,Unknown,2025-11-05 14:17:42.862662565 +0000 UTC,Unknown,DarkTurquoise,Unknown,Unknown,Unknown,Unknown,Bulgaria 🇧🇬,Unknown,11,4,Unknown,Unknown,Unknown,Unknown
ZODIAC,244039456,51.8779,4.2915,0,2025-11-05 14:17:42.865117238 +0000 UTC,Unknown,DarkTurquoise,Unknown,Unknown,Unknown,Unknown,Netherlands 🇳🇱,360,Unknown,Unknown,0,Moored,Unknown,Unknown
BREB TIMBER         ,255802490,53.6233,9.541,Unknown,2025-11-05 14:17:42.866355046 +0000 UTC,Cargo,ForestGreen,DEHAM               ,DEHAM,Hamburg,Germany,Madeira (Portugal) 🇵🇹,Unknown,88,12,Unknown,Unknown,9319430,3.6
KIKKI C             ,255806480,36.7902,-8.2512,0.8,2025-11-05 14:17:42.872526769 +0000 UTC,Unknown,DarkTurquoise,Unknown,Unknown,Unknown,Unknown,Madeira (Portugal) 🇵🇹,28,Unknown,Unknown,-7,Under way using engine,Unknown,Unknown
MEDUSA,244130209,52.3816,4.8897,0,2025-11-05 14:17:42.873848017 +0000 UTC,Unknown,DarkTurquoise,Unknown,Unknown,Unknown,Unknown,Netherlands 🇳🇱,360,Unknown,Unknown,-128,Under way using engine,Unknown,Unknown
SANDERUS            ,253661000,51.362,3.1907,2.3,2025-11-05 14:17:42.876032938 +0000 UTC,Unknown,DarkTurquoise,Unknown,Unknown,Unknown,Unknown,Luxembourg 🇱🇺,138.4,Unknown,Unknown,-128,Moored,Unknown,Unknown
HAFENAUFSICHT,211666330,53.5222,9.9323,0,2025-11-05 14:17:42.909835721 +0000 UTC,Unknown,DarkTurquoise,Unknown,Unknown,Unknown,Unknown,Germany 🇩🇪,0,Unknown,Unknown,0,Under way using engine,Unknown,Unknown
Unknown Vessel,503135650,-33.6578,151.3048,Unknown,2025-11-05 14:17:42.878536271 +0000 UTC,Unknown,DarkTurquoise,Unknown,Unknown,Unknown,Unknown,Australia 🇦🇺,Unknown,13,4,Unknown,Unknown,Unknown,Unknown
VB STINGRAY         ,245427000,51.9616,4.1398,0,2025-11-05 14:17:42.879712459 +0000 UTC,Unknown,DarkTurquoise,Unknown,Unknown,Unknown,Unknown,Netherlands 🇳🇱,250.5,Unknown,Unknown,0,Under way using engine,Unknown,Unknown
OPPORTUNITY         ,367791540,40.7572,-74.0153,11.7,2025-11-05 14:17:42.883379228 +0000 UTC,Unknown,DarkTurquoise,Unknown,Unknown,Unknown,Unknown,United States 🇺🇸,33.3,Unknown,Unknown,0,Under way using engine,Unknown,Unknown
MERWEMOND  ,244670375,51.9048,4.4757,0,2025-11-05 14:17:42.885115235 +0000 UTC,Unknown,DarkTurquoise,Unknown,Unknown,Unknown,Unknown,Netherlands 🇳🇱,360,Unknown,Unknown,-128,Under way using engine,Unknown,Unknown
HK79 JAN JUNIOR     ,244139476,52.5177,5.4405,0,2025-11-05 14:17:42.886963475 +0000 UTC,Fishing,Gold,Unknown,Unknown,Unknown,Unknown,Netherlands 🇳🇱,360,Unknown,Unknown,0,Engaged in fishing,Unknown,Unknown
NIDA,277347000,55.7058,21.1177,5.7,2025-11-05 14:17:42.8901553 +0000 UTC,Unknown,DarkTurquoise,Unknown,Unknown,Unknown,Unknown,Lithuania 🇱🇹,75.9,Unknown,Unknown,-128,Under way using engine,Unknown,Unknown
ELBRICH    ,244056066,52.6853,5.537,5.8,2025-11-05 14:17:43.008619732 +0000 UTC,Passenger Ship,Crimson,    ^,Unknown,Unknown,Unknown,Netherlands 🇳🇱,19.7,28,6,-128,Moored,0,0.2
ARCTIC FURY         ,366468000,47.6595,-122.3794,0,2025-11-05 14:17:42.89364377 +0000 UTC,Fishing,Gold,Unknown,Unknown,Unknown,Unknown,United States 🇺🇸,32,Unknown,Unknown,0,Engaged in fishing,Unknown,Unknown
M/Y ALL IN          ,339197000,26.0888,-80.1744,0,2025-11-05 14:17:42.896611502 +0000 UTC,Unknown,DarkTurquoise,Unknown,Unknown,Unknown,Unknown,Jamaica 🇯🇲,330.8,Unknown,Unknown,-128,Moored,Unknown,Unknown
ALLIE BROOKE DEVALL ,368259470,30.0773,-94.0706,Unknown,2025-11-05 14:17:42.897634423 +0000 UTC,Spare - Local Vessel,DarkGoldenRod,US^06K9>0QV0,Unknown,Unknown,Unknown,United States 🇺🇸,Unknown,24,8,Unknown,Unknown,0,3.1
CAPT ALLEN BILLIOT  ,367164650,30.0202,-93.9894,0,2025-11-05 14:17:46.602619888 +0000 UTC,Unknown,DarkTurquoise,Unknown,Unknown,Unknown,Unknown,United States 🇺🇸,256.9,Unknown,Unknown,-128,,Unknown,Unknown
ISAAC K             ,368335430,29.9951,-93.9118,0,2025-11-05 14:17:42.899571866 +0000 UTC,Unknown,DarkTurquoise,Unknown,Unknown,Unknown,Unknown,United States 🇺🇸,353.3,Unknown,Unknown,0,Moored,Unknown,Unknown
SPINDLETOP          ,368184910,29.7209,-93.8646,0,2025-11-05 14:17:42.900400235 +0000 UTC,Unknown,DarkTurquoise,Unknown,Unknown,Unknown,Unknown,United States 🇺🇸,294.1,Unknown,Unknown,0,Under way using engine,Unknown,Unknown
JERRY DOG MCLAIN    ,367490530,30.0265,-94.0369,0,2025-11-05 14:17:42.901482881 +0000 UTC,Unknown,DarkTurquoise,Unknown,Unknown,Unknown,Unknown,United States 🇺🇸,195.6,Unknown,Unknown,-128,Under way using engine,Unknown,Unknown
PHILIP K            ,366921840,29.9961,-93.9469,0,2025-11-05 14:17:42.902639616 +0000 UTC,Unknown,DarkTurquoise,Unknown,Unknown,Unknown,Unknown,United States 🇺🇸,295.8,Unknown,Unknown,-128,Moored,Unknown,Unknown
CROSBY RAMBLER      ,366804450,29.9944,-93.9437,0,2025-11-05 14:17:42.90368137 +0000 UTC,Unknown,DarkTurquoise,Unknown,Unknown,Unknown,Unknown,United States 🇺🇸,18.5,Unknown,Unknown,0,Moored,Unknown,Unknown
CALIFORNIA,244830176,51.8765,4.329,11,2025-11-05 14:17:42.905501185 +0000 UTC,Unknown,DarkTurquoise,Unknown,Unknown,Unknown,Unknown,Netherlands 🇳🇱,342.3,Unknown,Unknown,-128,Under way using engine,Unknown,Unknown
RHYSTAERN,269057646,47.5881,7.5899,0,2025-11-05 14:17:42.906350308 +0000 UTC,Unknown,DarkTurquoise,Unknown,Unknown,Unknown,Unknown,Switzerland 🇨🇭,360,Unknown,Unknown,-128,Under way using engine,Unknown,Unknown
RIX DELTA,636023222,53.596,-0.0192,6.7,2025-11-05 14:17:42.90686358 +0000 UTC,Unknown,DarkTurquoise,Unknown,Unknown,Unknown,Unknown,Liberia 🇱🇷,280.2,Unknown,Unknown,127,Under way using engine,Unknown,Unknown
THETIS              ,245354000,52.4616,4.5874,0,2025-11-05 14:17:42.909384513 +0000 UTC,Unknown,DarkTurquoise,Unknown,Unknown,Unknown,Unknown,Netherlands 🇳🇱,57.7,Unknown,Unknown,0,Under way using engine,Unknown,Unknown
PILOT STEIN         ,211546740,54.3698,10.1556,7,2025-11-05 14:17:42.911800759 +0000 UTC,Unknown,DarkTurquoise,Unknown,Unknown,Unknown,Unknown,Germany 🇩🇪,285.9,Unknown,Unknown,127,Under way using engine,Unknown,Unknown
SILJA SYMPHONY      ,265004000,60.1614,24.9597,0,2025-11-05 14:17:42.914201564 +0000 UTC,Unknown,DarkTurquoise,Unknown,Unknown,Unknown,Unknown,Sweden 🇸🇪,139,Unknown,Unknown,0,Moored,Unknown,Unknown
IJVEER 55           ,244750692,52.3846,4.8984,7.1,2025-11-05 14:17:42.916424937 +0000 UTC,Unknown,DarkTurquoise,Unknown,Unknown,Unknown,Unknown,Netherlands 🇳🇱,339.8,Unknown,Unknown,-128,Under way using engine,Unknown,Unknown
ANCHORAGE           ,246400000,51.414,3.0545,13.7,2025-11-05 14:17:42.917464303 +0000 UTC,Unknown,DarkTurquoise,Unknown,Unknown,Unknown,Unknown,Netherlands 🇳🇱,292,Unknown,Unknown,-7,Under way using engine,Unknown,Unknown
BALTIC ERICA        ,311001021,30.4336,-9.6843,6.6,2025-11-05 14:17:42.918727872 +0000 UTC,Unknown,DarkTurquoise,Unknown,Unknown,Unknown,Unknown,Bahamas 🇧🇸,325.3,Unknown,Unknown,0,Under way using engine,Unknown,Unknown
SAINT-MALO,228457700,48.0405,-5.1794,18.7,2025-11-05 14:17:42.919870421 +0000 UTC,Unknown,DarkTurquoise,Unknown,Unknown,Unknown,Unknown,France 🇫🇷,161.4,Unknown,Unknown,7,Under way using engine,Unknown,Unknown
LARGO ,244373705,51.8951,4.218,0,2025-11-05 14:17:42.922067289 +0000 UTC,Unknown,DarkTurquoise,Unknown,Unknown,Unknown,Unknown,Netherlands 🇳🇱,360,Unknown,Unknown,-128,Under way using engine,Unknown,Unknown
ISIROSTAD,269057835,51.8815,4.3098,0,2025-11-05 14:17:42.923292916 +0000 UTC,Unknown,DarkTurquoise,Unknown,Unknown,Unknown,Unknown,Switzerland 🇨🇭,360,Unknown,Unknown,-128,Undefined,Unknown,Unknown
CONSTITUTION        ,316021988,49.295,-123.1333,0,2025-11-05 14:17:42.925884873 +0000 UTC,Unknown,DarkTurquoise,Unknown,Unknown,Unknown,Unknown,Canada 🇨🇦,346.4,Unknown,Unknown,-128,Under way using engine,Unknown,Unknown
VIKING GLORY,230041000,59.7024,19.0493,17.3,2025-11-05 14:17:42.926670968 +0000 UTC,Unknown,DarkTurquoise,Unknown,Unknown,Unknown,Unknown,Finland 🇫🇮,239.8,Unknown,Unknown,0,Under way using engine,Unknown,Unknown
GRACIOUS II PD167   ,232043847,57.5174,-1.7692,Unknown,2025-11-05 14:17:42.927889645 +0000 UTC,Unknown,DarkTurquoise,Unknown,Unknown,Unknown,Unknown,United Kingdom 🇬🇧,Unknown,Unknown,Unknown,Unknown,Unknown,Unknown,Unknown
TARMO,232058771,47.7444,-3.35,0,2025-11-05 14:17:42.934064104 +0000 UTC,Unknown,DarkTurquoise,Unknown,Unknown,Unknown,Unknown,United Kingdom 🇬🇧,360,Unknown,Unknown,-13,Under way using engine,Unknown,Unknown
ALDEANO,244630032,51.9,4.4927,0,2025-11-05 14:17:42.937507467 +0000 UTC,Unknown,DarkTurquoise,Unknown,Unknown,Unknown,Unknown,Netherlands 🇳🇱,0,Unknown,Unknown,-128,Under way using engine,Unknown,Unknown
CAPT CALVIN DEVALL  ,367098660,30.2308,-93.2541,0,2025-11-05 14:17:42.946375532 +0000 UTC,Unknown,DarkTurquoise,Unknown,Unknown,Unknown,Unknown,United States 🇺🇸,237.5,Unknown,Unknown,0,Under way using engine,Unknown,Unknown
SAVUDRIJA,2386240,45.49,13.491,Unknown,2025-11-05 14:17:42.949470171 +0000 UTC,Unknown,DarkTurquoise,Unknown,Unknown,Unknown,Unknown,Croatia 🇭🇷,Unknown,Unknown,Unknown,Unknown,Unknown,Unknown,Unknown
KVITUNGEN           ,258099000,69.647,18.9802,0,2025-11-05 14:17:42.950669392 +0000 UTC,Unknown,DarkTurquoise,Unknown,Unknown,Unknown,Unknown,Norway 🇳🇴,115.8,Unknown,Unknown,0,Under way sailing,Unknown,Unknown
BERNARD M,244000935,51.9562,4.1492,Unknown,2025-11-05 14:17:42.953288292 +0000 UTC,Tanker,Navy,8E PETROLEUMHAVEN,Unknown,Unknown,Unknown,Netherlands 🇳🇱,Unknown,135,18,Unknown,Unknown,0,0
STR VIGOR           ,352004846,-21.1064,149.226,0,2025-11-05 14:17:42.960108504 +0000 UTC,Unknown,DarkTurquoise,Unknown,Unknown,Unknown,Unknown,Panama 🇵🇦,356.4,Unknown,Unknown,0,Moored,Unknown,Unknown
TIME CLOUD          ,244260825,52.1309,5.0497,0,2025-11-05 14:17:42.961116812 +0000 UTC,Unknown,DarkTurquoise,Unknown,Unknown,Unknown,Unknown,Netherlands 🇳🇱,0,Unknown,Unknown,-128,Under way using engine,Unknown,Unknown
FUTURA,205497190,51.2683,4.3421,6.8,2025-11-05 14:17:42.963121406 +0000 UTC,Unknown,DarkTurquoise,Unknown,Unknown,Unknown,Unknown,Belgium 🇧🇪,147,Unknown,Unknown,0,Under way using engine,Unknown,Unknown
Unknown Vessel,244850101,37.9376,23.6861,Unknown,2025-11-05 14:17:42.964061574 +0000 UTC,Unknown,DarkTurquoise,Unknown,Unknown,Unknown,Unknown,Netherlands 🇳🇱,Unknown,15,7,Unknown,Unknown,Unknown,Unknown
MV ST MICAH         ,548333002,10.2922,123.9093,0,2025-11-05 14:17:42.966489492 +0000 UTC,Unknown,DarkTurquoise,Unknown,Unknown,Unknown,Unknown,Philippines 🇵🇭,0,Unknown,Unknown,-128,Undefined,Unknown,Unknown
SAGITTARIUS LEADER  ,431912000,52.4075,3.5709,19.5,2025-11-05 14:17:42.967668043 +0000 UTC,Unknown,DarkTurquoise,Unknown,Unknown,Unknown,Unknown,Japan 🇯🇵,43.6,Unknown,Unknown,0,Under way using engine,Unknown,Unknown
VOLCAN DE TINDAYA,224127000,28.7817,-13.844,15.6,2025-11-05 14:17:42.968709939 +0000 UTC,Unknown,DarkTurquoise,Unknown,Unknown,Unknown,Unknown,Spain 🇪🇸,17.5,Unknown,Unknown,0,Undefined,Unknown,Unknown
F/V PERSEVERANCE 2  ,228399700,49.5397,-0.4275,4.5,2025-11-05 14:17:42.970818252 +0000 UTC,Unknown,DarkTurquoise,Unknown,Unknown,Unknown,Unknown,France 🇫🇷,293.7,Unknown,Unknown,127,Undefined,Unknown,Unknown
AMELAND,244730486,53.4014,5.823,Unknown,2025-11-05 14:17:42.971891606 +0000 UTC,Dredging or Underwater Operations,Black,AB,AEABU,Abu al Bukhoosh,United Arab Emirates,Netherlands 🇳🇱,Unknown,77,11,Unknown,Unknown,0,0
DBB OBELIX          ,219000558,54.8566,10.9708,4.1,2025-11-05 14:17:42.972813031 +0000 UTC,Unknown,DarkTurquoise,Unknown,Unknown,Unknown,Unknown,Denmark 🇩🇰,134,Unknown,Unknown,0,Under way using engine,Unknown,Unknown
NORD EAGLE          ,352006226,-21.1648,149.5805,0.1,2025-11-05 14:17:42.973505414 +0000 UTC,Unknown,DarkTurquoise,Unknown,Unknown,Unknown,Unknown,Panama 🇵🇦,73.5,Unknown,Unknown,-6,At anchor,Unknown,Unknown
JOHANNE KARINE,257168400,59.4136,5.2634,0,2025-11-05 14:17:42.978051921 +0000 UTC,Unknown,DarkTurquoise,Unknown,Unknown,Unknown,Unknown,Norway 🇳🇴,360,Unknown,Unknown,-128,Moored,Unknown,Unknown
TUNICA,205206490,52.2602,5.0157,8.5,2025-11-05 14:17:42.981778407 +0000 UTC,Unknown,DarkTurquoise,Unknown,Unknown,Unknown,Unknown,Belgium 🇧🇪,190.7,Unknown,Unknown,0,Under way using engine,Unknown,Unknown
KONGO STAR          ,248439000,53.6303,-0.1635,0,2025-11-05 14:17:42.984454775 +0000 UTC,Unknown,DarkTurquoise,Unknown,Unknown,Unknown,Unknown,Malta 🇲🇹,357.6,Unknown,Unknown,0,Moored,Unknown,Unknown
VB 26 DEAUVILLE,227006770,49.485,0.1247,0.1,2025-11-05 14:17:42.986033576 +0000 UTC,Unknown,DarkTurquoise,Unknown,Unknown,Unknown,Unknown,France 🇫🇷,0,Unknown,Unknown,0,,Unknown,Unknown
BAY STATE           ,367383190,42.3598,-71.0491,0,2025-11-05 14:17:42.987368478 +0000 UTC,Unknown,DarkTurquoise,Unknown,Unknown,Unknown,Unknown,United States 🇺🇸,304,Unknown,Unknown,8,Under way using engine,Unknown,Unknown
FRENCH WARSHIP LYX,227801600,48.367,-4.5188,0,2025-11-05 14:17:42.98867451 +0000 UTC,Unknown,DarkTurquoise,Unknown,Unknown,Unknown,Unknown,France 🇫🇷,360,Unknown,Unknown,-128,Moored,Unknown,Unknown
PRIDE OF THE TYNE   ,235078159,54.9976,-1.4424,4.9,2025-11-05 14:17:42.991574672 +0000 UTC,Unknown,DarkTurquoise,Unknown,Unknown,Unknown,Unknown,United Kingdom 🇬🇧,344.3,Unknown,Unknown,127,Under way using engine,Unknown,Unknown
TIZIANA,244127366,41.2093,1.7289,Unknown,2025-11-05 14:17:42.992863398 +0000 UTC,Unknown,DarkTurquoise,Unknown,Unknown,Unknown,Unknown,Netherlands 🇳🇱,Unknown,Unknown,Unknown,Unknown,Unknown,Unknown,Unknown
RHEINTAL            ,255806466,53.5655,0.0472,0.2,2025-11-05 14:17:42.99627367 +0000 UTC,Unknown,DarkTurquoise,Unknown,Unknown,Unknown,Unknown,Madeira (Portugal) 🇵🇹,33.7,Unknown,Unknown,0,At anchor,Unknown,Unknown
LAHRINGEN,244660390,52.3799,4.96,0,2025-11-05 14:17:42.99771402 +0000 UTC,Unknown,DarkTurquoise,Unknown,Unknown,Unknown,Unknown,Netherlands 🇳🇱,360,Unknown,Unknown,-128,Under way using engine,Unknown,Unknown
HENDRIKA,244690144,51.5729,4.2168,9.2,2025-11-05 14:17:42.999411414 +0000 UTC,Unknown,DarkTurquoise,Unknown,Unknown,Unknown,Unknown,Netherlands 🇳🇱,316.9,Unknown,Unknown,-128,Under way using engine,Unknown,Unknown
DANCING WATER       ,246683000,53.4965,6.8145,4.8,2025-11-05 14:17:43.000673845 +0000 UTC,Unknown,DarkTurquoise,Unknown,Unknown,Unknown,Unknown,Netherlands 🇳🇱,312,Unknown,Unknown,0,Under way using engine,Unknown,Unknown
SL MARTINIQUE       ,503077160,-41.1841,146.3626,0,2025-11-05 14:17:43.002146173 +0000 UTC,Unknown,DarkTurquoise,Unknown,Unknown,Unknown,Unknown,Australia 🇦🇺,211.2,Unknown,Unknown,-128,Moored,Unknown,Unknown
SVITZER TITAN       ,244050199,52.4058,4.8171,0,2025-11-05 14:17:43.003806658 +0000 UTC,Unknown,DarkTurquoise,Unknown,Unknown,Unknown,Unknown,Netherlands 🇳🇱,172.2,Unknown,Unknown,0,Under way using engine,Unknown,Unknown
EGELANTIERSGRACHT,244660261,51.804,5.5482,3.1,2025-11-05 14:17:43.005070655 +0000 UTC,Unknown,DarkTurquoise,Unknown,Unknown,Unknown,Unknown,Netherlands 🇳🇱,188.1,Unknown,Unknown,-128,Under way using engine,Unknown,Unknown
LEONARDO,269057129,51.5568,6.6848,11.1,2025-11-05 14:17:43.006278583 +0000 UTC,Unknown,DarkTurquoise,Unknown,Unknown,Unknown,Unknown,Switzerland 🇨🇭,28.2,Unknown,Unknown,-128,Under way using engine,Unknown,Unknown
MARE FAN FRYSLAN,244850381,52.8404,5.709,0,2025-11-05 14:17:43.007117369 +0000 UTC,Unknown,DarkTurquoise,Unknown,Unknown,Unknown,Unknown,Netherlands 🇳🇱,360,Unknown,Unknown,-128,Under way using engine,Unknown,Unknown
FRIESLAND,244660378,52.6988,5.2902,0,2025-11-05 14:17:43.007879499 +0000 UTC,Unknown,DarkTurquoise,Unknown,Unknown,Unknown,Unknown,Netherlands 🇳🇱,16.4,Unknown,Unknown,0,Undefined,Unknown,Unknown
Unknown Vessel,246664000,40.6188,0.6022,Unknown,2025-11-05 14:17:43.011276342 +0000 UTC,Unknown,DarkTurquoise,Unknown,Unknown,Unknown,Unknown,Netherlands 🇳🇱,Unknown,17,9,Unknown,Unknown,Unknown,Unknown
OTTO STOCKHAUSEN,211559990,53.5221,9.9319,0,2025-11-05 14:17:43.01247253 +0000 UTC,Unknown,DarkTurquoise,Unknown,Unknown,Unknown,Unknown,Germany 🇩🇪,12,Unknown,Unknown,0,Under way using engine,Unknown,Unknown
MYSTIQUE            ,367607740,25.8264,-80.1245,0,2025-11-05 14:17:43.014242764 +0000 UTC,Unknown,DarkTurquoise,Unknown,Unknown,Unknown,Unknown,United States 🇺🇸,360,Unknown,Unknown,-128,Under way using engine,Unknown,Unknown
ENCORE OF LONDON    ,232034952,50.8825,-1.3007,Unknown,2025-11-05 14:17:43.015444029 +0000 UTC,Unknown,DarkTurquoise,Unknown,Unknown,Unknown,Unknown,United Kingdom 🇬🇧,Unknown,Unknown,Unknown,Unknown,Unknown,Unknown,Unknown
ESTE,261184020,53.4667,9.9886,0,2025-11-05 14:17:43.017576814 +0000 UTC,Unknown,DarkTurquoise,Unknown,Unknown,Unknown,Unknown,Poland 🇵🇱,360,Unknown,Unknown,-128,Under way using engine,Unknown,Unknown
CAPT BABUN,367750150,25.7876,-80.23,0,2025-11-05 14:17:43.018572486 +0000 UTC,Unknown,DarkTurquoise,Unknown,Unknown,Unknown,Unknown,United States 🇺🇸,360,Unknown,Unknown,-128,Restricted manoeuvrability,Unknown,Unknown
AUBRIG,269057280,49.7683,8.4563,9.4,2025-11-05 14:17:43.019633448 +0000 UTC,Unknown,DarkTurquoise,Unknown,Unknown,Unknown,Unknown,Switzerland 🇨🇭,249.5,Unknown,Unknown,-128,Under way using engine,Unknown,Unknown
LILLIAN FOSS        ,368010330,33.7527,-118.2739,0.5,2025-11-05 14:17:43.02085692 +0000 UTC,Unknown,DarkTurquoise,Unknown,Unknown,Unknown,Unknown,United States 🇺🇸,351.1,Unknown,Unknown,0,Under way using engine,Unknown,Unknown
NIEUWE MAAS,244316022,51.8539,5.4156,10.2,2025-11-05 14:17:43.0232729 +0000 UTC,Unknown,DarkTurquoise,Unknown,Unknown,Unknown,Unknown,Netherlands 🇳🇱,188.4,Unknown,Unknown,-128,Under way using engine,Unknown,Unknown
EXPEDITION          ,255806402,-59.077,-48.4634,Unknown,2025-11-05 14:17:43.022161269 +0000 UTC,Passenger Ship,Crimson,POINT WILD          ,ZAPIT,Point,South Africa,Madeira (Portugal) 🇵🇹,Unknown,100,16,Unknown,Unknown,7391422,4.6
KARL ASTRID         ,230692000,63.6873,20.3313,0,2025-11-05 14:17:45.555076404 +0000 UTC,Tug Boat,Silver,SE HLD              ,Unknown,Unknown,Unknown,Finland 🇫🇮,325.1,28,8,-128,Moored,5085861,3.7
ANNAPOLIS           ,368126820,38.1305,-76.5129,1.1,2025-11-05 14:17:43.028098497 +0000 UTC,Unknown,DarkTurquoise,Unknown,Unknown,Unknown,Unknown,United States 🇺🇸,348,Unknown,Unknown,-127,,Unknown,Unknown
EXIT,219019794,55.7082,9.5508,Unknown,2025-11-05 14:17:43.029445639 +0000 UTC,Unknown,DarkTurquoise,Unknown,Unknown,Unknown,Unknown,Denmark 🇩🇰,Unknown,Unknown,Unknown,Unknown,Unknown,Unknown,Unknown
SHALOM,244660787,51.9945,4.3692,0,2025-11-05 14:17:43.030491008 +0000 UTC,Unknown,DarkTurquoise,Unknown,Unknown,Unknown,Unknown,Netherlands 🇳🇱,270.5,Unknown,Unknown,-128,Under way using engine,Unknown,Unknown
DADA STAR,450534000,34.5115,35.5383,11,2025-11-05 14:17:43.03166958 +0000 UTC,Unknown,DarkTurquoise,Unknown,Unknown,Unknown,Unknown,Lebanon 🇱🇧,87.8,Unknown,Unknown,-128,Under way sailing,Unknown,Unknown
ZOLLBOOT OEVELGOENNE,211307170,53.4244,10.131,9.9,2025-11-05 14:17:43.033881776 +0000 UTC,Unknown,DarkTurquoise,Unknown,Unknown,Unknown,Unknown,Germany 🇩🇪,282.5,Unknown,Unknown,0,Under way using engine,Unknown,Unknown
JETTE SAJ           ,219001362,55.7063,12.6435,0,2025-11-05 14:17:43.0348714 +0000 UTC,Unknown,DarkTurquoise,Unknown,Unknown,Unknown,Unknown,Denmark 🇩🇰,306.3,Unknown,Unknown,0,Under way using engine,Unknown,Unknown
ZEUS,503076990,-34.7878,138.4875,Unknown,2025-11-05 14:17:43.037020714 +0000 UTC,Unknown,DarkTurquoise,Unknown,Unknown,Unknown,Unknown,Australia 🇦🇺,Unknown,Unknown,Unknown,Unknown,Unknown,Unknown,Unknown
ARAGO               ,372417000,-13.6974,-171.7115,1.4,2025-11-05 14:17:43.038183119 +0000 UTC,Unknown,DarkTurquoise,Unknown,Unknown,Unknown,Unknown,Panama 🇵🇦,257.4,Unknown,Unknown,0,Under way using engine,Unknown,Unknown
FAIRPLAY-71         ,261000460,54.5305,18.5531,0.8,2025-11-05 14:17:43.039469179 +0000 UTC,Unknown,DarkTurquoise,Unknown,Unknown,Unknown,Unknown,Poland 🇵🇱,69.8,Unknown,Unknown,-127,Restricted manoeuvrability,Unknown,Unknown
TSM HONFLEUR        ,228024230,49.4407,1.0522,Unknown,2025-11-05 14:17:43.040686305 +0000 UTC,Tug Boat,Silver,ROUEN               ,Unknown,Unknown,Unknown,France 🇫🇷,Unknown,25,13,Unknown,Unknown,9899947,5.9
ROXANE              ,248548000,43.5872,7.1238,Unknown,2025-11-05 14:17:43.042800675 +0000 UTC,Sailing Boat,DarkSlateBlue,FR ANT              ,FRANT,Antibes,France,Malta 🇲🇹,Unknown,46,8,Unknown,Unknown,0,3.6
GULF CAJUN ,369081000,46.2018,-123.3874,0,2025-11-05 14:17:43.043782046 +0000 UTC,Unknown,DarkTurquoise,Unknown,Unknown,Unknown,Unknown,United States 🇺🇸,184.7,Unknown,Unknown,-128,Under way using engine,Unknown,Unknown
SEASPAN CORSAIR     ,316003663,49.4968,-123.465,Unknown,2025-11-05 14:17:43.045959751 +0000 UTC,Tug Boat,Silver,LOCAL TOWING        ,Unknown,Unknown,Unknown,Canada 🇨🇦,Unknown,24,8,Unknown,Unknown,7434779,4.3
SPES,244016729,52.4033,4.8838,0,2025-11-05 14:17:43.04829556 +0000 UTC,Unknown,DarkTurquoise,Unknown,Unknown,Unknown,Unknown,Netherlands 🇳🇱,360,Unknown,Unknown,-128,Under way using engine,Unknown,Unknown
HANSA III,211136510,53.5444,9.9857,0,2025-11-05 14:17:43.049589997 +0000 UTC,Unknown,DarkTurquoise,Unknown,Unknown,Unknown,Unknown,Germany 🇩🇪,360,Unknown,Unknown,-128,Under way using engine,Unknown,Unknown
SPRING S            ,249821000,41.8993,5.2657,11.8,2025-11-05 14:17:47.23770382 +0000 UTC,Unknown,DarkTurquoise,Unknown,Unknown,Unknown,Unknown,Malta 🇲🇹,232.4,Unknown,Unknown,0,Under way using engine,Unknown,Unknown
BLUE AZUR           ,256002231,43.7392,7.4357,3.4,2025-11-05 14:17:43.053002329 +0000 UTC,Unknown,DarkTurquoise,Unknown,Unknown,Unknown,Unknown,Malta 🇲🇹,260.5,Unknown,Unknown,-127,Under way using engine,Unknown,Unknown
LADY JADE           ,269118590,43.7367,7.4293,0,2025-11-05 14:17:43.055027307 +0000 UTC,Unknown,DarkTurquoise,Unknown,Unknown,Unknown,Unknown,Switzerland 🇨🇭,146,Unknown,Unknown,-128,Under way using engine,Unknown,Unknown
TRIUMPH TIDE        ,259140000,52.9609,4.7774,0,2025-11-05 14:17:43.059185593 +0000 UTC,Unknown,DarkTurquoise,Unknown,Unknown,Unknown,Unknown,Norway 🇳🇴,49.6,Unknown,Unknown,0,Under way using engine,Unknown,Unknown
CJ QUEENAN          ,367421310,39.0983,-84.686,0.9,2025-11-05 14:17:43.060581239 +0000 UTC,Unknown,DarkTurquoise,Unknown,Unknown,Unknown,Unknown,United States 🇺🇸,208.4,Unknown,Unknown,0,,Unknown,Unknown
MARTI SPIRIT        ,636024826,28.2139,-13.3651,14.7,2025-11-05 14:17:43.063736248 +0000 UTC,Unknown,DarkTurquoise,Unknown,Unknown,Unknown,Unknown,Liberia 🇱🇷,211,Unknown,Unknown,0,Under way using engine,Unknown,Unknown
US GOV VESSEL,366991514,32.6647,-117.1223,0,2025-11-05 14:17:43.064742503 +0000 UTC,Unknown,DarkTurquoise,Unknown,Unknown,Unknown,Unknown,United States 🇺🇸,360,Unknown,Unknown,11,Under way using engine,Unknown,Unknown
AMICI PER SEMPRE,229274000,37.961,23.5721,0,2025-11-05 14:17:43.066441669 +0000 UTC,Unknown,DarkTurquoise,Unknown,Unknown,Unknown,Unknown,Malta 🇲🇹,360,Unknown,Unknown,-128,Undefined,Unknown,Unknown
MARY 1,244137690,51.9179,4.2491,Unknown,2025-11-05 14:17:43.068059257 +0000 UTC,Dredging or Underwater Operations,Black,TIELD.    ,BENIL,Niel,Belgium,Netherlands 🇳🇱,Unknown,21,6,Unknown,Unknown,0,0
TOPAZ_CAPTAIN       ,345070415,28.1521,-15.4111,0,2025-11-05 14:17:43.069398738 +0000 UTC,Unknown,DarkTurquoise,Unknown,Unknown,Unknown,Unknown,Mexico 🇲🇽,180.7,Unknown,Unknown,0,Under way using engine,Unknown,Unknown
HIYODORI            ,431000132,35.2519,140.5648,Unknown,2025-11-05 14:17:43.07318244 +0000 UTC,Cargo,ForestGreen,>JP YOK HM C-8      ,Unknown,Unknown,Unknown,Japan 🇯🇵,Unknown,88,14,Unknown,Unknown,8731411,4.2
DISCOVERY           ,367443840,30.1364,-93.3184,0,2025-11-05 14:17:43.109983512 +0000 UTC,Unknown,DarkTurquoise,Unknown,Unknown,Unknown,Unknown,United States 🇺🇸,257.2,Unknown,Unknown,0,,Unknown,Unknown
M V WILLIAM INGLIS  ,316045081,43.6326,-79.3607,7.9,2025-11-05 14:17:43.114614151 +0000 UTC,Unknown,DarkTurquoise,Unknown,Unknown,Unknown,Unknown,Canada 🇨🇦,300.2,Unknown,Unknown,-128,Undefined,Unknown,Unknown
THEA II             ,212597000,58.8104,5.4418,10.4,2025-11-05 14:17:43.115819506 +0000 UTC,Unknown,DarkTurquoise,Unknown,Unknown,Unknown,Unknown,Cyprus 🇨🇾,205.5,Unknown,Unknown,127,Under way using engine,Unknown,Unknown
COOLWATER           ,245073000,55.8843,12.7755,6.7,2025-11-05 14:17:43.117027009 +0000 UTC,Unknown,DarkTurquoise,Unknown,Unknown,Unknown,Unknown,Netherlands 🇳🇱,130,Unknown,Unknown,0,Under way using engine,Unknown,Unknown
ELODIE,244730218,52.373,4.9094,0,2025-11-05 14:17:43.117773727 +0000 UTC,Unknown,DarkTurquoise,Unknown,Unknown,Unknown,Unknown,Netherlands 🇳🇱,0,Unknown,Unknown,-128,Undefined,Unknown,Unknown
SLETTHOLM,257988800,63.878,8.5495,0.1,2025-11-05 14:17:43.119456921 +0000 UTC,Unknown,DarkTurquoise,Unknown,Unknown,Unknown,Unknown,Norway 🇳🇴,360,Unknown,Unknown,-128,Under way using engine,Unknown,Unknown
MARIANNE BUOY 7     ,586706009,71.1979,26.8178,Unknown,2025-11-05 14:17:43.120762709 +0000 UTC,Unknown,DarkTurquoise,Unknown,Unknown,Unknown,Unknown,Unknown,Unknown,Unknown,Unknown,Unknown,Unknown,Unknown,Unknown
ASTRID BIRGITTE,258393500,63.7916,8.6061,0.2,2025-11-05 14:17:43.12163035 +0000 UTC,Unknown,DarkTurquoise,Unknown,Unknown,Unknown,Unknown,Norway 🇳🇴,160.6,Unknown,Unknown,-128,Under way using engine,Unknown,Unknown
GALANT              ,257059310,58.0728,7.8728,Unknown,2025-11-05 14:17:43.122443617 +0000 UTC,Fishing,Gold,,Unknown,Unknown,Unknown,Norway 🇳🇴,Unknown,15,6,Unknown,Unknown,0,0
BALTIC AMELIE       ,230091950,58.0041,8.6294,Unknown,2025-11-05 14:17:43.125088626 +0000 UTC,Cargo,ForestGreen,NOKRS               ,NOKRS,Kristiansand,Norway,Finland 🇫🇮,Unknown,83,13,Unknown,Unknown,9083885,3.7
SOLOEY,259023320,64.9151,10.9399,0,2025-11-05 14:17:43.126307925 +0000 UTC,Unknown,DarkTurquoise,Unknown,Unknown,Unknown,Unknown,Norway 🇳🇴,276.9,Unknown,Unknown,-9,Moored,Unknown,Unknown
ENGELOEY,257047550,67.9015,15.1898,Unknown,2025-11-05 14:17:43.127784782 +0000 UTC,Dredging or Underwater Operations,Black,FISHFARM,AUFIS,Fisherman Islands,Australia,Norway 🇳🇴,Unknown,25,12,Unknown,Unknown,0,3
OCEANICASUB XVII    ,232059264,62.3244,5.8414,0,2025-11-05 14:17:43.129622493 +0000 UTC,Unknown,DarkTurquoise,Unknown,Unknown,Unknown,Unknown,United Kingdom 🇬🇧,215.5,Unknown,Unknown,-128,Moored,Unknown,Unknown
ANTARCTIC PROVIDER  ,257621000,61.6029,5.0512,Unknown,2025-11-05 14:17:43.132073184 +0000 UTC,Cargo,ForestGreen,FLORO  NORWAY       ,NOFRO,Floro,Norway,Norway 🇳🇴,Unknown,168,27,Unknown,Unknown,9886160,6.6
STOKKEN,257634600,64.1085,9.9816,9.8,2025-11-05 14:17:43.134384657 +0000 UTC,Unknown,DarkTurquoise,Unknown,Unknown,Unknown,Unknown,Norway 🇳🇴,163.8,Unknown,Unknown,127,Under way using engine,Unknown,Unknown
BALDER,257026370,62.1866,5.916,Unknown,2025-11-05 14:17:43.13540703 +0000 UTC,Cargo,ForestGreen,,Unknown,Unknown,Unknown,Norway 🇳🇴,Unknown,14,5,Unknown,Unknown,0,0
FROYDIS,257944800,61.9023,5.5692,Unknown,2025-11-05 14:17:43.136829365 +0000 UTC,Unknown,DarkTurquoise,Unknown,Unknown,Unknown,Unknown,Norway 🇳🇴,Unknown,Unknown,Unknown,Unknown,Unknown,Unknown,Unknown
FJORDNES            ,304829000,59.373,6.0439,0,2025-11-05 14:17:43.137805253 +0000 UTC,Unknown,DarkTurquoise,Unknown,Unknown,Unknown,Unknown,Antigua and Barbuda 🇦🇬,175,Unknown,Unknown,0,Moored,Unknown,Unknown
FJORDBAS,258149500,61.7565,5.0678,0,2025-11-05 14:17:43.139231945 +0000 UTC,Unknown,DarkTurquoise,Unknown,Unknown,Unknown,Unknown,Norway 🇳🇴,335.7,Unknown,Unknown,-128,Moored,Unknown,Unknown
ULLENSVANG,257020700,62.1464,6.0354,11.3,2025-11-05 14:17:43.139847957 +0000 UTC,Unknown,DarkTurquoise,Unknown,Unknown,Unknown,Unknown,Norway 🇳🇴,113.6,Unknown,Unknown,0,Moored,Unknown,Unknown
SVANFJELL BUOY 1    ,109060552,68.9192,17.081,Unknown,2025-11-05 14:17:43.140363439 +0000 UTC,Unknown,DarkTurquoise,Unknown,Unknown,Unknown,Unknown,Unknown,Unknown,Unknown,Unknown,Unknown,Unknown,Unknown,Unknown
Unknown Vessel,232029397,49.1819,-2.1166,Unknown,2025-11-05 14:17:43.141743813 +0000 UTC,Unknown,DarkTurquoise,Unknown,Unknown,Unknown,Unknown,United Kingdom 🇬🇧,Unknown,11,4,Unknown,Unknown,Unknown,Unknown
LATITUDE 25,368014340,37.0582,-76.285,Unknown,2025-11-05 14:17:43.142939613 +0000 UTC,Unknown,DarkTurquoise,Unknown,Unknown,Unknown,Unknown,United States 🇺🇸,Unknown,Unknown,Unknown,Unknown,Unknown,Unknown,Unknown
REDOUBT             ,235078641,51.4962,0.0462,7.7,2025-11-05 14:17:43.143554505 +0000 UTC,Unknown,DarkTurquoise,Unknown,Unknown,Unknown,Unknown,United Kingdom 🇬🇧,93.4,Unknown,Unknown,-128,Under way using engine,Unknown,Unknown
IR. F. W. CONRAD,244770336,51.8621,5.9472,0,2025-11-05 14:17:43.144616849 +0000 UTC,Unknown,DarkTurquoise,Unknown,Unknown,Unknown,Unknown,Netherlands 🇳🇱,183,Unknown,Unknown,0,Restricted manoeuvrability,Unknown,Unknown
MV COMFORT          ,247172700,45.2567,12.3849,0.1,2025-11-05 14:17:43.1458669 +0000 UTC,Unknown,DarkTurquoise,Unknown,Unknown,Unknown,Unknown,Italy 🇮🇹,228.2,Unknown,Unknown,-128,Under way using engine,Unknown,Unknown
EDDA C,247374900,45.4513,12.2574,0,2025-11-05 14:17:43.146421297 +0000 UTC,Unknown,DarkTurquoise,Unknown,Unknown,Unknown,Unknown,Italy 🇮🇹,0.1,Unknown,Unknown,0,Under way using engine,Unknown,Unknown
SJ COLOMBO          ,440897000,51.2461,4.3812,0.1,2025-11-05 14:17:43.146996663 +0000 UTC,Unknown,DarkTurquoise,Unknown,Unknown,Unknown,Unknown,South Korea 🇰🇷,3,Unknown,Unknown,0,Moored,Unknown,Unknown
Unknown Vessel,413762589,22.3029,114.1485,0,2025-11-05 14:17:43.147854683 +0000 UTC,Unknown,DarkTurquoise,Unknown,Unknown,Unknown,Unknown,China 🇨🇳,0,Unknown,Unknown,0,Under way sailing,Unknown,Unknown
NABUCCO             ,209219000,51.5755,3.4078,14.9,2025-11-05 14:17:43.148413669 +0000 UTC,Unknown,DarkTurquoise,Unknown,Unknown,Unknown,Unknown,Cyprus 🇨🇾,331.7,Unknown,Unknown,-126,Under way using engine,Unknown,Unknown
FEE,211287870,53.1461,8.6286,10.9,2025-11-05 14:17:43.148758475 +0000 UTC,Unknown,DarkTurquoise,Unknown,Unknown,Unknown,Unknown,Germany 🇩🇪,345.8,Unknown,Unknown,0,Under way using engine,Unknown,Unknown
VB BEAR             ,218029040,53.543,9.9182,0,2025-11-05 14:17:43.15075175 +0000 UTC,Unknown,DarkTurquoise,Unknown,Unknown,Unknown,Unknown,Germany 🇩🇪,227.5,Unknown,Unknown,0,Under way using engine,Unknown,Unknown
ALDEBARAN           ,303158000,47.6673,-122.388,0,2025-11-05 14:17:43.149054897 +0000 UTC,Unknown,DarkTurquoise,Unknown,Unknown,Unknown,Unknown,Alaska (USA) 🇺🇸,203.7,Unknown,Unknown,0,Constrained by her draught,Unknown,Unknown
ROCKFISH,224302000,28.1468,-15.4274,0,2025-11-05 14:17:43.152097699 +0000 UTC,Unknown,DarkTurquoise,Unknown,Unknown,Unknown,Unknown,Spain 🇪🇸,360,Unknown,Unknown,-128,Moored,Unknown,Unknown
BETTER SPACE        ,319228400,41.3764,2.1865,0,2025-11-05 14:17:43.154699329 +0000 UTC,Unknown,DarkTurquoise,Unknown,Unknown,Unknown,Unknown,Cayman Islands (British Overseas Territory) 🇰🇾,360,Unknown,Unknown,-128,Moored,Unknown,Unknown
WILLEM-B SR         ,244773000,51.6468,3.9237,0,2025-11-05 14:17:43.149943817 +0000 UTC,Unknown,DarkTurquoise,Unknown,Unknown,Unknown,Unknown,Netherlands 🇳🇱,317.4,Unknown,Unknown,-128,Under way using engine,Unknown,Unknown
AL ZUBARAH          ,538009767,1.1617,103.7245,0,2025-11-05 14:17:44.427704031 +0000 UTC,Tanker,Navy,>SG SIN PGBG        ,Unknown,Unknown,Unknown,Marshall Islands 🇲🇭,203.4,298,46,-3,At anchor,9085649,9.3
MSC GIOVANNA VII    ,636022942,32.1254,-81.136,0,2025-11-05 14:17:43.150368791 +0000 UTC,Unknown,DarkTurquoise,Unknown,Unknown,Unknown,Unknown,Liberia 🇱🇷,240.3,Unknown,Unknown,0,Moored,Unknown,Unknown
GRETINA,244717145,52.7412,5.571,6.2,2025-11-05 14:17:43.155502871 +0000 UTC,Unknown,DarkTurquoise,Unknown,Unknown,Unknown,Unknown,Netherlands 🇳🇱,9.8,Unknown,Unknown,-128,Under way using engine,Unknown,Unknown
MYSTAR,276859000,59.4465,24.7735,2.7,2025-11-05 14:17:43.156987268 +0000 UTC,Unknown,DarkTurquoise,Unknown,Unknown,Unknown,Unknown,Estonia 🇪🇪,34.2,Unknown,Unknown,-30,Under way using engine,Unknown,Unknown
LIBERTY             ,367047270,45.967,-122.8236,9.8,2025-11-05 14:17:43.157279485 +0000 UTC,Unknown,DarkTurquoise,Unknown,Unknown,Unknown,Unknown,United States 🇺🇸,320.9,Unknown,Unknown,0,,Unknown,Unknown
CORNELIA,265810010,59.3264,18.0496,0,2025-11-05 14:17:43.157975437 +0000 UTC,Unknown,DarkTurquoise,Unknown,Unknown,Unknown,Unknown,Sweden 🇸🇪,360,Unknown,Unknown,-128,Undefined,Unknown,Unknown
OCEAN GREG          ,316048198,47.5681,-122.3458,0,2025-11-05 14:17:43.158302091 +0000 UTC,Unknown,DarkTurquoise,Unknown,Unknown,Unknown,Unknown,Canada 🇨🇦,296.2,Unknown,Unknown,0,,Unknown,Unknown
LOANA,240921000,37.9314,23.6831,0,2025-11-05 14:17:43.149499876 +0000 UTC,Unknown,DarkTurquoise,Unknown,Unknown,Unknown,Unknown,Greece 🇬🇷,334.8,Unknown,Unknown,0,At anchor,Unknown,Unknown
TIM QUIGG,366926740,33.7637,-118.2567,0,2025-11-05 14:17:43.156620066 +0000 UTC,Unknown,DarkTurquoise,Unknown,Unknown,Unknown,Unknown,United States 🇺🇸,225.2,Unknown,Unknown,0,Under way using engine,Unknown,Unknown
SEATTLE EXPRESS,636020257,-37.663,176.175,0,2025-11-05 14:17:43.153619079 +0000 UTC,Unknown,DarkTurquoise,Unknown,Unknown,Unknown,Unknown,Liberia 🇱🇷,8,Unknown,Unknown,0,Under way using engine,Unknown,Unknown
BOREAS,253242216,51.4492,3.5976,0,2025-11-05 14:17:43.15614203 +0000 UTC,Unknown,DarkTurquoise,Unknown,Unknown,Unknown,Unknown,Luxembourg 🇱🇺,360,Unknown,Unknown,0,Moored,Unknown,Unknown
AMALIA,244710804,51.7847,5.365,3.5,2025-11-05 14:17:43.159582376 +0000 UTC,Unknown,DarkTurquoise,Unknown,Unknown,Unknown,Unknown,Netherlands 🇳🇱,293.6,Unknown,Unknown,-128,Under way using engine,Unknown,Unknown
WEC VAN EYCK        ,210072000,47.1792,-3.3383,13.9,2025-11-05 14:17:43.160338004 +0000 UTC,Unknown,DarkTurquoise,Unknown,Unknown,Unknown,Unknown,Cyprus 🇨🇾,299,Unknown,Unknown,127,Under way using engine,Unknown,Unknown
EEDE,244670291,51.813,4.6508,1,2025-11-05 14:17:43.161597374 +0000 UTC,Unknown,DarkTurquoise,Unknown,Unknown,Unknown,Unknown,Netherlands 🇳🇱,226.9,Unknown,Unknown,-128,Under way using engine,Unknown,Unknown
VISURA              ,211172020,53.5342,8.5812,0,2025-11-05 14:17:43.163492137 +0000 UTC,Unknown,DarkTurquoise,Unknown,Unknown,Unknown,Unknown,Germany 🇩🇪,25.5,Unknown,Unknown,0,Moored,Unknown,Unknown
HEL-95              ,261006830,54.593,18.9364,1.4,2025-11-05 14:17:44.883334747 +0000 UTC,Fishing,Gold,,Unknown,Unknown,Unknown,Poland 🇵🇱,356.6,19,5,-127,Engaged in fishing,0,0
Unknown Vessel,244050842,52.7701,5.1181,Unknown,2025-11-05 14:17:43.1670543 +0000 UTC,Unknown,DarkTurquoise,Unknown,Unknown,Unknown,Unknown,Netherlands 🇳🇱,Unknown,14,4,Unknown,Unknown,Unknown,Unknown
MUKAVEMET           ,271050873,42.7777,31.3617,0.5,2025-11-05 14:17:43.176417831 +0000 UTC,Unknown,DarkTurquoise,Unknown,Unknown,Unknown,Unknown,Turkey 🇹🇷,334.8,Unknown,Unknown,0,Restricted manoeuvrability,Unknown,Unknown
KLEIN FRITZCHEN,211734510,53.5345,9.955,8.7,2025-11-05 14:17:43.174289227 +0000 UTC,Unknown,DarkTurquoise,Unknown,Unknown,Unknown,Unknown,Germany 🇩🇪,347.5,Unknown,Unknown,-128,Undefined,Unknown,Unknown
MSC SINGAPORE IV,636021761,38.4668,15.9132,0.1,2025-11-05 14:17:43.169569432 +0000 UTC,Unknown,DarkTurquoise,Unknown,Unknown,Unknown,Unknown,Liberia 🇱🇷,240.6,Unknown,Unknown,0,Moored,Unknown,Unknown
PAPILLON            ,244700428,51.4299,4.0273,7.6,2025-11-05 14:17:43.17115734 +0000 UTC,Unknown,DarkTurquoise,Unknown,Unknown,Unknown,Unknown,Netherlands 🇳🇱,322.7,Unknown,Unknown,0,Under way using engine,Unknown,Unknown
BLUE AGAVE,338426098,32.7157,-117.2338,Unknown,2025-11-05 14:17:43.168373056 +0000 UTC,Unknown,DarkTurquoise,Unknown,Unknown,Unknown,Unknown,United States 🇺🇸,Unknown,Unknown,Unknown,Unknown,Unknown,Unknown,Unknown
WSF SUQUAMISH       ,368027230,47.9746,-122.3492,0,2025-11-05 14:17:43.172743417 +0000 UTC,Unknown,DarkTurquoise,Unknown,Unknown,Unknown,Unknown,United States 🇺🇸,147.6,Unknown,Unknown,0,Under way using engine,Unknown,Unknown
Unknown Vessel,244210095,51.8265,4.1207,Unknown,2025-11-05 14:17:43.175452208 +0000 UTC,Unknown,DarkTurquoise,Unknown,Unknown,Unknown,Unknown,Netherlands 🇳🇱,Unknown,12,4,Unknown,Unknown,Unknown,Unknown
SOMTRANS X,205369090,52.3994,4.8864,5.8,2025-11-05 14:17:43.181488928 +0000 UTC,Unknown,DarkTurquoise,Unknown,Unknown,Unknown,Unknown,Belgium 🇧🇪,318.4,Unknown,Unknown,-128,Under way using engine,Unknown,Unknown
MSTX 10,244870167,51.8993,4.4034,26.1,2025-11-05 14:17:43.182801575 +0000 UTC,Unknown,DarkTurquoise,Unknown,Unknown,Unknown,Unknown,Netherlands 🇳🇱,249.2,Unknown,Unknown,-128,Constrained by her draught,Unknown,Unknown
DHAMRA              ,205555000,53.9362,8.6523,1.1,2025-11-05 14:17:43.188817184 +0000 UTC,Unknown,DarkTurquoise,Unknown,Unknown,Unknown,Unknown,Belgium 🇧🇪,147.8,Unknown,Unknown,-127,Restricted manoeuvrability,Unknown,Unknown
Unknown Vessel,232051198,41.2574,1.9245,Unknown,2025-11-05 14:17:43.189873155 +0000 UTC,Unknown,DarkTurquoise,Unknown,Unknown,Unknown,Unknown,United Kingdom 🇬🇧,Unknown,16,5,Unknown,Unknown,Unknown,Unknown
LADY ANNE BEAU      ,244890901,53.5882,0.0354,11.6,2025-11-05 14:17:43.191543452 +0000 UTC,Unknown,DarkTurquoise,Unknown,Unknown,Unknown,Unknown,Netherlands 🇳🇱,290.3,Unknown,Unknown,0,Under way using engine,Unknown,Unknown
MR TATE             ,368124370,29.7473,-95.2855,Unknown,2025-11-05 14:17:43.19847842 +0000 UTC,Towing,DarkGreen,BEAUMONT            ,Unknown,Unknown,Unknown,United States 🇺🇸,Unknown,Unknown,Unknown,Unknown,Unknown,0,1.5
LAURA               ,338234677,32.7195,-117.2267,0,2025-11-05 14:17:43.199065874 +0000 UTC,Unknown,DarkTurquoise,Unknown,Unknown,Unknown,Unknown,United States 🇺🇸,129.8,Unknown,Unknown,-128,Undefined,Unknown,Unknown
FANTASY      ,367725510,41.8611,-87.6117,0,2025-11-05 14:17:43.199792236 +0000 UTC,Unknown,DarkTurquoise,Unknown,Unknown,Unknown,Unknown,United States 🇺🇸,360,Unknown,Unknown,-128,Under way sailing,Unknown,Unknown
MONT SAINT MICHEL,227023100,50.8114,-1.0972,0.1,2025-11-05 14:17:43.193090559 +0000 UTC,Unknown,DarkTurquoise,Unknown,Unknown,Unknown,Unknown,France 🇫🇷,9.2,Unknown,Unknown,0,Under way using engine,Unknown,Unknown
CANDACE             ,366955460,27.9531,-82.4419,Unknown,2025-11-05 14:17:43.196710227 +0000 UTC,Towing,DarkGreen,XX XXX>US^0XDG      ,Unknown,Unknown,Unknown,United States 🇺🇸,Unknown,25,10,Unknown,Unknown,9343027,3.1
K9128               ,352002536,41.3365,2.1702,0,2025-11-05 14:17:43.197580214 +0000 UTC,Unknown,DarkTurquoise,Unknown,Unknown,Unknown,Unknown,Panama 🇵🇦,360,Unknown,Unknown,-128,Undefined,Unknown,Unknown
ARKADIA,319178800,41.2104,1.7317,Unknown,2025-11-05 14:17:43.193995849 +0000 UTC,Pleasure Craft,PeachPuff,VILANOVA,ESVLG,Villanueva y Geltru (Vilanova i la Geltru),Spain,Cayman Islands (British Overseas Territory) 🇰🇾,Unknown,50,8,Unknown,Unknown,9845300,2.6
Unknown Vessel,244050744,52.1911,4.5025,Unknown,2025-11-05 14:17:43.201153246 +0000 UTC,Unknown,DarkTurquoise,Unknown,Unknown,Unknown,Unknown,Netherlands 🇳🇱,Unknown,10,4,Unknown,Unknown,Unknown,Unknown
WULF 9,211629290,53.8706,8.7098,0,2025-11-05 14:17:43.202462519 +0000 UTC,Unknown,DarkTurquoise,Unknown,Unknown,Unknown,Unknown,Germany 🇩🇪,310.1,Unknown,Unknown,0,Under way using engine,Unknown,Unknown
GPC BARU            ,730127000,10.4049,-75.5297,0,2025-11-05 14:17:43.211515122 +0000 UTC,Unknown,DarkTurquoise,Unknown,Unknown,Unknown,Unknown,Colombia 🇨🇴,88.9,Unknown,Unknown,0,Under way using engine,Unknown,Unknown
MAGISTER,226004180,49.474,0.1554,0,2025-11-05 14:17:43.205724146 +0000 UTC,Unknown,DarkTurquoise,Unknown,Unknown,Unknown,Unknown,France 🇫🇷,87.6,Unknown,Unknown,-128,Under way using engine,Unknown,Unknown
NORTHSTAR CHALLENGER,367546220,39.2399,-75.0137,7.4,2025-11-05 14:17:43.207166652 +0000 UTC,Unknown,DarkTurquoise,Unknown,Unknown,Unknown,Unknown,United States 🇺🇸,304.4,Unknown,Unknown,-128,Under way using engine,Unknown,Unknown
MEDWAY              ,209416000,53.5611,8.5494,9.6,2025-11-05 14:17:44.580597488 +0000 UTC,Dredging or Underwater Operations,Black,DREDGING OPERATIONS ,ZALER,Lerato,South Africa,Cyprus 🇨🇾,319.4,120,21,0,Restricted manoeuvrability,9524152,6.8
ECODELTA            ,244110640,51.9335,4.049,0,2025-11-05 14:17:43.204008016 +0000 UTC,Unknown,DarkTurquoise,Unknown,Unknown,Unknown,Unknown,Netherlands 🇳🇱,339.1,Unknown,Unknown,0,Under way using engine,Unknown,Unknown
DURANCE,244660617,52.567,5.9081,8.6,2025-11-05 14:17:43.21973729 +0000 UTC,Unknown,DarkTurquoise,Unknown,Unknown,Unknown,Unknown,Netherlands 🇳🇱,301.4,Unknown,Unknown,-128,Under way using engine,Unknown,Unknown
M/Y PARADISE        ,518100144,-32.0634,115.7483,0,2025-11-05 14:17:43.213184935 +0000 UTC,Unknown,DarkTurquoise,Unknown,Unknown,Unknown,Unknown,Cook Islands 🇨🇰,165.3,Unknown,Unknown,0,Under way using engine,Unknown,Unknown
ARJA,244730288,51.8215,4.7648,0,2025-11-05 14:17:43.218028438 +0000 UTC,Unknown,DarkTurquoise,Unknown,Unknown,Unknown,Unknown,Netherlands 🇳🇱,360,Unknown,Unknown,-128,Under way using engine,Unknown,Unknown
CHARLESTON          ,368119660,40.5635,-74.2134,8.7,2025-11-05 14:17:43.221316359 +0000 UTC,Unknown,DarkTurquoise,Unknown,Unknown,Unknown,Unknown,United States 🇺🇸,19.1,Unknown,Unknown,0,At anchor,Unknown,Unknown
MISS AUDREY         ,368310080,32.3447,-90.8906,6.5,2025-11-05 14:17:43.214580928 +0000 UTC,Unknown,DarkTurquoise,Unknown,Unknown,Unknown,Unknown,United States 🇺🇸,212.1,Unknown,Unknown,127,,Unknown,Unknown
JANA                ,211809000,53.8329,7.8058,10,2025-11-05 14:17:43.219138808 +0000 UTC,Unknown,DarkTurquoise,Unknown,Unknown,Unknown,Unknown,Germany 🇩🇪,268,Unknown,Unknown,127,Under way using engine,Unknown,Unknown
MARE JONIO          ,247536000,38.0114,12.5193,Unknown,2025-11-05 14:17:43.216612756 +0000 UTC,Tug Boat,Silver,ITTPS               ,Unknown,Unknown,Unknown,Italy 🇮🇹,Unknown,37,9,Unknown,Unknown,7222669,4.2
MOBY  DICK,211512100,50.7331,7.1098,0,2025-11-05 14:17:43.222687813 +0000 UTC,Unknown,DarkTurquoise,Unknown,Unknown,Unknown,Unknown,Germany 🇩🇪,0,Unknown,Unknown,-128,Under way using engine,Unknown,Unknown
KLATAWA,338437279,47.3346,-122.5854,Unknown,2025-11-05 14:17:43.223663392 +0000 UTC,Unknown,DarkTurquoise,Unknown,Unknown,Unknown,Unknown,United States 🇺🇸,Unknown,Unknown,Unknown,Unknown,Unknown,Unknown,Unknown
PATRICIA_LEE,368526000,47.6461,-122.3396,0,2025-11-05 14:17:43.225867407 +0000 UTC,Fishing,Gold,Unknown,Unknown,Unknown,Unknown,United States 🇺🇸,360,Unknown,Unknown,-128,Engaged in fishing,Unknown,Unknown
DE JONGE GERBRAND 7,244700506,53.3153,6.9289,0,2025-11-05 14:17:43.228878428 +0000 UTC,Unknown,DarkTurquoise,Unknown,Unknown,Unknown,Unknown,Netherlands 🇳🇱,0,Unknown,Unknown,-128,Under way using engine,Unknown,Unknown
CONG ROBERT A ROE   ,366902360,40.5752,-74.0627,25.8,2025-11-05 14:17:43.231366999 +0000 UTC,Unknown,DarkTurquoise,Unknown,Unknown,Unknown,Unknown,United States 🇺🇸,23.5,Unknown,Unknown,-128,Under way using engine,Unknown,Unknown
ELK RIVER           ,367419080,40.661,-74.1446,10.8,2025-11-05 14:17:43.232493143 +0000 UTC,Unknown,DarkTurquoise,Unknown,Unknown,Unknown,Unknown,United States 🇺🇸,196,Unknown,Unknown,127,Under way using engine,Unknown,Unknown
MARTHA'S VINEYARD EX,367036190,40.4333,-74.0791,0,2025-11-05 14:17:43.234279457 +0000 UTC,Unknown,DarkTurquoise,Unknown,Unknown,Unknown,Unknown,United States 🇺🇸,22.4,Unknown,Unknown,0,Under way using engine,Unknown,Unknown
FRED V MORRONE      ,366853410,40.6975,-74.0161,26.6,2025-11-05 14:17:43.239253625 +0000 UTC,Unknown,DarkTurquoise,Unknown,Unknown,Unknown,Unknown,United States 🇺🇸,299.8,Unknown,Unknown,-128,Under way using engine,Unknown,Unknown
MARY ALICE          ,366744020,40.6808,-74.143,0,2025-11-05 14:17:43.240726326 +0000 UTC,Unknown,DarkTurquoise,Unknown,Unknown,Unknown,Unknown,United States 🇺🇸,237.7,Unknown,Unknown,-128,Under way using engine,Unknown,Unknown
MAI-W,211770970,52.6695,5.5476,9.3,2025-11-05 14:17:43.251455099 +0000 UTC,Unknown,DarkTurquoise,Unknown,Unknown,Unknown,Unknown,Germany 🇩🇪,189.8,Unknown,Unknown,0,Under way using engine,Unknown,Unknown
CHEM NEON           ,636019203,34.0411,34.3408,0.8,2025-11-05 14:17:43.252638797 +0000 UTC,Unknown,DarkTurquoise,Unknown,Unknown,Unknown,Unknown,Liberia 🇱🇷,152.2,Unknown,Unknown,0,Under way using engine,Unknown,Unknown
FARVEL,244031318,51.282,4.364,Unknown,2025-11-05 14:17:43.243674767 +0000 UTC,Tanker,Navy,ANTWERPEN MARSHALLDO,BEANR,Antwerpen,Belgium,Netherlands 🇳🇱,Unknown,135,19,Unknown,Unknown,0,1.6
ORN,268221801,52.4664,5.0376,Unknown,2025-11-05 14:17:43.245264261 +0000 UTC,Unknown,DarkTurquoise,Unknown,Unknown,Unknown,Unknown,San Marino 🇸🇲,Unknown,Unknown,Unknown,Unknown,Unknown,Unknown,Unknown
MANTA URAZ          ,538011295,-33.2651,115.5234,0.1,2025-11-05 14:17:43.247597388 +0000 UTC,Unknown,DarkTurquoise,Unknown,Unknown,Unknown,Unknown,Marshall Islands 🇲🇭,88.7,Unknown,Unknown,0,At anchor,Unknown,Unknown
NERIO,256002160,-17.5267,-149.5678,0,2025-11-05 14:17:43.248859111 +0000 UTC,Unknown,DarkTurquoise,Unknown,Unknown,Unknown,Unknown,Malta 🇲🇹,360,Unknown,Unknown,53,Under way using engine,Unknown,Unknown
TRIBU'              ,229963000,44.3163,8.4945,0,2025-11-05 14:17:43.254387809 +0000 UTC,Unknown,DarkTurquoise,Unknown,Unknown,Unknown,Unknown,Malta 🇲🇹,357.4,Unknown,Unknown,12,Under way using engine,Unknown,Unknown
Unknown Vessel,368333440,48.5189,-122.6215,Unknown,2025-11-05 14:17:43.255707303 +0000 UTC,Unknown,DarkTurquoise,Unknown,Unknown,Unknown,Unknown,United States 🇺🇸,Unknown,13,5,Unknown,Unknown,Unknown,Unknown
BUETZFLETH          ,211334410,53.6527,9.5108,0,2025-11-05 14:17:43.257051817 +0000 UTC,Unknown,DarkTurquoise,Unknown,Unknown,Unknown,Unknown,Germany 🇩🇪,210.8,Unknown,Unknown,0,Under way using engine,Unknown,Unknown
MAGIC 3             ,212769000,37.9425,23.6391,9.3,2025-11-05 14:17:43.258517623 +0000 UTC,Unknown,DarkTurquoise,Unknown,Unknown,Unknown,Unknown,Cyprus 🇨🇾,245.2,Unknown,Unknown,0,Under way using engine,Unknown,Unknown
CSL TECUMSEH        ,311056900,48.2112,-123.4377,12.4,2025-11-05 14:17:43.259985606 +0000 UTC,Unknown,DarkTurquoise,Unknown,Unknown,Unknown,Unknown,Bahamas 🇧🇸,319.4,Unknown,Unknown,4,Under way using engine,Unknown,Unknown
ZZ10 DE 4 GEBROEDERS,244070927,52.1054,4.0789,13.1,2025-11-05 14:17:43.261215 +0000 UTC,Unknown,DarkTurquoise,Unknown,Unknown,Unknown,Unknown,Netherlands 🇳🇱,38.9,Unknown,Unknown,0,Under way using engine,Unknown,Unknown
ARKLOW VALE,244750645,53.3425,-6.1985,0,2025-11-05 14:17:43.262557445 +0000 UTC,Unknown,DarkTurquoise,Unknown,Unknown,Unknown,Unknown,Netherlands 🇳🇱,231.4,Unknown,Unknown,5,Moored,Unknown,Unknown
MNO-E,244103763,51.9049,4.4761,0,2025-11-05 14:17:43.264789474 +0000 UTC,Unknown,DarkTurquoise,Unknown,Unknown,Unknown,Unknown,Netherlands 🇳🇱,255.7,Unknown,Unknown,0,Moored,Unknown,Unknown
RESCUE I RAMSTEDT,265732770,58.4884,16.9422,0,2025-11-05 14:17:43.270303485 +0000 UTC,Unknown,DarkTurquoise,Unknown,Unknown,Unknown,Unknown,Sweden 🇸🇪,136.9,Unknown,Unknown,0,Under way using engine,Unknown,Unknown
MARANT              ,205050000,43.3896,-8.3684,6.4,2025-11-05 14:17:43.272480846 +0000 UTC,Unknown,DarkTurquoise,Unknown,Unknown,Unknown,Unknown,Belgium 🇧🇪,187.2,Unknown,Unknown,-127,Under way using engine,Unknown,Unknown
RM BARU             ,730125000,10.9695,-74.7588,0,2025-11-05 14:17:43.27382568 +0000 UTC,Unknown,DarkTurquoise,Unknown,Unknown,Unknown,Unknown,Colombia 🇨🇴,261.5,Unknown,Unknown,-128,Under way using engine,Unknown,Unknown
FINKENWERDER,218049110,53.5449,9.9693,6.4,2025-11-05 14:17:43.274970384 +0000 UTC,Unknown,DarkTurquoise,Unknown,Unknown,Unknown,Unknown,Germany 🇩🇪,250,Unknown,Unknown,0,Under way using engine,Unknown,Unknown
WINE KNOT,368180010,48.5141,-122.6064,Unknown,2025-11-05 14:17:43.278694349 +0000 UTC,Unknown,DarkTurquoise,Unknown,Unknown,Unknown,Unknown,United States 🇺🇸,Unknown,Unknown,Unknown,Unknown,Unknown,Unknown,Unknown
HG 264 SIGNET       ,219035021,57.5932,9.9735,0,2025-11-05 14:17:43.276370454 +0000 UTC,Fishing,Gold,Unknown,Unknown,Unknown,Unknown,Denmark 🇩🇰,143.1,Unknown,Unknown,0,Engaged in fishing,Unknown,Unknown
MOSKITO,319201300,41.3771,2.1869,0,2025-11-05 14:17:43.279820125 +0000 UTC,Unknown,DarkTurquoise,Unknown,Unknown,Unknown,Unknown,Cayman Islands (British Overseas Territory) 🇰🇾,177.3,Unknown,Unknown,0,Moored,Unknown,Unknown
DESIDERIUM,244630237,51.251,4.4032,0,2025-11-05 14:17:43.285027916 +0000 UTC,Unknown,DarkTurquoise,Unknown,Unknown,Unknown,Unknown,Netherlands 🇳🇱,176,Unknown,Unknown,-128,Under way using engine,Unknown,Unknown
FLYING CLOUD        ,367578710,42.3341,-70.9565,27.4,2025-11-05 14:17:43.286000219 +0000 UTC,Unknown,DarkTurquoise,Unknown,Unknown,Unknown,Unknown,United States 🇺🇸,284.3,Unknown,Unknown,0,Under way using engine,Unknown,Unknown
PILOT83             ,477995124,22.3095,114.1581,0.1,2025-11-05 14:17:43.287804171 +0000 UTC,Unknown,DarkTurquoise,Unknown,Unknown,Unknown,Unknown,Hong Kong (China) 🇭🇰,46.9,Unknown,Unknown,-128,Undefined,Unknown,Unknown
HA41 ANTJE          ,244277000,53.3017,5.1816,2.4,2025-11-05 14:17:43.292169101 +0000 UTC,Unknown,DarkTurquoise,Unknown,Unknown,Unknown,Unknown,Netherlands 🇳🇱,25.1,Unknown,Unknown,0,Under way using engine,Unknown,Unknown
ZEMBLA,244870461,51.2204,6.7409,1.2,2025-11-05 14:17:43.289369432 +0000 UTC,Unknown,DarkTurquoise,Unknown,Unknown,Unknown,Unknown,Netherlands 🇳🇱,34.4,Unknown,Unknown,0,Under way using engine,Unknown,Unknown
ST28 LUBBERT SENIOR ,245841000,52.8863,5.3551,0,2025-11-05 14:17:43.290368911 +0000 UTC,Fishing,Gold,Unknown,Unknown,Unknown,Unknown,Netherlands 🇳🇱,302.1,Unknown,Unknown,-128,Engaged in fishing,Unknown,Unknown
VLIELAND            ,244090796,53.3087,5.1598,13.5,2025-11-05 14:17:43.291329833 +0000 UTC,Unknown,DarkTurquoise,Unknown,Unknown,Unknown,Unknown,Netherlands 🇳🇱,337,Unknown,Unknown,-127,Moored,Unknown,Unknown
P85    ,244030069,53.235,5.1877,15.9,2025-11-05 14:17:43.293066076 +0000 UTC,Unknown,DarkTurquoise,Unknown,Unknown,Unknown,Unknown,Netherlands 🇳🇱,115,Unknown,Unknown,0,Undefined,Unknown,Unknown
WICSILE,244002344,53.365,5.2216,Unknown,2025-11-05 14:17:43.294816023 +0000 UTC,Unknown,DarkTurquoise,Unknown,Unknown,Unknown,Unknown,Netherlands 🇳🇱,Unknown,Unknown,Unknown,Unknown,Unknown,Unknown,Unknown
WLA-196             ,261010020,54.6007,18.8035,0.2,2025-11-05 14:17:43.296480825 +0000 UTC,Unknown,DarkTurquoise,Unknown,Unknown,Unknown,Unknown,Poland 🇵🇱,206.5,Unknown,Unknown,0,Under way using engine,Unknown,Unknown
THUN RELIANCE       ,244335000,57.6812,11.8318,8.2,2025-11-05 14:17:43.297751967 +0000 UTC,Unknown,DarkTurquoise,Unknown,Unknown,Unknown,Unknown,Netherlands 🇳🇱,78.2,Unknown,Unknown,0,Under way using engine,Unknown,Unknown
FREGATE,205200690,51.2252,4.5442,0,2025-11-05 14:17:43.299004157 +0000 UTC,Unknown,DarkTurquoise,Unknown,Unknown,Unknown,Unknown,Belgium 🇧🇪,0,Unknown,Unknown,-128,Under way using engine,Unknown,Unknown
DARELL HIATT        ,368133450,33.7312,-118.2611,0,2025-11-05 14:17:43.299954583 +0000 UTC,Unknown,DarkTurquoise,Unknown,Unknown,Unknown,Unknown,United States 🇺🇸,258.1,Unknown,Unknown,0,,Unknown,Unknown
MARGJE,244830189,51.9124,4.4879,11.2,2025-11-05 14:17:43.301105574 +0000 UTC,Unknown,DarkTurquoise,Unknown,Unknown,Unknown,Unknown,Netherlands 🇳🇱,35.2,Unknown,Unknown,127,Under way using engine,Unknown,Unknown
HARRY STONE         ,265626130,56.1563,14.8292,0,2025-11-05 14:17:43.302413739 +0000 UTC,Unknown,DarkTurquoise,Unknown,Unknown,Unknown,Unknown,Sweden 🇸🇪,310.1,Unknown,Unknown,0,Under way using engine,Unknown,Unknown
STELLAR,244042312,52.0426,5.109,7.3,2025-11-05 14:17:43.303513902 +0000 UTC,Unknown,DarkTurquoise,Unknown,Unknown,Unknown,Unknown,Netherlands 🇳🇱,344.6,Unknown,Unknown,0,Under way using engine,Unknown,Unknown
VEGA I              ,247196500,45.5247,12.719,0,2025-11-05 14:17:43.304726772 +0000 UTC,Unknown,DarkTurquoise,Unknown,Unknown,Unknown,Unknown,Italy 🇮🇹,35,Unknown,Unknown,-128,Under way using engine,Unknown,Unknown
RP BRUSSEL,269057472,51.8548,5.9679,5.6,2025-11-05 14:17:43.306511438 +0000 UTC,Unknown,DarkTurquoise,Unknown,Unknown,Unknown,Unknown,Switzerland 🇨🇭,89,Unknown,Unknown,-128,Under way using engine,Unknown,Unknown
URHO                ,230290000,60.1695,24.9727,Unknown,2025-11-05 14:17:43.307749904 +0000 UTC,Other Type,RoyalBlue,SEA TRIAL FIHEL     ,USQRL,Erial,United States,Finland 🇫🇮,Unknown,105,24,Unknown,Unknown,7347615,7.1
GOLLENES            ,257122000,62.6802,5.8021,11,2025-11-05 14:17:43.308862587 +0000 UTC,Unknown,DarkTurquoise,Unknown,Unknown,Unknown,Unknown,Norway 🇳🇴,23.7,Unknown,Unknown,-128,Under way using engine,Unknown,Unknown
DOKTER WAGEMAKER    ,244030035,52.9648,4.7799,8.2,2025-11-05 14:17:43.311629646 +0000 UTC,Unknown,DarkTurquoise,Unknown,Unknown,Unknown,Unknown,Netherlands 🇳🇱,213.7,Unknown,Unknown,-11,Under way using engine,Unknown,Unknown
OCEAN MONARCH       ,316004658,47.5681,-122.3459,0,2025-11-05 14:17:43.312760869 +0000 UTC,Unknown,DarkTurquoise,Unknown,Unknown,Unknown,Unknown,Canada 🇨🇦,282.3,Unknown,Unknown,-128,Under way using engine,Unknown,Unknown
MOONI               ,304040000,28.7111,-15.1919,13.6,2025-11-05 14:17:43.316629191 +0000 UTC,Unknown,DarkTurquoise,Unknown,Unknown,Unknown,Unknown,Antigua and Barbuda 🇦🇬,8.3,Unknown,Unknown,-5,Under way using engine,Unknown,Unknown
FLYING CAT 5,237836900,37.7614,23.5726,24.3,2025-11-05 14:17:43.315558478 +0000 UTC,Unknown,DarkTurquoise,Unknown,Unknown,Unknown,Unknown,Greece 🇬🇷,19.6,Unknown,Unknown,-127,Under way using engine,Unknown,Unknown
INNAMO              ,230175040,60.1886,22.2613,8.2,2025-11-05 14:17:43.317869184 +0000 UTC,Unknown,DarkTurquoise,Unknown,Unknown,Unknown,Unknown,Finland 🇫🇮,1.5,Unknown,Unknown,0,Under way using engine,Unknown,Unknown
ENOTRIA             ,247079200,38.1957,15.5603,7.3,2025-11-05 14:17:43.321139908 +0000 UTC,Unknown,DarkTurquoise,Unknown,Unknown,Unknown,Unknown,Italy 🇮🇹,181.8,Unknown,Unknown,-128,Moored,Unknown,Unknown
VB 21 FECAMP,227006760,49.4754,0.1335,0,2025-11-05 14:17:43.322077689 +0000 UTC,Unknown,DarkTurquoise,Unknown,Unknown,Unknown,Unknown,France 🇫🇷,270.8,Unknown,Unknown,0,,Unknown,Unknown
GEDI                ,224115880,42.23,-8.7391,0,2025-11-05 14:17:43.323968374 +0000 UTC,Unknown,DarkTurquoise,Unknown,Unknown,Unknown,Unknown,Spain 🇪🇸,268.1,Unknown,Unknown,-128,Under way using engine,Unknown,Unknown
Unknown Vessel,338354286,37.0196,-76.3438,Unknown,2025-11-05 14:17:43.32617748 +0000 UTC,Unknown,DarkTurquoise,Unknown,Unknown,Unknown,Unknown,United States 🇺🇸,Unknown,14,4,Unknown,Unknown,Unknown,Unknown
AMSTERDAM           ,244500840,52.3726,4.9105,0,2025-11-05 14:17:43.327636725 +0000 UTC,Unknown,DarkTurquoise,Unknown,Unknown,Unknown,Unknown,Netherlands 🇳🇱,360,Unknown,Unknown,-128,Under way using engine,Unknown,Unknown
GLORY               ,367782940,42.3597,-71.0316,7,2025-11-05 14:17:43.330964885 +0000 UTC,Unknown,DarkTurquoise,Unknown,Unknown,Unknown,Unknown,United States 🇺🇸,69.3,Unknown,Unknown,0,Under way using engine,Unknown,Unknown
CARPE NOCTEM,244660477,51.8663,5.9433,6.7,2025-11-05 14:17:43.341732828 +0000 UTC,Unknown,DarkTurquoise,Unknown,Unknown,Unknown,Unknown,Netherlands 🇳🇱,144.2,Unknown,Unknown,0,Under way using engine,Unknown,Unknown
MISS LUPE    ,367073890,27.9288,-82.4275,0,2025-11-05 14:17:43.334049694 +0000 UTC,Unknown,DarkTurquoise,Unknown,Unknown,Unknown,Unknown,United States 🇺🇸,360,Unknown,Unknown,-128,Undefined,Unknown,Unknown
SIREHNA 625         ,227475180,43.0837,5.9306,Unknown,2025-11-05 14:17:43.335156034 +0000 UTC,Unknown,DarkTurquoise,Unknown,Unknown,Unknown,Unknown,France 🇫🇷,Unknown,Unknown,Unknown,Unknown,Unknown,Unknown,Unknown
A300 MARIE SKOV     ,219006113,57.3208,11.1267,0,2025-11-05 14:17:43.336874931 +0000 UTC,Fishing,Gold,Unknown,Unknown,Unknown,Unknown,Denmark 🇩🇰,73.1,Unknown,Unknown,0,Engaged in fishing,Unknown,Unknown
HELGOEY TIND        ,257011900,58.9731,5.7401,0,2025-11-05 14:17:43.338447092 +0000 UTC,Unknown,DarkTurquoise,Unknown,Unknown,Unknown,Unknown,Norway 🇳🇴,238.9,Unknown,Unknown,0,Under way using engine,Unknown,Unknown
PILOT 145 SE        ,265514760,60.173,18.8072,0,2025-11-05 14:17:43.340036716 +0000 UTC,Unknown,DarkTurquoise,Unknown,Unknown,Unknown,Unknown,Sweden 🇸🇪,129.7,Unknown,Unknown,0,Under way using engine,Unknown,Unknown
MARINA,253242396,51.4453,6.7486,0,2025-11-05 14:17:43.342969682 +0000 UTC,Unknown,DarkTurquoise,Unknown,Unknown,Unknown,Unknown,Luxembourg 🇱🇺,360,Unknown,Unknown,0,Moored,Unknown,Unknown
TEBENKOF            ,367061930,48.7576,-122.5112,0,2025-11-05 14:17:43.344096999 +0000 UTC,Unknown,DarkTurquoise,Unknown,Unknown,Unknown,Unknown,United States 🇺🇸,267.2,Unknown,Unknown,-128,Undefined,Unknown,Unknown
 SEA OAK            ,367189580,29.7833,-93.3423,0,2025-11-05 14:17:43.349136408 +0000 UTC,Unknown,DarkTurquoise,Unknown,Unknown,Unknown,Unknown,United States 🇺🇸,30,Unknown,Unknown,-128,Under way using engine,Unknown,Unknown
LADY JOSIE          ,367007770,29.7837,-93.3323,0,2025-11-05 14:17:43.351283391 +0000 UTC,Unknown,DarkTurquoise,Unknown,Unknown,Unknown,Unknown,United States 🇺🇸,290.2,Unknown,Unknown,-128,,Unknown,Unknown
CAPT TIMMY,366991110,29.9226,-93.8516,0,2025-11-05 14:17:43.352931726 +0000 UTC,Unknown,DarkTurquoise,Unknown,Unknown,Unknown,Unknown,United States 🇺🇸,360,Unknown,Unknown,-128,Under way using engine,Unknown,Unknown
GAIL CECILIA,367726950,30.1091,-93.3015,0,2025-11-05 14:17:43.354053153 +0000 UTC,Unknown,DarkTurquoise,Unknown,Unknown,Unknown,Unknown,United States 🇺🇸,360,Unknown,Unknown,0,Under way using engine,Unknown,Unknown
WELLINGDORF,211872380,54.3325,10.1598,7.4,2025-11-05 14:17:43.356319545 +0000 UTC,Unknown,DarkTurquoise,Unknown,Unknown,Unknown,Unknown,Germany 🇩🇪,267,Unknown,Unknown,0,Under way using engine,Unknown,Unknown
ROVAERFJORD         ,257597900,59.3965,5.2698,0,2025-11-05 14:17:43.361292729 +0000 UTC,Unknown,DarkTurquoise,Unknown,Unknown,Unknown,Unknown,Norway 🇳🇴,322.6,Unknown,Unknown,0,Under way using engine,Unknown,Unknown
F.V SOMATINA        ,503647800,-23.8584,152.6047,Unknown,2025-11-05 14:17:43.36362879 +0000 UTC,Unknown,DarkTurquoise,Unknown,Unknown,Unknown,Unknown,Australia 🇦🇺,Unknown,Unknown,Unknown,Unknown,Unknown,Unknown,Unknown
DOROTHEA,244770077,51.9628,5.2865,5.6,2025-11-05 14:17:43.3628286 +0000 UTC,Unknown,DarkTurquoise,Unknown,Unknown,Unknown,Unknown,Netherlands 🇳🇱,97.9,Unknown,Unknown,0,Under way using engine,Unknown,Unknown
ESSEX STAR          ,256809000,57.4842,10.6987,2.6,2025-11-05 14:17:43.369591057 +0000 UTC,Unknown,DarkTurquoise,Unknown,Unknown,Unknown,Unknown,Malta 🇲🇹,184,Unknown,Unknown,0,Under way using engine,Unknown,Unknown
Unknown Vessel,235100527,53.6324,7.1566,17.4,2025-11-05 14:17:43.372287243 +0000 UTC,Unknown,DarkTurquoise,Unknown,Unknown,Unknown,Unknown,United Kingdom 🇬🇧,168.7,Unknown,Unknown,-128,Under way using engine,Unknown,Unknown
SALMO,211518370,53.4953,9.9489,0,2025-11-05 14:17:43.390314853 +0000 UTC,Unknown,DarkTurquoise,Unknown,Unknown,Unknown,Unknown,Germany 🇩🇪,334,Unknown,Unknown,0,Under way using engine,Unknown,Unknown
TAUATI  FERRY       ,546018300,-17.5351,-149.5698,0,2025-11-05 14:17:43.380237977 +0000 UTC,Unknown,DarkTurquoise,Unknown,Unknown,Unknown,Unknown,French Polynesia (France Overseas Territory) 🇵🇫,79,Unknown,Unknown,0,Under way using engine,Unknown,Unknown
PATRIA SEAWAYS,277291000,55.6856,21.1392,0,2025-11-05 14:17:43.381708059 +0000 UTC,Unknown,DarkTurquoise,Unknown,Unknown,Unknown,Unknown,Lithuania 🇱🇹,298.6,Unknown,Unknown,0,Moored,Unknown,Unknown
SK981 LAURA         ,219016689,55.9633,11.8465,0,2025-11-05 14:17:43.383963634 +0000 UTC,Unknown,DarkTurquoise,Unknown,Unknown,Unknown,Unknown,Denmark 🇩🇰,170.5,Unknown,Unknown,0,Undefined,Unknown,Unknown
                    ,416000859,25.2731,121.815,Unknown,2025-11-05 14:17:43.385388451 +0000 UTC,Unknown,DarkTurquoise,Unknown,Unknown,Unknown,Unknown,Taiwan 🇹🇼,Unknown,Unknown,Unknown,Unknown,Unknown,Unknown,Unknown
MACEIO PILOT STATION,710999915,-9.6694,-35.7317,0,2025-11-05 14:17:43.38666362 +0000 UTC,Unknown,DarkTurquoise,Unknown,Unknown,Unknown,Unknown,Brazil 🇧🇷,144.9,Unknown,Unknown,-128,,Unknown,Unknown
NORDWIND            ,211670550,53.547,9.8397,7.2,2025-11-05 14:17:43.393561415 +0000 UTC,Unknown,DarkTurquoise,Unknown,Unknown,Unknown,Unknown,Germany 🇩🇪,102,Unknown,Unknown,0,Under way using engine,Unknown,Unknown
ALPHA LIBERTY       ,241339000,49.814,-3.3526,11.9,2025-11-05 14:17:43.387709261 +0000 UTC,Unknown,DarkTurquoise,Unknown,Unknown,Unknown,Unknown,Greece 🇬🇷,240.5,Unknown,Unknown,1,Under way using engine,Unknown,Unknown
RONEZ               ,232003642,49.1758,-2.112,Unknown,2025-11-05 14:17:43.38913672 +0000 UTC,Cargo,ForestGreen,IEDUB               ,IEDUB,Dublin,Ireland,United Kingdom 🇬🇧,Unknown,60,10,Unknown,Unknown,8102476,2.9
ANDREAS VIKING      ,258016000,-39.096,142.8228,0.1,2025-11-05 14:17:43.391344658 +0000 UTC,Unknown,DarkTurquoise,Unknown,Unknown,Unknown,Unknown,Norway 🇳🇴,89.5,Unknown,Unknown,0,Restricted manoeuvrability,Unknown,Unknown
SPABUNKER CINCUENTA ,224220360,41.3427,2.1611,0,2025-11-05 14:17:43.392256257 +0000 UTC,Unknown,DarkTurquoise,Unknown,Unknown,Unknown,Unknown,Spain 🇪🇸,201.3,Unknown,Unknown,0,Under way using engine,Unknown,Unknown
BLUE CARRIER 1,241671000,37.8597,23.6512,16.9,2025-11-05 14:17:43.396402029 +0000 UTC,Unknown,DarkTurquoise,Unknown,Unknown,Unknown,Unknown,Greece 🇬🇷,335,Unknown,Unknown,-3,Under way using engine,Unknown,Unknown
Unknown Vessel,211152520,54.5282,8.8703,0,2025-11-05 14:17:43.398836835 +0000 UTC,Unknown,DarkTurquoise,Unknown,Unknown,Unknown,Unknown,Germany 🇩🇪,201.4,Unknown,Unknown,0,Moored,Unknown,Unknown
MARTINA,244700764,51.8893,4.4146,0.1,2025-11-05 14:17:43.400561643 +0000 UTC,Unknown,DarkTurquoise,Unknown,Unknown,Unknown,Unknown,Netherlands 🇳🇱,360,Unknown,Unknown,-128,Under way using engine,Unknown,Unknown
BORK,258102500,59.3231,10.5188,Unknown,2025-11-05 14:17:43.402368367 +0000 UTC,Unknown,DarkTurquoise,Unknown,Unknown,Unknown,Unknown,Norway 🇳🇴,Unknown,Unknown,Unknown,Unknown,Unknown,Unknown,Unknown
M/F MARY            ,220000054,56.709,9.175,0.7,2025-11-05 14:17:43.407791295 +0000 UTC,Unknown,DarkTurquoise,Unknown,Unknown,Unknown,Unknown,Denmark 🇩🇰,108,Unknown,Unknown,127,Under way using engine,Unknown,Unknown
BRINGER             ,219016663,55.5059,12.7641,0.3,2025-11-05 14:17:43.411152184 +0000 UTC,Unknown,DarkTurquoise,Unknown,Unknown,Unknown,Unknown,Denmark 🇩🇰,58.1,Unknown,Unknown,-127,Under way using engine,Unknown,Unknown
GALATEA,211487500,51.6574,4.3163,10.2,2025-11-05 14:17:43.421343905 +0000 UTC,Unknown,DarkTurquoise,Unknown,Unknown,Unknown,Unknown,Germany 🇩🇪,257.1,Unknown,Unknown,-9,Under way using engine,Unknown,Unknown
LEB-18 ,261001230,54.5999,18.8011,0.6,2025-11-05 14:17:43.422975912 +0000 UTC,Fishing,Gold,Unknown,Unknown,Unknown,Unknown,Poland 🇵🇱,189.9,Unknown,Unknown,-128,Engaged in fishing,Unknown,Unknown
GRIMSHOLM,259602000,69.6731,18.9804,0,2025-11-05 14:17:43.412016939 +0000 UTC,Unknown,DarkTurquoise,Unknown,Unknown,Unknown,Unknown,Norway 🇳🇴,5,Unknown,Unknown,0,Under way using engine,Unknown,Unknown
VALO                ,265650970,57.6615,11.8418,0,2025-11-05 14:17:43.413024033 +0000 UTC,Unknown,DarkTurquoise,Unknown,Unknown,Unknown,Unknown,Sweden 🇸🇪,303.4,Unknown,Unknown,0,Under way using engine,Unknown,Unknown
PACIFIC GUARDIAN    ,316016131,48.4147,-123.3862,0,2025-11-05 14:17:43.416023729 +0000 UTC,Unknown,DarkTurquoise,Unknown,Unknown,Unknown,Unknown,Canada 🇨🇦,324.4,Unknown,Unknown,0,Under way using engine,Unknown,Unknown
NORTHERN ENDURANCE,367101660,46.1886,-123.86,0,2025-11-05 14:17:43.420016064 +0000 UTC,Unknown,DarkTurquoise,Unknown,Unknown,Unknown,Unknown,United States 🇺🇸,332.8,Unknown,Unknown,0,Under way using engine,Unknown,Unknown
KVB ALESSANDRO,270251000,51.4947,4.222,8.4,2025-11-05 14:17:43.424245089 +0000 UTC,Unknown,DarkTurquoise,Unknown,Unknown,Unknown,Unknown,Czech Republic 🇨🇿,355.3,Unknown,Unknown,-128,Under way using engine,Unknown,Unknown
SIF W               ,209190000,51.8845,4.4161,0,2025-11-05 14:17:43.428853782 +0000 UTC,Unknown,DarkTurquoise,Unknown,Unknown,Unknown,Unknown,Cyprus 🇨🇾,158.6,Unknown,Unknown,0,Moored,Unknown,Unknown
HAYABUSA            ,431005182,40.8449,140.7183,0.1,2025-11-05 14:17:43.431317738 +0000 UTC,Unknown,DarkTurquoise,Unknown,Unknown,Unknown,Unknown,Japan 🇯🇵,223.3,Unknown,Unknown,0,Under way using engine,Unknown,Unknown
STOLT KOLN,244670860,53.3482,7.2095,0,2025-11-05 14:17:43.432669573 +0000 UTC,Unknown,DarkTurquoise,Unknown,Unknown,Unknown,Unknown,Netherlands 🇳🇱,63.6,Unknown,Unknown,-128,Under way using engine,Unknown,Unknown
DE VRIENDSCHAP,244236639,53.0433,4.854,0,2025-11-05 14:17:43.434243042 +0000 UTC,Unknown,DarkTurquoise,Unknown,Unknown,Unknown,Unknown,Netherlands 🇳🇱,360,Unknown,Unknown,-128,Under way using engine,Unknown,Unknown
IBN BATTUTA         ,253291000,39.4437,-0.2973,0.5,2025-11-05 14:17:43.436560966 +0000 UTC,Unknown,DarkTurquoise,Unknown,Unknown,Unknown,Unknown,Luxembourg 🇱🇺,123.8,Unknown,Unknown,-127,Restricted manoeuvrability,Unknown,Unknown
AMARRE CABANAL      ,225986509,39.4028,-0.2569,7.4,2025-11-05 14:17:43.438085912 +0000 UTC,Unknown,DarkTurquoise,Unknown,Unknown,Unknown,Unknown,Spain 🇪🇸,130.6,Unknown,Unknown,-128,Under way using engine,Unknown,Unknown
ALASCO,211177390,54.2907,9.6635,Unknown,2025-11-05 14:17:43.439182172 +0000 UTC,Wing In Ground,OliveDrab,HAMBURG DRADENAU,DEHAM,Hamburg,Germany,Germany 🇩🇪,Unknown,100,10,Unknown,Unknown,0,2.1
MS. MINERVA         ,367437380,38.3078,-81.5598,0,2025-11-05 14:17:43.440786866 +0000 UTC,Unknown,DarkTurquoise,Unknown,Unknown,Unknown,Unknown,United States 🇺🇸,7.3,Unknown,Unknown,0,Under way using engine,Unknown,Unknown
CITY OF CARDIFF     ,232002807,51.4476,-3.0185,5.9,2025-11-05 14:17:43.44210812 +0000 UTC,Unknown,DarkTurquoise,Unknown,Unknown,Unknown,Unknown,United Kingdom 🇬🇧,40.2,Unknown,Unknown,127,Under way using engine,Unknown,Unknown
ST ANTONIUS,244670191,51.8715,5.4284,6.3,2025-11-05 14:17:43.443355987 +0000 UTC,Unknown,DarkTurquoise,Unknown,Unknown,Unknown,Unknown,Netherlands 🇳🇱,34,Unknown,Unknown,0,Under way using engine,Unknown,Unknown
BERLIN,211727510,54.1825,12.0915,7.3,2025-11-05 14:17:43.445729196 +0000 UTC,Unknown,DarkTurquoise,Unknown,Unknown,Unknown,Unknown,Germany 🇩🇪,161.8,Unknown,Unknown,0,Under way using engine,Unknown,Unknown
KRVE 60,244700797,51.9693,4.1077,26.4,2025-11-05 14:17:43.446870131 +0000 UTC,Unknown,DarkTurquoise,Unknown,Unknown,Unknown,Unknown,Netherlands 🇳🇱,296,Unknown,Unknown,-128,Under way using engine,Unknown,Unknown
PRAAG,244021582,52.3775,4.9,0,2025-11-05 14:17:43.448010013 +0000 UTC,Unknown,DarkTurquoise,Unknown,Unknown,Unknown,Unknown,Netherlands 🇳🇱,360,Unknown,Unknown,-128,Under way using engine,Unknown,Unknown
IRENE,235085663,50.3625,-4.1304,Unknown,2025-11-05 14:17:43.449144706 +0000 UTC,Unknown,DarkTurquoise,Unknown,Unknown,Unknown,Unknown,United Kingdom 🇬🇧,Unknown,Unknown,Unknown,Unknown,Unknown,Unknown,Unknown
SANDHAMN            ,265547830,59.3306,18.0787,0.1,2025-11-05 14:17:43.45009171 +0000 UTC,Unknown,DarkTurquoise,Unknown,Unknown,Unknown,Unknown,Sweden 🇸🇪,15,Unknown,Unknown,0,Under way using engine,Unknown,Unknown
ORCHID ISLAND       ,538010910,38.9525,-76.4136,Unknown,2025-11-05 14:17:43.452629065 +0000 UTC,Cargo,ForestGreen,US BAL              ,USBAL,Baltimore,United States,Marshall Islands 🇲🇭,Unknown,229,32,Unknown,Unknown,9987251,7.1
KORNELIA            ,265032410,57.818,11.8796,2.2,2025-11-05 14:17:43.451100792 +0000 UTC,Unknown,DarkTurquoise,Unknown,Unknown,Unknown,Unknown,Sweden 🇸🇪,302.9,Unknown,Unknown,-128,Under way using engine,Unknown,Unknown
REGINE NORMANN      ,257058290,67.284,14.3734,0,2025-11-05 14:17:43.451743559 +0000 UTC,Unknown,DarkTurquoise,Unknown,Unknown,Unknown,Unknown,Norway 🇳🇴,52.8,Unknown,Unknown,0,Under way using engine,Unknown,Unknown
EVER BRAVE          ,563480000,1.234,103.8114,0.2,2025-11-05 14:17:43.456649898 +0000 UTC,Unknown,DarkTurquoise,Unknown,Unknown,Unknown,Unknown,Singapore 🇸🇬,351.8,Unknown,Unknown,127,Under way using engine,Unknown,Unknown
LOUIE C             ,367398920,29.6722,-91.1351,0,2025-11-05 14:17:43.458082292 +0000 UTC,Unknown,DarkTurquoise,Unknown,Unknown,Unknown,Unknown,United States 🇺🇸,266.9,Unknown,Unknown,-128,Under way using engine,Unknown,Unknown
ROBBE               ,211288300,54.3294,10.1752,0,2025-11-05 14:17:43.459381 +0000 UTC,Unknown,DarkTurquoise,Unknown,Unknown,Unknown,Unknown,Germany 🇩🇪,6,Unknown,Unknown,-128,Under way using engine,Unknown,Unknown
TAI HOMAGE          ,636023730,-38.0922,144.3832,0,2025-11-05 14:17:43.460695042 +0000 UTC,Unknown,DarkTurquoise,Unknown,Unknown,Unknown,Unknown,Liberia 🇱🇷,299.9,Unknown,Unknown,0,Moored,Unknown,Unknown
PACIFIC EXCELLENCE,636021431,1.3072,103.7171,Unknown,2025-11-05 14:17:43.461497362 +0000 UTC,Cargo,ForestGreen,SGSIN,SGSIN,Singapore,Singapore,Liberia 🇱🇷,Unknown,138,21,Unknown,Unknown,9363546,7.8
LOS ANGELES EXPRESS,564575000,53.603,9.5861,12.6,2025-11-05 14:17:43.46247839 +0000 UTC,Unknown,DarkTurquoise,Unknown,Unknown,Unknown,Unknown,Singapore 🇸🇬,311.8,Unknown,Unknown,0,Under way using engine,Unknown,Unknown
SEACAT RELIANCE     ,235092439,51.3295,1.4175,0,2025-11-05 14:17:43.4673971 +0000 UTC,Unknown,DarkTurquoise,Unknown,Unknown,Unknown,Unknown,United Kingdom 🇬🇧,295.7,Unknown,Unknown,-128,Under way using engine,Unknown,Unknown
AMAZON CONQUEROR    ,311001262,52.3997,4.824,0,2025-11-05 14:17:43.468063442 +0000 UTC,Unknown,DarkTurquoise,Unknown,Unknown,Unknown,Unknown,Bahamas 🇧🇸,113.4,Unknown,Unknown,0,Moored,Unknown,Unknown
RESCUE LEIF JOHANSON,265702340,59.7522,19.0816,0,2025-11-05 14:17:43.469105703 +0000 UTC,Unknown,DarkTurquoise,Unknown,Unknown,Unknown,Unknown,Sweden 🇸🇪,33.3,Unknown,Unknown,0,Undefined,Unknown,Unknown
APOLLO              ,369564000,27.9222,-82.4463,0,2025-11-05 14:17:43.470336249 +0000 UTC,Unknown,DarkTurquoise,Unknown,Unknown,Unknown,Unknown,United States 🇺🇸,263.1,Unknown,Unknown,0,Under way using engine,Unknown,Unknown
MSC LIRICA,356042000,45.6354,13.7756,Unknown,2025-11-05 14:17:43.473681611 +0000 UTC,Passenger Ship,Crimson,ITTRT,BEITR,Itter (Ittre),Belgium,Panama 🇵🇦,Unknown,275,29,Unknown,Unknown,9246102,6.8
QUANTUM OF SOLACE   ,339277000,44.3934,8.9368,0,2025-11-05 14:17:43.475226349 +0000 UTC,Unknown,DarkTurquoise,Unknown,Unknown,Unknown,Unknown,Jamaica 🇯🇲,340.8,Unknown,Unknown,0,Under way using engine,Unknown,Unknown
THEODOR,211513370,53.5594,9.7654,6,2025-11-05 14:17:43.478043375 +0000 UTC,Unknown,DarkTurquoise,Unknown,Unknown,Unknown,Unknown,Germany 🇩🇪,98.4,Unknown,Unknown,-128,Under way using engine,Unknown,Unknown
LEANDRA,244650944,51.7967,5.3599,0,2025-11-05 14:17:43.479436129 +0000 UTC,Unknown,DarkTurquoise,Unknown,Unknown,Unknown,Unknown,Netherlands 🇳🇱,313.5,Unknown,Unknown,-128,Moored,Unknown,Unknown
OPUS,244710035,51.9723,5.9722,8.5,2025-11-05 14:17:43.481082215 +0000 UTC,Unknown,DarkTurquoise,Unknown,Unknown,Unknown,Unknown,Netherlands 🇳🇱,87,Unknown,Unknown,-127,Under way using engine,Unknown,Unknown
WSF CATHLAMET       ,366773070,47.5175,-122.4806,8.1,2025-11-05 14:17:43.482222656 +0000 UTC,Unknown,DarkTurquoise,Unknown,Unknown,Unknown,Unknown,United States 🇺🇸,279,Unknown,Unknown,0,Under way using engine,Unknown,Unknown
PRINCESSE ROYAL,244730761,51.8458,5.822,0,2025-11-05 14:17:43.485585839 +0000 UTC,Unknown,DarkTurquoise,Unknown,Unknown,Unknown,Unknown,Netherlands 🇳🇱,360,Unknown,Unknown,-128,Moored,Unknown,Unknown
JEFFBOAT            ,367057720,39.0827,-84.8512,4.3,2025-11-05 14:17:43.486371913 +0000 UTC,Unknown,DarkTurquoise,Unknown,Unknown,Unknown,Unknown,United States 🇺🇸,41.7,Unknown,Unknown,0,,Unknown,Unknown
QUADRANT PARTNER,316011603,49.2221,-122.8394,0,2025-11-05 14:17:43.486864355 +0000 UTC,Unknown,DarkTurquoise,Unknown,Unknown,Unknown,Unknown,Canada 🇨🇦,360,Unknown,Unknown,-128,Under way using engine,Unknown,Unknown
H218 METTE          ,219005921,56.1268,12.3089,0,2025-11-05 14:17:43.487397173 +0000 UTC,Fishing,Gold,Unknown,Unknown,Unknown,Unknown,Denmark 🇩🇰,174.9,Unknown,Unknown,0,Engaged in fishing,Unknown,Unknown
SEA ROSE            ,367740630,47.6493,-122.3294,0,2025-11-05 14:17:43.488058963 +0000 UTC,Unknown,DarkTurquoise,Unknown,Unknown,Unknown,Unknown,United States 🇺🇸,230,Unknown,Unknown,0,Under way using engine,Unknown,Unknown
216                 ,265576750,59.3238,18.065,Unknown,2025-11-05 14:17:43.489361845 +0000 UTC,Unknown,DarkTurquoise,Unknown,Unknown,Unknown,Unknown,Sweden 🇸🇪,Unknown,Unknown,Unknown,Unknown,Unknown,Unknown,Unknown
KYSTBUNKER          ,258090000,64.8616,11.242,0,2025-11-05 14:17:43.491266096 +0000 UTC,Unknown,DarkTurquoise,Unknown,Unknown,Unknown,Unknown,Norway 🇳🇴,337.6,Unknown,Unknown,0,Under way using engine,Unknown,Unknown
ONE MORE,512011162,-37.6595,176.1659,Unknown,2025-11-05 14:17:43.492495623 +0000 UTC,Unknown,DarkTurquoise,Unknown,Unknown,Unknown,Unknown,New Zealand 🇳🇿,Unknown,Unknown,Unknown,Unknown,Unknown,Unknown,Unknown
ROOS,244870618,52.3688,4.9194,0,2025-11-05 14:17:43.4945198 +0000 UTC,Unknown,DarkTurquoise,Unknown,Unknown,Unknown,Unknown,Netherlands 🇳🇱,360,Unknown,Unknown,-128,Under way using engine,Unknown,Unknown
BALTIC QUEEN,276779000,59.4439,24.7714,Unknown,2025-11-05 14:17:43.537308005 +0000 UTC,Passenger Ship,Crimson,EEVAN><FIMHQ><SESTO,FRSET,Sete,France,Estonia 🇪🇪,Unknown,212,28,Unknown,Unknown,9443255,6.2
SERENDIPITY,503123160,-37.9059,144.9817,Unknown,2025-11-05 14:17:43.542948495 +0000 UTC,Unknown,DarkTurquoise,Unknown,Unknown,Unknown,Unknown,Australia 🇦🇺,Unknown,Unknown,Unknown,Unknown,Unknown,Unknown,Unknown
SVITZER MARKEN      ,245385000,51.9666,4.0445,0,2025-11-05 14:17:43.545005589 +0000 UTC,Unknown,DarkTurquoise,Unknown,Unknown,Unknown,Unknown,Netherlands 🇳🇱,275.4,Unknown,Unknown,0,Under way using engine,Unknown,Unknown
GOODTIME II,367013040,47.6571,-122.37,0,2025-11-05 14:17:43.548072481 +0000 UTC,Unknown,DarkTurquoise,Unknown,Unknown,Unknown,Unknown,United States 🇺🇸,360,Unknown,Unknown,-128,Under way using engine,Unknown,Unknown
BURRARD OTTER II    ,316028554,49.3107,-123.0845,0,2025-11-05 14:17:43.54962817 +0000 UTC,Unknown,DarkTurquoise,Unknown,Unknown,Unknown,Unknown,Canada 🇨🇦,32.3,Unknown,Unknown,0,Under way using engine,Unknown,Unknown
BRIAN HAMILTON      ,368229790,28.8954,-95.4043,Unknown,2025-11-05 14:17:43.550775958 +0000 UTC,Spare - Local Vessel,DarkGoldenRod,US^0R3N>0SJ1        ,Unknown,Unknown,Unknown,United States 🇺🇸,Unknown,28,12,Unknown,Unknown,1316599,0
VB VEGA             ,211160500,53.5526,8.5602,0,2025-11-05 14:17:43.55312805 +0000 UTC,Unknown,DarkTurquoise,Unknown,Unknown,Unknown,Unknown,Germany 🇩🇪,237.9,Unknown,Unknown,0,Under way using engine,Unknown,Unknown
LIBERTY ACE         ,431554000,49.8895,-3.9513,11.3,2025-11-05 14:17:43.553930662 +0000 UTC,Unknown,DarkTurquoise,Unknown,Unknown,Unknown,Unknown,Japan 🇯🇵,235.5,Unknown,Unknown,0,Under way using engine,Unknown,Unknown
WAPPEN VON SPANDAU,211757190,52.5202,13.2074,0,2025-11-05 14:17:43.554574424 +0000 UTC,Unknown,DarkTurquoise,Unknown,Unknown,Unknown,Unknown,Germany 🇩🇪,360,Unknown,Unknown,-128,Under way using engine,Unknown,Unknown
Unknown Vessel,338461856,25.7356,-80.2203,Unknown,2025-11-05 14:17:43.55558385 +0000 UTC,Unknown,DarkTurquoise,Unknown,Unknown,Unknown,Unknown,United States 🇺🇸,Unknown,13,4,Unknown,Unknown,Unknown,Unknown
FALKLAND            ,265533480,59.3281,18.0829,0,2025-11-05 14:17:43.558398826 +0000 UTC,Unknown,DarkTurquoise,Unknown,Unknown,Unknown,Unknown,Sweden 🇸🇪,258,Unknown,Unknown,0,Undefined,Unknown,Unknown
BOUWZAND 6          ,244070468,52.3619,5.633,0,2025-11-05 14:17:43.559049349 +0000 UTC,Unknown,DarkTurquoise,Unknown,Unknown,Unknown,Unknown,Netherlands 🇳🇱,313.3,Unknown,Unknown,-128,Undefined,Unknown,Unknown
TIMBO,261188300,52.1934,11.6791,0,2025-11-05 14:17:43.559860072 +0000 UTC,Unknown,DarkTurquoise,Unknown,Unknown,Unknown,Unknown,Poland 🇵🇱,144.6,Unknown,Unknown,0,Moored,Unknown,Unknown
BURRASCA,256984000,37.9607,23.5651,0,2025-11-05 14:17:43.72181773 +0000 UTC,Sailing Boat,DarkSlateBlue,GR PER,GRPER,Perama,Greece,Malta 🇲🇹,360,54,12,11,Moored,1062067,8
SEASPAN VENTURE     ,316005717,49.3049,-123.0822,0,2025-11-05 14:17:43.561062933 +0000 UTC,Unknown,DarkTurquoise,Unknown,Unknown,Unknown,Unknown,Canada 🇨🇦,0,Unknown,Unknown,-128,Under way using engine,Unknown,Unknown
APOTHEOSE,244717904,51.7963,4.6364,1.3,2025-11-05 14:17:43.561714342 +0000 UTC,Unknown,DarkTurquoise,Unknown,Unknown,Unknown,Unknown,Netherlands 🇳🇱,206.2,Unknown,Unknown,-128,Under way using engine,Unknown,Unknown
LINSI,244650941,52.4764,4.6619,0,2025-11-05 14:17:43.562349984 +0000 UTC,Unknown,DarkTurquoise,Unknown,Unknown,Unknown,Unknown,Netherlands 🇳🇱,337.5,Unknown,Unknown,-128,Under way using engine,Unknown,Unknown
DE AMER,244750686,52.2168,5.3058,0,2025-11-05 14:17:43.562873329 +0000 UTC,Unknown,DarkTurquoise,Unknown,Unknown,Unknown,Unknown,Netherlands 🇳🇱,360,Unknown,Unknown,-128,Under way using engine,Unknown,Unknown
JELMER,244700372,51.8994,5.6008,9.3,2025-11-05 14:17:43.563590228 +0000 UTC,Unknown,DarkTurquoise,Unknown,Unknown,Unknown,Unknown,Netherlands 🇳🇱,275.6,Unknown,Unknown,-128,Under way using engine,Unknown,Unknown
MPA 3               ,563025850,1.2653,103.7371,19.4,2025-11-05 14:17:43.564344363 +0000 UTC,Unknown,DarkTurquoise,Unknown,Unknown,Unknown,Unknown,Singapore 🇸🇬,225.4,Unknown,Unknown,0,Under way using engine,Unknown,Unknown
DC OSTEND           ,244870327,57.4383,10.5431,0,2025-11-05 14:17:43.564921268 +0000 UTC,Unknown,DarkTurquoise,Unknown,Unknown,Unknown,Unknown,Netherlands 🇳🇱,268.2,Unknown,Unknown,0,Under way using engine,Unknown,Unknown
POMONA,244870437,51.8845,5.4406,0.1,2025-11-05 14:17:43.565628162 +0000 UTC,Unknown,DarkTurquoise,Unknown,Unknown,Unknown,Unknown,Netherlands 🇳🇱,7.5,Unknown,Unknown,-128,Under way using engine,Unknown,Unknown
NORD VISION         ,538009097,35.1501,140.5258,13.3,2025-11-05 14:17:43.566183622 +0000 UTC,Unknown,DarkTurquoise,Unknown,Unknown,Unknown,Unknown,Marshall Islands 🇲🇭,49.9,Unknown,Unknown,0,Under way using engine,Unknown,Unknown
KARI,259018540,58.9955,5.7651,Unknown,2025-11-05 14:17:43.567919216 +0000 UTC,Unknown,DarkTurquoise,Unknown,Unknown,Unknown,Unknown,Norway 🇳🇴,Unknown,Unknown,Unknown,Unknown,Unknown,Unknown,Unknown
FORKED ISLAND       ,367688280,29.6274,-90.9325,0,2025-11-05 14:17:43.567119786 +0000 UTC,Unknown,DarkTurquoise,Unknown,Unknown,Unknown,Unknown,United States 🇺🇸,15.5,Unknown,Unknown,0,,Unknown,Unknown
PEACOCK  ,211551133,52.4994,13.4758,0,2025-11-05 14:17:43.56952863 +0000 UTC,Unknown,DarkTurquoise,Unknown,Unknown,Unknown,Unknown,Germany 🇩🇪,0,Unknown,Unknown,-128,Under way using engine,Unknown,Unknown
LIAN GUI HU         ,477233400,35.1587,140.7186,12.6,2025-11-05 14:17:43.570132341 +0000 UTC,Unknown,DarkTurquoise,Unknown,Unknown,Unknown,Unknown,Hong Kong (China) 🇭🇰,36.9,Unknown,Unknown,-5,Under way using engine,Unknown,Unknown
STIM STAR II        ,366747170,27.9039,-82.409,0,2025-11-05 14:17:43.575111321 +0000 UTC,Unknown,DarkTurquoise,Unknown,Unknown,Unknown,Unknown,United States 🇺🇸,237.3,Unknown,Unknown,-128,Under way using engine,Unknown,Unknown
AMUSANT.EU,211884850,53.8681,8.7058,Unknown,2025-11-05 14:17:43.574497135 +0000 UTC,Unknown,DarkTurquoise,Unknown,Unknown,Unknown,Unknown,Germany 🇩🇪,Unknown,Unknown,Unknown,Unknown,Unknown,Unknown,Unknown
GIULIA C,247214900,45.4553,12.2576,0,2025-11-05 14:17:43.570910546 +0000 UTC,Unknown,DarkTurquoise,Unknown,Unknown,Unknown,Unknown,Italy 🇮🇹,278,Unknown,Unknown,0,Under way using engine,Unknown,Unknown
KNRM KOOPMANSDANK,245420000,51.6205,3.6804,0,2025-11-05 14:17:43.572418921 +0000 UTC,Unknown,DarkTurquoise,Unknown,Unknown,Unknown,Unknown,Netherlands 🇳🇱,360,Unknown,Unknown,0,Moored,Unknown,Unknown
HAVELBLICK,211454900,52.5201,13.2067,0,2025-11-05 14:17:43.573148535 +0000 UTC,Unknown,DarkTurquoise,Unknown,Unknown,Unknown,Unknown,Germany 🇩🇪,360,Unknown,Unknown,-128,Moored,Unknown,Unknown
LITTLE GOOSE,232059317,39.5554,2.6267,Unknown,2025-11-05 14:17:43.573861151 +0000 UTC,Unknown,DarkTurquoise,Unknown,Unknown,Unknown,Unknown,United Kingdom 🇬🇧,Unknown,Unknown,Unknown,Unknown,Unknown,Unknown,Unknown
GAS AGILITY         ,215079000,51.9569,3.9985,1.2,2025-11-05 14:17:43.576049645 +0000 UTC,Unknown,DarkTurquoise,Unknown,Unknown,Unknown,Unknown,Malta 🇲🇹,201.8,Unknown,Unknown,6,Under way using engine,Unknown,Unknown
STAR MAIA           ,235088041,51.3957,3.7602,2.7,2025-11-05 14:17:43.576471507 +0000 UTC,Unknown,DarkTurquoise,Unknown,Unknown,Unknown,Unknown,United Kingdom 🇬🇧,133.7,Unknown,Unknown,0,Under way using engine,Unknown,Unknown
FERROMAR,209710000,38.8957,-10.0712,7.3,2025-11-05 14:17:43.577264148 +0000 UTC,Unknown,DarkTurquoise,Unknown,Unknown,Unknown,Unknown,Cyprus 🇨🇾,196,Unknown,Unknown,0,Under way using engine,Unknown,Unknown
F/V VALPARAISO,228399000,49.5443,-0.4292,3.6,2025-11-05 14:17:43.577664178 +0000 UTC,Unknown,DarkTurquoise,Unknown,Unknown,Unknown,Unknown,France 🇫🇷,269.2,Unknown,Unknown,-127,Under way using engine,Unknown,Unknown
Unknown Vessel,244700691,51.8422,6.1586,4.8,2025-11-05 14:17:43.578006701 +0000 UTC,Unknown,DarkTurquoise,Unknown,Unknown,Unknown,Unknown,Netherlands 🇳🇱,116.1,Unknown,Unknown,-128,Under way using engine,Unknown,Unknown
PETER PAN           ,210510000,54.4051,12.1557,18,2025-11-05 14:17:43.578665244 +0000 UTC,Unknown,DarkTurquoise,Unknown,Unknown,Unknown,Unknown,Cyprus 🇨🇾,28.7,Unknown,Unknown,0,Under way using engine,Unknown,Unknown
FRISIA I            ,211272260,53.6261,7.159,0,2025-11-05 14:17:43.579077678 +0000 UTC,Unknown,DarkTurquoise,Unknown,Unknown,Unknown,Unknown,Germany 🇩🇪,174.8,Unknown,Unknown,0,Under way using engine,Unknown,Unknown
GOOD DEEDS,232055847,38.0426,15.655,Unknown,2025-11-05 14:17:43.579463435 +0000 UTC,Unknown,DarkTurquoise,Unknown,Unknown,Unknown,Unknown,United Kingdom 🇬🇧,Unknown,Unknown,Unknown,Unknown,Unknown,Unknown,Unknown
E-PUSHER 1,244731261,52.465,4.8203,0,2025-11-05 14:17:43.579805703 +0000 UTC,Unknown,DarkTurquoise,Unknown,Unknown,Unknown,Unknown,Netherlands 🇳🇱,360,Unknown,Unknown,0,Moored,Unknown,Unknown
LADY IONA           ,235077199,56.5164,-5.3674,0,2025-11-05 14:17:43.580460662 +0000 UTC,Unknown,DarkTurquoise,Unknown,Unknown,Unknown,Unknown,United Kingdom 🇬🇧,244.1,Unknown,Unknown,-128,Under way using engine,Unknown,Unknown
DONA BLE,352978175,34.9288,33.6425,0,2025-11-05 14:17:43.580887193 +0000 UTC,Unknown,DarkTurquoise,Unknown,Unknown,Unknown,Unknown,Panama 🇵🇦,280.6,Unknown,Unknown,0,Moored,Unknown,Unknown
VAGABOND,203246901,45.7847,13.5345,Unknown,2025-11-05 14:17:43.581400792 +0000 UTC,Unknown,DarkTurquoise,Unknown,Unknown,Unknown,Unknown,Austria 🇦🇹,Unknown,Unknown,Unknown,Unknown,Unknown,Unknown,Unknown
MATOULA K           ,239005400,37.9623,23.555,6.1,2025-11-05 14:17:43.581845363 +0000 UTC,Unknown,DarkTurquoise,Unknown,Unknown,Unknown,Unknown,Greece 🇬🇷,220.1,Unknown,Unknown,-128,Under way using engine,Unknown,Unknown
KATUXA NM           ,224584000,43.3623,-8.3971,0,2025-11-05 14:17:43.58611438 +0000 UTC,Unknown,DarkTurquoise,Unknown,Unknown,Unknown,Unknown,Spain 🇪🇸,240.7,Unknown,Unknown,0,Moored,Unknown,Unknown
INCONSTANT,244750557,52.2702,5.0188,6.2,2025-11-05 14:17:43.587490701 +0000 UTC,Unknown,DarkTurquoise,Unknown,Unknown,Unknown,Unknown,Netherlands 🇳🇱,10.1,Unknown,Unknown,0,Under way using engine,Unknown,Unknown
SINCFAL,244740748,51.8994,4.5966,0,2025-11-05 14:17:43.588627538 +0000 UTC,Unknown,DarkTurquoise,Unknown,Unknown,Unknown,Unknown,Netherlands 🇳🇱,0,Unknown,Unknown,-128,Under way using engine,Unknown,Unknown
RVE 17  ,244790539,51.8854,4.2889,11.4,2025-11-05 14:17:43.589996439 +0000 UTC,Unknown,DarkTurquoise,Unknown,Unknown,Unknown,Unknown,Netherlands 🇳🇱,248.9,Unknown,Unknown,-128,Under way using engine,Unknown,Unknown
CHALLENGER          ,367466730,36.8516,-76.3052,Unknown,2025-11-05 14:17:43.592241584 +0000 UTC,Tug Boat,Silver,"NORFOLK, VA         ",Unknown,Unknown,Unknown,United States 🇺🇸,Unknown,21,6,Unknown,Unknown,0,3
ANNA      ,244690644,51.7525,5.8367,0,2025-11-05 14:17:43.593852043 +0000 UTC,Unknown,DarkTurquoise,Unknown,Unknown,Unknown,Unknown,Netherlands 🇳🇱,360,Unknown,Unknown,-128,Under way using engine,Unknown,Unknown
NAJA                ,219001253,55.6891,12.6235,5.3,2025-11-05 14:17:43.596268489 +0000 UTC,Unknown,DarkTurquoise,Unknown,Unknown,Unknown,Unknown,Denmark 🇩🇰,228.1,Unknown,Unknown,-127,Under way using engine,Unknown,Unknown
Unknown Vessel,240573400,37.9124,23.7049,Unknown,2025-11-05 14:17:43.597952438 +0000 UTC,Unknown,DarkTurquoise,Unknown,Unknown,Unknown,Unknown,Greece 🇬🇷,Unknown,Unknown,Unknown,Unknown,Unknown,Unknown,Unknown
SPITFIRE,316038333,49.2926,-122.8867,Unknown,2025-11-05 14:17:43.600150963 +0000 UTC,Unknown,DarkTurquoise,Unknown,Unknown,Unknown,Unknown,Canada 🇨🇦,Unknown,Unknown,Unknown,Unknown,Unknown,Unknown,Unknown
MULE ,367767410,46.0088,-122.8489,Unknown,2025-11-05 14:17:43.602146398 +0000 UTC,Pilot Vessel,LightGreen,CR HARBOR OPS  ,NOHAA,Ha,Norway,United States 🇺🇸,Unknown,13,4,Unknown,Unknown,0,1.4
KONINGIN WILHELMINA ,211534080,52.5247,13.2972,Unknown,2025-11-05 14:17:43.606096674 +0000 UTC,Passenger Ship,Crimson,                    ,Unknown,Unknown,Unknown,Germany 🇩🇪,Unknown,17,4,Unknown,Unknown,0,0
HYDROVAC 21,244700198,51.7956,4.6238,6.8,2025-11-05 14:17:43.605474001 +0000 UTC,Unknown,DarkTurquoise,Unknown,Unknown,Unknown,Unknown,Netherlands 🇳🇱,5.4,Unknown,Unknown,-128,Under way using engine,Unknown,Unknown
GOURMET DINING      ,477958100,22.3271,114.1446,0,2025-11-05 14:17:43.607101137 +0000 UTC,Unknown,DarkTurquoise,Unknown,Unknown,Unknown,Unknown,Hong Kong (China) 🇭🇰,338.5,Unknown,Unknown,0,,Unknown,Unknown
VAN EYCK,244810805,52.3638,4.8801,0,2025-11-05 14:17:43.613528862 +0000 UTC,Unknown,DarkTurquoise,Unknown,Unknown,Unknown,Unknown,Netherlands 🇳🇱,0,Unknown,Unknown,-128,Under way using engine,Unknown,Unknown
SD FAITHFUL,232002651,50.3834,-4.1839,0,2025-11-05 14:17:43.61111693 +0000 UTC,Unknown,DarkTurquoise,Unknown,Unknown,Unknown,Unknown,United Kingdom 🇬🇧,344.4,Unknown,Unknown,0,Under way using engine,Unknown,Unknown
MUENSTERLAND        ,211214970,53.395,6.9547,11.1,2025-11-05 14:17:43.612373273 +0000 UTC,Unknown,DarkTurquoise,Unknown,Unknown,Unknown,Unknown,Germany 🇩🇪,156.6,Unknown,Unknown,0,Under way using engine,Unknown,Unknown
Unknown Vessel,228277550,43.1325,5.7563,Unknown,2025-11-05 14:17:43.615449683 +0000 UTC,Unknown,DarkTurquoise,Unknown,Unknown,Unknown,Unknown,France 🇫🇷,Unknown,16,8,Unknown,Unknown,Unknown,Unknown
CETUS               ,367786010,37.7772,-122.3002,5.7,2025-11-05 14:17:45.549764709 +0000 UTC,Unknown,DarkTurquoise,Unknown,Unknown,Unknown,Unknown,United States 🇺🇸,100.7,Unknown,Unknown,127,Under way using engine,Unknown,Unknown
Unknown Vessel,265796070,59.2603,18.6832,Unknown,2025-11-05 14:17:43.620586964 +0000 UTC,Unknown,DarkTurquoise,Unknown,Unknown,Unknown,Unknown,Sweden 🇸🇪,Unknown,10,4,Unknown,Unknown,Unknown,Unknown
SHOREWAY            ,210921000,1.2498,103.8088,1,2025-11-05 14:17:43.619564678 +0000 UTC,Unknown,DarkTurquoise,Unknown,Unknown,Unknown,Unknown,Cyprus 🇨🇾,106.7,Unknown,Unknown,0,Under way using engine,Unknown,Unknown
DE ZEUS,241772000,37.9153,23.7044,0,2025-11-05 14:17:43.61828366 +0000 UTC,Unknown,DarkTurquoise,Unknown,Unknown,Unknown,Unknown,Greece 🇬🇷,119.9,Unknown,Unknown,-128,Under way using engine,Unknown,Unknown
GRUNO               ,244690841,53.5653,8.5606,Unknown,2025-11-05 14:17:43.622988253 +0000 UTC,Tug Boat,Silver,BREMERHAVEN         ,Unknown,Unknown,Unknown,Netherlands 🇳🇱,Unknown,18,5,Unknown,Unknown,0,1.6
PANKOW,211520010,52.4928,13.467,0,2025-11-05 14:17:43.62417213 +0000 UTC,Unknown,DarkTurquoise,Unknown,Unknown,Unknown,Unknown,Germany 🇩🇪,0,Unknown,Unknown,-128,Under way using engine,Unknown,Unknown
CDRY BROWN,247292400,40.4787,17.2015,0.1,2025-11-05 14:17:43.627390205 +0000 UTC,Unknown,DarkTurquoise,Unknown,Unknown,Unknown,Unknown,Italy 🇮🇹,180,Unknown,Unknown,0,Moored,Unknown,Unknown
MARS CLIPPER        ,232053783,51.4721,-0.1797,9,2025-11-05 14:17:43.628681166 +0000 UTC,Unknown,DarkTurquoise,Unknown,Unknown,Unknown,Unknown,United Kingdom 🇬🇧,183.4,Unknown,Unknown,127,Under way using engine,Unknown,Unknown
ZALMVISSER,244740119,51.9562,5.3133,7.4,2025-11-05 14:17:43.631531373 +0000 UTC,Unknown,DarkTurquoise,Unknown,Unknown,Unknown,Unknown,Netherlands 🇳🇱,125.7,Unknown,Unknown,-128,Under way using engine,Unknown,Unknown
BITLAND,244784000,58.8002,18.2539,12.6,2025-11-05 14:17:43.634502225 +0000 UTC,Unknown,DarkTurquoise,Unknown,Unknown,Unknown,Unknown,Netherlands 🇳🇱,63.4,Unknown,Unknown,-14,Under way using engine,Unknown,Unknown
CADE CANDIES        ,369108000,41.5107,-70.8037,0,2025-11-05 14:17:43.644495347 +0000 UTC,Unknown,DarkTurquoise,Unknown,Unknown,Unknown,Unknown,United States 🇺🇸,182,Unknown,Unknown,0,At anchor,Unknown,Unknown
BERING TITAN        ,367719020,47.5409,-122.3329,0,2025-11-05 14:17:43.645445992 +0000 UTC,Unknown,DarkTurquoise,Unknown,Unknown,Unknown,Unknown,United States 🇺🇸,0,Unknown,Unknown,0,Under way using engine,Unknown,Unknown
SUSAN B ANTHONY,368078230,40.7716,-74.0114,0,2025-11-05 14:17:43.648121378 +0000 UTC,Unknown,DarkTurquoise,Unknown,Unknown,Unknown,Unknown,United States 🇺🇸,360,Unknown,Unknown,-128,Under way using engine,Unknown,Unknown
TORONTO,244660356,51.9877,5.2483,7.4,2025-11-05 14:17:43.649161168 +0000 UTC,Unknown,DarkTurquoise,Unknown,Unknown,Unknown,Unknown,Netherlands 🇳🇱,118,Unknown,Unknown,0,Under way using engine,Unknown,Unknown
RESCUE MARIANNE BRAT,265695210,57.7721,11.6194,0,2025-11-05 14:17:43.650109574 +0000 UTC,Unknown,DarkTurquoise,Unknown,Unknown,Unknown,Unknown,Sweden 🇸🇪,360,Unknown,Unknown,-128,Under way using engine,Unknown,Unknown
ISLA SERRANA        ,730000406,10.4026,-75.5502,3.2,2025-11-05 14:17:43.654411654 +0000 UTC,Unknown,DarkTurquoise,Unknown,Unknown,Unknown,Unknown,Colombia 🇨🇴,358.1,Unknown,Unknown,127,Under way using engine,Unknown,Unknown
WESTERN STAR,367380280,46.1604,-123.4066,0.1,2025-11-05 14:17:43.657647719 +0000 UTC,Unknown,DarkTurquoise,Unknown,Unknown,Unknown,Unknown,United States 🇺🇸,276.7,Unknown,Unknown,0,Under way using engine,Unknown,Unknown
MARAN AMUNDSEN      ,311027700,57.1333,-1.9701,0.6,2025-11-05 14:17:43.658730904 +0000 UTC,Unknown,DarkTurquoise,Unknown,Unknown,Unknown,Unknown,Bahamas 🇧🇸,12.6,Unknown,Unknown,0,Under way using engine,Unknown,Unknown
THEJUDGE            ,368170240,39.0758,-84.5962,0,2025-11-05 14:17:43.659783517 +0000 UTC,Unknown,DarkTurquoise,Unknown,Unknown,Unknown,Unknown,United States 🇺🇸,115.7,Unknown,Unknown,-128,,Unknown,Unknown
MSC SINDY           ,372736000,52.2205,1.948,3,2025-11-05 14:17:43.661351725 +0000 UTC,Unknown,DarkTurquoise,Unknown,Unknown,Unknown,Unknown,Panama 🇵🇦,30.8,Unknown,Unknown,0,Under way using engine,Unknown,Unknown
RIX LION            ,235105282,53.5813,-0.0662,0,2025-11-05 14:17:43.662781133 +0000 UTC,Unknown,DarkTurquoise,Unknown,Unknown,Unknown,Unknown,United Kingdom 🇬🇧,230,Unknown,Unknown,0,Moored,Unknown,Unknown
ASKOYBAS            ,257166000,59.8207,5.2608,0,2025-11-05 14:17:43.66372485 +0000 UTC,Unknown,DarkTurquoise,Unknown,Unknown,Unknown,Unknown,Norway 🇳🇴,248.5,Unknown,Unknown,0,Under way using engine,Unknown,Unknown
ALVSNABBEN 3        ,265547220,57.6927,11.9116,0,2025-11-05 14:17:43.665300217 +0000 UTC,Unknown,DarkTurquoise,Unknown,Unknown,Unknown,Unknown,Sweden 🇸🇪,230.7,Unknown,Unknown,-127,Under way using engine,Unknown,Unknown
MATAKANA,5125002,-37.6344,176.1577,Unknown,2025-11-05 14:17:43.66794529 +0000 UTC,Unknown,DarkTurquoise,Unknown,Unknown,Unknown,Unknown,New Zealand 🇳🇿,Unknown,Unknown,Unknown,Unknown,Unknown,Unknown,Unknown
OPTIMIST,257042390,58.9569,5.6091,Unknown,2025-11-05 14:17:43.671081843 +0000 UTC,Unknown,DarkTurquoise,Unknown,Unknown,Unknown,Unknown,Norway 🇳🇴,Unknown,Unknown,Unknown,Unknown,Unknown,Unknown,Unknown
TENDER              ,244690030,51.8888,4.3135,0,2025-11-05 14:17:43.672263833 +0000 UTC,Unknown,DarkTurquoise,Unknown,Unknown,Unknown,Unknown,Netherlands 🇳🇱,282.7,Unknown,Unknown,-128,Under way sailing,Unknown,Unknown
ICEBERG             ,339229000,-22.2861,166.4411,Unknown,2025-11-05 14:17:43.673503561 +0000 UTC,Unknown,DarkTurquoise,Unknown,Unknown,Unknown,Unknown,Jamaica 🇯🇲,Unknown,Unknown,Unknown,Unknown,Unknown,Unknown,Unknown
WR230 GIDEON,246626000,52.1012,4.2662,Unknown,2025-11-05 14:17:43.674583832 +0000 UTC,Fishing,Gold,FISHING GROUNDS,Unknown,Unknown,Unknown,Netherlands 🇳🇱,Unknown,22,5,Unknown,Unknown,6509242,4.6
NOMASA              ,601890100,-33.9017,18.4252,0,2025-11-05 14:17:43.676231483 +0000 UTC,Unknown,DarkTurquoise,Unknown,Unknown,Unknown,Unknown,South Africa 🇿🇦,360,Unknown,Unknown,0,Moored,Unknown,Unknown
RUSADIR,210329000,36.6676,-4.3881,20.4,2025-11-05 14:17:43.677531811 +0000 UTC,Unknown,DarkTurquoise,Unknown,Unknown,Unknown,Unknown,Cyprus 🇨🇾,134.5,Unknown,Unknown,0,Under way using engine,Unknown,Unknown
BANGKOK MAERSK      ,219718000,44.397,8.7707,0,2025-11-05 14:17:43.679112465 +0000 UTC,Unknown,DarkTurquoise,Unknown,Unknown,Unknown,Unknown,Denmark 🇩🇰,336.5,Unknown,Unknown,0,At anchor,Unknown,Unknown
OPTIMIST,244740124,51.9036,5.5464,0,2025-11-05 14:17:43.68016424 +0000 UTC,Unknown,DarkTurquoise,Unknown,Unknown,Unknown,Unknown,Netherlands 🇳🇱,360,Unknown,Unknown,0,Restricted manoeuvrability,Unknown,Unknown
GELLY,239670000,37.9601,23.573,0,2025-11-05 14:17:43.681277316 +0000 UTC,Unknown,DarkTurquoise,Unknown,Unknown,Unknown,Unknown,Greece 🇬🇷,360,Unknown,Unknown,-128,Undefined,Unknown,Unknown
ROME EXPRESS        ,255915618,32.1327,-81.1382,0.4,2025-11-05 14:17:43.682576665 +0000 UTC,Unknown,DarkTurquoise,Unknown,Unknown,Unknown,Unknown,Madeira (Portugal) 🇵🇹,264.6,Unknown,Unknown,20,Under way using engine,Unknown,Unknown
Unknown Vessel,538072052,39.53,2.5671,0,2025-11-05 14:17:43.684231423 +0000 UTC,Unknown,DarkTurquoise,Unknown,Unknown,Unknown,Unknown,Marshall Islands 🇲🇭,360,Unknown,Unknown,-128,Moored,Unknown,Unknown
WILSON ODRA         ,314584000,61.7737,5.2929,0.1,2025-11-05 14:17:43.685643309 +0000 UTC,Unknown,DarkTurquoise,Unknown,Unknown,Unknown,Unknown,Barbados 🇧🇧,222,Unknown,Unknown,0,Moored,Unknown,Unknown
VESTREFJORD,258007760,62.6588,7.0837,14.8,2025-11-05 14:17:43.687066076 +0000 UTC,Unknown,DarkTurquoise,Unknown,Unknown,Unknown,Unknown,Norway 🇳🇴,182.3,Unknown,Unknown,0,Under way using engine,Unknown,Unknown
NORDOERN            ,259103000,62.5813,6.1296,0.1,2025-11-05 14:17:43.687983617 +0000 UTC,Fishing,Gold,Unknown,Unknown,Unknown,Unknown,Norway 🇳🇴,104.2,Unknown,Unknown,0,Engaged in fishing,Unknown,Unknown
TOVE KAJGAARD       ,219013485,57.8353,9.1149,2.7,2025-11-05 14:17:43.689075615 +0000 UTC,Fishing,Gold,Unknown,Unknown,Unknown,Unknown,Denmark 🇩🇰,236.7,Unknown,Unknown,0,Engaged in fishing,Unknown,Unknown
KJELL-ERIK,259007720,69.9379,19.8258,0,2025-11-05 14:17:43.690335421 +0000 UTC,Unknown,DarkTurquoise,Unknown,Unknown,Unknown,Unknown,Norway 🇳🇴,322.1,Unknown,Unknown,-128,Under way using engine,Unknown,Unknown
TORE HUND,257410900,68.8404,16.3338,Unknown,2025-11-05 14:17:43.691602085 +0000 UTC,Cargo,ForestGreen,,Unknown,Unknown,Unknown,Norway 🇳🇴,Unknown,14,6,Unknown,Unknown,0,1
SELFOSS             ,231123000,58.3047,9.7295,17.2,2025-11-05 14:17:43.693110112 +0000 UTC,Unknown,DarkTurquoise,Unknown,Unknown,Unknown,Unknown,Faroe Islands (Denmark) 🇫🇴,35,Unknown,Unknown,0,Under way using engine,Unknown,Unknown
EIDSFJORD,257457800,69.9297,20.9592,0,2025-11-05 14:17:43.694248035 +0000 UTC,Unknown,DarkTurquoise,Unknown,Unknown,Unknown,Unknown,Norway 🇳🇴,228.1,Unknown,Unknown,0,,Unknown,Unknown
SKOMAKAREN,259042640,61.1931,4.8142,Unknown,2025-11-05 14:17:43.694888088 +0000 UTC,Unknown,DarkTurquoise,Unknown,Unknown,Unknown,Unknown,Norway 🇳🇴,Unknown,Unknown,Unknown,Unknown,Unknown,Unknown,Unknown
ARCTIC CAPTAIN,257009450,67.1221,14.3035,4.6,2025-11-05 14:17:43.697079365 +0000 UTC,Unknown,DarkTurquoise,Unknown,Unknown,Unknown,Unknown,Norway 🇳🇴,213.6,Unknown,Unknown,-128,Undefined,Unknown,Unknown
AQUAFARMS II,257031370,62.2509,5.9052,0,2025-11-05 14:17:43.698806785 +0000 UTC,Unknown,DarkTurquoise,Unknown,Unknown,Unknown,Unknown,Norway 🇳🇴,350.4,Unknown,Unknown,-128,Undefined,Unknown,Unknown
GARM,257986800,63.7358,8.8367,0.1,2025-11-05 14:17:46.191460054 +0000 UTC,Other Type,RoyalBlue,FISHFARM,AUFIS,Fisherman Islands,Australia,Norway 🇳🇴,105.1,15,10,3,Moored,0,2.5
FROEYBLIKK,259015390,62.4384,6.8197,0,2025-11-05 14:17:43.702685 +0000 UTC,Unknown,DarkTurquoise,Unknown,Unknown,Unknown,Unknown,Norway 🇳🇴,328.8,Unknown,Unknown,0,Under way using engine,Unknown,Unknown
NEXANS AURORA,257682000,59.1155,11.3318,0,2025-11-05 14:17:43.704039373 +0000 UTC,Unknown,DarkTurquoise,Unknown,Unknown,Unknown,Unknown,Norway 🇳🇴,96.1,Unknown,Unknown,-1,Moored,Unknown,Unknown
ROSNES              ,259038730,70.0897,22.6998,0,2025-11-05 14:17:43.704989578 +0000 UTC,Unknown,DarkTurquoise,Unknown,Unknown,Unknown,Unknown,Norway 🇳🇴,144,Unknown,Unknown,0,Moored,Unknown,Unknown
LOS122,257009300,70.9802,25.9726,0,2025-11-05 14:17:43.705655081 +0000 UTC,Unknown,DarkTurquoise,Unknown,Unknown,Unknown,Unknown,Norway 🇳🇴,345,Unknown,Unknown,0,Under way using engine,Unknown,Unknown
VESTFJORD,257134280,68.4023,16.2124,0.1,2025-11-05 14:17:43.706216241 +0000 UTC,Unknown,DarkTurquoise,Unknown,Unknown,Unknown,Unknown,Norway 🇳🇴,26.9,Unknown,Unknown,-13,Moored,Unknown,Unknown
ISLAND VANGUARD     ,259121000,60.1748,2.5969,0.7,2025-11-05 14:17:43.707593809 +0000 UTC,Unknown,DarkTurquoise,Unknown,Unknown,Unknown,Unknown,Norway 🇳🇴,65.9,Unknown,Unknown,0,Under way using engine,Unknown,Unknown
FROEY,257183400,69.2372,19.3704,0.1,2025-11-05 14:17:43.709220488 +0000 UTC,Unknown,DarkTurquoise,Unknown,Unknown,Unknown,Unknown,Norway 🇳🇴,235.2,Unknown,Unknown,-128,Restricted manoeuvrability,Unknown,Unknown
174VV               ,250500256,70.2459,21.1436,Unknown,2025-11-05 14:17:43.714055929 +0000 UTC,Unknown,DarkTurquoise,Unknown,Unknown,Unknown,Unknown,Ireland 🇮🇪,Unknown,Unknown,Unknown,Unknown,Unknown,Unknown,Unknown
OCEANIC CHAMPION    ,258739000,60.6361,5.0126,0,2025-11-05 14:17:43.711597102 +0000 UTC,Unknown,DarkTurquoise,Unknown,Unknown,Unknown,Unknown,Norway 🇳🇴,65.1,Unknown,Unknown,0,Moored,Unknown,Unknown
ARCTIC LADY,257742000,71.0521,22.9028,11.7,2025-11-05 14:17:43.710345941 +0000 UTC,Unknown,DarkTurquoise,Unknown,Unknown,Unknown,Unknown,Norway 🇳🇴,87.3,Unknown,Unknown,0,Under way using engine,Unknown,Unknown
BROTT BUOY 1        ,586706610,70.153,30.7733,Unknown,2025-11-05 14:17:43.715259286 +0000 UTC,Unknown,DarkTurquoise,Unknown,Unknown,Unknown,Unknown,Unknown,Unknown,Unknown,Unknown,Unknown,Unknown,Unknown,Unknown
RS NORSK TIPPING II ,257075230,58.452,5.9993,0,2025-11-05 14:17:43.716269448 +0000 UTC,Unknown,DarkTurquoise,Unknown,Unknown,Unknown,Unknown,Norway 🇳🇴,360,Unknown,Unknown,-128,Under way using engine,Unknown,Unknown
ASTERIX,257037600,63.0362,7.6738,0,2025-11-05 14:17:43.717014271 +0000 UTC,Unknown,DarkTurquoise,Unknown,Unknown,Unknown,Unknown,Norway 🇳🇴,346.9,Unknown,Unknown,-128,Under way using engine,Unknown,Unknown
MYNTEVIK,259302000,70.6254,29.6995,0,2025-11-05 14:17:43.717798648 +0000 UTC,Unknown,DarkTurquoise,Unknown,Unknown,Unknown,Unknown,Norway 🇳🇴,360,Unknown,Unknown,-128,Under way using engine,Unknown,Unknown
HAGLAND PIONEER     ,258059000,63.1386,7.6384,9.9,2025-11-05 14:17:43.71871407 +0000 UTC,Unknown,DarkTurquoise,Unknown,Unknown,Unknown,Unknown,Norway 🇳🇴,239.4,Unknown,Unknown,0,Under way using engine,Unknown,Unknown
BAC 20              ,226006780,49.386,1.0085,0,2025-11-05 14:17:43.720578343 +0000 UTC,Unknown,DarkTurquoise,Unknown,Unknown,Unknown,Unknown,France 🇫🇷,279.2,Unknown,Unknown,-128,Undefined,Unknown,Unknown
PASSAAT,244870781,52.318,5.5621,0,2025-11-05 14:17:43.724251001 +0000 UTC,Unknown,DarkTurquoise,Unknown,Unknown,Unknown,Unknown,Netherlands 🇳🇱,360,Unknown,Unknown,-128,Moored,Unknown,Unknown
SVITZER MAITLAND    ,503624000,-32.9212,151.7728,0,2025-11-05 14:17:43.726511145 +0000 UTC,Unknown,DarkTurquoise,Unknown,Unknown,Unknown,Unknown,Australia 🇦🇺,195.2,Unknown,Unknown,0,Under way using engine,Unknown,Unknown
NOBLE DON TAYLOR,636015382,8.0021,-56.7112,0,2025-11-05 14:17:43.728286503 +0000 UTC,Unknown,DarkTurquoise,Unknown,Unknown,Unknown,Unknown,Liberia 🇱🇷,192.5,Unknown,Unknown,-10,Restricted manoeuvrability,Unknown,Unknown
BELLEVUE,211781130,52.4931,13.4673,0,2025-11-05 14:17:43.729359367 +0000 UTC,Unknown,DarkTurquoise,Unknown,Unknown,Unknown,Unknown,Germany 🇩🇪,360,Unknown,Unknown,-128,Constrained by her draught,Unknown,Unknown
GOD'S GLORY         ,368007450,29.7361,-93.8768,0,2025-11-05 14:17:43.730460991 +0000 UTC,Unknown,DarkTurquoise,Unknown,Unknown,Unknown,Unknown,United States 🇺🇸,247.1,Unknown,Unknown,-128,Under way using engine,Unknown,Unknown
LISA MARIE          ,367474560,30.0182,-93.9814,0,2025-11-05 14:17:43.73138151 +0000 UTC,Unknown,DarkTurquoise,Unknown,Unknown,Unknown,Unknown,United States 🇺🇸,198.7,Unknown,Unknown,0,,Unknown,Unknown
BERDON LAWRENCE     ,368173190,29.8178,-93.9812,0,2025-11-05 14:17:43.732835675 +0000 UTC,Unknown,DarkTurquoise,Unknown,Unknown,Unknown,Unknown,United States 🇺🇸,115.4,Unknown,Unknown,0,,Unknown,Unknown
PINTAIL             ,367799330,29.9962,-93.9167,0,2025-11-05 14:17:43.735166183 +0000 UTC,Unknown,DarkTurquoise,Unknown,Unknown,Unknown,Unknown,United States 🇺🇸,83.6,Unknown,Unknown,0,Under way using engine,Unknown,Unknown
AL MIDDLETON        ,367584510,29.9731,-93.8474,0,2025-11-05 14:17:43.736206397 +0000 UTC,Unknown,DarkTurquoise,Unknown,Unknown,Unknown,Unknown,United States 🇺🇸,325.8,Unknown,Unknown,0,Under way using engine,Unknown,Unknown
RENEE DAVISON       ,367505070,29.8205,-93.9717,0,2025-11-05 14:17:43.73718052 +0000 UTC,Unknown,DarkTurquoise,Unknown,Unknown,Unknown,Unknown,United States 🇺🇸,60,Unknown,Unknown,0,,Unknown,Unknown
HARRISON            ,367374930,29.9732,-93.8472,0,2025-11-05 14:17:43.73775382 +0000 UTC,Unknown,DarkTurquoise,Unknown,Unknown,Unknown,Unknown,United States 🇺🇸,322.7,Unknown,Unknown,0,,Unknown,Unknown
SAFETY FIRST        ,367702410,29.9805,-93.8775,0,2025-11-05 14:17:43.738340709 +0000 UTC,Unknown,DarkTurquoise,Unknown,Unknown,Unknown,Unknown,United States 🇺🇸,305.2,Unknown,Unknown,0,,Unknown,Unknown
EMS LAKE            ,304877000,54.5733,11.2037,8.8,2025-11-05 14:17:43.739344807 +0000 UTC,Unknown,DarkTurquoise,Unknown,Unknown,Unknown,Unknown,Antigua and Barbuda 🇦🇬,114,Unknown,Unknown,-4,Under way using engine,Unknown,Unknown
PRINS BERNARD,244780651,52.3672,4.8951,0,2025-11-05 14:17:43.74092247 +0000 UTC,Unknown,DarkTurquoise,Unknown,Unknown,Unknown,Unknown,Netherlands 🇳🇱,360,Unknown,Unknown,-128,Under way using engine,Unknown,Unknown
BON SECOURS VII     ,227072990,49.4822,-0.4929,2.6,2025-11-05 14:17:43.742257522 +0000 UTC,Unknown,DarkTurquoise,Unknown,Unknown,Unknown,Unknown,France 🇫🇷,286.5,Unknown,Unknown,0,Under way using engine,Unknown,Unknown
DOMANI,244650938,51.7663,5.3571,0,2025-11-05 14:17:43.742855345 +0000 UTC,Unknown,DarkTurquoise,Unknown,Unknown,Unknown,Unknown,Netherlands 🇳🇱,0,Unknown,Unknown,-128,Under way using engine,Unknown,Unknown
DUGONG ACE          ,353453000,-37.9625,144.8578,0.1,2025-11-05 14:17:43.744075138 +0000 UTC,Unknown,DarkTurquoise,Unknown,Unknown,Unknown,Unknown,Panama 🇵🇦,192.5,Unknown,Unknown,3,Under way using engine,Unknown,Unknown
QUEEN STAR 8        ,563034500,1.2616,103.8154,6.9,2025-11-05 14:17:43.746341181 +0000 UTC,Unknown,DarkTurquoise,Unknown,Unknown,Unknown,Unknown,Singapore 🇸🇬,90.5,Unknown,Unknown,-128,Under way using engine,Unknown,Unknown
HAFNIA PUMA         ,563621000,1.234,103.8058,0.1,2025-11-05 14:17:43.74535207 +0000 UTC,Unknown,DarkTurquoise,Unknown,Unknown,Unknown,Unknown,Singapore 🇸🇬,229.3,Unknown,Unknown,0,At anchor,Unknown,Unknown
GLUECK AUF,211514290,51.5236,6.6973,0,2025-11-05 14:17:43.748202198 +0000 UTC,Unknown,DarkTurquoise,Unknown,Unknown,Unknown,Unknown,Germany 🇩🇪,360,Unknown,Unknown,-128,Under way using engine,Unknown,Unknown
EM NATASHA          ,563248800,1.2642,103.9079,7.2,2025-11-05 14:17:43.749157167 +0000 UTC,Unknown,DarkTurquoise,Unknown,Unknown,Unknown,Unknown,Singapore 🇸🇬,230,Unknown,Unknown,2,Under way using engine,Unknown,Unknown
AZABRA              ,225991180,41.3461,2.152,0,2025-11-05 14:17:43.750155896 +0000 UTC,Unknown,DarkTurquoise,Unknown,Unknown,Unknown,Unknown,Spain 🇪🇸,211.5,Unknown,Unknown,0,Under way using engine,Unknown,Unknown
VICTORIA,247393900,37.5656,15.72,11.6,2025-11-05 14:17:43.751265057 +0000 UTC,Unknown,DarkTurquoise,Unknown,Unknown,Unknown,Unknown,Italy 🇮🇹,225.9,Unknown,Unknown,10,Under way using engine,Unknown,Unknown
SUNMI               ,309937000,52.3984,4.86,0,2025-11-05 14:17:43.752496537 +0000 UTC,Unknown,DarkTurquoise,Unknown,Unknown,Unknown,Unknown,Bahamas 🇧🇸,19.8,Unknown,Unknown,0,Moored,Unknown,Unknown
ROYAL FRYSK,211101000,53.643,8.0832,0,2025-11-05 14:17:43.756332707 +0000 UTC,Unknown,DarkTurquoise,Unknown,Unknown,Unknown,Unknown,Germany 🇩🇪,41,Unknown,Unknown,0,Under way using engine,Unknown,Unknown
EDEN ROSE,235092732,57.5628,-4.0989,18.4,2025-11-05 14:17:43.758611769 +0000 UTC,Unknown,DarkTurquoise,Unknown,Unknown,Unknown,Unknown,United Kingdom 🇬🇧,226.9,Unknown,Unknown,0,Under way using engine,Unknown,Unknown
OHF=277,211780680,50.9804,6.9767,0,2025-11-05 14:17:43.759972691 +0000 UTC,Unknown,DarkTurquoise,Unknown,Unknown,Unknown,Unknown,Germany 🇩🇪,360,Unknown,Unknown,-128,Under way using engine,Unknown,Unknown
ROGNFJELL,257057800,59.6616,10.6275,0,2025-11-05 14:17:43.761869694 +0000 UTC,Unknown,DarkTurquoise,Unknown,Unknown,Unknown,Unknown,Norway 🇳🇴,360,Unknown,Unknown,-128,Under way using engine,Unknown,Unknown
VASCO DA GAMA,205744000,1.2208,103.6335,1.4,2025-11-05 14:17:43.764171999 +0000 UTC,Unknown,DarkTurquoise,Unknown,Unknown,Unknown,Unknown,Belgium 🇧🇪,235.7,Unknown,Unknown,0,Restricted manoeuvrability,Unknown,Unknown
KINDERDIJK,244740887,51.8907,4.6277,0,2025-11-05 14:17:43.766315059 +0000 UTC,Unknown,DarkTurquoise,Unknown,Unknown,Unknown,Unknown,Netherlands 🇳🇱,360,Unknown,Unknown,-128,Under way using engine,Unknown,Unknown
NORD-FUGLOEY,257129340,69.673,18.7477,Unknown,2025-11-05 14:17:43.768273889 +0000 UTC,Fishing,Gold,CH 16,Unknown,Unknown,Unknown,Norway 🇳🇴,Unknown,51,12,Unknown,Unknown,9932311,7
MARGOT,244620518,53.1998,5.789,0,2025-11-05 14:17:43.770289103 +0000 UTC,Unknown,DarkTurquoise,Unknown,Unknown,Unknown,Unknown,Netherlands 🇳🇱,360,Unknown,Unknown,-128,Under way sailing,Unknown,Unknown
BALDER FIRE SAR     ,265045300,59.4539,18.3313,0,2025-11-05 14:17:43.771502857 +0000 UTC,Unknown,DarkTurquoise,Unknown,Unknown,Unknown,Unknown,Sweden 🇸🇪,360,Unknown,Unknown,-128,Under way using engine,Unknown,Unknown
NOIX DE COCO SOLO,227763690,47.5424,-2.8954,Unknown,2025-11-05 14:17:43.7732753 +0000 UTC,Unknown,DarkTurquoise,Unknown,Unknown,Unknown,Unknown,France 🇫🇷,Unknown,Unknown,Unknown,Unknown,Unknown,Unknown,Unknown
SVITZER BARGATE     ,235108268,50.9061,-1.4334,0,2025-11-05 14:17:43.776004363 +0000 UTC,Unknown,DarkTurquoise,Unknown,Unknown,Unknown,Unknown,United Kingdom 🇬🇧,316.3,Unknown,Unknown,0,Under way using engine,Unknown,Unknown
SCPS ANGELA,235117193,50.891,-1.3938,0.1,2025-11-05 14:17:43.777662271 +0000 UTC,Unknown,DarkTurquoise,Unknown,Unknown,Unknown,Unknown,United Kingdom 🇬🇧,360,Unknown,Unknown,-128,Under way using engine,Unknown,Unknown
SOMBRA,244010511,51.3288,3.8216,0,2025-11-05 14:17:43.779071482 +0000 UTC,Unknown,DarkTurquoise,Unknown,Unknown,Unknown,Unknown,Netherlands 🇳🇱,360,Unknown,Unknown,-128,Moored,Unknown,Unknown
UQ15 CAROLINE ELISE ,244670362,53.4128,6.9294,8,2025-11-05 14:17:43.780368086 +0000 UTC,Unknown,DarkTurquoise,Unknown,Unknown,Unknown,Unknown,Netherlands 🇳🇱,321.5,Unknown,Unknown,-128,,Unknown,Unknown
AMERICAN ISLANDER   ,367035570,33.7334,-118.2636,0,2025-11-05 14:17:43.78200047 +0000 UTC,Unknown,DarkTurquoise,Unknown,Unknown,Unknown,Unknown,United States 🇺🇸,353.4,Unknown,Unknown,0,Restricted manoeuvrability,Unknown,Unknown
LEADER              ,232020468,51.4456,0.375,0,2025-11-05 14:17:43.783090219 +0000 UTC,Unknown,DarkTurquoise,Unknown,Unknown,Unknown,Unknown,United Kingdom 🇬🇧,360,Unknown,Unknown,-128,Under way using engine,Unknown,Unknown
HARVEST MOON,338478886,37.7843,-122.2665,Unknown,2025-11-05 14:17:43.784249314 +0000 UTC,Unknown,DarkTurquoise,Unknown,Unknown,Unknown,Unknown,United States 🇺🇸,Unknown,Unknown,Unknown,Unknown,Unknown,Unknown,Unknown
MAARTJE             ,244692000,52.1143,4.2501,10.1,2025-11-05 14:17:43.787247704 +0000 UTC,Unknown,DarkTurquoise,Unknown,Unknown,Unknown,Unknown,Netherlands 🇳🇱,176.6,Unknown,Unknown,-127,Moored,Unknown,Unknown
WATCHMAN,367531220,47.6564,-122.3771,0,2025-11-05 14:17:43.789058118 +0000 UTC,Unknown,DarkTurquoise,Unknown,Unknown,Unknown,Unknown,United States 🇺🇸,183,Unknown,Unknown,0,Under way sailing,Unknown,Unknown
R U 4 REEL,503014620,-33.6521,151.3018,Unknown,2025-11-05 14:17:43.791344261 +0000 UTC,Unknown,DarkTurquoise,Unknown,Unknown,Unknown,Unknown,Australia 🇦🇺,Unknown,Unknown,Unknown,Unknown,Unknown,Unknown,Unknown
JANTINE,244020386,51.7561,4.6258,0,2025-11-05 14:17:43.792229269 +0000 UTC,Unknown,DarkTurquoise,Unknown,Unknown,Unknown,Unknown,Netherlands 🇳🇱,0,Unknown,Unknown,-128,Under way using engine,Unknown,Unknown
SALT SHAKER,338303186,33.8464,-118.3969,Unknown,2025-11-05 14:17:43.794918062 +0000 UTC,Unknown,DarkTurquoise,Unknown,Unknown,Unknown,Unknown,United States 🇺🇸,Unknown,Unknown,Unknown,Unknown,Unknown,Unknown,Unknown
WILSON LISTA,257904000,53.5262,9.9637,0,2025-11-05 14:17:43.796829654 +0000 UTC,Unknown,DarkTurquoise,Unknown,Unknown,Unknown,Unknown,Norway 🇳🇴,351.8,Unknown,Unknown,0,Moored,Unknown,Unknown
SM NINGBO           ,440151000,46.1945,-123.8338,7.8,2025-11-05 14:17:45.608702138 +0000 UTC,Cargo,ForestGreen,USLGB=>USPDX        ,USPDX,Portland,United States,South Korea 🇰🇷,82,304,40,-9,Under way using engine,9312937,10.6
EIRA,257082600,59.1641,6.026,9.6,2025-11-05 14:17:43.800475174 +0000 UTC,Unknown,DarkTurquoise,Unknown,Unknown,Unknown,Unknown,Norway 🇳🇴,208.2,Unknown,Unknown,-128,Moored,Unknown,Unknown
EIDSVAAG MARIN      ,259405000,59.0153,5.7376,10.3,2025-11-05 14:17:43.80165484 +0000 UTC,Unknown,DarkTurquoise,Unknown,Unknown,Unknown,Unknown,Norway 🇳🇴,102.7,Unknown,Unknown,0,Under way using engine,Unknown,Unknown
NORDFISK            ,258238000,67.289,14.3713,0,2025-11-05 14:17:43.803018654 +0000 UTC,Unknown,DarkTurquoise,Unknown,Unknown,Unknown,Unknown,Norway 🇳🇴,113.3,Unknown,Unknown,0,Under way using engine,Unknown,Unknown
BLUE MARLIN IV,235107825,52.9061,4.7923,Unknown,2025-11-05 14:17:43.805695204 +0000 UTC,Unknown,DarkTurquoise,Unknown,Unknown,Unknown,Unknown,United Kingdom 🇬🇧,Unknown,Unknown,Unknown,Unknown,Unknown,Unknown,Unknown
EEMSTEYN,244660221,51.8795,4.3253,0,2025-11-05 14:17:43.806947692 +0000 UTC,Unknown,DarkTurquoise,Unknown,Unknown,Unknown,Unknown,Netherlands 🇳🇱,360,Unknown,Unknown,-128,Moored,Unknown,Unknown
DEEP LOCUS,244043000,52.4926,4.5491,2.6,2025-11-05 14:17:43.807811003 +0000 UTC,Unknown,DarkTurquoise,Unknown,Unknown,Unknown,Unknown,Netherlands 🇳🇱,23.9,Unknown,Unknown,0,Under way using engine,Unknown,Unknown
MILO                ,227126990,47.192,-1.61,0,2025-11-05 14:17:43.809695199 +0000 UTC,Unknown,DarkTurquoise,Unknown,Unknown,Unknown,Unknown,France 🇫🇷,125,Unknown,Unknown,-128,Under way using engine,Unknown,Unknown
SPIEKEROOG I        ,211283830,53.7018,7.7062,0,2025-11-05 14:17:43.81085844 +0000 UTC,Unknown,DarkTurquoise,Unknown,Unknown,Unknown,Unknown,Germany 🇩🇪,105.1,Unknown,Unknown,0,Under way using engine,Unknown,Unknown
CELESTIAL CLIPPER   ,232044560,51.5074,0.0062,0,2025-11-05 14:17:43.81270322 +0000 UTC,Unknown,DarkTurquoise,Unknown,Unknown,Unknown,Unknown,United Kingdom 🇬🇧,303.3,Unknown,Unknown,127,Under way using engine,Unknown,Unknown
JACK BINION         ,367344920,30.2261,-93.2628,0,2025-11-05 14:17:43.814998133 +0000 UTC,Unknown,DarkTurquoise,Unknown,Unknown,Unknown,Unknown,United States 🇺🇸,206.8,Unknown,Unknown,0,,Unknown,Unknown
VESTA,247045400,38.2067,15.5638,0,2025-11-05 14:17:43.816329451 +0000 UTC,Unknown,DarkTurquoise,Unknown,Unknown,Unknown,Unknown,Italy 🇮🇹,360,Unknown,Unknown,-128,Under way using engine,Unknown,Unknown
CETUS,667002291,59.7564,24.6906,13.9,2025-11-05 14:17:43.817701863 +0000 UTC,Unknown,DarkTurquoise,Unknown,Unknown,Unknown,Unknown,Sierra Leone 🇸🇱,76.9,Unknown,Unknown,0,Under way using engine,Unknown,Unknown
BLUE HERITAGE       ,636023928,53.8791,8.712,8.9,2025-11-05 14:17:43.818935581 +0000 UTC,Unknown,DarkTurquoise,Unknown,Unknown,Unknown,Unknown,Liberia 🇱🇷,328.9,Unknown,Unknown,0,Under way using engine,Unknown,Unknown
RIGA                ,244780965,51.2068,4.3799,0,2025-11-05 14:17:43.820373391 +0000 UTC,Unknown,DarkTurquoise,Unknown,Unknown,Unknown,Unknown,Netherlands 🇳🇱,312.6,Unknown,Unknown,0,Under way using engine,Unknown,Unknown
PILOT86             ,477995127,22.3088,114.158,Unknown,2025-11-05 14:17:43.824675705 +0000 UTC,Unknown,DarkTurquoise,,Unknown,Unknown,Unknown,Hong Kong (China) 🇭🇰,Unknown,14,4,Unknown,Unknown,0,0
HANNAH              ,636016692,54.531,18.5369,Unknown,2025-11-05 14:17:43.826679097 +0000 UTC,Cargo,ForestGreen,PLGDY               ,PLGDY,Gdynia,Poland,Liberia 🇱🇷,Unknown,169,28,Unknown,Unknown,9464558,9.5
ISEFJORD            ,219017815,55.9658,11.8439,2.5,2025-11-05 14:17:43.828877209 +0000 UTC,Unknown,DarkTurquoise,Unknown,Unknown,Unknown,Unknown,Denmark 🇩🇰,62.4,Unknown,Unknown,127,Under way using engine,Unknown,Unknown
UKKO                ,230946000,60.3113,25.5522,0,2025-11-05 14:17:43.8302419 +0000 UTC,Unknown,DarkTurquoise,Unknown,Unknown,Unknown,Unknown,Finland 🇫🇮,351.8,Unknown,Unknown,-5,Under way using engine,Unknown,Unknown
LADY MONIQUE        ,245267000,60.1727,19.1327,14.2,2025-11-05 14:17:43.833183496 +0000 UTC,Unknown,DarkTurquoise,Unknown,Unknown,Unknown,Unknown,Netherlands 🇳🇱,320.2,Unknown,Unknown,0,Under way using engine,Unknown,Unknown
SAN LUIS            ,338549768,29.721,-95.2747,0,2025-11-05 14:17:43.834461273 +0000 UTC,Unknown,DarkTurquoise,Unknown,Unknown,Unknown,Unknown,United States 🇺🇸,122.3,Unknown,Unknown,0,Moored,Unknown,Unknown
ISE BAY             ,352004596,45.5373,-122.679,0,2025-11-05 14:17:43.835882007 +0000 UTC,Unknown,DarkTurquoise,Unknown,Unknown,Unknown,Unknown,Panama 🇵🇦,312,Unknown,Unknown,0,Moored,Unknown,Unknown
SEJEROEFAERGEN      ,219000584,55.754,11.326,0,2025-11-05 14:17:43.83668592 +0000 UTC,Unknown,DarkTurquoise,Unknown,Unknown,Unknown,Unknown,Denmark 🇩🇰,180.4,Unknown,Unknown,0,Under way using engine,Unknown,Unknown
RCC AFRICA          ,311594000,32.7018,-117.1678,10.2,2025-11-05 14:17:43.837411608 +0000 UTC,Unknown,DarkTurquoise,Unknown,Unknown,Unknown,Unknown,Bahamas 🇧🇸,128,Unknown,Unknown,0,Under way using engine,Unknown,Unknown
ACONIT,226001370,49.486,0.1241,0,2025-11-05 14:17:43.83817858 +0000 UTC,Unknown,DarkTurquoise,Unknown,Unknown,Unknown,Unknown,France 🇫🇷,360,Unknown,Unknown,-128,Undefined,Unknown,Unknown
DEOVOLENTE  ,244670265,51.6247,6.0156,7.8,2025-11-05 14:17:43.838888146 +0000 UTC,Unknown,DarkTurquoise,Unknown,Unknown,Unknown,Unknown,Netherlands 🇳🇱,132.6,Unknown,Unknown,-128,Under way using engine,Unknown,Unknown
LANSINGH,244010924,51.8541,5.8524,6.3,2025-11-05 14:17:43.840032651 +0000 UTC,Unknown,DarkTurquoise,Unknown,Unknown,Unknown,Unknown,Netherlands 🇳🇱,123.4,Unknown,Unknown,-128,Under way using engine,Unknown,Unknown
FT DEARBORN,367197480,41.8905,-87.6154,0,2025-11-05 14:17:43.841214267 +0000 UTC,Unknown,DarkTurquoise,Unknown,Unknown,Unknown,Unknown,United States 🇺🇸,217.3,Unknown,Unknown,-128,Under way using engine,Unknown,Unknown
STENA FORTH,235074573,41.0808,1.2155,0.1,2025-11-05 14:17:43.843785029 +0000 UTC,Unknown,DarkTurquoise,Unknown,Unknown,Unknown,Unknown,United Kingdom 🇬🇧,115,Unknown,Unknown,0,Moored,Unknown,Unknown
SIGRID THERESA      ,219031203,51.4154,3.456,13.1,2025-11-05 14:17:43.846567392 +0000 UTC,Unknown,DarkTurquoise,Unknown,Unknown,Unknown,Unknown,Denmark 🇩🇰,263,Unknown,Unknown,11,Under way using engine,Unknown,Unknown
STEDEMAEGHT,244210283,52.5175,5.4367,0,2025-11-05 14:17:43.848010239 +0000 UTC,Unknown,DarkTurquoise,Unknown,Unknown,Unknown,Unknown,Netherlands 🇳🇱,360,Unknown,Unknown,-128,Under way using engine,Unknown,Unknown
PROTEUS             ,205237290,52.2966,5.0217,8.7,2025-11-05 14:17:43.849412359 +0000 UTC,Unknown,DarkTurquoise,Unknown,Unknown,Unknown,Unknown,Belgium 🇧🇪,0.3,Unknown,Unknown,-128,Under way using engine,Unknown,Unknown
SIMON STEVIN        ,205072000,51.2354,2.931,0,2025-11-05 14:17:43.850468878 +0000 UTC,Unknown,DarkTurquoise,Unknown,Unknown,Unknown,Unknown,Belgium 🇧🇪,15.7,Unknown,Unknown,0,Moored,Unknown,Unknown
SEAL                ,629009388,31.4868,32.2701,0.1,2025-11-05 14:17:43.852992524 +0000 UTC,Unknown,DarkTurquoise,Unknown,Unknown,Unknown,Unknown,Gambia 🇬🇲,109,Unknown,Unknown,0,At anchor,Unknown,Unknown
DIVA 1              ,610107131,31.1733,32.3298,7.9,2025-11-05 14:17:43.853948504 +0000 UTC,Unknown,DarkTurquoise,Unknown,Unknown,Unknown,Unknown,Benin 🇧🇯,14.5,Unknown,Unknown,40,Under way using engine,Unknown,Unknown
CHATTANOOGA         ,563004400,32.0972,33.6314,10.5,2025-11-05 14:17:43.855327198 +0000 UTC,Unknown,DarkTurquoise,Unknown,Unknown,Unknown,Unknown,Singapore 🇸🇬,105.6,Unknown,Unknown,0,Under way using engine,Unknown,Unknown
VASSILIOS,210297000,34.5295,32.9335,16.1,2025-11-05 14:17:43.856999272 +0000 UTC,Unknown,DarkTurquoise,Unknown,Unknown,Unknown,Unknown,Cyprus 🇨🇾,289.9,Unknown,Unknown,0,Under way using engine,Unknown,Unknown
DEBMAR PACIFIC      ,659252000,-33.9192,18.4386,0,2025-11-05 14:17:43.858148233 +0000 UTC,Unknown,DarkTurquoise,Unknown,Unknown,Unknown,Unknown,Namibia 🇳🇦,92.3,Unknown,Unknown,0,Under way sailing,Unknown,Unknown
TOMMY,244630117,52.4206,4.8515,0,2025-11-05 14:17:44.449630289 +0000 UTC,Tug Boat,Silver,,Unknown,Unknown,Unknown,Netherlands 🇳🇱,77.8,61,12,-128,Under way using engine,0,2
CLEAN OCEAN         ,367395280,33.7318,-118.2642,0,2025-11-05 14:17:43.860364477 +0000 UTC,Unknown,DarkTurquoise,Unknown,Unknown,Unknown,Unknown,United States 🇺🇸,208.2,Unknown,Unknown,0,Under way using engine,Unknown,Unknown
RED EAGLE           ,232002589,50.8674,-1.3734,7.9,2025-11-05 14:17:43.861377806 +0000 UTC,Unknown,DarkTurquoise,Unknown,Unknown,Unknown,Unknown,United Kingdom 🇬🇧,306.5,Unknown,Unknown,0,Under way using engine,Unknown,Unknown
SAAM SABA           ,316028504,54.2923,-130.3565,0,2025-11-05 14:17:44.260141301 +0000 UTC,Tug Boat,Silver,VANCOUVER           ,Unknown,Unknown,Unknown,Canada 🇨🇦,56,29,10,0,Under way using engine,9476379,4.6
MAERSK GARONNE      ,563077400,53.593,8.5213,Unknown,2025-11-05 14:17:43.866617668 +0000 UTC,Cargo,ForestGreen,DEBRV               ,DEBRV,Bremerhaven,Germany,Singapore 🇸🇬,Unknown,292,32,Unknown,Unknown,9235579,11
G/V RESOLUTE        ,232009973,51.5853,-7.803,2.1,2025-11-05 14:17:43.867950499 +0000 UTC,Unknown,DarkTurquoise,Unknown,Unknown,Unknown,Unknown,United Kingdom 🇬🇧,150.8,Unknown,Unknown,127,Under way using engine,Unknown,Unknown
CABRILLO,367373970,32.7092,-117.1758,8,2025-11-05 14:17:43.869886369 +0000 UTC,Unknown,DarkTurquoise,Unknown,Unknown,Unknown,Unknown,United States 🇺🇸,146,Unknown,Unknown,15,Under way using engine,Unknown,Unknown
Unknown Vessel,235107833,49.4599,-2.5299,Unknown,2025-11-05 14:17:43.871182352 +0000 UTC,Unknown,DarkTurquoise,Unknown,Unknown,Unknown,Unknown,United Kingdom 🇬🇧,Unknown,15,4,Unknown,Unknown,Unknown,Unknown
CALYPSO,226016720,49.4414,1.073,0.1,2025-11-05 14:17:43.872105562 +0000 UTC,Unknown,DarkTurquoise,Unknown,Unknown,Unknown,Unknown,France 🇫🇷,360,Unknown,Unknown,-128,Under way using engine,Unknown,Unknown
ATHENA              ,247488800,38.1262,15.6489,0,2025-11-05 14:17:43.875318853 +0000 UTC,Unknown,DarkTurquoise,Unknown,Unknown,Unknown,Unknown,Italy 🇮🇹,210.7,Unknown,Unknown,0,Under way using engine,Unknown,Unknown
HOURAI MARU         ,538008262,49.927,-3.3285,14.4,2025-11-05 14:17:43.877950312 +0000 UTC,Unknown,DarkTurquoise,Unknown,Unknown,Unknown,Unknown,Marshall Islands 🇲🇭,256.4,Unknown,Unknown,4,Under way using engine,Unknown,Unknown
GEORGE JAMES MORAN  ,368386690,39.8861,-75.1763,0,2025-11-05 14:17:43.879844918 +0000 UTC,Unknown,DarkTurquoise,Unknown,Unknown,Unknown,Unknown,United States 🇺🇸,178.9,Unknown,Unknown,0,Under way using engine,Unknown,Unknown
LIENE,244029522,52.3664,4.8889,4,2025-11-05 14:17:43.881487861 +0000 UTC,Unknown,DarkTurquoise,Unknown,Unknown,Unknown,Unknown,Netherlands 🇳🇱,313.2,Unknown,Unknown,-128,Under way using engine,Unknown,Unknown
JRW                 ,316009843,49.1701,-122.9244,0,2025-11-05 14:17:43.884731672 +0000 UTC,Unknown,DarkTurquoise,Unknown,Unknown,Unknown,Unknown,Canada 🇨🇦,38,Unknown,Unknown,-128,Under way using engine,Unknown,Unknown
SEELOEWE            ,218054320,54.4341,10.2117,9.6,2025-11-05 14:17:43.886140009 +0000 UTC,Unknown,DarkTurquoise,Unknown,Unknown,Unknown,Unknown,Germany 🇩🇪,14.4,Unknown,Unknown,-128,Under way using engine,Unknown,Unknown
FIVE PALMS,339000211,25.8,-80.1401,Unknown,2025-11-05 14:17:43.887551323 +0000 UTC,Unknown,DarkTurquoise,Unknown,Unknown,Unknown,Unknown,Jamaica 🇯🇲,Unknown,Unknown,Unknown,Unknown,Unknown,Unknown,Unknown
AIRSET.             ,244690116,53.3316,6.9319,0,2025-11-05 14:17:43.888994369 +0000 UTC,Unknown,DarkTurquoise,Unknown,Unknown,Unknown,Unknown,Netherlands 🇳🇱,314.1,Unknown,Unknown,-128,Under way using engine,Unknown,Unknown
RM VALKYRIA         ,730000028,3.8934,-77.0771,0,2025-11-05 14:17:43.890105961 +0000 UTC,Unknown,DarkTurquoise,Unknown,Unknown,Unknown,Unknown,Colombia 🇨🇴,278.5,Unknown,Unknown,-128,Under way using engine,Unknown,Unknown
INFATIGABLE,244020023,51.7624,5.7408,0,2025-11-05 14:17:43.893842543 +0000 UTC,Unknown,DarkTurquoise,Unknown,Unknown,Unknown,Unknown,Netherlands 🇳🇱,360,Unknown,Unknown,-128,Moored,Unknown,Unknown
RELATIONSHIP III,211888600,53.4227,10.1348,10.3,2025-11-05 14:17:43.896771975 +0000 UTC,Unknown,DarkTurquoise,Unknown,Unknown,Unknown,Unknown,Germany 🇩🇪,112,Unknown,Unknown,-128,Under way using engine,Unknown,Unknown
PRESERVER           ,235091157,57.4801,-4.2494,0,2025-11-05 14:17:43.89832218 +0000 UTC,Unknown,DarkTurquoise,Unknown,Unknown,Unknown,Unknown,United Kingdom 🇬🇧,321.3,Unknown,Unknown,0,Under way using engine,Unknown,Unknown
DEMOLEN             ,366999296,42.2982,-83.0929,0,2025-11-05 14:17:43.902180291 +0000 UTC,Unknown,DarkTurquoise,Unknown,Unknown,Unknown,Unknown,United States 🇺🇸,243.7,Unknown,Unknown,-128,Undefined,Unknown,Unknown
Unknown Vessel,235108139,50.7683,-1.3491,Unknown,2025-11-05 14:17:43.905504052 +0000 UTC,Unknown,DarkTurquoise,Unknown,Unknown,Unknown,Unknown,United Kingdom 🇬🇧,Unknown,12,4,Unknown,Unknown,Unknown,Unknown
TRONDS MAX,259142000,59.2364,5.4465,11.3,2025-11-05 14:17:43.907461854 +0000 UTC,Unknown,DarkTurquoise,Unknown,Unknown,Unknown,Unknown,Norway 🇳🇴,140.1,Unknown,Unknown,0,Under way using engine,Unknown,Unknown
BIBI                ,367691660,33.7488,-118.1141,0,2025-11-05 14:17:43.909172575 +0000 UTC,Fishing,Gold,Unknown,Unknown,Unknown,Unknown,United States 🇺🇸,263.2,Unknown,Unknown,-128,Engaged in fishing,Unknown,Unknown
SEA AMBITION        ,477652800,33.9631,34.1069,12.8,2025-11-05 14:17:43.909960332 +0000 UTC,Unknown,DarkTurquoise,Unknown,Unknown,Unknown,Unknown,Hong Kong (China) 🇭🇰,195.1,Unknown,Unknown,0,Under way using engine,Unknown,Unknown
TAAPE               ,228707000,43.1195,5.9199,0,2025-11-05 14:17:43.911078484 +0000 UTC,Unknown,DarkTurquoise,Unknown,Unknown,Unknown,Unknown,France 🇫🇷,0,Unknown,Unknown,-128,Under way sailing,Unknown,Unknown
VITALITY            ,566680000,1.1956,103.7418,0,2025-11-05 14:17:43.927745578 +0000 UTC,Unknown,DarkTurquoise,Unknown,Unknown,Unknown,Unknown,Singapore 🇸🇬,339.4,Unknown,Unknown,0,At anchor,Unknown,Unknown
CAPE KENNEDY        ,367802000,29.3961,-93.623,1.8,2025-11-05 14:17:43.929155847 +0000 UTC,Unknown,DarkTurquoise,Unknown,Unknown,Unknown,Unknown,United States 🇺🇸,7.9,Unknown,Unknown,0,Under way using engine,Unknown,Unknown
EVERGREEN STATE     ,367353070,29.3702,-93.6653,9.9,2025-11-05 14:17:43.930060466 +0000 UTC,Unknown,DarkTurquoise,Unknown,Unknown,Unknown,Unknown,United States 🇺🇸,333,Unknown,Unknown,0,Under way using engine,Unknown,Unknown
LANA JO KLIEBERT    ,368344740,29.833,-93.9578,0,2025-11-05 14:17:43.93075421 +0000 UTC,Unknown,DarkTurquoise,Unknown,Unknown,Unknown,Unknown,United States 🇺🇸,272.4,Unknown,Unknown,0,Under way using engine,Unknown,Unknown
TUCKER M HAMILTON   ,368215480,29.7806,-93.3393,0,2025-11-05 14:17:43.931591874 +0000 UTC,Unknown,DarkTurquoise,Unknown,Unknown,Unknown,Unknown,United States 🇺🇸,188.4,Unknown,Unknown,0,,Unknown,Unknown
MFS SHIFTER         ,368217380,29.7914,-93.9578,0,2025-11-05 14:17:43.932110742 +0000 UTC,Unknown,DarkTurquoise,Unknown,Unknown,Unknown,Unknown,United States 🇺🇸,158.9,Unknown,Unknown,-128,Undefined,Unknown,Unknown
VESTTIND,259683000,69.7053,19.0248,0,2025-11-05 14:17:43.932764011 +0000 UTC,Unknown,DarkTurquoise,Unknown,Unknown,Unknown,Unknown,Norway 🇳🇴,251,Unknown,Unknown,0,Moored,Unknown,Unknown
JASTELLA            ,477103400,-23.8536,151.3205,0,2025-11-05 14:17:43.933511627 +0000 UTC,Unknown,DarkTurquoise,Unknown,Unknown,Unknown,Unknown,Hong Kong (China) 🇭🇰,300.7,Unknown,Unknown,0,Moored,Unknown,Unknown
EDELWEISS,211884030,53.083,8.7788,0,2025-11-05 14:17:43.964654447 +0000 UTC,Unknown,DarkTurquoise,Unknown,Unknown,Unknown,Unknown,Germany 🇩🇪,360,Unknown,Unknown,-128,Under way using engine,Unknown,Unknown
SALVAMAR TENERIFE   ,224023000,28.4657,-16.2448,0,2025-11-05 14:17:43.965242276 +0000 UTC,Unknown,DarkTurquoise,Unknown,Unknown,Unknown,Unknown,Spain 🇪🇸,249.1,Unknown,Unknown,-128,Undefined,Unknown,Unknown
ECHO                ,629009662,-3.1785,-58.3632,0,2025-11-05 14:17:43.965830387 +0000 UTC,Unknown,DarkTurquoise,Unknown,Unknown,Unknown,Unknown,Gambia 🇬🇲,272.5,Unknown,Unknown,0,At anchor,Unknown,Unknown
AHTO-15             ,276005340,59.458,24.7176,0,2025-11-05 14:17:43.966798974 +0000 UTC,Unknown,DarkTurquoise,Unknown,Unknown,Unknown,Unknown,Estonia 🇪🇪,297,Unknown,Unknown,0,Under way using engine,Unknown,Unknown
DUIKIE,244236647,52.7911,4.9114,0,2025-11-05 14:17:43.967510656 +0000 UTC,Unknown,DarkTurquoise,Unknown,Unknown,Unknown,Unknown,Netherlands 🇳🇱,99.9,Unknown,Unknown,-128,Under way using engine,Unknown,Unknown
SIMPSON SHERIFF DIVE,338165341,42.9752,-82.4237,0,2025-11-05 14:17:43.968097902 +0000 UTC,Unknown,DarkTurquoise,Unknown,Unknown,Unknown,Unknown,United States 🇺🇸,360,Unknown,Unknown,-128,Moored,Unknown,Unknown
SHARON,244710695,51.8866,4.4332,Unknown,2025-11-05 14:17:43.969550415 +0000 UTC,Other Type,RoyalBlue,LO   ,AOLOB,Lobito,Angola,Netherlands 🇳🇱,Unknown,9,3,Unknown,Unknown,0,0
STOLZENECK,211511400,50.7914,7.0301,11.2,2025-11-05 14:17:43.969945326 +0000 UTC,Unknown,DarkTurquoise,Unknown,Unknown,Unknown,Unknown,Germany 🇩🇪,344.7,Unknown,Unknown,-128,Under way using engine,Unknown,Unknown
FAKO NAMME MENYOLI 2,377585000,51.8904,4.4538,Unknown,2025-11-05 14:17:43.970283391 +0000 UTC,Tug Boat,Silver,NL ROTTERDAM        ,Unknown,Unknown,Unknown,Saint Vincent and the Grenadines 🇻🇨,Unknown,28,12,Unknown,Unknown,9376218,6
ALVSBORG GG150      ,265026000,57.6446,11.8583,0,2025-11-05 14:17:43.970779044 +0000 UTC,Fishing,Gold,Unknown,Unknown,Unknown,Unknown,Sweden 🇸🇪,304.9,Unknown,Unknown,0,Engaged in fishing,Unknown,Unknown
CANOPUS             ,227995800,48.3529,-4.5044,Unknown,2025-11-05 14:17:43.97114992 +0000 UTC,Unknown,DarkTurquoise,Unknown,Unknown,Unknown,Unknown,France 🇫🇷,Unknown,Unknown,Unknown,Unknown,Unknown,Unknown,Unknown
LANDTDIEP,246562000,52.9618,4.7804,Unknown,2025-11-05 14:17:43.972007232 +0000 UTC,Military Operations,Indigo,XXX,Unknown,Unknown,Unknown,Netherlands 🇳🇱,Unknown,20,6,Unknown,Unknown,0,1.5
VIKING GEFJON,269057516,51.8249,5.0718,7.9,2025-11-05 14:17:43.97265037 +0000 UTC,Unknown,DarkTurquoise,Unknown,Unknown,Unknown,Unknown,Switzerland 🇨🇭,61,Unknown,Unknown,0,Under way using engine,Unknown,Unknown
MSC TERESA          ,357891000,41.3094,2.1496,0,2025-11-05 14:17:43.973158169 +0000 UTC,Unknown,DarkTurquoise,Unknown,Unknown,Unknown,Unknown,Panama 🇵🇦,225.1,Unknown,Unknown,0,Moored,Unknown,Unknown
KALLIOPI N,750000092,37.9609,23.5698,0,2025-11-05 14:17:43.973915559 +0000 UTC,Unknown,DarkTurquoise,Unknown,Unknown,Unknown,Unknown,Guyana 🇬🇾,360,Unknown,Unknown,-128,Moored,Unknown,Unknown
PRISA,244620938,52.8442,5.6728,4.3,2025-11-05 14:17:43.978029435 +0000 UTC,Unknown,DarkTurquoise,Unknown,Unknown,Unknown,Unknown,Netherlands 🇳🇱,2.9,Unknown,Unknown,-128,Moored,Unknown,Unknown
MA-BAKER,244660412,51.8921,4.2837,0,2025-11-05 14:17:43.979033281 +0000 UTC,Unknown,DarkTurquoise,Unknown,Unknown,Unknown,Unknown,Netherlands 🇳🇱,360,Unknown,Unknown,-128,Under way using engine,Unknown,Unknown
F/V ODETTE MARCEL   ,228259000,49.5038,-0.4035,3.9,2025-11-05 14:17:43.979545451 +0000 UTC,Fishing,Gold,Unknown,Unknown,Unknown,Unknown,France 🇫🇷,272.9,Unknown,Unknown,-128,Engaged in fishing,Unknown,Unknown
ESL EUROPA,212667000,49.4112,1.0138,0,2025-11-05 14:17:43.975071243 +0000 UTC,Unknown,DarkTurquoise,Unknown,Unknown,Unknown,Unknown,Cyprus 🇨🇾,209.7,Unknown,Unknown,0,Moored,Unknown,Unknown
MARIANNE            ,205769000,41.1274,-8.9839,2.9,2025-11-05 14:17:43.97678002 +0000 UTC,Unknown,DarkTurquoise,Unknown,Unknown,Unknown,Unknown,Belgium 🇧🇪,253.2,Unknown,Unknown,0,Under way using engine,Unknown,Unknown
WORMATIA  ,211612850,48.7555,9.263,0,2025-11-05 14:17:43.975702969 +0000 UTC,Unknown,DarkTurquoise,Unknown,Unknown,Unknown,Unknown,Germany 🇩🇪,332,Unknown,Unknown,-128,Under way using engine,Unknown,Unknown
Unknown Vessel,228216210,47.7288,-3.3733,Unknown,2025-11-05 14:17:43.977365231 +0000 UTC,Unknown,DarkTurquoise,Unknown,Unknown,Unknown,Unknown,France 🇫🇷,Unknown,Unknown,Unknown,Unknown,Unknown,Unknown,Unknown
FENIKS,244710108,52.5186,5.0744,0,2025-11-05 14:17:43.976269409 +0000 UTC,Unknown,DarkTurquoise,Unknown,Unknown,Unknown,Unknown,Netherlands 🇳🇱,360,Unknown,Unknown,-128,Under way using engine,Unknown,Unknown
NORD SUPERIOR       ,219598000,52.4016,4.774,0,2025-11-05 14:17:43.980295082 +0000 UTC,Unknown,DarkTurquoise,Unknown,Unknown,Unknown,Unknown,Denmark 🇩🇰,204.5,Unknown,Unknown,0,Under way using engine,Unknown,Unknown
ODYSSEY III         ,248170000,45.7843,13.5355,Unknown,2025-11-05 14:17:43.982309092 +0000 UTC,Unknown,DarkTurquoise,Unknown,Unknown,Unknown,Unknown,Malta 🇲🇹,Unknown,Unknown,Unknown,Unknown,Unknown,Unknown,Unknown
KAPITEIN S.BAKKER,244670261,53.0249,5.6855,Unknown,2025-11-05 14:17:43.983216366 +0000 UTC,Cargo,ForestGreen,             ,Unknown,Unknown,Unknown,Netherlands 🇳🇱,Unknown,24,5,Unknown,Unknown,0,1.2
LUMINOSITY          ,378114006,25.7902,-80.2357,Unknown,2025-11-05 14:17:43.983885114 +0000 UTC,Unknown,DarkTurquoise,Unknown,Unknown,Unknown,Unknown,British Virgin Islands (British Overseas Territory) 🇻🇬,Unknown,Unknown,Unknown,Unknown,Unknown,Unknown,Unknown
STEEL               ,230202000,59.8851,19.5137,7.4,2025-11-05 14:17:43.984832176 +0000 UTC,Unknown,DarkTurquoise,Unknown,Unknown,Unknown,Unknown,Finland 🇫🇮,143.2,Unknown,Unknown,0,Under way using engine,Unknown,Unknown
OCEAN TEAM,261031260,54.5119,18.5703,Unknown,2025-11-05 14:17:43.985205201 +0000 UTC,Unknown,DarkTurquoise,Unknown,Unknown,Unknown,Unknown,Poland 🇵🇱,Unknown,Unknown,Unknown,Unknown,Unknown,Unknown,Unknown
SATURN,367411070,47.6562,-122.3782,0,2025-11-05 14:17:43.98555581 +0000 UTC,Unknown,DarkTurquoise,Unknown,Unknown,Unknown,Unknown,United States 🇺🇸,190.1,Unknown,Unknown,-128,Undefined,Unknown,Unknown
MUFLON 5,267010021,47.6046,19.0891,5.8,2025-11-05 14:17:43.986008137 +0000 UTC,Unknown,DarkTurquoise,Unknown,Unknown,Unknown,Unknown,Slovakia 🇸🇰,215.2,Unknown,Unknown,-128,Under way using engine,Unknown,Unknown
FARADAY,244312984,52.3745,4.9016,0,2025-11-05 14:17:43.988148964 +0000 UTC,Unknown,DarkTurquoise,Unknown,Unknown,Unknown,Unknown,Netherlands 🇳🇱,360,Unknown,Unknown,-128,Under way using engine,Unknown,Unknown
AMETHYST ACE        ,352980797,50.0024,-3.7903,12.3,2025-11-05 14:17:43.989116054 +0000 UTC,Unknown,DarkTurquoise,Unknown,Unknown,Unknown,Unknown,Panama 🇵🇦,237.4,Unknown,Unknown,0,Under way using engine,Unknown,Unknown
HOYT CHRISTOPHER    ,367005190,29.618,-90.9895,5.6,2025-11-05 14:17:43.991096284 +0000 UTC,Unknown,DarkTurquoise,Unknown,Unknown,Unknown,Unknown,United States 🇺🇸,124.3,Unknown,Unknown,-128,,Unknown,Unknown
SALERNO,244660536,53.3326,6.9953,7.5,2025-11-05 14:17:43.994154502 +0000 UTC,Unknown,DarkTurquoise,Unknown,Unknown,Unknown,Unknown,Netherlands 🇳🇱,153.6,Unknown,Unknown,-128,Under way using engine,Unknown,Unknown
AURELIE             ,230039000,52.9725,4.0167,9.3,2025-11-05 14:17:43.994848295 +0000 UTC,Unknown,DarkTurquoise,Unknown,Unknown,Unknown,Unknown,Finland 🇫🇮,233.9,Unknown,Unknown,0,Under way using engine,Unknown,Unknown
Unknown Vessel,232027497,50.7998,-1.1208,Unknown,2025-11-05 14:17:44.002039491 +0000 UTC,Unknown,DarkTurquoise,Unknown,Unknown,Unknown,Unknown,United Kingdom 🇬🇧,Unknown,11,4,Unknown,Unknown,Unknown,Unknown
ODERBERG,211620870,52.4244,13.747,0,2025-11-05 14:17:44.007862528 +0000 UTC,Unknown,DarkTurquoise,Unknown,Unknown,Unknown,Unknown,Germany 🇩🇪,360,Unknown,Unknown,-128,Moored,Unknown,Unknown
LIBERTY             ,367513040,42.3802,-71.042,0,2025-11-05 14:17:44.009138298 +0000 UTC,Unknown,DarkTurquoise,Unknown,Unknown,Unknown,Unknown,United States 🇺🇸,203.2,Unknown,Unknown,0,Under way using engine,Unknown,Unknown
HEL-102             ,261007210,54.5732,18.8135,9.8,2025-11-05 14:17:44.01141808 +0000 UTC,Fishing,Gold,Unknown,Unknown,Unknown,Unknown,Poland 🇵🇱,316.6,Unknown,Unknown,-127,Engaged in fishing,Unknown,Unknown
CLASSIC RIVER,270459000,50.0906,14.4139,3,2025-11-05 14:17:44.016986598 +0000 UTC,Unknown,DarkTurquoise,Unknown,Unknown,Unknown,Unknown,Czech Republic 🇨🇿,209.2,Unknown,Unknown,-128,Under way using engine,Unknown,Unknown
LOS DOS,258135320,63.4344,10.408,0,2025-11-05 14:17:44.018363653 +0000 UTC,Unknown,DarkTurquoise,Unknown,Unknown,Unknown,Unknown,Norway 🇳🇴,354.3,Unknown,Unknown,-128,Under way sailing,Unknown,Unknown
FRIENDSHIP,244650467,51.6597,4.1418,0,2025-11-05 14:17:44.019700518 +0000 UTC,Unknown,DarkTurquoise,Unknown,Unknown,Unknown,Unknown,Netherlands 🇳🇱,93.4,Unknown,Unknown,-128,Under way using engine,Unknown,Unknown
NORCAT SEA          ,257123990,58.9838,5.7278,0,2025-11-05 14:17:44.023198496 +0000 UTC,Unknown,DarkTurquoise,Unknown,Unknown,Unknown,Unknown,Norway 🇳🇴,9.7,Unknown,Unknown,0,Under way using engine,Unknown,Unknown
SEAHAWK             ,368926574,32.8598,-117.5873,9.7,2025-11-05 14:17:44.024357859 +0000 UTC,Unknown,DarkTurquoise,Unknown,Unknown,Unknown,Unknown,United States 🇺🇸,229.2,Unknown,Unknown,-128,Under way using engine,Unknown,Unknown
GEMINI,244710703,51.8967,4.461,0,2025-11-05 14:17:44.02569616 +0000 UTC,Unknown,DarkTurquoise,Unknown,Unknown,Unknown,Unknown,Netherlands 🇳🇱,178.8,Unknown,Unknown,-128,Under way using engine,Unknown,Unknown
VICTUM,244710362,51.8891,5.4882,6.5,2025-11-05 14:17:44.028019781 +0000 UTC,Unknown,DarkTurquoise,Unknown,Unknown,Unknown,Unknown,Netherlands 🇳🇱,88.8,Unknown,Unknown,-128,Under way using engine,Unknown,Unknown
M/Y RARE FIND       ,215285000,37.9307,23.6835,0,2025-11-05 14:17:44.0320681 +0000 UTC,Unknown,DarkTurquoise,Unknown,Unknown,Unknown,Unknown,Malta 🇲🇹,244,Unknown,Unknown,0,Under way using engine,Unknown,Unknown
SHEIGRA SY7,235004088,58.2089,-6.3898,0,2025-11-05 14:17:44.033103633 +0000 UTC,Fishing,Gold,Unknown,Unknown,Unknown,Unknown,United Kingdom 🇬🇧,360,Unknown,Unknown,-128,Engaged in fishing,Unknown,Unknown
ALLIANCE            ,303639000,47.6095,-122.2104,0,2025-11-05 14:17:44.034605499 +0000 UTC,Unknown,DarkTurquoise,Unknown,Unknown,Unknown,Unknown,Alaska (USA) 🇺🇸,220,Unknown,Unknown,0,Under way using engine,Unknown,Unknown
PACIFIC SEAGULL     ,431100871,35.5858,140.0303,0.1,2025-11-05 14:17:44.036018975 +0000 UTC,Unknown,DarkTurquoise,Unknown,Unknown,Unknown,Unknown,Japan 🇯🇵,142.5,Unknown,Unknown,0,At anchor,Unknown,Unknown
ACACIA SEAWAYS,277574000,51.9537,1.5177,14.4,2025-11-05 14:17:44.038385044 +0000 UTC,Unknown,DarkTurquoise,Unknown,Unknown,Unknown,Unknown,Lithuania 🇱🇹,234.7,Unknown,Unknown,7,Under way using engine,Unknown,Unknown
NAVIOS BONAVIS      ,372755000,50.1456,-1.0266,4.4,2025-11-05 14:17:44.043493829 +0000 UTC,Unknown,DarkTurquoise,Unknown,Unknown,Unknown,Unknown,Panama 🇵🇦,84,Unknown,Unknown,0,Under way using engine,Unknown,Unknown
JAN,244740168,51.8415,4.9782,0,2025-11-05 14:17:44.040875065 +0000 UTC,Unknown,DarkTurquoise,Unknown,Unknown,Unknown,Unknown,Netherlands 🇳🇱,360,Unknown,Unknown,-128,Under way using engine,Unknown,Unknown
    SEESTERN ,211537060,53.5559,8.5564,0,2025-11-05 14:17:44.049496556 +0000 UTC,Unknown,DarkTurquoise,Unknown,Unknown,Unknown,Unknown,Germany 🇩🇪,360,Unknown,Unknown,-128,Under way using engine,Unknown,Unknown
SVITZER RAN         ,220486000,53.5465,8.5668,0,2025-11-05 14:17:44.051001841 +0000 UTC,Unknown,DarkTurquoise,Unknown,Unknown,Unknown,Unknown,Denmark 🇩🇰,263.2,Unknown,Unknown,0,Under way using engine,Unknown,Unknown
Unknown Vessel,235005761,50.3651,-4.1648,Unknown,2025-11-05 14:17:44.054100949 +0000 UTC,Unknown,DarkTurquoise,Unknown,Unknown,Unknown,Unknown,United Kingdom 🇬🇧,Unknown,18,5,Unknown,Unknown,Unknown,Unknown
KLASIENA            ,244740753,52.77,5.1044,0,2025-11-05 14:17:44.058159275 +0000 UTC,Unknown,DarkTurquoise,Unknown,Unknown,Unknown,Unknown,Netherlands 🇳🇱,286.2,Unknown,Unknown,-128,Undefined,Unknown,Unknown
ENDEAVOUR,258017980,64.9456,11.4602,0.2,2025-11-05 14:17:44.058669095 +0000 UTC,Unknown,DarkTurquoise,Unknown,Unknown,Unknown,Unknown,Norway 🇳🇴,148.5,Unknown,Unknown,-127,Under way using engine,Unknown,Unknown
ALWI B,244660917,51.9034,5.5342,0,2025-11-05 14:17:44.060090676 +0000 UTC,Unknown,DarkTurquoise,Unknown,Unknown,Unknown,Unknown,Netherlands 🇳🇱,12,Unknown,Unknown,0,Moored,Unknown,Unknown
SIMRAD ECHO,258584000,59.4756,10.4726,4,2025-11-05 14:17:44.059232313 +0000 UTC,Fishing,Gold,Unknown,Unknown,Unknown,Unknown,Norway 🇳🇴,0.4,Unknown,Unknown,0,Engaged in fishing,Unknown,Unknown
FIONA S,244710257,51.8901,4.4549,0,2025-11-05 14:17:44.06165903 +0000 UTC,Unknown,DarkTurquoise,Unknown,Unknown,Unknown,Unknown,Netherlands 🇳🇱,360,Unknown,Unknown,-128,At anchor,Unknown,Unknown
COTRANS 1,244660614,51.8216,4.6907,10.1,2025-11-05 14:17:44.063510987 +0000 UTC,Unknown,DarkTurquoise,Unknown,Unknown,Unknown,Unknown,Netherlands 🇳🇱,80.7,Unknown,Unknown,-128,Under way using engine,Unknown,Unknown
FAST TEMPO          ,369465000,47.6355,-122.3298,0,2025-11-05 14:17:44.066663175 +0000 UTC,Unknown,DarkTurquoise,Unknown,Unknown,Unknown,Unknown,United States 🇺🇸,0,Unknown,Unknown,53,Under way using engine,Unknown,Unknown
TONGALA             ,636013644,49.5782,-0.2259,Unknown,2025-11-05 14:17:44.077523118 +0000 UTC,Cargo,ForestGreen,NLVLI>FRLEH         ,FRLEH,Le Havre,France,Liberia 🇱🇷,Unknown,260,32,Unknown,Unknown,9278105,10
PRAIA LUSITANA,263413350,37.1332,-8.5265,0,2025-11-05 14:17:44.080056301 +0000 UTC,Fishing,Gold,Unknown,Unknown,Unknown,Unknown,Portugal 🇵🇹,360,Unknown,Unknown,0,Engaged in fishing,Unknown,Unknown
NOBLE TOM MADDEN,636015442,8.2301,-56.9723,0,2025-11-05 14:17:44.074413768 +0000 UTC,Unknown,DarkTurquoise,Unknown,Unknown,Unknown,Unknown,Liberia 🇱🇷,1.4,Unknown,Unknown,8,Restricted manoeuvrability,Unknown,Unknown
VICTORY            ,245807000,51.4391,4.0126,10.4,2025-11-05 14:17:44.068653789 +0000 UTC,Unknown,DarkTurquoise,Unknown,Unknown,Unknown,Unknown,Netherlands 🇳🇱,347,Unknown,Unknown,127,Under way using engine,Unknown,Unknown
CARABINEIRO,263237000,37.1342,-8.5271,0,2025-11-05 14:17:44.07167011 +0000 UTC,Fishing,Gold,Unknown,Unknown,Unknown,Unknown,Portugal 🇵🇹,360,Unknown,Unknown,-128,Engaged in fishing,Unknown,Unknown
MINNIE,232015477,43.5853,7.1241,Unknown,2025-11-05 14:17:44.070164572 +0000 UTC,Unknown,DarkTurquoise,Unknown,Unknown,Unknown,Unknown,United Kingdom 🇬🇧,Unknown,Unknown,Unknown,Unknown,Unknown,Unknown,Unknown
PRESTO              ,205365700,51.2687,3.2133,5.7,2025-11-05 14:17:44.073165302 +0000 UTC,Unknown,DarkTurquoise,Unknown,Unknown,Unknown,Unknown,Belgium 🇧🇪,351.3,Unknown,Unknown,-128,Under way using engine,Unknown,Unknown
FV LA FREGATE 3,228238900,49.4821,0.1171,0,2025-11-05 14:17:44.087380748 +0000 UTC,Fishing,Gold,Unknown,Unknown,Unknown,Unknown,France 🇫🇷,352.4,Unknown,Unknown,-128,Engaged in fishing,Unknown,Unknown
MADDY,211419138,51.2191,6.7572,3.8,2025-11-05 14:17:44.089648751 +0000 UTC,Unknown,DarkTurquoise,Unknown,Unknown,Unknown,Unknown,Germany 🇩🇪,276.1,Unknown,Unknown,-128,Under way using engine,Unknown,Unknown
THEA ELISE          ,257850500,69.6743,18.7542,0,2025-11-05 14:17:44.091390018 +0000 UTC,Unknown,DarkTurquoise,Unknown,Unknown,Unknown,Unknown,Norway 🇳🇴,271.1,Unknown,Unknown,0,Under way sailing,Unknown,Unknown
STADERSAND,211265240,53.5014,9.9486,0,2025-11-05 14:17:44.097576476 +0000 UTC,Unknown,DarkTurquoise,Unknown,Unknown,Unknown,Unknown,Germany 🇩🇪,0,Unknown,Unknown,-128,Undefined,Unknown,Unknown
EMMA F              ,305190000,53.6144,9.5517,Unknown,2025-11-05 14:17:44.094741315 +0000 UTC,Cargo,ForestGreen,DEHAM               ,DEHAM,Hamburg,Germany,Antigua and Barbuda 🇦🇬,Unknown,86,13,Unknown,Unknown,8609618,3.3
R2D2,240348300,37.9124,23.7025,0,2025-11-05 14:17:46.267521703 +0000 UTC,Sailing Boat,DarkSlateBlue,,Unknown,Unknown,Unknown,Greece 🇬🇷,360,11,3,-128,Engaged in fishing,0,0
AQUATEAM II,269057023,51.3737,6.7181,2.7,2025-11-05 14:17:44.10121123 +0000 UTC,Unknown,DarkTurquoise,Unknown,Unknown,Unknown,Unknown,Switzerland 🇨🇭,57.3,Unknown,Unknown,-128,Moored,Unknown,Unknown
GALE FORCE,503098620,-26.6854,153.1318,Unknown,2025-11-05 14:17:44.107035217 +0000 UTC,Unknown,DarkTurquoise,Unknown,Unknown,Unknown,Unknown,Australia 🇦🇺,Unknown,Unknown,Unknown,Unknown,Unknown,Unknown,Unknown
FN247 LISTA ,220279000,57.3109,11.4703,2.5,2025-11-05 14:17:44.10838761 +0000 UTC,Fishing,Gold,Unknown,Unknown,Unknown,Unknown,Denmark 🇩🇰,356.8,Unknown,Unknown,-127,Engaged in fishing,Unknown,Unknown
DELPHIS RIGA        ,477234800,41.0708,-8.9251,6.2,2025-11-05 14:17:44.109615393 +0000 UTC,Unknown,DarkTurquoise,Unknown,Unknown,Unknown,Unknown,Hong Kong (China) 🇭🇰,215.8,Unknown,Unknown,-7,Under way using engine,Unknown,Unknown
PROTOPOROS XVII,240601900,38.3502,23.7939,Unknown,2025-11-05 14:17:44.110920802 +0000 UTC,Passenger Ship,Crimson,ERETRIA OROPOS,DKORO,Oro,Denmark,Greece 🇬🇷,Unknown,84,16,Unknown,Unknown,9998420,2
TEAM O'NEILL,369375000,36.9642,-122.002,Unknown,2025-11-05 14:17:44.119981212 +0000 UTC,Unknown,DarkTurquoise,Unknown,Unknown,Unknown,Unknown,United States 🇺🇸,Unknown,Unknown,Unknown,Unknown,Unknown,Unknown,Unknown
HEATH WOOD          ,369155000,29.7385,-95.1638,0,2025-11-05 14:17:44.121152326 +0000 UTC,Unknown,DarkTurquoise,Unknown,Unknown,Unknown,Unknown,United States 🇺🇸,191.7,Unknown,Unknown,0,Moored,Unknown,Unknown
ERA A,240442200,37.8784,23.7283,0.1,2025-11-05 14:17:44.118719429 +0000 UTC,Unknown,DarkTurquoise,Unknown,Unknown,Unknown,Unknown,Greece 🇬🇷,360,Unknown,Unknown,-128,Undefined,Unknown,Unknown
HENDRIK-KLAAS,244900117,52.6574,5.6237,0,2025-11-05 14:17:44.12216685 +0000 UTC,Unknown,DarkTurquoise,Unknown,Unknown,Unknown,Unknown,Netherlands 🇳🇱,360,Unknown,Unknown,-128,Under way using engine,Unknown,Unknown
MRB34   ,205043700,51.2237,4.3922,0,2025-11-05 14:17:44.128562786 +0000 UTC,Unknown,DarkTurquoise,Unknown,Unknown,Unknown,Unknown,Belgium 🇧🇪,0,Unknown,Unknown,-128,Undefined,Unknown,Unknown
KING  ZONE          ,477996801,22.299,114.1671,0.3,2025-11-05 14:17:44.129959658 +0000 UTC,Unknown,DarkTurquoise,Unknown,Unknown,Unknown,Unknown,Hong Kong (China) 🇭🇰,360,Unknown,Unknown,-128,Undefined,Unknown,Unknown
PACIFIC HARMONY     ,477996613,22.3663,114.1085,0,2025-11-05 14:17:44.130833189 +0000 UTC,Unknown,DarkTurquoise,Unknown,Unknown,Unknown,Unknown,Hong Kong (China) 🇭🇰,312.9,Unknown,Unknown,0,Undefined,Unknown,Unknown
PRINCESS CAT,225981430,28.8712,-13.7404,Unknown,2025-11-05 14:17:44.134261991 +0000 UTC,Passenger Ship,Crimson,P.CARMEN-PAPAGAYO,CRGDP,Golfo de Papagayo,Costa Rica,Spain 🇪🇸,Unknown,26,10,Unknown,Unknown,0,0
COURTNEY LUNDIN,367479080,32.3728,-90.886,0,2025-11-05 14:17:44.132645664 +0000 UTC,Unknown,DarkTurquoise,Unknown,Unknown,Unknown,Unknown,United States 🇺🇸,360,Unknown,Unknown,-128,Under way using engine,Unknown,Unknown
SPIRIT OF BC,316001268,49.0068,-123.1337,0,2025-11-05 14:17:44.136112157 +0000 UTC,Unknown,DarkTurquoise,Unknown,Unknown,Unknown,Unknown,Canada 🇨🇦,196.6,Unknown,Unknown,0,Under way using engine,Unknown,Unknown
F/VCHRISMERYL,228134800,49.5397,-0.4143,3.9,2025-11-05 14:17:44.140236244 +0000 UTC,Fishing,Gold,Unknown,Unknown,Unknown,Unknown,France 🇫🇷,254,Unknown,Unknown,-128,Engaged in fishing,Unknown,Unknown
COOPER MORAN        ,367745820,32.0821,-81.0633,0,2025-11-05 14:17:44.141349907 +0000 UTC,Unknown,DarkTurquoise,Unknown,Unknown,Unknown,Unknown,United States 🇺🇸,315.4,Unknown,Unknown,0,Under way using engine,Unknown,Unknown
CAPT NEAL BURGESS   ,367375970,44.1078,-69.1076,0,2025-11-05 14:17:44.142871613 +0000 UTC,Unknown,DarkTurquoise,Unknown,Unknown,Unknown,Unknown,United States 🇺🇸,235.6,Unknown,Unknown,0,Under way using engine,Unknown,Unknown
MCS SIROCCO         ,235090843,51.8311,4.9397,0,2025-11-05 14:17:44.145741789 +0000 UTC,Unknown,DarkTurquoise,Unknown,Unknown,Unknown,Unknown,United Kingdom 🇬🇧,317.9,Unknown,Unknown,-128,Under way using engine,Unknown,Unknown
HORIZON,244013189,51.9138,4.577,Unknown,2025-11-05 14:17:44.146725192 +0000 UTC,Cargo,ForestGreen,KRIMPEN,NLKAI,Krimpen aan den IJssel,Netherlands,Netherlands 🇳🇱,Unknown,55,8,Unknown,Unknown,0,1
THEMIS              ,563220000,50.8916,-1.3988,0,2025-11-05 14:17:44.148000275 +0000 UTC,Unknown,DarkTurquoise,Unknown,Unknown,Unknown,Unknown,Singapore 🇸🇬,12.9,Unknown,Unknown,0,Moored,Unknown,Unknown
 ATLE,265745880,59.3266,18.0508,0,2025-11-05 14:17:44.149137269 +0000 UTC,Unknown,DarkTurquoise,Unknown,Unknown,Unknown,Unknown,Sweden 🇸🇪,360,Unknown,Unknown,-128,Under way sailing,Unknown,Unknown
SISU                ,230289000,60.1697,24.9725,0,2025-11-05 14:17:44.150229055 +0000 UTC,Unknown,DarkTurquoise,Unknown,Unknown,Unknown,Unknown,Finland 🇫🇮,162.6,Unknown,Unknown,0,Moored,Unknown,Unknown
SIMUL PROFECTI      ,244660376,53.0432,8.8681,6.4,2025-11-05 14:17:44.151392054 +0000 UTC,Unknown,DarkTurquoise,Unknown,Unknown,Unknown,Unknown,Netherlands 🇳🇱,201.8,Unknown,Unknown,0,Under way using engine,Unknown,Unknown
GULF RELIANCE       ,303668000,27.9378,-82.4443,Unknown,2025-11-05 14:17:44.153943609 +0000 UTC,Tug Boat,Silver,TAMPA               ,Unknown,Unknown,Unknown,Alaska (USA) 🇺🇸,Unknown,206,23,Unknown,Unknown,9398474,6.4
SEEKRABBE           ,211232950,53.7718,7.8662,0,2025-11-05 14:17:44.158738603 +0000 UTC,Unknown,DarkTurquoise,Unknown,Unknown,Unknown,Unknown,Germany 🇩🇪,7,Unknown,Unknown,0,Restricted manoeuvrability,Unknown,Unknown
IMKE DEYMANN,211468560,53.5323,9.91,Unknown,2025-11-05 14:17:44.162085921 +0000 UTC,Tanker,Navy,RETHEKLAPPBRUCKE RET,NOREE,Re,Norway,Germany 🇩🇪,Unknown,100,10,Unknown,Unknown,0,0.1
ALFA MEA,244660651,52.4516,5.2368,7.8,2025-11-05 14:17:44.1634956 +0000 UTC,Unknown,DarkTurquoise,Unknown,Unknown,Unknown,Unknown,Netherlands 🇳🇱,59.8,Unknown,Unknown,0,Under way using engine,Unknown,Unknown
APL MERLION,563231000,1.2629,103.7903,0,2025-11-05 14:17:44.161149872 +0000 UTC,Unknown,DarkTurquoise,Unknown,Unknown,Unknown,Unknown,Singapore 🇸🇬,101,Unknown,Unknown,-1,Moored,Unknown,Unknown
MASTRAFJORD         ,259216000,59.1494,5.5616,13.2,2025-11-05 14:17:44.164695469 +0000 UTC,Unknown,DarkTurquoise,Unknown,Unknown,Unknown,Unknown,Norway 🇳🇴,112.3,Unknown,Unknown,0,Under way using engine,Unknown,Unknown
KAAN DEVAL          ,372103000,32.8554,34.9974,0,2025-11-05 14:17:44.166535016 +0000 UTC,Unknown,DarkTurquoise,Unknown,Unknown,Unknown,Unknown,Panama 🇵🇦,290.9,Unknown,Unknown,0,At anchor,Unknown,Unknown
VLB 3,244810432,51.4611,3.6848,0,2025-11-05 14:17:44.17026449 +0000 UTC,Unknown,DarkTurquoise,Unknown,Unknown,Unknown,Unknown,Netherlands 🇳🇱,360,Unknown,Unknown,-128,Moored,Unknown,Unknown
ARCHIMEDE           ,247054700,38.2111,15.5624,0,2025-11-05 14:17:44.175834174 +0000 UTC,Unknown,DarkTurquoise,Unknown,Unknown,Unknown,Unknown,Italy 🇮🇹,0,Unknown,Unknown,-128,Under way using engine,Unknown,Unknown
HUGO                ,230167080,61.2467,21.4879,0,2025-11-05 14:17:46.608252358 +0000 UTC,Tug Boat,Silver,OLKILUOTO           ,Unknown,Unknown,Unknown,Finland 🇫🇮,352.6,24,8,0,Moored,741833500,3.6
LYDIA               ,367003490,29.9096,-89.9797,1.1,2025-11-05 14:17:44.172552384 +0000 UTC,Unknown,DarkTurquoise,Unknown,Unknown,Unknown,Unknown,United States 🇺🇸,48,Unknown,Unknown,0,,Unknown,Unknown
SEA LION            ,538071617,43.5645,7.0801,0,2025-11-05 14:17:44.173585402 +0000 UTC,Unknown,DarkTurquoise,Unknown,Unknown,Unknown,Unknown,Marshall Islands 🇲🇭,221.8,Unknown,Unknown,0,Under way using engine,Unknown,Unknown
BREMERHAVEN         ,211595610,53.5365,8.5802,Unknown,2025-11-05 14:17:44.176845812 +0000 UTC,Passenger Ship,Crimson,BREMERHAFEN-BLEXEN  ,NLNEV,Veen,Netherlands,Germany 🇩🇪,Unknown,60,14,Unknown,Unknown,0,2.7
LA ROCHELLE PILOT019,227960840,46.1595,-1.2219,Unknown,2025-11-05 14:17:44.178495987 +0000 UTC,Pilot Vessel,LightGreen, ,Unknown,Unknown,Unknown,France 🇫🇷,Unknown,14,4,Unknown,Unknown,0,0
NJORD SKUA ,235103429,53.4885,-3.2911,7,2025-11-05 14:17:44.179839211 +0000 UTC,Unknown,DarkTurquoise,Unknown,Unknown,Unknown,Unknown,United Kingdom 🇬🇧,222.8,Unknown,Unknown,-127,Under way using engine,Unknown,Unknown
PUTFORD AJAX        ,232003328,52.4737,1.74,0,2025-11-05 14:17:44.182102191 +0000 UTC,Unknown,DarkTurquoise,Unknown,Unknown,Unknown,Unknown,United Kingdom 🇬🇧,166.7,Unknown,Unknown,0,Moored,Unknown,Unknown
HAFNIA TOURMALINE   ,538006763,30.4203,-11.803,11.6,2025-11-05 14:17:44.188429725 +0000 UTC,Unknown,DarkTurquoise,Unknown,Unknown,Unknown,Unknown,Marshall Islands 🇲🇭,359,Unknown,Unknown,0,Under way using engine,Unknown,Unknown
BD VTACNIK,267010054,48.1061,17.1285,0,2025-11-05 14:17:44.190516309 +0000 UTC,Unknown,DarkTurquoise,Unknown,Unknown,Unknown,Unknown,Slovakia 🇸🇰,40.4,Unknown,Unknown,-128,Undefined,Unknown,Unknown
DARINA,211259760,48.0511,17.1925,7.4,2025-11-05 14:17:44.1922744 +0000 UTC,Unknown,DarkTurquoise,Unknown,Unknown,Unknown,Unknown,Germany 🇩🇪,307.8,Unknown,Unknown,-128,Under way using engine,Unknown,Unknown
KLEIN ROMY,211896500,53.5453,9.9648,0,2025-11-05 14:17:44.197247581 +0000 UTC,Unknown,DarkTurquoise,Unknown,Unknown,Unknown,Unknown,Germany 🇩🇪,326.6,Unknown,Unknown,0,Under way using engine,Unknown,Unknown
MAAS                ,246259000,50.9684,1.8475,0.5,2025-11-05 14:17:44.198595515 +0000 UTC,Unknown,DarkTurquoise,Unknown,Unknown,Unknown,Unknown,Netherlands 🇳🇱,297.9,Unknown,Unknown,0,Restricted manoeuvrability,Unknown,Unknown
HEINRICH ESSBERGER  ,255893000,51.5409,1.8115,11.5,2025-11-05 14:17:44.200068207 +0000 UTC,Unknown,DarkTurquoise,Unknown,Unknown,Unknown,Unknown,Madeira (Portugal) 🇵🇹,279,Unknown,Unknown,0,Under way using engine,Unknown,Unknown
VASILY LANOVOY,273256410,51.2814,1.8006,9,2025-11-05 14:17:44.201098723 +0000 UTC,Unknown,DarkTurquoise,Unknown,Unknown,Unknown,Unknown,Russia 🇷🇺,203.9,Unknown,Unknown,-3,Under way using engine,Unknown,Unknown
WULPEN,205758000,51.2331,2.9235,Unknown,2025-11-05 14:17:44.202799999 +0000 UTC,Pilot Vessel,LightGreen,0,Unknown,Unknown,Unknown,Belgium 🇧🇪,Unknown,22,7,Unknown,Unknown,9852353,1.5
MERLION 8           ,564034000,1.2931,103.9428,0,2025-11-05 14:17:44.203997137 +0000 UTC,Unknown,DarkTurquoise,Unknown,Unknown,Unknown,Unknown,Singapore 🇸🇬,74.6,Unknown,Unknown,0,Under way using engine,Unknown,Unknown
HECTOR              ,230028670,56.1667,15.6311,0,2025-11-05 14:17:44.20500134 +0000 UTC,Unknown,DarkTurquoise,Unknown,Unknown,Unknown,Unknown,Finland 🇫🇮,338.5,Unknown,Unknown,0,Restricted manoeuvrability,Unknown,Unknown
PRINSES BEATRIX,244780648,52.3776,4.8995,0,2025-11-05 14:17:44.209609495 +0000 UTC,Unknown,DarkTurquoise,Unknown,Unknown,Unknown,Unknown,Netherlands 🇳🇱,360,Unknown,Unknown,-128,Under way using engine,Unknown,Unknown
VERWACHTING,244710773,51.9581,5.6517,0,2025-11-05 14:17:44.21068685 +0000 UTC,Unknown,DarkTurquoise,Unknown,Unknown,Unknown,Unknown,Netherlands 🇳🇱,360,Unknown,Unknown,-128,Under way using engine,Unknown,Unknown
EXPECTO,244010950,51.8256,5.072,9.9,2025-11-05 14:17:44.215553866 +0000 UTC,Unknown,DarkTurquoise,Unknown,Unknown,Unknown,Unknown,Netherlands 🇳🇱,245,Unknown,Unknown,0,Under way using engine,Unknown,Unknown
THAME               ,235092014,51.4777,-0.2505,7.4,2025-11-05 14:17:44.220182784 +0000 UTC,Unknown,DarkTurquoise,Unknown,Unknown,Unknown,Unknown,United Kingdom 🇬🇧,6.6,Unknown,Unknown,0,Under way using engine,Unknown,Unknown
GERMANS TRISCA   ,224108490,40.546,0.6988,10.7,2025-11-05 14:17:44.22217793 +0000 UTC,Fishing,Gold,Unknown,Unknown,Unknown,Unknown,Spain 🇪🇸,263.2,Unknown,Unknown,-127,Engaged in fishing,Unknown,Unknown
MORIAH,316047178,49.2924,-122.885,Unknown,2025-11-05 14:17:44.223317648 +0000 UTC,Unknown,DarkTurquoise,Unknown,Unknown,Unknown,Unknown,Canada 🇨🇦,Unknown,Unknown,Unknown,Unknown,Unknown,Unknown,Unknown
Unknown Vessel,225990735,39.5546,2.6256,Unknown,2025-11-05 14:17:44.224411671 +0000 UTC,Unknown,DarkTurquoise,Unknown,Unknown,Unknown,Unknown,Spain 🇪🇸,Unknown,10,3,Unknown,Unknown,Unknown,Unknown
MORGANA,225997956,37.7467,-0.7433,Unknown,2025-11-05 14:17:44.225510334 +0000 UTC,Unknown,DarkTurquoise,Unknown,Unknown,Unknown,Unknown,Spain 🇪🇸,Unknown,Unknown,Unknown,Unknown,Unknown,Unknown,Unknown
RAILEY V,211782820,51.2945,6.7237,5.8,2025-11-05 14:17:44.230809904 +0000 UTC,Unknown,DarkTurquoise,Unknown,Unknown,Unknown,Unknown,Germany 🇩🇪,216.8,Unknown,Unknown,-128,Under way using engine,Unknown,Unknown
JASMINE KNUTSEN     ,257324000,51.9527,4.131,0,2025-11-05 14:17:44.233638521 +0000 UTC,Unknown,DarkTurquoise,Unknown,Unknown,Unknown,Unknown,Norway 🇳🇴,37,Unknown,Unknown,0,Moored,Unknown,Unknown
OSLOFJORD II        ,259004160,59.9026,10.7032,8.2,2025-11-05 14:17:44.234720752 +0000 UTC,Unknown,DarkTurquoise,Unknown,Unknown,Unknown,Unknown,Norway 🇳🇴,1.2,Unknown,Unknown,-127,Under way using engine,Unknown,Unknown
DOCTORPINTADO       ,225990311,39.5638,2.6354,0,2025-11-05 14:17:44.236397333 +0000 UTC,Unknown,DarkTurquoise,Unknown,Unknown,Unknown,Unknown,Spain 🇪🇸,245.9,Unknown,Unknown,0,Restricted manoeuvrability,Unknown,Unknown
HANSA ROTENBURG     ,255916089,37.6522,24.4703,13.3,2025-11-05 14:17:44.240826374 +0000 UTC,Unknown,DarkTurquoise,Unknown,Unknown,Unknown,Unknown,Madeira (Portugal) 🇵🇹,202.7,Unknown,Unknown,0,Under way using engine,Unknown,Unknown
MSC HARMONY III     ,636019289,37.5762,23.7403,1,2025-11-05 14:17:44.246216202 +0000 UTC,Unknown,DarkTurquoise,Unknown,Unknown,Unknown,Unknown,Liberia 🇱🇷,212.3,Unknown,Unknown,0,Under way using engine,Unknown,Unknown
GRANAT ,265609080,59.4259,18.3498,0,2025-11-05 14:17:44.248005136 +0000 UTC,Unknown,DarkTurquoise,Unknown,Unknown,Unknown,Unknown,Sweden 🇸🇪,360,Unknown,Unknown,0,Undefined,Unknown,Unknown
COMBATTANT          ,227007320,47.7398,-3.3506,0,2025-11-05 14:17:44.249324218 +0000 UTC,Unknown,DarkTurquoise,Unknown,Unknown,Unknown,Unknown,France 🇫🇷,336,Unknown,Unknown,-128,Under way using engine,Unknown,Unknown
NALA,211437180,53.545,9.9579,0,2025-11-05 14:17:44.253488828 +0000 UTC,Unknown,DarkTurquoise,Unknown,Unknown,Unknown,Unknown,Germany 🇩🇪,147.1,Unknown,Unknown,0,Under way using engine,Unknown,Unknown
SECUNDA,244750390,51.9925,5.1346,0,2025-11-05 14:17:44.252025193 +0000 UTC,Unknown,DarkTurquoise,Unknown,Unknown,Unknown,Unknown,Netherlands 🇳🇱,0,Unknown,Unknown,-128,Under way using engine,Unknown,Unknown
PACIFIC EAGLE,367309370,46.1916,-123.9252,0,2025-11-05 14:17:44.257395748 +0000 UTC,Unknown,DarkTurquoise,Unknown,Unknown,Unknown,Unknown,United States 🇺🇸,360,Unknown,Unknown,0,Restricted manoeuvrability,Unknown,Unknown
NAFKRATIS           ,314768000,43.1862,27.9008,0,2025-11-05 14:17:44.250753039 +0000 UTC,Unknown,DarkTurquoise,Unknown,Unknown,Unknown,Unknown,Barbados 🇧🇧,1.9,Unknown,Unknown,0,Moored,Unknown,Unknown
LH PILOT ST HONORINE,228055080,49.4841,0.1134,0,2025-11-05 14:17:44.258512995 +0000 UTC,Unknown,DarkTurquoise,Unknown,Unknown,Unknown,Unknown,France 🇫🇷,218.5,Unknown,Unknown,-128,Under way using engine,Unknown,Unknown
ATLANTIC WILLOW     ,316002800,44.648,-63.5493,0,2025-11-05 14:17:44.260741406 +0000 UTC,Unknown,DarkTurquoise,Unknown,Unknown,Unknown,Unknown,Canada 🇨🇦,200.8,Unknown,Unknown,0,Under way using engine,Unknown,Unknown
SD NAVIGATOR        ,235071537,50.7645,-1.1582,7.3,2025-11-05 14:17:44.261604291 +0000 UTC,Unknown,DarkTurquoise,Unknown,Unknown,Unknown,Unknown,United Kingdom 🇬🇧,87,Unknown,Unknown,0,Under way using engine,Unknown,Unknown
BLUE 24,218060870,53.4787,9.9836,0,2025-11-05 14:17:44.264972314 +0000 UTC,Unknown,DarkTurquoise,Unknown,Unknown,Unknown,Unknown,Germany 🇩🇪,0,Unknown,Unknown,0,Under way using engine,Unknown,Unknown
Unknown Vessel,225019990,39.5597,2.6273,0,2025-11-05 14:17:44.2664154 +0000 UTC,Unknown,DarkTurquoise,Unknown,Unknown,Unknown,Unknown,Spain 🇪🇸,338.8,Unknown,Unknown,-128,Undefined,Unknown,Unknown
SMARAGD,231170000,62.007,-6.7727,0,2025-11-05 14:17:44.267880886 +0000 UTC,Fishing,Gold,Unknown,Unknown,Unknown,Unknown,Faroe Islands (Denmark) 🇫🇴,322.2,Unknown,Unknown,0,Engaged in fishing,Unknown,Unknown
ONERI,244041097,51.832,4.5481,7.2,2025-11-05 14:17:44.269532927 +0000 UTC,Unknown,DarkTurquoise,Unknown,Unknown,Unknown,Unknown,Netherlands 🇳🇱,283,Unknown,Unknown,-127,Under way using engine,Unknown,Unknown
ZACHERY REINAUER    ,366695940,42.3802,-71.0419,0,2025-11-05 14:17:44.2703872 +0000 UTC,Unknown,DarkTurquoise,Unknown,Unknown,Unknown,Unknown,United States 🇺🇸,307.5,Unknown,Unknown,-128,Under way using engine,Unknown,Unknown
LADY SARAH,232003121,50.5691,-2.4347,0,2025-11-05 14:17:44.271078718 +0000 UTC,Unknown,DarkTurquoise,Unknown,Unknown,Unknown,Unknown,United Kingdom 🇬🇧,146.4,Unknown,Unknown,0,Moored,Unknown,Unknown
JOEY JOHN           ,367653440,30.2016,-93.3228,0,2025-11-05 14:17:44.271761827 +0000 UTC,Unknown,DarkTurquoise,Unknown,Unknown,Unknown,Unknown,United States 🇺🇸,360,Unknown,Unknown,-128,Moored,Unknown,Unknown
MAJESTIC HARMONY    ,563250600,1.2613,103.8088,7.1,2025-11-05 14:17:44.27277853 +0000 UTC,Unknown,DarkTurquoise,Unknown,Unknown,Unknown,Unknown,Singapore 🇸🇬,88.9,Unknown,Unknown,0,Under way sailing,Unknown,Unknown
DAIWAN JUSTICE      ,374515000,29.9242,-89.9365,0,2025-11-05 14:17:44.273917078 +0000 UTC,Unknown,DarkTurquoise,Unknown,Unknown,Unknown,Unknown,Panama 🇵🇦,149.5,Unknown,Unknown,0,Moored,Unknown,Unknown
OSCAR B,367653630,46.1378,-123.3798,1.7,2025-11-05 14:17:44.275410356 +0000 UTC,Unknown,DarkTurquoise,Unknown,Unknown,Unknown,Unknown,United States 🇺🇸,313.4,Unknown,Unknown,-128,Under way using engine,Unknown,Unknown
BBC MARMARA         ,255806141,-20.5794,149.5725,7.6,2025-11-05 14:17:44.278504489 +0000 UTC,Unknown,DarkTurquoise,Unknown,Unknown,Unknown,Unknown,Madeira (Portugal) 🇵🇹,140.8,Unknown,Unknown,-4,Under way using engine,Unknown,Unknown
TSM BREST           ,228293950,49.3882,1.0091,0,2025-11-05 14:17:44.280394499 +0000 UTC,Unknown,DarkTurquoise,Unknown,Unknown,Unknown,Unknown,France 🇫🇷,116.7,Unknown,Unknown,0,Undefined,Unknown,Unknown
ANNIKA BRAREN       ,211302790,57.0219,16.6755,8.6,2025-11-05 14:17:44.284086841 +0000 UTC,Unknown,DarkTurquoise,Unknown,Unknown,Unknown,Unknown,Germany 🇩🇪,207.5,Unknown,Unknown,0,Under way using engine,Unknown,Unknown
LADY ARIETTE        ,244870420,51.1641,1.5933,6.9,2025-11-05 14:17:45.584487319 +0000 UTC,Unknown,DarkTurquoise,Unknown,Unknown,Unknown,Unknown,Netherlands 🇳🇱,196.2,Unknown,Unknown,-127,Under way using engine,Unknown,Unknown
GRANDE SICILIA      ,247186500,53.2375,4.4414,15.3,2025-11-05 14:17:44.287269071 +0000 UTC,Unknown,DarkTurquoise,Unknown,Unknown,Unknown,Unknown,Italy 🇮🇹,204.4,Unknown,Unknown,-8,Under way using engine,Unknown,Unknown
THEO                ,244700811,53.1886,5.43,0,2025-11-05 14:17:46.424126671 +0000 UTC,Tug Boat,Silver,HARLINGEN           ,Unknown,Unknown,Unknown,Netherlands 🇳🇱,292.8,19,6,-128,Undefined,0,2.4
HIZIR               ,229459000,53.5873,5.1035,9.5,2025-11-05 14:17:44.289212587 +0000 UTC,Unknown,DarkTurquoise,Unknown,Unknown,Unknown,Unknown,Malta 🇲🇹,250,Unknown,Unknown,0,Under way using engine,Unknown,Unknown
AUTOSUN,255801490,43.6683,-2.1865,14.7,2025-11-05 14:17:44.290938059 +0000 UTC,Unknown,DarkTurquoise,Unknown,Unknown,Unknown,Unknown,Madeira (Portugal) 🇵🇹,329.6,Unknown,Unknown,-14,Under way using engine,Unknown,Unknown
OCEAN RANGER        ,316006786,54.3197,-130.3216,0,2025-11-05 14:17:44.293113876 +0000 UTC,Unknown,DarkTurquoise,Unknown,Unknown,Unknown,Unknown,Canada 🇨🇦,25.4,Unknown,Unknown,0,Undefined,Unknown,Unknown
WSP 4               ,211207640,53.5041,8.5101,0,2025-11-05 14:17:44.294451769 +0000 UTC,Unknown,DarkTurquoise,Unknown,Unknown,Unknown,Unknown,Germany 🇩🇪,48.3,Unknown,Unknown,0,Under way using engine,Unknown,Unknown
PRINCESS,211162610,53.5424,9.9232,7.9,2025-11-05 14:17:44.304056033 +0000 UTC,Unknown,DarkTurquoise,Unknown,Unknown,Unknown,Unknown,Germany 🇩🇪,269.4,Unknown,Unknown,-128,Under way using engine,Unknown,Unknown
ENGINEER            ,366995970,32.0799,-81.0609,0,2025-11-05 14:17:44.30508034 +0000 UTC,Unknown,DarkTurquoise,Unknown,Unknown,Unknown,Unknown,United States 🇺🇸,269.9,Unknown,Unknown,5,Under way using engine,Unknown,Unknown
LA BLANCA,244740804,51.6409,5.9799,1.3,2025-11-05 14:17:44.306219193 +0000 UTC,Unknown,DarkTurquoise,Unknown,Unknown,Unknown,Unknown,Netherlands 🇳🇱,121,Unknown,Unknown,-128,Under way using engine,Unknown,Unknown
NOVA,211155220,51.4499,6.7423,102.3,2025-11-05 14:17:44.291799472 +0000 UTC,Unknown,DarkTurquoise,Unknown,Unknown,Unknown,Unknown,Germany 🇩🇪,360,Unknown,Unknown,-127,Under way using engine,Unknown,Unknown
SAMSKIP EXPRESS     ,255805840,51.8778,4.4241,0,2025-11-05 14:17:44.297207575 +0000 UTC,Unknown,DarkTurquoise,Unknown,Unknown,Unknown,Unknown,Madeira (Portugal) 🇵🇹,105.9,Unknown,Unknown,0,Moored,Unknown,Unknown
VIVALDI             ,227023430,48.2271,16.4049,0,2025-11-05 14:17:44.301606624 +0000 UTC,Unknown,DarkTurquoise,Unknown,Unknown,Unknown,Unknown,France 🇫🇷,302.7,Unknown,Unknown,0,Moored,Unknown,Unknown
PILAR_PENYA,224011120,41.0705,1.7156,9.6,2025-11-05 14:17:44.298385518 +0000 UTC,Fishing,Gold,Unknown,Unknown,Unknown,Unknown,Spain 🇪🇸,6.2,Unknown,Unknown,-128,Engaged in fishing,Unknown,Unknown
Unknown Vessel,232031421,49.4608,-2.5309,Unknown,2025-11-05 14:17:44.303176498 +0000 UTC,Unknown,DarkTurquoise,Unknown,Unknown,Unknown,Unknown,United Kingdom 🇬🇧,Unknown,13,4,Unknown,Unknown,Unknown,Unknown
LOLO PELAILLA,224219590,41.2155,1.7359,0,2025-11-05 14:17:44.299433834 +0000 UTC,Fishing,Gold,Unknown,Unknown,Unknown,Unknown,Spain 🇪🇸,360,Unknown,Unknown,-128,Engaged in fishing,Unknown,Unknown
SEYCHELLES PRELUDE,664444000,52.4059,4.7732,0,2025-11-05 14:17:44.30843762 +0000 UTC,Unknown,DarkTurquoise,Unknown,Unknown,Unknown,Unknown,Seychelles 🇸🇨,217.7,Unknown,Unknown,0,Moored,Unknown,Unknown
SWIND   ,244051095,51.8341,4.6602,0,2025-11-05 14:17:44.309434597 +0000 UTC,Unknown,DarkTurquoise,Unknown,Unknown,Unknown,Unknown,Netherlands 🇳🇱,360,Unknown,Unknown,-128,Undefined,Unknown,Unknown
JAS-76,261007950,54.5858,18.8534,8.9,2025-11-05 14:17:44.757833828 +0000 UTC,Fishing,Gold,HEL,Unknown,Unknown,Unknown,Poland 🇵🇱,276,25,6,-128,Engaged in fishing,0,0
A NEPITA,226269000,43.3299,5.3446,Unknown,2025-11-05 14:17:44.31897364 +0000 UTC,Passenger Ship,Crimson,FR MRS119,Unknown,Unknown,Unknown,France 🇫🇷,Unknown,203,26,Unknown,Unknown,9211511,6.2
HIRTA               ,235061329,57.1462,-2.0885,0.1,2025-11-05 14:17:44.321495919 +0000 UTC,Unknown,DarkTurquoise,Unknown,Unknown,Unknown,Unknown,United Kingdom 🇬🇧,357,Unknown,Unknown,0,Moored,Unknown,Unknown
Unknown Vessel,368349080,42.3705,-71.0589,Unknown,2025-11-05 14:17:44.323600419 +0000 UTC,Unknown,DarkTurquoise,Unknown,Unknown,Unknown,Unknown,United States 🇺🇸,Unknown,12,4,Unknown,Unknown,Unknown,Unknown
DE ZAAN,244740923,52.4207,4.8507,0,2025-11-05 14:17:44.327562914 +0000 UTC,Unknown,DarkTurquoise,Unknown,Unknown,Unknown,Unknown,Netherlands 🇳🇱,360,Unknown,Unknown,-128,Under way using engine,Unknown,Unknown
VERTIGO             ,319229100,39.5637,2.6373,0,2025-11-05 14:17:44.332961043 +0000 UTC,Unknown,DarkTurquoise,Unknown,Unknown,Unknown,Unknown,Cayman Islands (British Overseas Territory) 🇰🇾,328,Unknown,Unknown,0,Moored,Unknown,Unknown
BACARELLA           ,319893000,43.5873,7.131,0,2025-11-05 14:17:44.334950547 +0000 UTC,Unknown,DarkTurquoise,Unknown,Unknown,Unknown,Unknown,Cayman Islands (British Overseas Territory) 🇰🇾,40.1,Unknown,Unknown,0,Moored,Unknown,Unknown
F/V PARTI DE RIEN   ,227137500,49.5239,0.0149,6.7,2025-11-05 14:17:44.339257376 +0000 UTC,Unknown,DarkTurquoise,Unknown,Unknown,Unknown,Unknown,France 🇫🇷,328.8,Unknown,Unknown,0,Under way using engine,Unknown,Unknown
HENDRIK SR,244710049,51.8918,4.3015,0,2025-11-05 14:17:44.340291779 +0000 UTC,Unknown,DarkTurquoise,Unknown,Unknown,Unknown,Unknown,Netherlands 🇳🇱,360,Unknown,Unknown,-128,Under way using engine,Unknown,Unknown
ESCAPADA            ,367493670,33.46,-117.7028,Unknown,2025-11-05 14:17:44.341877571 +0000 UTC,Unknown,DarkTurquoise,Unknown,Unknown,Unknown,Unknown,United States 🇺🇸,Unknown,Unknown,Unknown,Unknown,Unknown,Unknown,Unknown
SD SOLENT SPIRIT    ,235066825,50.8057,-1.1129,9.3,2025-11-05 14:17:44.34295336 +0000 UTC,Unknown,DarkTurquoise,Unknown,Unknown,Unknown,Unknown,United Kingdom 🇬🇧,188,Unknown,Unknown,-127,Under way using engine,Unknown,Unknown
GUBBEN,257074900,58.4544,5.9816,Unknown,2025-11-05 14:17:44.344945353 +0000 UTC,Unknown,DarkTurquoise,Unknown,Unknown,Unknown,Unknown,Norway 🇳🇴,Unknown,Unknown,Unknown,Unknown,Unknown,Unknown,Unknown
V. FU 3             ,477995605,22.309,114.1557,1.3,2025-11-05 14:17:44.343885759 +0000 UTC,Unknown,DarkTurquoise,Unknown,Unknown,Unknown,Unknown,Hong Kong (China) 🇭🇰,360,Unknown,Unknown,-128,At anchor,Unknown,Unknown
GUNNAR JARL         ,257084040,68.9125,15.0766,0,2025-11-05 14:17:44.345834641 +0000 UTC,Fishing,Gold,Unknown,Unknown,Unknown,Unknown,Norway 🇳🇴,357.7,Unknown,Unknown,-128,Engaged in fishing,Unknown,Unknown
NESEGUTTEN          ,257079000,57.4331,6.7686,1.2,2025-11-05 14:17:44.346585063 +0000 UTC,Unknown,DarkTurquoise,Unknown,Unknown,Unknown,Unknown,Norway 🇳🇴,173.2,Unknown,Unknown,127,Under way using engine,Unknown,Unknown
TJOETTAGUTTEN,257069260,65.6762,12.1276,0,2025-11-05 14:17:44.348503152 +0000 UTC,Unknown,DarkTurquoise,Unknown,Unknown,Unknown,Unknown,Norway 🇳🇴,22.9,Unknown,Unknown,-11,Moored,Unknown,Unknown
WILE E. COYOTE,257020890,68.7425,17.0276,0.8,2025-11-05 14:17:44.350085918 +0000 UTC,Unknown,DarkTurquoise,Unknown,Unknown,Unknown,Unknown,Norway 🇳🇴,302.7,Unknown,Unknown,-56,Under way using engine,Unknown,Unknown
OSVALDSON           ,257586600,70.7213,23.8117,0,2025-11-05 14:17:44.35334436 +0000 UTC,Unknown,DarkTurquoise,Unknown,Unknown,Unknown,Unknown,Norway 🇳🇴,243.6,Unknown,Unknown,0,Under way using engine,Unknown,Unknown
TORGHATTEN          ,257279000,65.5794,12.3632,11.6,2025-11-05 14:17:44.354752762 +0000 UTC,Unknown,DarkTurquoise,Unknown,Unknown,Unknown,Unknown,Norway 🇳🇴,290.7,Unknown,Unknown,0,Under way using engine,Unknown,Unknown
PP  BUOY 7          ,586707334,70.3646,22.3986,Unknown,2025-11-05 14:17:44.355833984 +0000 UTC,Unknown,DarkTurquoise,Unknown,Unknown,Unknown,Unknown,Unknown,Unknown,Unknown,Unknown,Unknown,Unknown,Unknown,Unknown
RESCUE LANSFORSAKRIN,265795060,58.9302,11.171,0,2025-11-05 14:17:44.357287287 +0000 UTC,Unknown,DarkTurquoise,Unknown,Unknown,Unknown,Unknown,Sweden 🇸🇪,261.2,Unknown,Unknown,0,Under way using engine,Unknown,Unknown
AMBIENCE,311001109,69.9809,23.3346,0,2025-11-05 14:17:44.358652064 +0000 UTC,Unknown,DarkTurquoise,Unknown,Unknown,Unknown,Unknown,Bahamas 🇧🇸,28.7,Unknown,Unknown,0,Moored,Unknown,Unknown
BALLSTADGUTT,257661500,68.0677,13.5363,Unknown,2025-11-05 14:17:44.363385662 +0000 UTC,Fishing,Gold,                   ,Unknown,Unknown,Unknown,Norway 🇳🇴,Unknown,17,5,Unknown,Unknown,0,0
FROYA               ,257605000,62.0451,5.3424,0,2025-11-05 14:17:44.364399361 +0000 UTC,Unknown,DarkTurquoise,Unknown,Unknown,Unknown,Unknown,Norway 🇳🇴,309.6,Unknown,Unknown,0,Under way using engine,Unknown,Unknown
ANGELSEN SR         ,109080673,70.6798,21.6919,Unknown,2025-11-05 14:17:44.365132494 +0000 UTC,Unknown,DarkTurquoise,Unknown,Unknown,Unknown,Unknown,Unknown,Unknown,Unknown,Unknown,Unknown,Unknown,Unknown,Unknown
BROTT BUOY 2        ,586706618,70.1377,30.775,Unknown,2025-11-05 14:17:44.365882099 +0000 UTC,Unknown,DarkTurquoise,Unknown,Unknown,Unknown,Unknown,Unknown,Unknown,Unknown,Unknown,Unknown,Unknown,Unknown,Unknown
VAAGSOEY            ,258314500,62.7048,7.1817,11,2025-11-05 14:17:44.366811972 +0000 UTC,Unknown,DarkTurquoise,Unknown,Unknown,Unknown,Unknown,Norway 🇳🇴,315.4,Unknown,Unknown,127,Under way using engine,Unknown,Unknown
OEYSERVICE          ,258202500,61.6364,4.8175,19.3,2025-11-05 14:17:44.367720941 +0000 UTC,Unknown,DarkTurquoise,Unknown,Unknown,Unknown,Unknown,Norway 🇳🇴,121.8,Unknown,Unknown,0,Under way using engine,Unknown,Unknown
RONJA VEST          ,257789000,59.7763,5.3246,0,2025-11-05 14:17:44.369475939 +0000 UTC,Unknown,DarkTurquoise,Unknown,Unknown,Unknown,Unknown,Norway 🇳🇴,194.3,Unknown,Unknown,0,Under way using engine,Unknown,Unknown
NORDSKAG,257066870,64.8592,11.23,Unknown,2025-11-05 14:17:44.370462078 +0000 UTC,Unknown,DarkTurquoise,Unknown,Unknown,Unknown,Unknown,Norway 🇳🇴,Unknown,Unknown,Unknown,Unknown,Unknown,Unknown,Unknown
RINGHORNE,257209500,68.4879,17.3361,0.1,2025-11-05 14:17:44.37138221 +0000 UTC,Unknown,DarkTurquoise,Unknown,Unknown,Unknown,Unknown,Norway 🇳🇴,245.1,Unknown,Unknown,-128,Under way using engine,Unknown,Unknown
KASFJORD            ,258185000,62.5557,6.2655,Unknown,2025-11-05 14:17:44.372369946 +0000 UTC,Fishing,Gold,VESTNES             ,Unknown,Unknown,Unknown,Norway 🇳🇴,Unknown,45,9,Unknown,Unknown,7383372,6
JESPER,257055700,58.8691,9.4157,0,2025-11-05 14:17:44.37316293 +0000 UTC,Unknown,DarkTurquoise,Unknown,Unknown,Unknown,Unknown,Norway 🇳🇴,315.6,Unknown,Unknown,0,Moored,Unknown,Unknown
TRONDS LAX          ,257053350,59.2472,5.3554,9.3,2025-11-05 14:17:44.400875396 +0000 UTC,Unknown,DarkTurquoise,Unknown,Unknown,Unknown,Unknown,Norway 🇳🇴,104.6,Unknown,Unknown,0,Under way using engine,Unknown,Unknown
NIKLAS              ,258688000,70.2491,21.787,0.4,2025-11-05 14:17:44.405869493 +0000 UTC,Unknown,DarkTurquoise,Unknown,Unknown,Unknown,Unknown,Norway 🇳🇴,33.4,Unknown,Unknown,-128,Under way using engine,Unknown,Unknown
AARVIKSAND BUO [76%],109050522,70.4011,21.2564,Unknown,2025-11-05 14:17:44.407081776 +0000 UTC,Unknown,DarkTurquoise,Unknown,Unknown,Unknown,Unknown,Unknown,Unknown,Unknown,Unknown,Unknown,Unknown,Unknown,Unknown
SILVER BAY          ,259377000,62.5396,6.1593,7.2,2025-11-05 14:17:44.408362862 +0000 UTC,Unknown,DarkTurquoise,Unknown,Unknown,Unknown,Unknown,Norway 🇳🇴,196.7,Unknown,Unknown,0,Under way sailing,Unknown,Unknown
MS DIKKON,257100700,59.0504,9.6927,0,2025-11-05 14:17:44.40947607 +0000 UTC,Unknown,DarkTurquoise,Unknown,Unknown,Unknown,Unknown,Norway 🇳🇴,360,Unknown,Unknown,-128,Undefined,Unknown,Unknown
STORSTEIN,257568600,64.1777,10.2142,0,2025-11-05 14:17:44.411004558 +0000 UTC,Fishing,Gold,Unknown,Unknown,Unknown,Unknown,Norway 🇳🇴,113.5,Unknown,Unknown,0,Engaged in fishing,Unknown,Unknown
NORDNES,258033200,60.3433,5.2288,Unknown,2025-11-05 14:17:44.41223608 +0000 UTC,Unknown,DarkTurquoise,NAVIGATION TRAINING,ITTNI,Trani,Italy,Norway 🇳🇴,Unknown,15,4,Unknown,Unknown,0,0.9
RO SERVER           ,258534000,61.2987,4.9989,5.6,2025-11-05 14:17:44.41321538 +0000 UTC,Unknown,DarkTurquoise,Unknown,Unknown,Unknown,Unknown,Norway 🇳🇴,249.6,Unknown,Unknown,0,Under way using engine,Unknown,Unknown
OSTANA 1,265609500,59.3808,18.3334,10.5,2025-11-05 14:17:44.4147451 +0000 UTC,Unknown,DarkTurquoise,Unknown,Unknown,Unknown,Unknown,Sweden 🇸🇪,263.6,Unknown,Unknown,0,Under way using engine,Unknown,Unknown
SPERRY TEST,451204780,51.399,-0.246,0,2025-11-05 14:17:44.415362527 +0000 UTC,Unknown,DarkTurquoise,Unknown,Unknown,Unknown,Unknown,Kyrgyzstan 🇰🇬,360,Unknown,Unknown,-128,Undefined,Unknown,Unknown
METS-3              ,368375410,33.7644,-118.2461,0.3,2025-11-05 14:17:44.416043038 +0000 UTC,Unknown,DarkTurquoise,Unknown,Unknown,Unknown,Unknown,United States 🇺🇸,201.7,Unknown,Unknown,0,Under way using engine,Unknown,Unknown
SOUND OF SOAY,235101063,55.9521,-4.8525,0.7,2025-11-05 14:17:44.416667284 +0000 UTC,Unknown,DarkTurquoise,Unknown,Unknown,Unknown,Unknown,United Kingdom 🇬🇧,205.3,Unknown,Unknown,-128,Under way using engine,Unknown,Unknown
STERN        ,244050651,51.9532,4.9296,8.2,2025-11-05 14:17:44.417430061 +0000 UTC,Unknown,DarkTurquoise,Unknown,Unknown,Unknown,Unknown,Netherlands 🇳🇱,17.5,Unknown,Unknown,-128,Under way using engine,Unknown,Unknown
CONNEMARA           ,244730368,51.3442,4.2873,0,2025-11-05 14:17:44.418208436 +0000 UTC,Unknown,DarkTurquoise,Unknown,Unknown,Unknown,Unknown,Netherlands 🇳🇱,52.5,Unknown,Unknown,-128,Under way using engine,Unknown,Unknown
SCHIE               ,244070620,51.8034,4.6287,0,2025-11-05 14:17:44.419087665 +0000 UTC,Unknown,DarkTurquoise,Unknown,Unknown,Unknown,Unknown,Netherlands 🇳🇱,360,Unknown,Unknown,-128,Under way using engine,Unknown,Unknown
CHECK OUT TIME,367615660,32.7115,-117.2326,Unknown,2025-11-05 14:17:44.419810989 +0000 UTC,Unknown,DarkTurquoise,Unknown,Unknown,Unknown,Unknown,United States 🇺🇸,Unknown,Unknown,Unknown,Unknown,Unknown,Unknown,Unknown
JAN VAN DER HEYDE 4,244030134,52.3823,4.9608,0,2025-11-05 14:17:44.421428162 +0000 UTC,Unknown,DarkTurquoise,Unknown,Unknown,Unknown,Unknown,Netherlands 🇳🇱,360,Unknown,Unknown,-128,Under way using engine,Unknown,Unknown
LICHTENBERG  ,211519890,52.4928,13.4671,0,2025-11-05 14:17:44.420499896 +0000 UTC,Unknown,DarkTurquoise,Unknown,Unknown,Unknown,Unknown,Germany 🇩🇪,0,Unknown,Unknown,-128,Undefined,Unknown,Unknown
PLUTO,218006040,52.3359,5.0109,8.3,2025-11-05 14:17:44.422586965 +0000 UTC,Unknown,DarkTurquoise,Unknown,Unknown,Unknown,Unknown,Germany 🇩🇪,315.8,Unknown,Unknown,-128,Under way using engine,Unknown,Unknown
KLEIN ERNA,211171030,53.5426,9.9778,0,2025-11-05 14:17:44.423790406 +0000 UTC,Unknown,DarkTurquoise,Unknown,Unknown,Unknown,Unknown,Germany 🇩🇪,360,Unknown,Unknown,-128,Under way using engine,Unknown,Unknown
PILOT GP53          ,563021070,1.2908,103.7583,7.1,2025-11-05 14:17:44.424336741 +0000 UTC,Unknown,DarkTurquoise,Unknown,Unknown,Unknown,Unknown,Singapore 🇸🇬,240.6,Unknown,Unknown,0,Under way using engine,Unknown,Unknown
MACARENA B,255806008,42.4337,-9.0547,8.1,2025-11-05 14:17:44.425725012 +0000 UTC,Unknown,DarkTurquoise,Unknown,Unknown,Unknown,Unknown,Madeira (Portugal) 🇵🇹,269.7,Unknown,Unknown,-7,Under way using engine,Unknown,Unknown
RT LEADER           ,311000871,-33.8666,151.1863,0,2025-11-05 14:17:44.426267889 +0000 UTC,Unknown,DarkTurquoise,Unknown,Unknown,Unknown,Unknown,Bahamas 🇧🇸,162,Unknown,Unknown,0,Under way using engine,Unknown,Unknown
PURSUIT             ,319973000,-27.4283,153.1313,0,2025-11-05 14:17:44.426680127 +0000 UTC,Unknown,DarkTurquoise,Unknown,Unknown,Unknown,Unknown,Cayman Islands (British Overseas Territory) 🇰🇾,360,Unknown,Unknown,-128,Under way using engine,Unknown,Unknown
BRAGE,258088000,69.6464,18.9576,0,2025-11-05 14:17:44.42727521 +0000 UTC,Unknown,DarkTurquoise,Unknown,Unknown,Unknown,Unknown,Norway 🇳🇴,268.6,Unknown,Unknown,0,Under way using engine,Unknown,Unknown
DEBRA MARY,367625460,42.2773,-83.1144,2.9,2025-11-05 14:17:44.428813145 +0000 UTC,Unknown,DarkTurquoise,Unknown,Unknown,Unknown,Unknown,United States 🇺🇸,305.5,Unknown,Unknown,-128,Undefined,Unknown,Unknown
INVICTUS,338429537,48.4921,-122.6803,Unknown,2025-11-05 14:17:44.430812813 +0000 UTC,Unknown,DarkTurquoise,Unknown,Unknown,Unknown,Unknown,United States 🇺🇸,Unknown,Unknown,Unknown,Unknown,Unknown,Unknown,Unknown
HANSEAT,211495320,53.8972,11.46,0,2025-11-05 14:17:44.430219607 +0000 UTC,Unknown,DarkTurquoise,Unknown,Unknown,Unknown,Unknown,Germany 🇩🇪,0,Unknown,Unknown,-128,Undefined,Unknown,Unknown
VARGSUND            ,259049300,59.7484,5.594,1.8,2025-11-05 14:17:44.433168841 +0000 UTC,Unknown,DarkTurquoise,Unknown,Unknown,Unknown,Unknown,Norway 🇳🇴,48.2,Unknown,Unknown,127,Under way using engine,Unknown,Unknown
RIMBAL 5,654076800,28.1463,-15.4226,0,2025-11-05 14:17:44.434071274 +0000 UTC,Unknown,DarkTurquoise,Unknown,Unknown,Unknown,Unknown,Mauritania,360,Unknown,Unknown,-128,,Unknown,Unknown
KRVE10 ,244780939,51.9358,4.1906,0,2025-11-05 14:17:44.434546618 +0000 UTC,Unknown,DarkTurquoise,Unknown,Unknown,Unknown,Unknown,Netherlands 🇳🇱,243.5,Unknown,Unknown,-128,Moored,Unknown,Unknown
DIETRICHSDORF,218039370,54.3293,10.1783,0.3,2025-11-05 14:17:44.437346291 +0000 UTC,Unknown,DarkTurquoise,Unknown,Unknown,Unknown,Unknown,Germany 🇩🇪,336.5,Unknown,Unknown,127,Under way using engine,Unknown,Unknown
MECKLENBURG VORPOMME,265031000,54.218,12.081,14.8,2025-11-05 14:17:44.438607055 +0000 UTC,Unknown,DarkTurquoise,Unknown,Unknown,Unknown,Unknown,Sweden 🇸🇪,0.8,Unknown,Unknown,0,Under way using engine,Unknown,Unknown
BROEDERTROUW,244780982,52.6363,5.0632,0,2025-11-05 14:17:44.45283691 +0000 UTC,Unknown,DarkTurquoise,Unknown,Unknown,Unknown,Unknown,Netherlands 🇳🇱,360,Unknown,Unknown,-128,Under way sailing,Unknown,Unknown
PAREAKI,239856800,37.9372,23.6495,Unknown,2025-11-05 14:17:44.44330559 +0000 UTC,Pleasure Craft,PeachPuff,ZEAS,AIMBB,Meads Bay Beach,Anguilla,Greece 🇬🇷,Unknown,24,7,Unknown,Unknown,0,0
Unknown Vessel,367416660,40.7459,-74.0097,Unknown,2025-11-05 14:17:44.444273441 +0000 UTC,Unknown,DarkTurquoise,Unknown,Unknown,Unknown,Unknown,United States 🇺🇸,Unknown,32,6,Unknown,Unknown,Unknown,Unknown
TILDA               ,265524530,55.8664,12.8237,Unknown,2025-11-05 14:17:44.445073952 +0000 UTC,Passenger Ship,Crimson,                    ,Unknown,Unknown,Unknown,Sweden 🇸🇪,Unknown,42,8,Unknown,Unknown,8917065,1.1
MEDSTRAUM,258009600,58.9727,5.7392,6.5,2025-11-05 14:17:44.447491589 +0000 UTC,Unknown,DarkTurquoise,Unknown,Unknown,Unknown,Unknown,Norway 🇳🇴,8.2,Unknown,Unknown,-127,Under way using engine,Unknown,Unknown
HARBURG             ,211472760,53.5436,9.9647,10.5,2025-11-05 14:17:44.445778743 +0000 UTC,Unknown,DarkTurquoise,Unknown,Unknown,Unknown,Unknown,Germany 🇩🇪,93.8,Unknown,Unknown,127,Undefined,Unknown,Unknown
KROON VAN LEERDAM,244850289,51.889,5.0909,0.1,2025-11-05 14:17:44.448640958 +0000 UTC,Unknown,DarkTurquoise,Unknown,Unknown,Unknown,Unknown,Netherlands 🇳🇱,59.5,Unknown,Unknown,-128,Under way using engine,Unknown,Unknown
LEGEND              ,319196400,-33.9078,18.4193,0,2025-11-05 14:17:44.454063157 +0000 UTC,Unknown,DarkTurquoise,Unknown,Unknown,Unknown,Unknown,Cayman Islands (British Overseas Territory) 🇰🇾,337.7,Unknown,Unknown,0,Moored,Unknown,Unknown
ONE INGENUITY       ,636023290,51.9389,3.1925,0,2025-11-05 14:17:44.455110965 +0000 UTC,Unknown,DarkTurquoise,Unknown,Unknown,Unknown,Unknown,Liberia 🇱🇷,103,Unknown,Unknown,0,At anchor,Unknown,Unknown
CG49428,369494428,39.2014,-76.5748,0,2025-11-05 14:17:44.456174245 +0000 UTC,Unknown,DarkTurquoise,Unknown,Unknown,Unknown,Unknown,United States 🇺🇸,37.6,Unknown,Unknown,-128,Undefined,Unknown,Unknown
ALBERTO B.,247143650,37.826,12.3007,2.7,2025-11-05 14:17:44.457284411 +0000 UTC,Unknown,DarkTurquoise,Unknown,Unknown,Unknown,Unknown,Italy 🇮🇹,312.3,Unknown,Unknown,-128,Undefined,Unknown,Unknown
WILSON DVINA        ,311001793,54.5354,18.5194,0,2025-11-05 14:17:44.45958075 +0000 UTC,Unknown,DarkTurquoise,Unknown,Unknown,Unknown,Unknown,Bahamas 🇧🇸,254.1,Unknown,Unknown,0,Moored,Unknown,Unknown
SCHWINGEFLAIR ,211456940,53.628,9.5258,0,2025-11-05 14:17:44.460789997 +0000 UTC,Unknown,DarkTurquoise,Unknown,Unknown,Unknown,Unknown,Germany 🇩🇪,0,Unknown,Unknown,-128,Under way using engine,Unknown,Unknown
MY WORRY            ,538010615,37.9035,23.5994,1.4,2025-11-05 14:17:44.462611274 +0000 UTC,Unknown,DarkTurquoise,Unknown,Unknown,Unknown,Unknown,Marshall Islands 🇲🇭,138,Unknown,Unknown,0,Under way using engine,Unknown,Unknown
ORIENTIS    ,211512900,53.341,7.1912,Unknown,2025-11-05 14:17:44.464103594 +0000 UTC,Cargo,ForestGreen,,Unknown,Unknown,Unknown,Germany 🇩🇪,Unknown,85,10,Unknown,Unknown,0,0
SPES,244670187,51.909,4.4485,Unknown,2025-11-05 14:17:44.466543737 +0000 UTC,Passenger Ship,Crimson,RTTERDAM,NLRTM,Rotterdam,Netherlands,Netherlands 🇳🇱,Unknown,Unknown,Unknown,Unknown,Unknown,0,1
ATLAS               ,261082060,54.3993,18.6947,0,2025-11-05 14:17:44.471067068 +0000 UTC,Unknown,DarkTurquoise,Unknown,Unknown,Unknown,Unknown,Poland 🇵🇱,45,Unknown,Unknown,0,Under way using engine,Unknown,Unknown
GIUSEPPE C.,247141760,38.0043,12.4705,8.5,2025-11-05 14:17:44.472726714 +0000 UTC,Unknown,DarkTurquoise,Unknown,Unknown,Unknown,Unknown,Italy 🇮🇹,264.8,Unknown,Unknown,-128,Undefined,Unknown,Unknown
FENDY,244700975,51.7557,5.8507,0.2,2025-11-05 14:17:44.474173357 +0000 UTC,Unknown,DarkTurquoise,Unknown,Unknown,Unknown,Unknown,Netherlands 🇳🇱,360,Unknown,Unknown,-128,Under way using engine,Unknown,Unknown
MAERSK SARAT        ,636017102,10.7131,-75.851,12.8,2025-11-05 14:17:44.475434326 +0000 UTC,Unknown,DarkTurquoise,Unknown,Unknown,Unknown,Unknown,Liberia 🇱🇷,145.2,Unknown,Unknown,3,Under way using engine,Unknown,Unknown
OCEAN GOLF          ,316002873,43.2668,-79.7877,0,2025-11-05 14:17:44.476688316 +0000 UTC,Unknown,DarkTurquoise,Unknown,Unknown,Unknown,Unknown,Canada 🇨🇦,0,Unknown,Unknown,0,Under way using engine,Unknown,Unknown
DANPILOT PLUTO      ,219033013,55.6775,11.0826,0,2025-11-05 14:17:44.479170528 +0000 UTC,Unknown,DarkTurquoise,Unknown,Unknown,Unknown,Unknown,Denmark 🇩🇰,323.8,Unknown,Unknown,0,Under way using engine,Unknown,Unknown
MIDNIGHT SAGA,319264400,28.9164,-13.7063,0,2025-11-05 14:17:44.480462822 +0000 UTC,Unknown,DarkTurquoise,Unknown,Unknown,Unknown,Unknown,Cayman Islands (British Overseas Territory) 🇰🇾,237,Unknown,Unknown,4,Under way using engine,Unknown,Unknown
CUSTOS,226011160,52.5157,6.0588,Unknown,2025-11-05 14:17:44.481752197 +0000 UTC,Cargo,ForestGreen,IJMUIDEN BINNENSPUI,NLMUD,Muiden,Netherlands,France 🇫🇷,Unknown,85,10,Unknown,Unknown,0,3.2
EEMS TJONGER        ,246869000,53.3874,8.4976,13,2025-11-05 14:17:44.483088313 +0000 UTC,Unknown,DarkTurquoise,Unknown,Unknown,Unknown,Unknown,Netherlands 🇳🇱,357.3,Unknown,Unknown,0,Under way using engine,Unknown,Unknown
VOS HERA            ,235107437,57.4957,-1.7886,0,2025-11-05 14:17:44.483917323 +0000 UTC,Unknown,DarkTurquoise,Unknown,Unknown,Unknown,Unknown,United Kingdom 🇬🇧,220.1,Unknown,Unknown,0,Under way using engine,Unknown,Unknown
ADVENTURE HORNBLOWER,366793760,32.7232,-117.1747,0,2025-11-05 14:17:44.484702353 +0000 UTC,Unknown,DarkTurquoise,Unknown,Unknown,Unknown,Unknown,United States 🇺🇸,357.1,Unknown,Unknown,-128,Moored,Unknown,Unknown
VEGOMO V,244024762,51.9859,4.672,0,2025-11-05 14:17:44.486535467 +0000 UTC,Unknown,DarkTurquoise,Unknown,Unknown,Unknown,Unknown,Netherlands 🇳🇱,360,Unknown,Unknown,-128,Under way using engine,Unknown,Unknown
OV RYVINGEN         ,257056880,59.4166,10.4993,0,2025-11-05 14:17:44.487461437 +0000 UTC,Unknown,DarkTurquoise,Unknown,Unknown,Unknown,Unknown,Norway 🇳🇴,269.5,Unknown,Unknown,0,Restricted manoeuvrability,Unknown,Unknown
VOLHARDING,244820128,52.262,5.3706,0,2025-11-05 14:17:44.492164602 +0000 UTC,Unknown,DarkTurquoise,Unknown,Unknown,Unknown,Unknown,Netherlands 🇳🇱,0,Unknown,Unknown,-128,Under way using engine,Unknown,Unknown
WIGHT SUN,235064777,50.7366,-1.508,8.7,2025-11-05 14:17:44.49310208 +0000 UTC,Unknown,DarkTurquoise,Unknown,Unknown,Unknown,Unknown,United Kingdom 🇬🇧,168.6,Unknown,Unknown,7,Under way using engine,Unknown,Unknown
Unknown Vessel,232029075,40.6193,0.6014,Unknown,2025-11-05 14:17:44.497434414 +0000 UTC,Unknown,DarkTurquoise,Unknown,Unknown,Unknown,Unknown,United Kingdom 🇬🇧,Unknown,17,5,Unknown,Unknown,Unknown,Unknown
THERESIA MAIER,211515570,49.4403,8.5054,10.7,2025-11-05 14:17:44.494885677 +0000 UTC,Unknown,DarkTurquoise,Unknown,Unknown,Unknown,Unknown,Germany 🇩🇪,320.4,Unknown,Unknown,-128,Under way using engine,Unknown,Unknown
ZK20 LAUWERSZEE,244293000,53.3746,6.8962,5.3,2025-11-05 14:17:44.498591121 +0000 UTC,Fishing,Gold,Unknown,Unknown,Unknown,Unknown,Netherlands 🇳🇱,159.9,Unknown,Unknown,0,Engaged in fishing,Unknown,Unknown
AN JU               ,511101183,1.2666,103.8717,0,2025-11-05 14:17:44.500255841 +0000 UTC,Unknown,DarkTurquoise,Unknown,Unknown,Unknown,Unknown,Palau 🇵🇼,289.1,Unknown,Unknown,0,Undefined,Unknown,Unknown
MAAIKE,244740200,51.9121,4.4186,0,2025-11-05 14:17:44.501654168 +0000 UTC,Unknown,DarkTurquoise,Unknown,Unknown,Unknown,Unknown,Netherlands 🇳🇱,0,Unknown,Unknown,-128,Under way using engine,Unknown,Unknown
SOUTHERN STAR,503161350,-32.0679,115.7461,Unknown,2025-11-05 14:17:44.50428224 +0000 UTC,Unknown,DarkTurquoise,Unknown,Unknown,Unknown,Unknown,Australia 🇦🇺,Unknown,Unknown,Unknown,Unknown,Unknown,Unknown,Unknown
ANDIAMO,338432603,39.0079,-76.4353,Unknown,2025-11-05 14:17:44.505761768 +0000 UTC,Unknown,DarkTurquoise,Unknown,Unknown,Unknown,Unknown,United States 🇺🇸,Unknown,Unknown,Unknown,Unknown,Unknown,Unknown,Unknown
LADY DEE            ,244814000,37.929,23.6831,0,2025-11-05 14:17:44.507177435 +0000 UTC,Unknown,DarkTurquoise,Unknown,Unknown,Unknown,Unknown,Netherlands 🇳🇱,318.4,Unknown,Unknown,0,Moored,Unknown,Unknown
ECODREAM            ,239550200,38.0377,23.5334,Unknown,2025-11-05 14:17:44.509373843 +0000 UTC,Tanker,Navy,PERIOCHI            ,DEPRC,Perrich,Germany,Greece 🇬🇷,Unknown,52,7,Unknown,Unknown,8865640,3.2
Unknown Vessel,232040955,49.2827,-0.2472,0,2025-11-05 14:17:44.510747852 +0000 UTC,Unknown,DarkTurquoise,Unknown,Unknown,Unknown,Unknown,United Kingdom 🇬🇧,345.8,Unknown,Unknown,0,,Unknown,Unknown
F/V LENA-JADE       ,228238600,49.5331,-0.4867,2.4,2025-11-05 14:17:44.511961283 +0000 UTC,Unknown,DarkTurquoise,Unknown,Unknown,Unknown,Unknown,France 🇫🇷,90.7,Unknown,Unknown,-128,Undefined,Unknown,Unknown
THETIS,244690968,53.0035,5.7139,7.1,2025-11-05 14:17:44.513552917 +0000 UTC,Unknown,DarkTurquoise,Unknown,Unknown,Unknown,Unknown,Netherlands 🇳🇱,230,Unknown,Unknown,-128,Under way using engine,Unknown,Unknown
ADLER I,211549030,54.3664,10.1318,0,2025-11-05 14:17:44.514807089 +0000 UTC,Unknown,DarkTurquoise,Unknown,Unknown,Unknown,Unknown,Germany 🇩🇪,360,Unknown,Unknown,-128,Under way using engine,Unknown,Unknown
EXTERMINATOR     ,235109009,51.5077,-0.0799,0,2025-11-05 14:17:44.516319229 +0000 UTC,Unknown,DarkTurquoise,Unknown,Unknown,Unknown,Unknown,United Kingdom 🇬🇧,0,Unknown,Unknown,-128,Under way using engine,Unknown,Unknown
WSF CHIMACUM        ,367712660,47.5132,-122.4612,8.2,2025-11-05 14:17:44.51749478 +0000 UTC,Unknown,DarkTurquoise,Unknown,Unknown,Unknown,Unknown,United States 🇺🇸,44.1,Unknown,Unknown,127,Under way using engine,Unknown,Unknown
EMMA,244110243,28.466,-16.2442,Unknown,2025-11-05 14:17:44.521486999 +0000 UTC,Unknown,DarkTurquoise,Unknown,Unknown,Unknown,Unknown,Netherlands 🇳🇱,Unknown,Unknown,Unknown,Unknown,Unknown,Unknown,Unknown
LONG ISLAND         ,368376960,41.1197,-73.1765,15.4,2025-11-05 14:17:44.522549515 +0000 UTC,Unknown,DarkTurquoise,Unknown,Unknown,Unknown,Unknown,United States 🇺🇸,159.8,Unknown,Unknown,-127,Under way using engine,Unknown,Unknown
GOLDEN GATE         ,366778450,37.9448,-122.5084,0,2025-11-05 14:17:44.526753135 +0000 UTC,Unknown,DarkTurquoise,Unknown,Unknown,Unknown,Unknown,United States 🇺🇸,265.8,Unknown,Unknown,0,Under way using engine,Unknown,Unknown
CAPT. CHARLIE WEAVER,368364070,29.7524,-95.0963,6.9,2025-11-05 14:17:44.528495011 +0000 UTC,Unknown,DarkTurquoise,Unknown,Unknown,Unknown,Unknown,United States 🇺🇸,215.4,Unknown,Unknown,0,,Unknown,Unknown
LILBO               ,677039100,40.6931,19.2597,8.6,2025-11-05 14:17:44.530235809 +0000 UTC,Unknown,DarkTurquoise,Unknown,Unknown,Unknown,Unknown,Tanzania 🇹🇿,4.6,Unknown,Unknown,0,Under way using engine,Unknown,Unknown
Unknown Vessel,244820911,52.5211,5.4284,10,2025-11-05 14:17:44.531089681 +0000 UTC,Unknown,DarkTurquoise,Unknown,Unknown,Unknown,Unknown,Netherlands 🇳🇱,352.5,Unknown,Unknown,-128,Under way using engine,Unknown,Unknown
ANJUNA,368306410,32.832,-79.933,Unknown,2025-11-05 14:17:44.533332147 +0000 UTC,Unknown,DarkTurquoise,Unknown,Unknown,Unknown,Unknown,United States 🇺🇸,Unknown,Unknown,Unknown,Unknown,Unknown,Unknown,Unknown
ALBION,235065995,50.7956,-1.1088,0,2025-11-05 14:17:44.537453134 +0000 UTC,Unknown,DarkTurquoise,Unknown,Unknown,Unknown,Unknown,United Kingdom 🇬🇧,343.3,Unknown,Unknown,-128,Under way using engine,Unknown,Unknown
FEMOESUND,219000809,54.9723,11.5075,8.4,2025-11-05 14:17:44.538649058 +0000 UTC,Unknown,DarkTurquoise,Unknown,Unknown,Unknown,Unknown,Denmark 🇩🇰,273.9,Unknown,Unknown,0,Under way using engine,Unknown,Unknown
NOVUM,244670589,51.2176,2.9753,Unknown,2025-11-05 14:17:44.539995636 +0000 UTC,Wing In Ground,OliveDrab,                    ,Unknown,Unknown,Unknown,Netherlands 🇳🇱,Unknown,86,10,Unknown,Unknown,0,0
FORTH WARRIOR       ,235116011,56.0568,-3.2325,0,2025-11-05 14:17:44.677590956 +0000 UTC,Tug Boat,Silver,BURNTISLAND         ,Unknown,Unknown,Unknown,United Kingdom 🇬🇧,306.3,27,12,0,Moored,9803742,2.8
CONTAINERSHIPSAURORA,209659000,54.6661,-0.9673,9.5,2025-11-05 14:17:44.542589909 +0000 UTC,Unknown,DarkTurquoise,Unknown,Unknown,Unknown,Unknown,Cyprus 🇨🇾,286.3,Unknown,Unknown,0,Under way using engine,Unknown,Unknown
RAY S               ,368019060,29.9805,-93.8732,7.1,2025-11-05 14:17:44.543643523 +0000 UTC,Unknown,DarkTurquoise,Unknown,Unknown,Unknown,Unknown,United States 🇺🇸,101.7,Unknown,Unknown,0,Moored,Unknown,Unknown
SABINE PILOT        ,366896250,29.7206,-93.8649,0,2025-11-05 14:17:44.544785316 +0000 UTC,Unknown,DarkTurquoise,Unknown,Unknown,Unknown,Unknown,United States 🇺🇸,345.3,Unknown,Unknown,0,Under way using engine,Unknown,Unknown
COLONEL             ,367053160,29.2774,-94.8547,0,2025-11-05 14:17:44.547408055 +0000 UTC,Unknown,DarkTurquoise,Unknown,Unknown,Unknown,Unknown,United States 🇺🇸,275.9,Unknown,Unknown,-128,Under way using engine,Unknown,Unknown
EASTLAND            ,367401170,29.97,-93.8501,0,2025-11-05 14:17:44.549441792 +0000 UTC,Unknown,DarkTurquoise,Unknown,Unknown,Unknown,Unknown,United States 🇺🇸,325.5,Unknown,Unknown,0,,Unknown,Unknown
SUBSEA RESPONDER    ,538010258,29.6034,-93.7538,0.1,2025-11-05 14:17:44.548482972 +0000 UTC,Unknown,DarkTurquoise,Unknown,Unknown,Unknown,Unknown,Marshall Islands 🇲🇭,280.2,Unknown,Unknown,0,Under way using engine,Unknown,Unknown
CAPT. GARY E. MOSS  ,367647650,29.9677,-93.8603,0,2025-11-05 14:17:44.550883412 +0000 UTC,Unknown,DarkTurquoise,Unknown,Unknown,Unknown,Unknown,United States 🇺🇸,84.5,Unknown,Unknown,-128,Under way using engine,Unknown,Unknown
INDEPENDENCE        ,367589280,29.9687,-93.8598,0,2025-11-05 14:17:44.551965382 +0000 UTC,Unknown,DarkTurquoise,Unknown,Unknown,Unknown,Unknown,United States 🇺🇸,313.6,Unknown,Unknown,0,Under way using engine,Unknown,Unknown
AMG,368421570,25.7683,-80.138,Unknown,2025-11-05 14:17:44.554306446 +0000 UTC,Unknown,DarkTurquoise,Unknown,Unknown,Unknown,Unknown,United States 🇺🇸,Unknown,Unknown,Unknown,Unknown,Unknown,Unknown,Unknown
DCN SINJOOR,244000455,51.2422,4.4118,0.1,2025-11-05 14:17:44.555725826 +0000 UTC,Unknown,DarkTurquoise,Unknown,Unknown,Unknown,Unknown,Netherlands 🇳🇱,360,Unknown,Unknown,-128,Aground,Unknown,Unknown
EAGLE II            ,368091590,25.7641,-80.1444,0,2025-11-05 14:17:44.556828345 +0000 UTC,Unknown,DarkTurquoise,Unknown,Unknown,Unknown,Unknown,United States 🇺🇸,360,Unknown,Unknown,-128,Under way using engine,Unknown,Unknown
ELJA,244690099,51.5058,4.2575,2.8,2025-11-05 14:17:44.558201664 +0000 UTC,Unknown,DarkTurquoise,Unknown,Unknown,Unknown,Unknown,Netherlands 🇳🇱,296.7,Unknown,Unknown,-128,Under way using engine,Unknown,Unknown
EL YELMO ,238794140,28.8566,-13.8133,0,2025-11-05 14:17:44.559225186 +0000 UTC,Unknown,DarkTurquoise,Unknown,Unknown,Unknown,Unknown,Croatia 🇭🇷,360,Unknown,Unknown,20,Under way using engine,Unknown,Unknown
VANILLA,240265300,37.9125,23.7063,Unknown,2025-11-05 14:17:44.560773135 +0000 UTC,Sailing Boat,DarkSlateBlue,MOLOS,BEMLO,Mol,Belgium,Greece 🇬🇷,Unknown,13,5,Unknown,Unknown,0,2
M.V.EMMAYA          ,215525000,35.8315,14.5492,Unknown,2025-11-05 14:17:44.561916214 +0000 UTC,Other Type,RoyalBlue,,Unknown,Unknown,Unknown,Malta 🇲🇹,Unknown,24,7,Unknown,Unknown,0,0
SALVAMAR ALNITAK    ,224277590,36.691,-4.4217,16.9,2025-11-05 14:17:44.563641864 +0000 UTC,Unknown,DarkTurquoise,Unknown,Unknown,Unknown,Unknown,Spain 🇪🇸,21.2,Unknown,Unknown,-127,Under way using engine,Unknown,Unknown
MARSEILLE MAERSK,219854000,56.1115,10.3526,0.1,2025-11-05 14:17:44.564889349 +0000 UTC,Unknown,DarkTurquoise,Unknown,Unknown,Unknown,Unknown,Denmark 🇩🇰,252.3,Unknown,Unknown,0,At anchor,Unknown,Unknown
TK 5,211420640,0.0,0.0,0,2025-11-05 14:17:44.566342407 +0000 UTC,Unknown,DarkTurquoise,Unknown,Unknown,Unknown,Unknown,Germany 🇩🇪,0,Unknown,Unknown,0,Under way using engine,Unknown,Unknown
Unknown Vessel,338516169,38.9647,-76.4793,Unknown,2025-11-05 14:17:44.568827189 +0000 UTC,Unknown,DarkTurquoise,Unknown,Unknown,Unknown,Unknown,United States 🇺🇸,Unknown,14,5,Unknown,Unknown,Unknown,Unknown
IJMEER,244750888,51.8847,4.456,0,2025-11-05 14:17:44.570455059 +0000 UTC,Unknown,DarkTurquoise,Unknown,Unknown,Unknown,Unknown,Netherlands 🇳🇱,360,Unknown,Unknown,-128,Under way using engine,Unknown,Unknown
CAROL JEAN          ,366923440,41.3062,-71.5248,15.5,2025-11-05 14:17:44.573261952 +0000 UTC,Unknown,DarkTurquoise,Unknown,Unknown,Unknown,Unknown,United States 🇺🇸,184.7,Unknown,Unknown,0,Under way using engine,Unknown,Unknown
STORM PEARL         ,577104000,36.3256,35.2443,0.1,2025-11-05 14:17:44.574321623 +0000 UTC,Unknown,DarkTurquoise,Unknown,Unknown,Unknown,Unknown,Vanuatu 🇻🇺,332.9,Unknown,Unknown,0,Under way using engine,Unknown,Unknown
SPANACO SIMPLICITY  ,305069000,53.7008,-0.8712,0,2025-11-05 14:17:44.575703327 +0000 UTC,Unknown,DarkTurquoise,Unknown,Unknown,Unknown,Unknown,Antigua and Barbuda 🇦🇬,341,Unknown,Unknown,0,Under way using engine,Unknown,Unknown
MIRASOL,338171587,36.922,-76.1813,Unknown,2025-11-05 14:17:44.578343771 +0000 UTC,Unknown,DarkTurquoise,Unknown,Unknown,Unknown,Unknown,United States 🇺🇸,Unknown,Unknown,Unknown,Unknown,Unknown,Unknown,Unknown
Unknown Vessel,265714330,59.3263,18.0885,Unknown,2025-11-05 14:17:44.579593247 +0000 UTC,Unknown,DarkTurquoise,Unknown,Unknown,Unknown,Unknown,Sweden 🇸🇪,Unknown,11,4,Unknown,Unknown,Unknown,Unknown
OCEAN GORDON        ,316022038,47.5723,-122.3549,3.9,2025-11-05 14:17:44.582081542 +0000 UTC,Unknown,DarkTurquoise,Unknown,Unknown,Unknown,Unknown,Canada 🇨🇦,317,Unknown,Unknown,0,Under way using engine,Unknown,Unknown
FORT BOYARD         ,227009750,47.7272,-3.3638,0,2025-11-05 14:17:44.583397024 +0000 UTC,Unknown,DarkTurquoise,Unknown,Unknown,Unknown,Unknown,France 🇫🇷,311.9,Unknown,Unknown,0,Restricted manoeuvrability,Unknown,Unknown
SVITZER REDHEAD     ,503000147,-32.0504,115.7444,0,2025-11-05 14:17:44.584631872 +0000 UTC,Unknown,DarkTurquoise,Unknown,Unknown,Unknown,Unknown,Australia 🇦🇺,202.5,Unknown,Unknown,0,Under way using engine,Unknown,Unknown
GUSTAV,218031040,52.492,13.4863,0,2025-11-05 14:17:44.586322665 +0000 UTC,Unknown,DarkTurquoise,Unknown,Unknown,Unknown,Unknown,Germany 🇩🇪,360,Unknown,Unknown,-128,Under way using engine,Unknown,Unknown
RNLI LIFEBOAT 17-32,235005118,50.6075,-2.4503,0,2025-11-05 14:17:44.587356674 +0000 UTC,Unknown,DarkTurquoise,Unknown,Unknown,Unknown,Unknown,United Kingdom 🇬🇧,360,Unknown,Unknown,-128,Undefined,Unknown,Unknown
MERCURY ACE         ,370644000,47.796,-5.5478,15.5,2025-11-05 14:17:44.588608347 +0000 UTC,Unknown,DarkTurquoise,Unknown,Unknown,Unknown,Unknown,Panama 🇵🇦,145.4,Unknown,Unknown,-10,Under way using engine,Unknown,Unknown
JOHN YNGVE,257138120,69.6528,18.996,Unknown,2025-11-05 14:17:44.589818181 +0000 UTC,Unknown,DarkTurquoise,Unknown,Unknown,Unknown,Unknown,Norway 🇳🇴,Unknown,Unknown,Unknown,Unknown,Unknown,Unknown,Unknown
BIESBOSCH,244750828,51.8847,4.4559,0,2025-11-05 14:17:44.591091789 +0000 UTC,Unknown,DarkTurquoise,Unknown,Unknown,Unknown,Unknown,Netherlands 🇳🇱,360,Unknown,Unknown,-128,Under way using engine,Unknown,Unknown
KATE GOLDING        ,367651810,29.7337,-95.1379,0,2025-11-05 14:17:44.594259852 +0000 UTC,Unknown,DarkTurquoise,Unknown,Unknown,Unknown,Unknown,United States 🇺🇸,344.7,Unknown,Unknown,0,Under way using engine,Unknown,Unknown
CAPT ROBB           ,368107670,30.108,-93.291,Unknown,2025-11-05 14:17:44.595595962 +0000 UTC,Tug Boat,Silver,US^0VRS>?? ???      ,Unknown,Unknown,Unknown,United States 🇺🇸,Unknown,30,10,Unknown,Unknown,9921544,5.5
CASEY GIRL,368202320,47.6291,-122.3929,Unknown,2025-11-05 14:17:44.598727092 +0000 UTC,Unknown,DarkTurquoise,Unknown,Unknown,Unknown,Unknown,United States 🇺🇸,Unknown,Unknown,Unknown,Unknown,Unknown,Unknown,Unknown
DORIS,244024829,52.3997,4.8774,0,2025-11-05 14:17:44.605532529 +0000 UTC,Unknown,DarkTurquoise,Unknown,Unknown,Unknown,Unknown,Netherlands 🇳🇱,360,Unknown,Unknown,-128,Under way using engine,Unknown,Unknown
Unknown Vessel,338361065,47.6658,-122.3886,Unknown,2025-11-05 14:17:44.606545187 +0000 UTC,Unknown,DarkTurquoise,Unknown,Unknown,Unknown,Unknown,United States 🇺🇸,Unknown,18,5,Unknown,Unknown,Unknown,Unknown
ZK9 ANTONIA,244830939,53.336,6.3005,0,2025-11-05 14:17:44.607435278 +0000 UTC,Unknown,DarkTurquoise,Unknown,Unknown,Unknown,Unknown,Netherlands 🇳🇱,360,Unknown,Unknown,-128,Under way using engine,Unknown,Unknown
STOER,211757370,53.5294,10.0405,0,2025-11-05 14:17:44.608343994 +0000 UTC,Unknown,DarkTurquoise,Unknown,Unknown,Unknown,Unknown,Germany 🇩🇪,0,Unknown,Unknown,0,Under way using engine,Unknown,Unknown
WILHELM KROOSS      ,211440680,53.7994,9.3932,10.2,2025-11-05 14:17:44.609816385 +0000 UTC,Unknown,DarkTurquoise,Unknown,Unknown,Unknown,Unknown,Germany 🇩🇪,327.2,Unknown,Unknown,0,Undefined,Unknown,Unknown
PANTHER Z           ,239842700,38.0244,23.5917,0,2025-11-05 14:17:44.610998355 +0000 UTC,Unknown,DarkTurquoise,Unknown,Unknown,Unknown,Unknown,Greece 🇬🇷,308,Unknown,Unknown,-128,Under way using engine,Unknown,Unknown
WEN HUNG NO.668     ,416000303,-20.1548,57.4975,Unknown,2025-11-05 14:17:44.612572763 +0000 UTC,Unknown,DarkTurquoise,Unknown,Unknown,Unknown,Unknown,Taiwan 🇹🇼,Unknown,Unknown,Unknown,Unknown,Unknown,Unknown,Unknown
ZES BROEDERS,244770903,52.0131,6.0462,0,2025-11-05 14:17:44.615130609 +0000 UTC,Unknown,DarkTurquoise,Unknown,Unknown,Unknown,Unknown,Netherlands 🇳🇱,360,Unknown,Unknown,-128,Moored,Unknown,Unknown
ALLISON,601179900,-33.9324,18.3274,5.3,2025-11-05 14:17:44.616653938 +0000 UTC,Unknown,DarkTurquoise,Unknown,Unknown,Unknown,Unknown,South Africa 🇿🇦,29.2,Unknown,Unknown,-128,Under way using engine,Unknown,Unknown
ANDREAS,211881070,53.5362,9.9595,0,2025-11-05 14:17:44.620264158 +0000 UTC,Unknown,DarkTurquoise,Unknown,Unknown,Unknown,Unknown,Germany 🇩🇪,360,Unknown,Unknown,-128,Restricted manoeuvrability,Unknown,Unknown
TERN FORS           ,219029880,57.7704,10.1299,15.4,2025-11-05 14:17:44.621816107 +0000 UTC,Unknown,DarkTurquoise,Unknown,Unknown,Unknown,Unknown,Denmark 🇩🇰,116.5,Unknown,Unknown,-15,Under way using engine,Unknown,Unknown
HK78 HEIDI,244860827,52.3639,5.6293,0,2025-11-05 14:17:44.623244337 +0000 UTC,Fishing,Gold,Unknown,Unknown,Unknown,Unknown,Netherlands 🇳🇱,360,Unknown,Unknown,-128,Engaged in fishing,Unknown,Unknown
CALA MESQUIDA       ,225999596,41.3461,2.1526,0,2025-11-05 14:17:44.625979899 +0000 UTC,Unknown,DarkTurquoise,Unknown,Unknown,Unknown,Unknown,Spain 🇪🇸,277.2,Unknown,Unknown,0,Under way sailing,Unknown,Unknown
STORKY,244670029,52.5854,6.0938,0,2025-11-05 14:17:44.627048782 +0000 UTC,Unknown,DarkTurquoise,Unknown,Unknown,Unknown,Unknown,Netherlands 🇳🇱,360,Unknown,Unknown,-128,Under way using engine,Unknown,Unknown
SVITZER ODEN,231807000,57.6875,11.8944,0,2025-11-05 14:17:44.628322524 +0000 UTC,Unknown,DarkTurquoise,Unknown,Unknown,Unknown,Unknown,Faroe Islands (Denmark) 🇫🇴,354.1,Unknown,Unknown,0,Under way using engine,Unknown,Unknown
IOSIF K             ,241694000,37.9527,23.6076,0,2025-11-05 14:17:44.629483208 +0000 UTC,Unknown,DarkTurquoise,Unknown,Unknown,Unknown,Unknown,Greece 🇬🇷,131.5,Unknown,Unknown,0,Under way using engine,Unknown,Unknown
MELITA 4    ,256000087,35.8359,14.546,0,2025-11-05 14:17:44.630826908 +0000 UTC,Unknown,DarkTurquoise,Unknown,Unknown,Unknown,Unknown,Malta 🇲🇹,227.8,Unknown,Unknown,0,Under way using engine,Unknown,Unknown
LOESCHBOOT REPSOLD  ,211242870,53.5271,10.0577,0.1,2025-11-05 14:17:44.632111127 +0000 UTC,Unknown,DarkTurquoise,Unknown,Unknown,Unknown,Unknown,Germany 🇩🇪,210.7,Unknown,Unknown,-128,Under way using engine,Unknown,Unknown
DA CAPO,244051287,51.5483,4.2369,7.1,2025-11-05 14:17:44.634758176 +0000 UTC,Unknown,DarkTurquoise,Unknown,Unknown,Unknown,Unknown,Netherlands 🇳🇱,359.3,Unknown,Unknown,-128,Under way using engine,Unknown,Unknown
AMSTELPLUS,244710522,52.3839,4.9458,0,2025-11-05 14:17:44.636349387 +0000 UTC,Unknown,DarkTurquoise,Unknown,Unknown,Unknown,Unknown,Netherlands 🇳🇱,360,Unknown,Unknown,-128,Under way using engine,Unknown,Unknown
CATALYST  ,338598000,47.6644,-122.3864,0,2025-11-05 14:17:44.637463676 +0000 UTC,Unknown,DarkTurquoise,Unknown,Unknown,Unknown,Unknown,United States 🇺🇸,0,Unknown,Unknown,53,Under way using engine,Unknown,Unknown
MSC POLINA          ,636020740,44.4413,12.6105,14.7,2025-11-05 14:17:44.639250584 +0000 UTC,Unknown,DarkTurquoise,Unknown,Unknown,Unknown,Unknown,Liberia 🇱🇷,22.6,Unknown,Unknown,11,Under way using engine,Unknown,Unknown
MSC ANZU            ,255806496,44.1078,8.835,0.4,2025-11-05 14:17:44.642786854 +0000 UTC,Unknown,DarkTurquoise,Unknown,Unknown,Unknown,Unknown,Madeira (Portugal) 🇵🇹,281.3,Unknown,Unknown,-3,Under way using engine,Unknown,Unknown
PIETER COECKE       ,205099000,51.266,4.2916,0.9,2025-11-05 14:17:44.64563567 +0000 UTC,Unknown,DarkTurquoise,Unknown,Unknown,Unknown,Unknown,Belgium 🇧🇪,5.8,Unknown,Unknown,127,Restricted manoeuvrability,Unknown,Unknown
LA GAVIOTA,205901610,51.1941,3.2264,Unknown,2025-11-05 14:17:44.647813313 +0000 UTC,Unknown,DarkTurquoise,Unknown,Unknown,Unknown,Unknown,Belgium 🇧🇪,Unknown,Unknown,Unknown,Unknown,Unknown,Unknown,Unknown
WAB0 3              ,244790541,52.3779,4.92,0,2025-11-05 14:17:44.648985802 +0000 UTC,Unknown,DarkTurquoise,Unknown,Unknown,Unknown,Unknown,Netherlands 🇳🇱,297.7,Unknown,Unknown,-128,Under way using engine,Unknown,Unknown
RESCUER,219020688,57.5984,11.7933,0,2025-11-05 14:17:44.651006132 +0000 UTC,Unknown,DarkTurquoise,Unknown,Unknown,Unknown,Unknown,Denmark 🇩🇰,360,Unknown,Unknown,0,Under way using engine,Unknown,Unknown
JAG ARNAV           ,419000984,-33.2791,115.5787,0.2,2025-11-05 14:17:44.652359456 +0000 UTC,Unknown,DarkTurquoise,Unknown,Unknown,Unknown,Unknown,India 🇮🇳,274.8,Unknown,Unknown,0,At anchor,Unknown,Unknown
SVITZER AVON        ,232011021,51.4958,-2.7232,Unknown,2025-11-05 14:17:44.654095537 +0000 UTC,Tug Boat,Silver,PORTBURY/AVONMOUTH  ,Unknown,Unknown,Unknown,United Kingdom 🇬🇧,Unknown,28,12,Unknown,Unknown,9788162,5.7
OKEANOS EXPLORER    ,369888000,21.3677,-157.964,0,2025-11-05 14:17:44.656280707 +0000 UTC,Unknown,DarkTurquoise,Unknown,Unknown,Unknown,Unknown,United States 🇺🇸,61.4,Unknown,Unknown,0,Moored,Unknown,Unknown
RIJNPLUS,244690410,51.8675,4.3216,Unknown,2025-11-05 14:17:44.657620838 +0000 UTC,Other Type,RoyalBlue,BUNKEREN ROTTERDAM,NLRTM,Rotterdam,Netherlands,Netherlands 🇳🇱,Unknown,28,5,Unknown,Unknown,0,0
SIXTINE             ,248742000,51.8967,4.2356,0,2025-11-05 14:17:44.660067949 +0000 UTC,Unknown,DarkTurquoise,Unknown,Unknown,Unknown,Unknown,Malta 🇲🇹,350.3,Unknown,Unknown,0,Under way using engine,Unknown,Unknown
JEPPE,219024336,56.0388,12.6783,8.9,2025-11-05 14:17:44.658951656 +0000 UTC,Unknown,DarkTurquoise,Unknown,Unknown,Unknown,Unknown,Denmark 🇩🇰,61.5,Unknown,Unknown,0,Under way using engine,Unknown,Unknown
TAMMAR              ,503753000,-12.4557,130.8471,Unknown,2025-11-05 14:17:44.660976099 +0000 UTC,Unknown,DarkTurquoise,Unknown,Unknown,Unknown,Unknown,Australia 🇦🇺,Unknown,Unknown,Unknown,Unknown,Unknown,Unknown,Unknown
BURCHANA            ,211232350,53.3256,7.3426,0,2025-11-05 14:17:44.662620145 +0000 UTC,Unknown,DarkTurquoise,Unknown,Unknown,Unknown,Unknown,Germany 🇩🇪,329.6,Unknown,Unknown,0,Undefined,Unknown,Unknown
CIELO DI GAETA      ,229632000,49.4795,0.1839,0,2025-11-05 14:17:44.6636709 +0000 UTC,Unknown,DarkTurquoise,Unknown,Unknown,Unknown,Unknown,Malta 🇲🇹,317.2,Unknown,Unknown,0,Moored,Unknown,Unknown
TEXAS TRANSPORTER   ,368184080,29.7335,-95.1996,0,2025-11-05 14:17:44.666947036 +0000 UTC,Unknown,DarkTurquoise,Unknown,Unknown,Unknown,Unknown,United States 🇺🇸,226.1,Unknown,Unknown,0,Moored,Unknown,Unknown
OLYMPIA   ,244308718,51.8571,6.0921,0,2025-11-05 14:17:44.668243115 +0000 UTC,Unknown,DarkTurquoise,Unknown,Unknown,Unknown,Unknown,Netherlands 🇳🇱,360,Unknown,Unknown,-128,Under way using engine,Unknown,Unknown
RNLITRAINING IAN&ANN,235038991,50.7764,-1.3597,0.3,2025-11-05 14:17:44.669598241 +0000 UTC,Unknown,DarkTurquoise,Unknown,Unknown,Unknown,Unknown,United Kingdom 🇬🇧,245.6,Unknown,Unknown,-128,Under way using engine,Unknown,Unknown
LA FERROSA,224304660,41.3048,2.1715,11.4,2025-11-05 14:17:44.67326741 +0000 UTC,Fishing,Gold,Unknown,Unknown,Unknown,Unknown,Spain 🇪🇸,18.4,Unknown,Unknown,127,Engaged in fishing,Unknown,Unknown
LU QING YUAN YU 208 ,412329689,1.2294,103.8199,Unknown,2025-11-05 14:17:44.675182647 +0000 UTC,Fishing,Gold,FISHING GROUND      ,Unknown,Unknown,Unknown,China 🇨🇳,Unknown,65,13,Unknown,Unknown,9737979,6.5
Unknown Vessel,232050069,49.4606,-2.5307,Unknown,2025-11-05 14:17:44.675987373 +0000 UTC,Unknown,DarkTurquoise,Unknown,Unknown,Unknown,Unknown,United Kingdom 🇬🇧,Unknown,14,4,Unknown,Unknown,Unknown,Unknown
GLADIUS,240588800,37.911,23.704,0,2025-11-05 14:17:44.676828701 +0000 UTC,Unknown,DarkTurquoise,Unknown,Unknown,Unknown,Unknown,Greece 🇬🇷,269.7,Unknown,Unknown,0,Under way using engine,Unknown,Unknown
TUIKKU          ,230025040,60.1644,24.9554,0,2025-11-05 14:17:44.678967579 +0000 UTC,Unknown,DarkTurquoise,Unknown,Unknown,Unknown,Unknown,Finland 🇫🇮,242,Unknown,Unknown,0,Restricted manoeuvrability,Unknown,Unknown
PRESIDENT JF KENNEDY,244780644,52.3575,4.9722,0,2025-11-05 14:17:44.680171029 +0000 UTC,Unknown,DarkTurquoise,Unknown,Unknown,Unknown,Unknown,Netherlands 🇳🇱,360,Unknown,Unknown,-128,Under way using engine,Unknown,Unknown
EEMS DOLLARD,245497000,51.1404,-4.5633,7.1,2025-11-05 14:17:44.681709768 +0000 UTC,Unknown,DarkTurquoise,Unknown,Unknown,Unknown,Unknown,Netherlands 🇳🇱,242,Unknown,Unknown,0,Under way using engine,Unknown,Unknown
BF DEFENDER         ,235098051,51.3296,1.4232,0,2025-11-05 14:17:44.687577421 +0000 UTC,Unknown,DarkTurquoise,Unknown,Unknown,Unknown,Unknown,United Kingdom 🇬🇧,274.8,Unknown,Unknown,0,Moored,Unknown,Unknown
WESTGEUL,244700333,51.8146,4.7819,9.4,2025-11-05 14:17:44.68865431 +0000 UTC,Unknown,DarkTurquoise,Unknown,Unknown,Unknown,Unknown,Netherlands 🇳🇱,91.2,Unknown,Unknown,-128,Under way using engine,Unknown,Unknown
PAYTON GRACE MORAN  ,367653620,25.7647,-80.1453,0.4,2025-11-05 14:17:44.690621833 +0000 UTC,Unknown,DarkTurquoise,Unknown,Unknown,Unknown,Unknown,United States 🇺🇸,127.8,Unknown,Unknown,-127,Under way using engine,Unknown,Unknown
3638,3638,55.3322,10.9649,0,2025-11-05 14:17:44.69571113 +0000 UTC,Unknown,DarkTurquoise,Unknown,Unknown,Unknown,Unknown,Unknown,0,Unknown,Unknown,-128,Undefined,Unknown,Unknown
ELENI               ,319331200,44.3943,8.9321,0,2025-11-05 14:17:44.696750036 +0000 UTC,Unknown,DarkTurquoise,Unknown,Unknown,Unknown,Unknown,Cayman Islands (British Overseas Territory) 🇰🇾,334.8,Unknown,Unknown,0,Under way using engine,Unknown,Unknown
SHIN MEI MARU       ,431100922,35.1782,140.5475,18.6,2025-11-05 14:17:44.697702792 +0000 UTC,Unknown,DarkTurquoise,Unknown,Unknown,Unknown,Unknown,Japan 🇯🇵,40.7,Unknown,Unknown,0,Under way using engine,Unknown,Unknown
FRANCES SWAYZE      ,367586750,29.659,-91.2422,4.3,2025-11-05 14:17:44.698765602 +0000 UTC,Unknown,DarkTurquoise,Unknown,Unknown,Unknown,Unknown,United States 🇺🇸,54.1,Unknown,Unknown,0,,Unknown,Unknown
ODIN                ,244926354,51.9348,5.4028,6.3,2025-11-05 14:17:44.701504769 +0000 UTC,Unknown,DarkTurquoise,Unknown,Unknown,Unknown,Unknown,Netherlands 🇳🇱,305.9,Unknown,Unknown,-128,Restricted manoeuvrability,Unknown,Unknown
AEOLUS,338310323,47.6824,-122.4048,Unknown,2025-11-05 14:17:44.703610648 +0000 UTC,Unknown,DarkTurquoise,Unknown,Unknown,Unknown,Unknown,United States 🇺🇸,Unknown,Unknown,Unknown,Unknown,Unknown,Unknown,Unknown
SURI                ,247381400,45.8138,13.2233,Unknown,2025-11-05 14:17:44.704976024 +0000 UTC,Tug Boat,Silver,ITPNG               ,Unknown,Unknown,Unknown,Italy 🇮🇹,Unknown,26,10,Unknown,Unknown,9847803,2.7
NAWATRANS 10,211514170,51.4447,6.7425,0,2025-11-05 14:17:44.707554182 +0000 UTC,Unknown,DarkTurquoise,Unknown,Unknown,Unknown,Unknown,Germany 🇩🇪,360,Unknown,Unknown,-128,Moored,Unknown,Unknown
ALASKA VENTURE,367081260,47.6659,-122.3932,0,2025-11-05 14:17:44.717275411 +0000 UTC,Unknown,DarkTurquoise,Unknown,Unknown,Unknown,Unknown,United States 🇺🇸,0,Unknown,Unknown,0,Under way using engine,Unknown,Unknown
A-ROSA ALVA,263752990,41.138,-8.6183,0,2025-11-05 14:17:44.711668779 +0000 UTC,Unknown,DarkTurquoise,Unknown,Unknown,Unknown,Unknown,Portugal 🇵🇹,360,Unknown,Unknown,-128,Under way using engine,Unknown,Unknown
BOSPOROS            ,538008904,28.4925,-13.8555,0,2025-11-05 14:17:44.713229863 +0000 UTC,Unknown,DarkTurquoise,Unknown,Unknown,Unknown,Unknown,Marshall Islands 🇲🇭,300.1,Unknown,Unknown,0,Moored,Unknown,Unknown
CANCUN              ,345110001,20.5705,-87.0186,21.5,2025-11-05 14:17:44.716033222 +0000 UTC,Unknown,DarkTurquoise,Unknown,Unknown,Unknown,Unknown,Mexico 🇲🇽,127.7,Unknown,Unknown,-128,Under way using engine,Unknown,Unknown
MARINER             ,368110050,48.5221,-122.6111,Unknown,2025-11-05 14:17:44.718521414 +0000 UTC,Tug Boat,Silver,SEATTLE             ,Unknown,Unknown,Unknown,United States 🇺🇸,Unknown,26,10,Unknown,Unknown,0,4.5
RIAN,244740939,51.2217,3.2336,1.5,2025-11-05 14:17:44.719651575 +0000 UTC,Unknown,DarkTurquoise,Unknown,Unknown,Unknown,Unknown,Netherlands 🇳🇱,325.8,Unknown,Unknown,-128,Undefined,Unknown,Unknown
CORAL,244770498,51.8459,5.8171,0,2025-11-05 14:17:44.720662432 +0000 UTC,Unknown,DarkTurquoise,Unknown,Unknown,Unknown,Unknown,Netherlands 🇳🇱,360,Unknown,Unknown,-128,Under way using engine,Unknown,Unknown
HDMS MSF 3,219000471,55.8673,10.978,4.9,2025-11-05 14:17:44.722599677 +0000 UTC,Unknown,DarkTurquoise,Unknown,Unknown,Unknown,Unknown,Denmark 🇩🇰,38.2,Unknown,Unknown,0,Under way using engine,Unknown,Unknown
GOETHE,211877010,50.9717,6.9873,0,2025-11-05 14:17:44.723581047 +0000 UTC,Unknown,DarkTurquoise,Unknown,Unknown,Unknown,Unknown,Germany 🇩🇪,180.5,Unknown,Unknown,-128,At anchor,Unknown,Unknown
SAUGER,211121480,53.0539,8.8776,0,2025-11-05 14:17:44.724655596 +0000 UTC,Unknown,DarkTurquoise,Unknown,Unknown,Unknown,Unknown,Germany 🇩🇪,360,Unknown,Unknown,-128,Under way using engine,Unknown,Unknown
KINGFISHER          ,538003974,53.1233,8.686,0,2025-11-05 14:17:46.665251006 +0000 UTC,Cargo,ForestGreen,DE BRE              ,DEBRE,Bremen,Germany,Marshall Islands 🇲🇭,100.5,190,32,0,Moored,9441348,10.3
OCEANA,211502930,53.0768,8.7846,0,2025-11-05 14:17:44.727054227 +0000 UTC,Unknown,DarkTurquoise,Unknown,Unknown,Unknown,Unknown,Germany 🇩🇪,360,Unknown,Unknown,-128,Not under command,Unknown,Unknown
HOL DEEP            ,211116250,53.1084,8.749,0,2025-11-05 14:17:44.730302513 +0000 UTC,Unknown,DarkTurquoise,Unknown,Unknown,Unknown,Unknown,Germany 🇩🇪,112.7,Unknown,Unknown,-128,Under way using engine,Unknown,Unknown
WERDERLAND,211627320,53.1313,8.8647,0,2025-11-05 14:17:44.731753796 +0000 UTC,Unknown,DarkTurquoise,Unknown,Unknown,Unknown,Unknown,Germany 🇩🇪,0,Unknown,Unknown,0,Moored,Unknown,Unknown
BRIDGET MCALLISTER  ,367576060,39.269,-76.5808,0,2025-11-05 14:17:46.991489812 +0000 UTC,Tug Boat,Silver,BALTIMORE_MD        ,Unknown,Unknown,Unknown,United States 🇺🇸,310.1,23,10,0,Under way using engine,9369215,0
SANMARTIN           ,225990254,42.2401,-8.7297,0,2025-11-05 14:17:44.738285055 +0000 UTC,Unknown,DarkTurquoise,Unknown,Unknown,Unknown,Unknown,Spain 🇪🇸,360,Unknown,Unknown,0,Under way using engine,Unknown,Unknown
VB KODIAK           ,205484000,51.3317,4.2719,7.3,2025-11-05 14:17:44.739833438 +0000 UTC,Unknown,DarkTurquoise,Unknown,Unknown,Unknown,Unknown,Belgium 🇧🇪,185.7,Unknown,Unknown,-128,Under way using engine,Unknown,Unknown
TRYGVE BRAARUD,257059600,59.9115,10.6423,Unknown,2025-11-05 14:17:44.744404441 +0000 UTC,Dredging or Underwater Operations,Black,MARIN RESEARCH,NOREE,Re,Norway,Norway 🇳🇴,Unknown,23,8,Unknown,Unknown,0,4.4
SALIX,457440000,51.3741,3.0529,8,2025-11-05 14:17:44.746762227 +0000 UTC,Unknown,DarkTurquoise,Unknown,Unknown,Unknown,Unknown,Mongolia 🇲🇳,268.9,Unknown,Unknown,0,Under way using engine,Unknown,Unknown
Z189 CORNELIS GERRIT,205690000,51.2333,2.9317,0,2025-11-05 14:17:44.748931085 +0000 UTC,Fishing,Gold,Unknown,Unknown,Unknown,Unknown,Belgium 🇧🇪,334.6,Unknown,Unknown,0,Engaged in fishing,Unknown,Unknown
SCORPIUS            ,636020202,51.4309,2.5975,0.5,2025-11-05 14:17:44.75000267 +0000 UTC,Unknown,DarkTurquoise,Unknown,Unknown,Unknown,Unknown,Liberia 🇱🇷,176,Unknown,Unknown,0,At anchor,Unknown,Unknown
ODYSSEE ,205240870,51.2243,2.9403,Unknown,2025-11-05 14:17:44.751086229 +0000 UTC,Unknown,DarkTurquoise,Unknown,Unknown,Unknown,Unknown,Belgium 🇧🇪,Unknown,Unknown,Unknown,Unknown,Unknown,Unknown,Unknown
Unknown Vessel,367775970,47.6088,-122.209,Unknown,2025-11-05 14:17:44.75266267 +0000 UTC,Unknown,DarkTurquoise,Unknown,Unknown,Unknown,Unknown,United States 🇺🇸,Unknown,15,5,Unknown,Unknown,Unknown,Unknown
WHITE MARLIN        ,248750000,52.4233,4.7672,0,2025-11-05 14:17:44.75403277 +0000 UTC,Unknown,DarkTurquoise,Unknown,Unknown,Unknown,Unknown,Malta 🇲🇹,231.1,Unknown,Unknown,0,Moored,Unknown,Unknown
Unknown Vessel,211284490,51.4583,6.7289,Unknown,2025-11-05 14:17:44.758863468 +0000 UTC,Unknown,DarkTurquoise,Unknown,Unknown,Unknown,Unknown,Germany 🇩🇪,Unknown,13,3,Unknown,Unknown,Unknown,Unknown
YE63 KIEKUUT,245710000,51.7507,3.7784,Unknown,2025-11-05 14:17:44.759687167 +0000 UTC,Fishing,Gold,,Unknown,Unknown,Unknown,Netherlands 🇳🇱,Unknown,21,5,Unknown,Unknown,8431566,0
VAL D'ARMOR,227559430,47.2908,-2.0324,Unknown,2025-11-05 14:17:44.760435908 +0000 UTC,Cargo,ForestGreen,PAIMBOEUF,CMLIM,Limbe,Cameroon,France 🇫🇷,Unknown,75,23,Unknown,Unknown,0,0
VRSAC,279202315,44.8365,20.4519,3.8,2025-11-05 14:17:44.761385739 +0000 UTC,Unknown,DarkTurquoise,Unknown,Unknown,Unknown,Unknown,Serbia 🇷🇸,298.8,Unknown,Unknown,-128,Under way using engine,Unknown,Unknown
MS VETJE,244235539,52.4582,4.5612,Unknown,2025-11-05 14:17:44.765553148 +0000 UTC,Unknown,DarkTurquoise,Unknown,Unknown,Unknown,Unknown,Netherlands 🇳🇱,Unknown,Unknown,Unknown,Unknown,Unknown,Unknown,Unknown
SUNCAT120,211280110,52.4941,13.4637,Unknown,2025-11-05 14:17:44.766454943 +0000 UTC,Passenger Ship,Crimson,,Unknown,Unknown,Unknown,Germany 🇩🇪,Unknown,38,8,Unknown,Unknown,0,0.9
MACKENZIE C         ,368225570,33.753,-118.2236,0,2025-11-05 14:17:44.767404225 +0000 UTC,Unknown,DarkTurquoise,Unknown,Unknown,Unknown,Unknown,United States 🇺🇸,345.9,Unknown,Unknown,0,Under way using engine,Unknown,Unknown
Unknown Vessel,257123390,69.6505,18.9613,Unknown,2025-11-05 14:17:44.768519371 +0000 UTC,Unknown,DarkTurquoise,Unknown,Unknown,Unknown,Unknown,Norway 🇳🇴,Unknown,15,5,Unknown,Unknown,Unknown,Unknown
NIRVANA,211299820,28.467,-16.2446,Unknown,2025-11-05 14:17:44.771374071 +0000 UTC,Unknown,DarkTurquoise,Unknown,Unknown,Unknown,Unknown,Germany 🇩🇪,Unknown,Unknown,Unknown,Unknown,Unknown,Unknown,Unknown
SVITZER MERIDIAN    ,232018799,51.5053,0.5145,0,2025-11-05 14:17:44.770231188 +0000 UTC,Unknown,DarkTurquoise,Unknown,Unknown,Unknown,Unknown,United Kingdom 🇬🇧,180.2,Unknown,Unknown,0,Under way using engine,Unknown,Unknown
NORTHERN SPIRIT1,316045085,43.638,-79.3801,Unknown,2025-11-05 14:17:44.772861826 +0000 UTC,Other Type,RoyalBlue,,Unknown,Unknown,Unknown,Canada 🇨🇦,Unknown,39,9,Unknown,Unknown,0,0
ALSTER,211639750,53.5461,9.9841,0,2025-11-05 14:17:44.774172382 +0000 UTC,Unknown,DarkTurquoise,Unknown,Unknown,Unknown,Unknown,Germany 🇩🇪,0,Unknown,Unknown,-128,Under way using engine,Unknown,Unknown
AYER CHOMEL         ,565243000,1.2554,103.8454,7.8,2025-11-05 14:17:44.777797093 +0000 UTC,Unknown,DarkTurquoise,Unknown,Unknown,Unknown,Unknown,Singapore 🇸🇬,295.1,Unknown,Unknown,-128,At anchor,Unknown,Unknown
MARINA ARIEL        ,566717000,1.2337,103.6901,0.4,2025-11-05 14:17:44.77899582 +0000 UTC,Unknown,DarkTurquoise,Unknown,Unknown,Unknown,Unknown,Singapore 🇸🇬,70,Unknown,Unknown,-128,,Unknown,Unknown
JAMES A MORAN       ,367509850,32.9027,-79.9585,9.3,2025-11-05 14:17:44.780424644 +0000 UTC,Unknown,DarkTurquoise,Unknown,Unknown,Unknown,Unknown,United States 🇺🇸,37.1,Unknown,Unknown,127,Moored,Unknown,Unknown
INCOGNITO,367770220,33.8452,-118.3964,Unknown,2025-11-05 14:17:44.782966052 +0000 UTC,Unknown,DarkTurquoise,Unknown,Unknown,Unknown,Unknown,United States 🇺🇸,Unknown,Unknown,Unknown,Unknown,Unknown,Unknown,Unknown
CG613               ,416013936,22.5812,120.2961,0,2025-11-05 14:17:44.784232583 +0000 UTC,Unknown,DarkTurquoise,Unknown,Unknown,Unknown,Unknown,Taiwan 🇹🇼,0,Unknown,Unknown,0,Under way sailing,Unknown,Unknown
RS RAGNAR S. PLATOU ,257126540,59.0229,11.0357,Unknown,2025-11-05 14:17:44.785760057 +0000 UTC,Search and Rescue vessel,WhiteSmoke,VHF16 TLF02016      ,Unknown,Unknown,Unknown,Norway 🇳🇴,Unknown,17,4,Unknown,Unknown,0,1.1
VANNOEYVAERING,257137640,70.2422,19.4966,Unknown,2025-11-05 14:17:44.786888711 +0000 UTC,Unknown,DarkTurquoise,Unknown,Unknown,Unknown,Unknown,Norway 🇳🇴,Unknown,Unknown,Unknown,Unknown,Unknown,Unknown,Unknown
ULA,257436720,69.3377,17.1064,Unknown,2025-11-05 14:17:44.789689084 +0000 UTC,Unknown,DarkTurquoise,Unknown,Unknown,Unknown,Unknown,Norway 🇳🇴,Unknown,Unknown,Unknown,Unknown,Unknown,Unknown,Unknown
FROY JUNIOR         ,257096170,61.9113,5.18,0,2025-11-05 14:17:44.78829296 +0000 UTC,Unknown,DarkTurquoise,Unknown,Unknown,Unknown,Unknown,Norway 🇳🇴,111.4,Unknown,Unknown,0,Under way using engine,Unknown,Unknown
GO VAKKER KAREN     ,258002290,59.2072,10.8943,Unknown,2025-11-05 14:17:44.790715649 +0000 UTC,Passenger Ship,Crimson,NOFRK               ,NOFRK,Fredrikstad,Norway,Norway 🇳🇴,Unknown,14,6,Unknown,Unknown,0,1
AMS 1,244140824,52.4006,4.8988,0.4,2025-11-05 14:17:44.825392975 +0000 UTC,Unknown,DarkTurquoise,Unknown,Unknown,Unknown,Unknown,Netherlands 🇳🇱,123.7,Unknown,Unknown,-128,Restricted manoeuvrability,Unknown,Unknown
WOLTERA             ,211362530,53.7026,7.163,0.1,2025-11-05 14:17:44.832145971 +0000 UTC,Unknown,DarkTurquoise,Unknown,Unknown,Unknown,Unknown,Germany 🇩🇪,210.6,Unknown,Unknown,-128,Under way using engine,Unknown,Unknown
HAVENSCHAP 2        ,244867417,53.3315,6.9317,0,2025-11-05 14:17:44.834660753 +0000 UTC,Unknown,DarkTurquoise,Unknown,Unknown,Unknown,Unknown,Netherlands 🇳🇱,318,Unknown,Unknown,0,Moored,Unknown,Unknown
SEA HAVEN,368573000,32.649,-117.4825,Unknown,2025-11-05 14:17:44.836612344 +0000 UTC,Unknown,DarkTurquoise,Unknown,Unknown,Unknown,Unknown,United States 🇺🇸,Unknown,Unknown,Unknown,Unknown,Unknown,Unknown,Unknown
DULCINEA            ,368364820,37.7807,-122.3856,Unknown,2025-11-05 14:17:44.840023679 +0000 UTC,Unknown,DarkTurquoise,Unknown,Unknown,Unknown,Unknown,United States 🇺🇸,Unknown,Unknown,Unknown,Unknown,Unknown,Unknown,Unknown
FN341 LINE H        ,220341000,57.2825,11.5262,2.6,2025-11-05 14:17:44.841173287 +0000 UTC,Unknown,DarkTurquoise,Unknown,Unknown,Unknown,Unknown,Denmark 🇩🇰,28.1,Unknown,Unknown,0,Undefined,Unknown,Unknown
MV POSEIDON 49      ,548804000,10.3787,124.0961,8.1,2025-11-05 14:17:44.842266183 +0000 UTC,Unknown,DarkTurquoise,Unknown,Unknown,Unknown,Unknown,Philippines 🇵🇭,30.6,Unknown,Unknown,-128,At anchor,Unknown,Unknown
BROEDERTROUW 4,244660215,51.8996,4.447,11.1,2025-11-05 14:17:44.843346403 +0000 UTC,Unknown,DarkTurquoise,Unknown,Unknown,Unknown,Unknown,Netherlands 🇳🇱,98.4,Unknown,Unknown,-128,Under way using engine,Unknown,Unknown
MONDIAL,244387177,47.612,7.5835,0,2025-11-05 14:17:44.844367965 +0000 UTC,Unknown,DarkTurquoise,Unknown,Unknown,Unknown,Unknown,Netherlands 🇳🇱,297.2,Unknown,Unknown,0,Moored,Unknown,Unknown
VB RASANT           ,211783710,53.5452,9.9624,0,2025-11-05 14:17:44.846456482 +0000 UTC,Unknown,DarkTurquoise,Unknown,Unknown,Unknown,Unknown,Germany 🇩🇪,258.9,Unknown,Unknown,0,Under way using engine,Unknown,Unknown
BASTO VI            ,257847600,59.412,10.6062,13.4,2025-11-05 14:17:44.847210091 +0000 UTC,Unknown,DarkTurquoise,Unknown,Unknown,Unknown,Unknown,Norway 🇳🇴,264.5,Unknown,Unknown,0,Under way using engine,Unknown,Unknown
APRIL MORAN         ,367139510,39.2604,-76.5561,0,2025-11-05 14:17:44.848046103 +0000 UTC,Unknown,DarkTurquoise,Unknown,Unknown,Unknown,Unknown,United States 🇺🇸,253,Unknown,Unknown,-128,Under way using engine,Unknown,Unknown
HEIN,244093395,52.4894,5.0659,Unknown,2025-11-05 14:17:44.848723799 +0000 UTC,Passenger Ship,Crimson,VOLENDAM,USM47,Molena,United States,Netherlands 🇳🇱,Unknown,10,4,Unknown,Unknown,0,0
MORLAU ,211536860,53.504,9.9671,0,2025-11-05 14:17:44.849333256 +0000 UTC,Unknown,DarkTurquoise,Unknown,Unknown,Unknown,Unknown,Germany 🇩🇪,0,Unknown,Unknown,-128,Under way using engine,Unknown,Unknown
MARLIES-H,244700882,51.2361,4.446,Unknown,2025-11-05 14:17:44.850165406 +0000 UTC,Cargo,ForestGreen,,Unknown,Unknown,Unknown,Netherlands 🇳🇱,Unknown,57,8,Unknown,Unknown,0,0
GOLIATH     ,265831330,57.7209,11.9809,0,2025-11-05 14:17:44.849775325 +0000 UTC,Unknown,DarkTurquoise,Unknown,Unknown,Unknown,Unknown,Sweden 🇸🇪,360,Unknown,Unknown,0,Restricted manoeuvrability,Unknown,Unknown
YM WITNESS          ,563288500,28.4934,-13.0786,14.8,2025-11-05 14:17:44.851165041 +0000 UTC,Unknown,DarkTurquoise,Unknown,Unknown,Unknown,Unknown,Singapore 🇸🇬,29.9,Unknown,Unknown,0,Under way using engine,Unknown,Unknown
FAEHRE SIEBENGEBIRGE,211697470,50.7761,7.0573,0,2025-11-05 14:17:44.851643673 +0000 UTC,Unknown,DarkTurquoise,Unknown,Unknown,Unknown,Unknown,Germany 🇩🇪,360,Unknown,Unknown,-128,Under way using engine,Unknown,Unknown
FIXIE,244630356,51.6032,4.0015,Unknown,2025-11-05 14:17:44.852092176 +0000 UTC,Unknown,DarkTurquoise,Unknown,Unknown,Unknown,Unknown,Netherlands 🇳🇱,Unknown,Unknown,Unknown,Unknown,Unknown,Unknown,Unknown
VIRGINIABORG,244632000,45.5505,13.7323,Unknown,2025-11-05 14:17:44.85331286 +0000 UTC,Cargo,ForestGreen,SIKOP,SIKOP,Koper,Slovenia,Netherlands 🇳🇱,Unknown,132,16,Unknown,Unknown,9234290,6
APL SCOTLAND,563726000,-36.7592,176.4898,17.4,2025-11-05 14:17:44.85375776 +0000 UTC,Unknown,DarkTurquoise,Unknown,Unknown,Unknown,Unknown,Singapore 🇸🇬,113.6,Unknown,Unknown,0,Under way using engine,Unknown,Unknown
EIGER,244660203,51.3282,4.3069,9.7,2025-11-05 14:17:44.85410699 +0000 UTC,Unknown,DarkTurquoise,Unknown,Unknown,Unknown,Unknown,Netherlands 🇳🇱,141,Unknown,Unknown,-128,Under way using engine,Unknown,Unknown
MSC CALISTA II      ,255806513,51.705,-8.251,0.3,2025-11-05 14:17:44.856286442 +0000 UTC,Unknown,DarkTurquoise,Unknown,Unknown,Unknown,Unknown,Madeira (Portugal) 🇵🇹,121,Unknown,Unknown,13,Under way using engine,Unknown,Unknown
IROULA,240260100,37.9124,23.7026,0,2025-11-05 14:17:44.857224274 +0000 UTC,Unknown,DarkTurquoise,Unknown,Unknown,Unknown,Unknown,Greece 🇬🇷,360,Unknown,Unknown,-128,Undefined,Unknown,Unknown
COURAGE             ,244660307,52.4596,4.813,5.4,2025-11-05 14:17:44.85867597 +0000 UTC,Unknown,DarkTurquoise,Unknown,Unknown,Unknown,Unknown,Netherlands 🇳🇱,0.5,Unknown,Unknown,-128,Under way using engine,Unknown,Unknown
MILLENNIUM,244660351,51.8728,5.9062,6,2025-11-05 14:17:44.858015431 +0000 UTC,Unknown,DarkTurquoise,Unknown,Unknown,Unknown,Unknown,Netherlands 🇳🇱,72,Unknown,Unknown,0,Under way using engine,Unknown,Unknown
BUTSKOP,244660066,53.3278,6.4263,0,2025-11-05 14:17:44.859609471 +0000 UTC,Unknown,DarkTurquoise,Unknown,Unknown,Unknown,Unknown,Netherlands 🇳🇱,360,Unknown,Unknown,-128,Undefined,Unknown,Unknown
KARIEL ,367092610,48.7542,-122.5059,0,2025-11-05 14:17:44.864332934 +0000 UTC,Unknown,DarkTurquoise,Unknown,Unknown,Unknown,Unknown,United States 🇺🇸,0,Unknown,Unknown,-128,Undefined,Unknown,Unknown
MCINTYRE BAY,316038296,54.2938,-130.3548,0,2025-11-05 14:17:44.865470657 +0000 UTC,Unknown,DarkTurquoise,Unknown,Unknown,Unknown,Unknown,Canada 🇨🇦,100.3,Unknown,Unknown,0,Under way using engine,Unknown,Unknown
DEFENDER            ,368219290,30.1842,-93.3099,0,2025-11-05 14:17:44.866180611 +0000 UTC,Unknown,DarkTurquoise,Unknown,Unknown,Unknown,Unknown,United States 🇺🇸,344.2,Unknown,Unknown,0,,Unknown,Unknown
JAXON AARON         ,367599780,32.462,-91.0972,6.5,2025-11-05 14:17:44.866739341 +0000 UTC,Unknown,DarkTurquoise,Unknown,Unknown,Unknown,Unknown,United States 🇺🇸,315.4,Unknown,Unknown,0,,Unknown,Unknown
MERSEY ENDURANCE,235099933,53.4329,-3.0002,Unknown,2025-11-05 14:17:44.86959797 +0000 UTC,Other Type,RoyalBlue,LIVERPOOL BUNKERING,CALIV,Liverpool,Canada,United Kingdom 🇬🇧,Unknown,86,10,Unknown,Unknown,0,0
PERSEVERANCE I,229222000,52.4246,4.8477,0,2025-11-05 14:17:44.870297047 +0000 UTC,Unknown,DarkTurquoise,Unknown,Unknown,Unknown,Unknown,Malta 🇲🇹,214.4,Unknown,Unknown,0,Moored,Unknown,Unknown
UNITY               ,368081150,40.8053,-73.8369,2.6,2025-11-05 14:17:44.870810027 +0000 UTC,Unknown,DarkTurquoise,Unknown,Unknown,Unknown,Unknown,United States 🇺🇸,116.6,Unknown,Unknown,-127,Under way using engine,Unknown,Unknown
POSH GUARDIAN       ,566185000,1.2154,103.7469,Unknown,2025-11-05 14:17:44.872205576 +0000 UTC,Tug Boat,Silver,SINGAPORE           ,Unknown,Unknown,Unknown,Singapore 🇸🇬,Unknown,29,10,Unknown,Unknown,9741592,4
ANNA FRANCES        ,368113140,34.1402,-88.382,Unknown,2025-11-05 14:17:44.876871963 +0000 UTC,Spare - Local Vessel,DarkGoldenRod,USDCU               ,Unknown,Unknown,Unknown,United States 🇺🇸,Unknown,Unknown,Unknown,Unknown,Unknown,1073741823,2.5
ETOILE DU ROY       ,228000700,48.6509,-2.0207,Unknown,2025-11-05 14:17:44.878085622 +0000 UTC,Sailing Boat,DarkSlateBlue,,Unknown,Unknown,Unknown,France 🇫🇷,Unknown,38,10,Unknown,Unknown,0,0
BOTA FOGO,244780112,52.3697,4.9372,0,2025-11-05 14:17:44.884806686 +0000 UTC,Fishing,Gold,Unknown,Unknown,Unknown,Unknown,Netherlands 🇳🇱,360,Unknown,Unknown,-128,Engaged in fishing,Unknown,Unknown
EL JEFE,338468519,38.9479,-74.9115,Unknown,2025-11-05 14:17:44.891911022 +0000 UTC,Unknown,DarkTurquoise,Unknown,Unknown,Unknown,Unknown,United States 🇺🇸,Unknown,Unknown,Unknown,Unknown,Unknown,Unknown,Unknown
F/V LA GWERZ        ,228194000,47.197,-2.8753,2.7,2025-11-05 14:17:44.893548029 +0000 UTC,Unknown,DarkTurquoise,Unknown,Unknown,Unknown,Unknown,France 🇫🇷,199.7,Unknown,Unknown,-128,Under way using engine,Unknown,Unknown
KRAANVOGEL          ,244180247,52.6291,6.0415,0,2025-11-05 14:17:44.90366488 +0000 UTC,Unknown,DarkTurquoise,Unknown,Unknown,Unknown,Unknown,Netherlands 🇳🇱,285.5,Unknown,Unknown,-128,Undefined,Unknown,Unknown
YAIMAMARU           ,352005704,25.156,121.7597,Unknown,2025-11-05 14:17:44.905796552 +0000 UTC,Passenger Ship,Crimson,TW KEL              ,TWKEL,Keelung (Chilung),Taiwan,Panama 🇵🇦,Unknown,160,25,Unknown,Unknown,9162150,5.7
THE JUDGE           ,538007137,51.9509,4.1555,6.5,2025-11-05 14:17:44.913867623 +0000 UTC,Unknown,DarkTurquoise,Unknown,Unknown,Unknown,Unknown,Marshall Islands 🇲🇭,126.9,Unknown,Unknown,6,Under way using engine,Unknown,Unknown
Unknown Vessel,503025320,-26.6944,153.1215,Unknown,2025-11-05 14:17:44.917250009 +0000 UTC,Unknown,DarkTurquoise,Unknown,Unknown,Unknown,Unknown,Australia 🇦🇺,Unknown,16,8,Unknown,Unknown,Unknown,Unknown
SC CHEETAH          ,244560000,51.9173,4.2483,Unknown,2025-11-05 14:17:44.918744988 +0000 UTC,Port Tender,LimeGreen,MAASSLUIS           ,Unknown,Unknown,Unknown,Netherlands 🇳🇱,Unknown,17,5,Unknown,Unknown,999999999,1.8
KAJA JOSEPHINE,211202770,53.5178,10.0385,0,2025-11-05 14:17:44.926668429 +0000 UTC,Unknown,DarkTurquoise,Unknown,Unknown,Unknown,Unknown,Germany 🇩🇪,164.7,Unknown,Unknown,0,Under way using engine,Unknown,Unknown
DUDDI KROG          ,219013192,54.8161,11.018,0,2025-11-05 14:17:44.928558823 +0000 UTC,Fishing,Gold,Unknown,Unknown,Unknown,Unknown,Denmark 🇩🇰,306,Unknown,Unknown,0,Engaged in fishing,Unknown,Unknown
YACHT STARSHIP,367493350,27.942,-82.4484,0,2025-11-05 14:17:44.930312693 +0000 UTC,Unknown,DarkTurquoise,Unknown,Unknown,Unknown,Unknown,United States 🇺🇸,360,Unknown,Unknown,-128,Under way using engine,Unknown,Unknown
HERKULES XII,211476070,51.4558,6.7679,0,2025-11-05 14:17:44.937051389 +0000 UTC,Unknown,DarkTurquoise,Unknown,Unknown,Unknown,Unknown,Germany 🇩🇪,161.4,Unknown,Unknown,-128,Moored,Unknown,Unknown
ESCHILO,247154300,38.2031,13.4107,34.4,2025-11-05 14:17:44.942943259 +0000 UTC,Unknown,DarkTurquoise,Unknown,Unknown,Unknown,Unknown,Italy 🇮🇹,340.4,Unknown,Unknown,25,Under way using engine,Unknown,Unknown
GORINCHEM VI,244750274,51.8256,4.9755,1.7,2025-11-05 14:17:44.943959996 +0000 UTC,Unknown,DarkTurquoise,Unknown,Unknown,Unknown,Unknown,Netherlands 🇳🇱,90.6,Unknown,Unknown,127,Under way using engine,Unknown,Unknown
SECEDA,244731659,51.8652,4.3088,8.3,2025-11-05 14:17:44.946329437 +0000 UTC,Unknown,DarkTurquoise,Unknown,Unknown,Unknown,Unknown,Netherlands 🇳🇱,90.7,Unknown,Unknown,-128,Under way using engine,Unknown,Unknown
PACER               ,366866750,36.9623,-76.409,0,2025-11-05 14:17:44.947347469 +0000 UTC,Unknown,DarkTurquoise,Unknown,Unknown,Unknown,Unknown,United States 🇺🇸,291.1,Unknown,Unknown,-128,Undefined,Unknown,Unknown
CAPE KESTREL        ,636019502,52.2789,-5.6891,12.8,2025-11-05 14:17:44.948660311 +0000 UTC,Unknown,DarkTurquoise,Unknown,Unknown,Unknown,Unknown,Liberia 🇱🇷,197.3,Unknown,Unknown,-3,Under way using engine,Unknown,Unknown
OCEAN ZEPHYR        ,219022580,49.173,-2.1152,0,2025-11-05 14:17:44.952319703 +0000 UTC,Unknown,DarkTurquoise,Unknown,Unknown,Unknown,Unknown,Denmark 🇩🇰,199.9,Unknown,Unknown,0,Moored,Unknown,Unknown
LADY BABU           ,352004133,-27.4132,14.5261,11.2,2025-11-05 14:17:44.953594209 +0000 UTC,Unknown,DarkTurquoise,Unknown,Unknown,Unknown,Unknown,Panama 🇵🇦,342,Unknown,Unknown,0,Under way using engine,Unknown,Unknown
Unknown Vessel,244719016,49.7567,8.4768,Unknown,2025-11-05 14:17:44.955468627 +0000 UTC,Unknown,DarkTurquoise,Unknown,Unknown,Unknown,Unknown,Netherlands 🇳🇱,Unknown,9,4,Unknown,Unknown,Unknown,Unknown
MIRA (PILOTS),244407000,53.1823,5.4194,Unknown,2025-11-05 14:17:44.958287856 +0000 UTC,Pilot Vessel,LightGreen,PILOT AREA,SEAAR,Ar,Sweden,Netherlands 🇳🇱,Unknown,23,6,Unknown,Unknown,0,1.2
TERSCHELLINGER BANK ,244710180,53.2959,5.076,0,2025-11-05 14:17:44.959860855 +0000 UTC,Unknown,DarkTurquoise,Unknown,Unknown,Unknown,Unknown,Netherlands 🇳🇱,287.6,Unknown,Unknown,-128,Under way using engine,Unknown,Unknown
CELANDRO,244150358,53.2956,5.0916,0,2025-11-05 14:17:44.960798694 +0000 UTC,Unknown,DarkTurquoise,Unknown,Unknown,Unknown,Unknown,Netherlands 🇳🇱,235,Unknown,Unknown,-128,Moored,Unknown,Unknown
LOUP DES MERS,227472470,47.0257,-2.2997,Unknown,2025-11-05 14:17:44.962468326 +0000 UTC,Unknown,DarkTurquoise,Unknown,Unknown,Unknown,Unknown,France 🇫🇷,Unknown,Unknown,Unknown,Unknown,Unknown,Unknown,Unknown
TORSTEN             ,245439000,53.888,9.1963,Unknown,2025-11-05 14:17:44.965470623 +0000 UTC,Unknown,DarkTurquoise,DE BRB              ,DEBRB,Brunsbuttel,Germany,Netherlands 🇳🇱,Unknown,31,12,Unknown,Unknown,9623142,2.9
NEARCHOS,228454900,47.7478,-3.353,0,2025-11-05 14:17:44.971298146 +0000 UTC,Unknown,DarkTurquoise,Unknown,Unknown,Unknown,Unknown,France 🇫🇷,360,Unknown,Unknown,0,Moored,Unknown,Unknown
ANASA   ,240986000,37.9286,23.6839,0,2025-11-05 14:17:44.979020533 +0000 UTC,Unknown,DarkTurquoise,Unknown,Unknown,Unknown,Unknown,Greece 🇬🇷,360,Unknown,Unknown,-128,Under way using engine,Unknown,Unknown
FERNANDO NAMORA,263701380,38.6533,-9.0806,Unknown,2025-11-05 14:17:44.981689878 +0000 UTC,Passenger Ship,Crimson,LISBOA TAGUS RIVER,PTLIS,Lisboa,Portugal,Portugal 🇵🇹,Unknown,49,12,Unknown,Unknown,0,1.5
NIKLAS G.           ,305733000,55.6858,12.6306,Unknown,2025-11-05 14:17:44.982779687 +0000 UTC,Cargo,ForestGreen,DKCPH               ,DKCPH,Kobenhavn,Denmark,Antigua and Barbuda 🇦🇬,Unknown,114,14,Unknown,Unknown,9534303,6.3
BALANCE,244620935,51.8481,4.6647,0,2025-11-05 14:17:44.983855759 +0000 UTC,Unknown,DarkTurquoise,Unknown,Unknown,Unknown,Unknown,Netherlands 🇳🇱,346,Unknown,Unknown,0,Moored,Unknown,Unknown
CHALLENGE FR226,235013021,57.695,-2.0,0,2025-11-05 14:17:44.98738029 +0000 UTC,Fishing,Gold,Unknown,Unknown,Unknown,Unknown,United Kingdom 🇬🇧,0,Unknown,Unknown,0,Engaged in fishing,Unknown,Unknown
DIMITRIOS,240104000,40.3425,22.7275,3.4,2025-11-05 14:17:44.989766389 +0000 UTC,Unknown,DarkTurquoise,Unknown,Unknown,Unknown,Unknown,Greece 🇬🇷,206.6,Unknown,Unknown,-128,Not under command,Unknown,Unknown
FMG SPINNER         ,503000139,-20.3172,118.5705,8.8,2025-11-05 14:17:44.994015598 +0000 UTC,Tug Boat,Silver,PORT HEDLAND        ,Unknown,Unknown,Unknown,Australia 🇦🇺,178.1,32,13,0,Under way sailing,9822114,6.4
FMG SANDTIGER       ,503000197,-20.2993,118.5828,6,2025-11-05 14:17:44.992712809 +0000 UTC,Unknown,DarkTurquoise,Unknown,Unknown,Unknown,Unknown,Australia 🇦🇺,34.5,Unknown,Unknown,0,Under way sailing,Unknown,Unknown
GLOBAL ARC          ,370413000,54.2126,-130.5447,0.3,2025-11-05 14:17:44.996993666 +0000 UTC,Unknown,DarkTurquoise,Unknown,Unknown,Unknown,Unknown,Panama 🇵🇦,325.8,Unknown,Unknown,0,At anchor,Unknown,Unknown
COMMON SPIRIT       ,241143000,57.87,10.806,9.9,2025-11-05 14:17:45.000179632 +0000 UTC,Unknown,DarkTurquoise,Unknown,Unknown,Unknown,Unknown,Greece 🇬🇷,268,Unknown,Unknown,0,Under way using engine,Unknown,Unknown
RESOLUT,247142400,45.6346,13.7676,0,2025-11-05 14:17:45.001813232 +0000 UTC,Unknown,DarkTurquoise,Unknown,Unknown,Unknown,Unknown,Italy 🇮🇹,0,Unknown,Unknown,-128,Under way using engine,Unknown,Unknown
BO QIANG 3060,413562050,55.4783,10.5493,0,2025-11-05 14:17:45.0065476 +0000 UTC,Unknown,DarkTurquoise,Unknown,Unknown,Unknown,Unknown,China 🇨🇳,340.4,Unknown,Unknown,0,Undefined,Unknown,Unknown
REROVI,244700311,52.0148,5.1097,1,2025-11-05 14:17:45.015625857 +0000 UTC,Unknown,DarkTurquoise,Unknown,Unknown,Unknown,Unknown,Netherlands 🇳🇱,189,Unknown,Unknown,-128,Under way using engine,Unknown,Unknown
MEDUSA,211526880,53.6428,8.0829,0,2025-11-05 14:17:45.021568297 +0000 UTC,Unknown,DarkTurquoise,Unknown,Unknown,Unknown,Unknown,Germany 🇩🇪,165,Unknown,Unknown,0,Under way using engine,Unknown,Unknown
SVITZER ESTELLE     ,232052057,51.5013,0.4879,0.5,2025-11-05 14:17:45.026146853 +0000 UTC,Unknown,DarkTurquoise,Unknown,Unknown,Unknown,Unknown,United Kingdom 🇬🇧,146,Unknown,Unknown,127,Under way using engine,Unknown,Unknown
FROMVEUR II      ,228017700,48.332,-4.6084,16.8,2025-11-05 14:17:45.027762169 +0000 UTC,Unknown,DarkTurquoise,Unknown,Unknown,Unknown,Unknown,France 🇫🇷,62.5,Unknown,Unknown,-128,Under way using engine,Unknown,Unknown
KRONOS              ,231048000,54.3444,18.8044,0.1,2025-11-05 14:17:45.029039177 +0000 UTC,Unknown,DarkTurquoise,Unknown,Unknown,Unknown,Unknown,Faroe Islands (Denmark) 🇫🇴,174.5,Unknown,Unknown,0,Under way using engine,Unknown,Unknown
HEMERT STAKENBURG 2,244416548,52.3735,4.8979,3.8,2025-11-05 14:17:45.030381405 +0000 UTC,Unknown,DarkTurquoise,Unknown,Unknown,Unknown,Unknown,Netherlands 🇳🇱,36.4,Unknown,Unknown,-128,Under way using engine,Unknown,Unknown
CHRISTOPH MERIAN ,269056944,47.5881,7.5893,0,2025-11-05 14:17:45.034166551 +0000 UTC,Unknown,DarkTurquoise,Unknown,Unknown,Unknown,Unknown,Switzerland 🇨🇭,360,Unknown,Unknown,-128,Under way using engine,Unknown,Unknown
ORION 4,244660729,52.4638,4.5979,Unknown,2025-11-05 14:17:45.037080888 +0000 UTC,Other Type,RoyalBlue,IJMUIDEN PORT,NLIJM,IJmuiden/Velsen,Netherlands,Netherlands 🇳🇱,Unknown,40,5,Unknown,Unknown,0,1.5
Unknown Vessel,338155792,48.7562,-122.4991,Unknown,2025-11-05 14:17:45.040199431 +0000 UTC,Unknown,DarkTurquoise,Unknown,Unknown,Unknown,Unknown,United States 🇺🇸,Unknown,10,4,Unknown,Unknown,Unknown,Unknown
MSC EAGLE III       ,636024014,32.915,34.7685,13.5,2025-11-05 14:17:45.043499495 +0000 UTC,Unknown,DarkTurquoise,Unknown,Unknown,Unknown,Unknown,Liberia 🇱🇷,192.3,Unknown,Unknown,0,Under way using engine,Unknown,Unknown
SAN PIETRO,215000125,35.8328,14.5483,0.2,2025-11-05 14:17:45.044706287 +0000 UTC,Unknown,DarkTurquoise,Unknown,Unknown,Unknown,Unknown,Malta 🇲🇹,102.4,Unknown,Unknown,-128,Under way using engine,Unknown,Unknown
RESCUE JENNY WIHURI ,230994270,60.1689,24.9692,0,2025-11-05 14:17:45.768819649 +0000 UTC,Search and Rescue vessel,WhiteSmoke,SAR                 ,ALSAR,Sarande,Albania,Finland 🇫🇮,294.2,23,6,0,Moored,0,2
TAITS FR229         ,232014066,57.5821,-1.6632,12.6,2025-11-05 14:17:45.047163907 +0000 UTC,Unknown,DarkTurquoise,Unknown,Unknown,Unknown,Unknown,United Kingdom 🇬🇧,29.2,Unknown,Unknown,0,Under way using engine,Unknown,Unknown
BELLADONNA,244700341,51.2672,4.3451,9.6,2025-11-05 14:17:45.048298556 +0000 UTC,Unknown,DarkTurquoise,Unknown,Unknown,Unknown,Unknown,Netherlands 🇳🇱,316.7,Unknown,Unknown,-128,Under way using engine,Unknown,Unknown
LIMBURGIA ,205250590,51.2133,4.5801,6.5,2025-11-05 14:17:45.049484455 +0000 UTC,Unknown,DarkTurquoise,Unknown,Unknown,Unknown,Unknown,Belgium 🇧🇪,117.2,Unknown,Unknown,-128,Under way using engine,Unknown,Unknown
EXCALIBUR           ,367185880,32.723,-117.2266,0,2025-11-05 14:17:45.050283261 +0000 UTC,Unknown,DarkTurquoise,Unknown,Unknown,Unknown,Unknown,United States 🇺🇸,360,Unknown,Unknown,-128,Under way using engine,Unknown,Unknown
ZORA,250006165,51.6892,-8.4909,Unknown,2025-11-05 14:17:45.052458687 +0000 UTC,Unknown,DarkTurquoise,Unknown,Unknown,Unknown,Unknown,Ireland 🇮🇪,Unknown,Unknown,Unknown,Unknown,Unknown,Unknown,Unknown
AURUM,305014400,57.6789,11.6875,0.2,2025-11-05 14:17:45.053335766 +0000 UTC,Unknown,DarkTurquoise,Unknown,Unknown,Unknown,Unknown,Antigua and Barbuda 🇦🇬,253,Unknown,Unknown,0,At anchor,Unknown,Unknown
SVITZER AMSTEL,249005000,52.4181,4.8074,0,2025-11-05 14:17:45.055059711 +0000 UTC,Unknown,DarkTurquoise,Unknown,Unknown,Unknown,Unknown,Malta 🇲🇹,345.1,Unknown,Unknown,0,Under way using engine,Unknown,Unknown
MARIE,211744610,51.7169,5.9316,7.4,2025-11-05 14:17:45.065616471 +0000 UTC,Unknown,DarkTurquoise,Unknown,Unknown,Unknown,Unknown,Germany 🇩🇪,102.3,Unknown,Unknown,0,Under way using engine,Unknown,Unknown
AHTO-26,276702000,59.4576,24.7186,0.1,2025-11-05 14:17:45.066706757 +0000 UTC,Unknown,DarkTurquoise,Unknown,Unknown,Unknown,Unknown,Estonia 🇪🇪,341.4,Unknown,Unknown,-128,Under way using engine,Unknown,Unknown
NONNO GIOVANNI,247103040,42.6431,14.2115,3.2,2025-11-05 14:17:45.062559331 +0000 UTC,Unknown,DarkTurquoise,Unknown,Unknown,Unknown,Unknown,Italy 🇮🇹,335.6,Unknown,Unknown,-128,Undefined,Unknown,Unknown
SARDONYX,244124317,51.8806,6.0027,6.2,2025-11-05 14:17:45.063830458 +0000 UTC,Unknown,DarkTurquoise,Unknown,Unknown,Unknown,Unknown,Netherlands 🇳🇱,66,Unknown,Unknown,0,Under way using engine,Unknown,Unknown
SEKTORI,276781000,59.458,24.7201,0,2025-11-05 14:17:45.068295197 +0000 UTC,Unknown,DarkTurquoise,Unknown,Unknown,Unknown,Unknown,Estonia 🇪🇪,0,Unknown,Unknown,0,Moored,Unknown,Unknown
VS LEIA             ,232019341,51.9172,4.2145,Unknown,2025-11-05 14:17:45.058760382 +0000 UTC,Tanker,Navy,NLRTM               ,NLRTM,Rotterdam,Netherlands,United Kingdom 🇬🇧,Unknown,183,27,Unknown,Unknown,9303730,7
CAPO D'ORLANDO      ,247087200,38.1896,15.5584,0,2025-11-05 14:17:45.061406181 +0000 UTC,Unknown,DarkTurquoise,Unknown,Unknown,Unknown,Unknown,Italy 🇮🇹,19,Unknown,Unknown,-128,Restricted manoeuvrability,Unknown,Unknown
RAN II              ,265542900,58.6166,16.1829,Unknown,2025-11-05 14:17:45.072699142 +0000 UTC,Unknown,DarkTurquoise,Unknown,Unknown,Unknown,Unknown,Sweden 🇸🇪,Unknown,Unknown,Unknown,Unknown,Unknown,Unknown,Unknown
HECATE STRAITS ,316025866,50.0914,-125.314,0,2025-11-05 14:17:45.073820141 +0000 UTC,Unknown,DarkTurquoise,Unknown,Unknown,Unknown,Unknown,Canada 🇨🇦,183.3,Unknown,Unknown,0,Under way using engine,Unknown,Unknown
BLUES,257777900,59.0957,5.7015,0,2025-11-05 14:17:45.072224268 +0000 UTC,Unknown,DarkTurquoise,Unknown,Unknown,Unknown,Unknown,Norway 🇳🇴,360,Unknown,Unknown,-128,Moored,Unknown,Unknown
ENAK,211222890,53.5259,9.966,0,2025-11-05 14:17:45.076786436 +0000 UTC,Unknown,DarkTurquoise,Unknown,Unknown,Unknown,Unknown,Germany 🇩🇪,360,Unknown,Unknown,0,Under way using engine,Unknown,Unknown
ESLABON             ,244780231,52.4228,4.7731,0,2025-11-05 14:17:45.077922214 +0000 UTC,Unknown,DarkTurquoise,Unknown,Unknown,Unknown,Unknown,Netherlands 🇳🇱,301.2,Unknown,Unknown,-128,Under way using engine,Unknown,Unknown
Unknown Vessel,316055881,49.2917,-123.1269,Unknown,2025-11-05 14:17:45.086026774 +0000 UTC,Unknown,DarkTurquoise,Unknown,Unknown,Unknown,Unknown,Canada 🇨🇦,Unknown,14,5,Unknown,Unknown,Unknown,Unknown
BTU SPECIAL,367703020,39.0964,-84.6589,0,2025-11-05 14:17:45.081334833 +0000 UTC,Unknown,DarkTurquoise,Unknown,Unknown,Unknown,Unknown,United States 🇺🇸,360,Unknown,Unknown,-128,Under way using engine,Unknown,Unknown
COSMAO,226003490,48.5265,2.6703,6.1,2025-11-05 14:17:45.082689065 +0000 UTC,Unknown,DarkTurquoise,Unknown,Unknown,Unknown,Unknown,France 🇫🇷,349.6,Unknown,Unknown,-128,Under way using engine,Unknown,Unknown
BARBARA MILLER      ,366812330,40.7907,-73.9953,0.1,2025-11-05 14:17:45.085158412 +0000 UTC,Unknown,DarkTurquoise,Unknown,Unknown,Unknown,Unknown,United States 🇺🇸,348.5,Unknown,Unknown,-128,Under way using engine,Unknown,Unknown
GOTE II             ,265663280,57.682,11.8704,0,2025-11-05 14:17:45.087473095 +0000 UTC,Unknown,DarkTurquoise,Unknown,Unknown,Unknown,Unknown,Sweden 🇸🇪,166.5,Unknown,Unknown,0,Under way using engine,Unknown,Unknown
RELENTLESS V,316052761,28.8563,-13.8163,0.1,2025-11-05 14:17:45.088767168 +0000 UTC,Unknown,DarkTurquoise,Unknown,Unknown,Unknown,Unknown,Canada 🇨🇦,360,Unknown,Unknown,-128,Moored,Unknown,Unknown
FENNA,244710512,52.963,4.7886,2.5,2025-11-05 14:17:45.089682732 +0000 UTC,Unknown,DarkTurquoise,Unknown,Unknown,Unknown,Unknown,Netherlands 🇳🇱,11.5,Unknown,Unknown,-128,Under way using engine,Unknown,Unknown
MAVERICK,232037282,52.0883,1.3162,Unknown,2025-11-05 14:17:45.094653638 +0000 UTC,Unknown,DarkTurquoise,Unknown,Unknown,Unknown,Unknown,United Kingdom 🇬🇧,Unknown,Unknown,Unknown,Unknown,Unknown,Unknown,Unknown
EN AVANT 26         ,245613000,51.9105,4.4222,Unknown,2025-11-05 14:17:45.100150659 +0000 UTC,Tug Boat,Silver,ROTTERDAM           ,Unknown,Unknown,Unknown,Netherlands 🇳🇱,Unknown,32,12,Unknown,Unknown,9985277,6
JOSCO JINZHOU       ,477444300,-29.7586,31.2513,0.5,2025-11-05 14:17:45.101592921 +0000 UTC,Unknown,DarkTurquoise,Unknown,Unknown,Unknown,Unknown,Hong Kong (China) 🇭🇰,96.1,Unknown,Unknown,0,At anchor,Unknown,Unknown
THE PIONEER ONE,211307830,52.5199,13.3773,4.6,2025-11-05 14:17:45.103414962 +0000 UTC,Unknown,DarkTurquoise,Unknown,Unknown,Unknown,Unknown,Germany 🇩🇪,313.6,Unknown,Unknown,-128,Under way using engine,Unknown,Unknown
CMA CGM ABU DHABI   ,248729000,49.5378,-4.1294,10.6,2025-11-05 14:17:45.106013934 +0000 UTC,Unknown,DarkTurquoise,Unknown,Unknown,Unknown,Unknown,Malta 🇲🇹,236.8,Unknown,Unknown,0,Under way using engine,Unknown,Unknown
SHARON MAE,368194140,47.6571,-122.381,Unknown,2025-11-05 14:17:45.107608942 +0000 UTC,Unknown,DarkTurquoise,Unknown,Unknown,Unknown,Unknown,United States 🇺🇸,Unknown,Unknown,Unknown,Unknown,Unknown,Unknown,Unknown
SUOMENLINNA II,230985490,60.1493,24.9839,0,2025-11-05 14:17:45.90130514 +0000 UTC,Passenger Ship,Crimson,SUOMENLINNA FERRY,AONDD,Sumbe,Angola,Finland 🇫🇮,193,34,8,3,Under way using engine,9315408,3.9
OCEANQUEENROCKSTAR  ,368043070,40.7025,-73.9739,5.2,2025-11-05 14:17:45.110376993 +0000 UTC,Unknown,DarkTurquoise,Unknown,Unknown,Unknown,Unknown,United States 🇺🇸,357.4,Unknown,Unknown,-127,Under way using engine,Unknown,Unknown
MAERSK GATESHEAD    ,563076200,32.1239,-81.1354,0,2025-11-05 14:17:45.112006337 +0000 UTC,Unknown,DarkTurquoise,Unknown,Unknown,Unknown,Unknown,Singapore 🇸🇬,247,Unknown,Unknown,0,Moored,Unknown,Unknown
MT1305              ,230111090,60.1687,24.9701,0,2025-11-05 14:17:45.113401737 +0000 UTC,Unknown,DarkTurquoise,Unknown,Unknown,Unknown,Unknown,Finland 🇫🇮,231.5,Unknown,Unknown,-127,Under way using engine,Unknown,Unknown
ARAUCARIA           ,351454000,-22.2605,166.4189,0.1,2025-11-05 14:17:45.116144335 +0000 UTC,Unknown,DarkTurquoise,Unknown,Unknown,Unknown,Unknown,Panama 🇵🇦,13.6,Unknown,Unknown,0,At anchor,Unknown,Unknown
NEW YORK,244011726,52.3825,4.8973,6.2,2025-11-05 14:17:45.114738626 +0000 UTC,Unknown,DarkTurquoise,Unknown,Unknown,Unknown,Unknown,Netherlands 🇳🇱,334,Unknown,Unknown,-128,Under way using engine,Unknown,Unknown
BUTTERCUP           ,229868000,43.1028,5.8888,0,2025-11-05 14:17:45.117852413 +0000 UTC,Unknown,DarkTurquoise,Unknown,Unknown,Unknown,Unknown,Malta 🇲🇹,360,Unknown,Unknown,-128,Undefined,Unknown,Unknown
SAJONI              ,219023313,57.5946,9.9607,0,2025-11-05 14:17:45.120167814 +0000 UTC,Unknown,DarkTurquoise,Unknown,Unknown,Unknown,Unknown,Denmark 🇩🇰,288,Unknown,Unknown,0,Undefined,Unknown,Unknown
GAS FORTUNE         ,351221000,1.2406,103.7643,0.1,2025-11-05 14:17:45.122144976 +0000 UTC,Unknown,DarkTurquoise,Unknown,Unknown,Unknown,Unknown,Panama 🇵🇦,145.8,Unknown,Unknown,0,Moored,Unknown,Unknown
ISLAND VALIANT      ,259367000,60.0109,2.3796,0.4,2025-11-05 14:17:45.123415271 +0000 UTC,Unknown,DarkTurquoise,Unknown,Unknown,Unknown,Unknown,Norway 🇳🇴,32,Unknown,Unknown,-127,Restricted manoeuvrability,Unknown,Unknown
HERMANN O BOUY 2    ,109080177,70.2831,21.1878,Unknown,2025-11-05 14:17:45.126418403 +0000 UTC,Unknown,DarkTurquoise,Unknown,Unknown,Unknown,Unknown,Unknown,Unknown,Unknown,Unknown,Unknown,Unknown,Unknown,Unknown
PILTEN,259017060,63.613,9.097,9.2,2025-11-05 14:17:45.129869933 +0000 UTC,Unknown,DarkTurquoise,Unknown,Unknown,Unknown,Unknown,Norway 🇳🇴,68.7,Unknown,Unknown,11,Moored,Unknown,Unknown
SKULEBAS            ,259019500,61.9165,5.177,Unknown,2025-11-05 14:17:45.132627686 +0000 UTC,Cargo,ForestGreen,MAALOY VGS          ,NOMAY,Maloy,Norway,Norway 🇳🇴,Unknown,35,10,Unknown,Unknown,9950026,3.2
DUX                 ,257002660,70.7723,23.4857,0.6,2025-11-05 14:17:45.135156101 +0000 UTC,Unknown,DarkTurquoise,Unknown,Unknown,Unknown,Unknown,Norway 🇳🇴,280.9,Unknown,Unknown,-127,Under way using engine,Unknown,Unknown
Unknown Vessel,258007290,63.6376,8.8053,Unknown,2025-11-05 14:17:45.136589702 +0000 UTC,Unknown,DarkTurquoise,Unknown,Unknown,Unknown,Unknown,Norway 🇳🇴,Unknown,11,5,Unknown,Unknown,Unknown,Unknown
ILMENAU            ,211589210,53.4886,9.9815,1.7,2025-11-05 14:17:45.137853141 +0000 UTC,Unknown,DarkTurquoise,Unknown,Unknown,Unknown,Unknown,Germany 🇩🇪,187.2,Unknown,Unknown,-128,Under way using engine,Unknown,Unknown
BANZAI,205527090,51.507,4.2545,0,2025-11-05 14:17:45.138945438 +0000 UTC,Unknown,DarkTurquoise,Unknown,Unknown,Unknown,Unknown,Belgium 🇧🇪,251,Unknown,Unknown,0,Moored,Unknown,Unknown
SANJANA             ,241067000,37.9309,23.6488,0,2025-11-05 14:17:45.140033129 +0000 UTC,Fishing,Gold,Unknown,Unknown,Unknown,Unknown,Greece 🇬🇷,0,Unknown,Unknown,-128,Engaged in fishing,Unknown,Unknown
LINAS VIKING        ,257953500,67.282,14.3707,0,2025-11-05 14:17:45.141642226 +0000 UTC,Fishing,Gold,Unknown,Unknown,Unknown,Unknown,Norway 🇳🇴,347.5,Unknown,Unknown,0,Engaged in fishing,Unknown,Unknown
Unknown Vessel,232014866,51.4039,0.5369,Unknown,2025-11-05 14:17:45.150635638 +0000 UTC,Unknown,DarkTurquoise,Unknown,Unknown,Unknown,Unknown,United Kingdom 🇬🇧,Unknown,10,4,Unknown,Unknown,Unknown,Unknown
VB OCTEVILLE 11     ,228284800,49.4722,0.1293,9.1,2025-11-05 14:17:45.149041752 +0000 UTC,Unknown,DarkTurquoise,Unknown,Unknown,Unknown,Unknown,France 🇫🇷,108.1,Unknown,Unknown,-127,Under way using engine,Unknown,Unknown
DIXIE REBEL         ,367549860,27.9394,-82.4413,0.1,2025-11-05 14:17:45.162875539 +0000 UTC,Unknown,DarkTurquoise,Unknown,Unknown,Unknown,Unknown,United States 🇺🇸,154.4,Unknown,Unknown,-128,Under way using engine,Unknown,Unknown
JISU GLORY,636024104,51.2842,-4.73,18.9,2025-11-05 14:17:45.151989092 +0000 UTC,Unknown,DarkTurquoise,Unknown,Unknown,Unknown,Unknown,Liberia 🇱🇷,38,Unknown,Unknown,7,Under way using engine,Unknown,Unknown
EAST COAST,255916038,51.9353,3.6259,0,2025-11-05 14:17:45.159644243 +0000 UTC,Unknown,DarkTurquoise,Unknown,Unknown,Unknown,Unknown,Madeira (Portugal) 🇵🇹,103.8,Unknown,Unknown,0,At anchor,Unknown,Unknown
S0UTHERN WAY,319079300,25.8134,-111.31,0,2025-11-05 14:17:45.166313897 +0000 UTC,Unknown,DarkTurquoise,Unknown,Unknown,Unknown,Unknown,Cayman Islands (British Overseas Territory) 🇰🇾,340,Unknown,Unknown,11,Under way using engine,Unknown,Unknown
TEST                ,316001002,42.9595,-82.3574,0,2025-11-05 14:17:45.155711633 +0000 UTC,Unknown,DarkTurquoise,Unknown,Unknown,Unknown,Unknown,Canada 🇨🇦,304.5,Unknown,Unknown,-128,Moored,Unknown,Unknown
PB PLENTY           ,503384300,-32.9035,151.771,0,2025-11-05 14:17:45.157742625 +0000 UTC,Unknown,DarkTurquoise,Unknown,Unknown,Unknown,Unknown,Australia 🇦🇺,155.9,Unknown,Unknown,0,Under way using engine,Unknown,Unknown
CG45667,369493667,37.8104,-122.3608,0.1,2025-11-05 14:17:45.161237968 +0000 UTC,Fishing,Gold,Unknown,Unknown,Unknown,Unknown,United States 🇺🇸,360,Unknown,Unknown,-128,Engaged in fishing,Unknown,Unknown
SILVER CLOUD,244870678,52.1306,5.0501,0,2025-11-05 14:17:45.167975345 +0000 UTC,Unknown,DarkTurquoise,Unknown,Unknown,Unknown,Unknown,Netherlands 🇳🇱,0,Unknown,Unknown,-128,Undefined,Unknown,Unknown
ANGELA,347022410,14.5067,-61.1276,Unknown,2025-11-05 14:17:45.169607246 +0000 UTC,Unknown,DarkTurquoise,Unknown,Unknown,Unknown,Unknown,Martinique (French Overseas Department) 🇲🇶,Unknown,Unknown,Unknown,Unknown,Unknown,Unknown,Unknown
THE-AN XIV,244780235,51.7581,5.8306,6.8,2025-11-05 14:17:45.171330667 +0000 UTC,Unknown,DarkTurquoise,Unknown,Unknown,Unknown,Unknown,Netherlands 🇳🇱,265.1,Unknown,Unknown,-128,Under way using engine,Unknown,Unknown
THIJS JR,244801590,51.7077,4.6219,0.1,2025-11-05 14:17:45.17269998 +0000 UTC,Unknown,DarkTurquoise,Unknown,Unknown,Unknown,Unknown,Netherlands 🇳🇱,229.2,Unknown,Unknown,-128,Under way using engine,Unknown,Unknown
FURUNO SVERIGE AB   ,265123000,57.6635,11.9435,0,2025-11-05 14:17:45.177160345 +0000 UTC,Unknown,DarkTurquoise,Unknown,Unknown,Unknown,Unknown,Sweden 🇸🇪,218.6,Unknown,Unknown,0,Under way using engine,Unknown,Unknown
EENHOORN,244650993,51.8846,4.2918,Unknown,2025-11-05 14:17:45.178592845 +0000 UTC,Tanker,Navy,KADE CALDIC EUROPOOR,NLEUR,Europoort,Netherlands,Netherlands 🇳🇱,Unknown,111,12,Unknown,Unknown,0,1.5
NORMAN              ,367074840,30.0089,-93.9815,6.8,2025-11-05 14:17:45.190149682 +0000 UTC,Unknown,DarkTurquoise,Unknown,Unknown,Unknown,Unknown,United States 🇺🇸,102.9,Unknown,Unknown,-127,,Unknown,Unknown
APACHE              ,366998890,29.9559,-93.8605,2.4,2025-11-05 14:17:45.193447539 +0000 UTC,Unknown,DarkTurquoise,Unknown,Unknown,Unknown,Unknown,United States 🇺🇸,2.9,Unknown,Unknown,-128,At anchor,Unknown,Unknown
NEWPORT             ,366942880,29.7207,-93.3365,1.4,2025-11-05 14:17:45.195057634 +0000 UTC,Unknown,DarkTurquoise,Unknown,Unknown,Unknown,Unknown,United States 🇺🇸,345.7,Unknown,Unknown,0,Restricted manoeuvrability,Unknown,Unknown
CAPT.TIMMY LEA      ,368389310,30.0218,-93.987,0,2025-11-05 14:17:45.196716291 +0000 UTC,Unknown,DarkTurquoise,Unknown,Unknown,Unknown,Unknown,United States 🇺🇸,72.2,Unknown,Unknown,-128,,Unknown,Unknown
Unknown Vessel,368212260,47.6476,-122.3433,Unknown,2025-11-05 14:17:45.198406678 +0000 UTC,Unknown,DarkTurquoise,Unknown,Unknown,Unknown,Unknown,United States 🇺🇸,Unknown,22,5,Unknown,Unknown,Unknown,Unknown
FRIESLAND           ,211224650,53.3419,7.188,0,2025-11-05 14:17:45.199611054 +0000 UTC,Unknown,DarkTurquoise,Unknown,Unknown,Unknown,Unknown,Germany 🇩🇪,292.6,Unknown,Unknown,0,Moored,Unknown,Unknown
M/Y K. GRACE,235066178,43.5854,7.1255,Unknown,2025-11-05 14:17:45.200613981 +0000 UTC,Unknown,DarkTurquoise,Unknown,Unknown,Unknown,Unknown,United Kingdom 🇬🇧,Unknown,Unknown,Unknown,Unknown,Unknown,Unknown,Unknown
HARJA II,244740552,51.9576,5.652,0,2025-11-05 14:17:45.201492122 +0000 UTC,Unknown,DarkTurquoise,Unknown,Unknown,Unknown,Unknown,Netherlands 🇳🇱,360,Unknown,Unknown,-128,Under way using engine,Unknown,Unknown
MEDI AMALFI         ,636021513,52.4177,4.8146,0,2025-11-05 14:17:45.203754252 +0000 UTC,Unknown,DarkTurquoise,Unknown,Unknown,Unknown,Unknown,Liberia 🇱🇷,217.5,Unknown,Unknown,0,Moored,Unknown,Unknown
PLANTA JUNIOR       ,257167320,70.6707,23.6718,0,2025-11-05 14:17:45.205931001 +0000 UTC,Unknown,DarkTurquoise,Unknown,Unknown,Unknown,Unknown,Norway 🇳🇴,287.9,Unknown,Unknown,-128,Under way using engine,Unknown,Unknown
VB EMOE             ,211836960,53.5174,8.1408,0,2025-11-05 14:17:45.208734651 +0000 UTC,Unknown,DarkTurquoise,Unknown,Unknown,Unknown,Unknown,Germany 🇩🇪,337.1,Unknown,Unknown,0,Under way using engine,Unknown,Unknown
CHRISTA GLITSCHER,211518130,53.5397,9.9481,7.3,2025-11-05 14:17:45.210136969 +0000 UTC,Unknown,DarkTurquoise,Unknown,Unknown,Unknown,Unknown,Germany 🇩🇪,168,Unknown,Unknown,-128,Under way using engine,Unknown,Unknown
NORRSKAR,265522430,59.3205,18.1011,0,2025-11-05 14:17:45.21233005 +0000 UTC,Unknown,DarkTurquoise,Unknown,Unknown,Unknown,Unknown,Sweden 🇸🇪,360,Unknown,Unknown,0,Undefined,Unknown,Unknown
Unknown Vessel,368398240,47.3343,-122.5846,Unknown,2025-11-05 14:17:45.213384915 +0000 UTC,Unknown,DarkTurquoise,Unknown,Unknown,Unknown,Unknown,United States 🇺🇸,Unknown,18,4,Unknown,Unknown,Unknown,Unknown
SIRIUS              ,205737000,51.2146,2.9914,Unknown,2025-11-05 14:17:45.215210443 +0000 UTC,Other Type,RoyalBlue,OOSTENDE            ,BEOST,Oostende (Ostend),Belgium,Belgium 🇧🇪,Unknown,45,12,Unknown,Unknown,9797618,3.5
SEA RAIDER V        ,319058300,44.4169,8.8348,Unknown,2025-11-05 14:17:45.216163734 +0000 UTC,Pleasure Craft,PeachPuff,GENOA               ,DKGRE,Grenaa,Denmark,Cayman Islands (British Overseas Territory) 🇰🇾,Unknown,40,8,Unknown,Unknown,0,2.8
SEAL,211530900,28.8539,-13.8688,Unknown,2025-11-05 14:17:45.216790497 +0000 UTC,Unknown,DarkTurquoise,Unknown,Unknown,Unknown,Unknown,Germany 🇩🇪,Unknown,Unknown,Unknown,Unknown,Unknown,Unknown,Unknown
STUD,367013390,29.7208,-95.2382,7.2,2025-11-05 14:17:45.2178176 +0000 UTC,Unknown,DarkTurquoise,Unknown,Unknown,Unknown,Unknown,United States 🇺🇸,55.9,Unknown,Unknown,0,,Unknown,Unknown
SEGERDIEK           ,211229210,53.5195,10.033,0,2025-11-05 14:17:45.224093328 +0000 UTC,Unknown,DarkTurquoise,Unknown,Unknown,Unknown,Unknown,Germany 🇩🇪,16.1,Unknown,Unknown,0,Moored,Unknown,Unknown
MILENIO DOS,224099520,37.7445,-0.7428,Unknown,2025-11-05 14:17:45.226447451 +0000 UTC,Unknown,DarkTurquoise,Unknown,Unknown,Unknown,Unknown,Spain 🇪🇸,Unknown,Unknown,Unknown,Unknown,Unknown,Unknown,Unknown
KAIMANA,316439000,14.3841,-60.9116,Unknown,2025-11-05 14:17:45.227966331 +0000 UTC,Unknown,DarkTurquoise,Unknown,Unknown,Unknown,Unknown,Canada 🇨🇦,Unknown,Unknown,Unknown,Unknown,Unknown,Unknown,Unknown
NOVAMENTE,244690979,51.8294,5.5787,0,2025-11-05 14:17:45.22327012 +0000 UTC,Unknown,DarkTurquoise,Unknown,Unknown,Unknown,Unknown,Netherlands 🇳🇱,0,Unknown,Unknown,-128,Under way using engine,Unknown,Unknown
CITRINE,244650807,51.4706,3.7131,0,2025-11-05 14:17:45.225153298 +0000 UTC,Unknown,DarkTurquoise,Unknown,Unknown,Unknown,Unknown,Netherlands 🇳🇱,360,Unknown,Unknown,-128,Moored,Unknown,Unknown
MARKAB              ,626459000,43.1228,28.3228,0.3,2025-11-05 14:17:45.230881249 +0000 UTC,Unknown,DarkTurquoise,Unknown,Unknown,Unknown,Unknown,Gabon 🇬🇦,127.7,Unknown,Unknown,0,At anchor,Unknown,Unknown
VICTRESS            ,235008290,51.899,4.4495,7.1,2025-11-05 14:17:45.233502495 +0000 UTC,Unknown,DarkTurquoise,Unknown,Unknown,Unknown,Unknown,United Kingdom 🇬🇧,101.8,Unknown,Unknown,0,Under way using engine,Unknown,Unknown
VB PROMPT           ,211626350,53.5451,9.9614,0,2025-11-05 14:17:45.235048031 +0000 UTC,Unknown,DarkTurquoise,Unknown,Unknown,Unknown,Unknown,Germany 🇩🇪,332.2,Unknown,Unknown,0,Under way using engine,Unknown,Unknown
Unknown Vessel,533110592,1.2647,103.8129,Unknown,2025-11-05 14:17:45.236065489 +0000 UTC,Unknown,DarkTurquoise,Unknown,Unknown,Unknown,Unknown,Malaysia 🇲🇾,Unknown,11,6,Unknown,Unknown,Unknown,Unknown
MY DEEP BLUE,211170390,53.1735,8.5899,0,2025-11-05 14:17:45.237400652 +0000 UTC,Unknown,DarkTurquoise,Unknown,Unknown,Unknown,Unknown,Germany 🇩🇪,149,Unknown,Unknown,0,Moored,Unknown,Unknown
POUWEL S,244076547,51.8211,4.9928,10.3,2025-11-05 14:17:45.238732958 +0000 UTC,Unknown,DarkTurquoise,Unknown,Unknown,Unknown,Unknown,Netherlands 🇳🇱,271.2,Unknown,Unknown,-128,Under way using engine,Unknown,Unknown
TH 9 COBINA,244660709,53.3412,5.2855,0,2025-11-05 14:17:45.241582882 +0000 UTC,Unknown,DarkTurquoise,Unknown,Unknown,Unknown,Unknown,Netherlands 🇳🇱,0,Unknown,Unknown,0,Under way using engine,Unknown,Unknown
TYPHOON,244830160,53.3567,5.2148,Unknown,2025-11-05 14:17:45.242811337 +0000 UTC,Unknown,DarkTurquoise,Unknown,Unknown,Unknown,Unknown,Netherlands 🇳🇱,Unknown,Unknown,Unknown,Unknown,Unknown,Unknown,Unknown
KNRM-FRANS HOGEWIND,246281000,53.3989,5.2492,0,2025-11-05 14:17:45.243996532 +0000 UTC,Unknown,DarkTurquoise,Unknown,Unknown,Unknown,Unknown,Netherlands 🇳🇱,360,Unknown,Unknown,0,Undefined,Unknown,Unknown
Unknown Vessel,540017720,-22.2758,166.4405,Unknown,2025-11-05 14:17:45.245824821 +0000 UTC,Unknown,DarkTurquoise,Unknown,Unknown,Unknown,Unknown,New Caledonia (France Overseas Territory) 🇳🇨,Unknown,16,8,Unknown,Unknown,Unknown,Unknown
AURORA,259036280,69.1161,17.7579,0,2025-11-05 14:17:45.249648258 +0000 UTC,Unknown,DarkTurquoise,Unknown,Unknown,Unknown,Unknown,Norway 🇳🇴,279.8,Unknown,Unknown,0,Under way using engine,Unknown,Unknown
ENERGEIA            ,210096000,40.6344,22.8899,0,2025-11-05 14:17:45.252580242 +0000 UTC,Unknown,DarkTurquoise,Unknown,Unknown,Unknown,Unknown,Cyprus 🇨🇾,63.5,Unknown,Unknown,0,Moored,Unknown,Unknown
JAKUP               ,230176980,60.4333,22.2288,Unknown,2025-11-05 14:17:45.254564079 +0000 UTC,Unknown,DarkTurquoise,Unknown,Unknown,Unknown,Unknown,Finland 🇫🇮,Unknown,Unknown,Unknown,Unknown,Unknown,Unknown,Unknown
REINOD 5,244710581,51.9065,4.427,0,2025-11-05 14:17:45.255133065 +0000 UTC,Unknown,DarkTurquoise,Unknown,Unknown,Unknown,Unknown,Netherlands 🇳🇱,242.2,Unknown,Unknown,-128,Under way using engine,Unknown,Unknown
WATERBOOT 12,244690002,51.8907,4.4336,0,2025-11-05 14:17:45.256436661 +0000 UTC,Unknown,DarkTurquoise,Unknown,Unknown,Unknown,Unknown,Netherlands 🇳🇱,360,Unknown,Unknown,-128,Moored,Unknown,Unknown
HERIK 69,244375374,52.5767,6.1033,0,2025-11-05 14:17:45.257676366 +0000 UTC,Unknown,DarkTurquoise,Unknown,Unknown,Unknown,Unknown,Netherlands 🇳🇱,360,Unknown,Unknown,-128,Under way using engine,Unknown,Unknown
SIRIUS              ,278046000,45.5579,13.7428,0,2025-11-05 14:17:45.26177843 +0000 UTC,Unknown,DarkTurquoise,Unknown,Unknown,Unknown,Unknown,Slovenia 🇸🇮,342,Unknown,Unknown,127,Moored,Unknown,Unknown
Unknown Vessel,244727000,51.5308,4.2238,Unknown,2025-11-05 14:17:45.264435224 +0000 UTC,Unknown,DarkTurquoise,Unknown,Unknown,Unknown,Unknown,Netherlands 🇳🇱,Unknown,10,4,Unknown,Unknown,Unknown,Unknown
YANTARNYY,273523400,70.6521,19.2377,13,2025-11-05 14:17:45.271014866 +0000 UTC,Fishing,Gold,Unknown,Unknown,Unknown,Unknown,Russia 🇷🇺,77.4,Unknown,Unknown,-20,Engaged in fishing,Unknown,Unknown
MELKOEY             ,258346000,70.6635,23.6861,0,2025-11-05 14:17:45.273966029 +0000 UTC,Unknown,DarkTurquoise,Unknown,Unknown,Unknown,Unknown,Norway 🇳🇴,159,Unknown,Unknown,0,Under way using engine,Unknown,Unknown
BBC VIRGINIA        ,305463000,44.4045,8.8915,0,2025-11-05 14:17:45.276667984 +0000 UTC,Unknown,DarkTurquoise,Unknown,Unknown,Unknown,Unknown,Antigua and Barbuda 🇦🇬,45.5,Unknown,Unknown,0,Moored,Unknown,Unknown
SG1353,211197960,53.8931,9.1429,0,2025-11-05 14:17:45.279862677 +0000 UTC,Unknown,DarkTurquoise,Unknown,Unknown,Unknown,Unknown,Germany 🇩🇪,46,Unknown,Unknown,0,Undefined,Unknown,Unknown
REGENPFEIFER  II,211806440,54.3685,10.1391,0,2025-11-05 14:17:45.76923559 +0000 UTC,Dredging or Underwater Operations,Black,,Unknown,Unknown,Unknown,Germany 🇩🇪,360,13,4,-128,Under way using engine,0,0
RAVEEL ONTMOET ENSOR,205238890,51.2334,2.9233,3.1,2025-11-05 14:17:45.284673873 +0000 UTC,Unknown,DarkTurquoise,Unknown,Unknown,Unknown,Unknown,Belgium 🇧🇪,201.3,Unknown,Unknown,-127,At anchor,Unknown,Unknown
MILLENNIUM STAR     ,366971980,37.7922,-122.2849,0,2025-11-05 14:17:45.285741088 +0000 UTC,Unknown,DarkTurquoise,Unknown,Unknown,Unknown,Unknown,United States 🇺🇸,290.9,Unknown,Unknown,0,Under way using engine,Unknown,Unknown
RIVAL,244690765,52.6378,5.0632,0,2025-11-05 14:17:45.287553055 +0000 UTC,Unknown,DarkTurquoise,Unknown,Unknown,Unknown,Unknown,Netherlands 🇳🇱,239.9,Unknown,Unknown,-128,Under way sailing,Unknown,Unknown
ADVANTAGE VERDICT   ,538010021,33.0828,-117.7782,0.1,2025-11-05 14:17:45.288574378 +0000 UTC,Unknown,DarkTurquoise,Unknown,Unknown,Unknown,Unknown,Marshall Islands 🇲🇭,81.4,Unknown,Unknown,0,Under way using engine,Unknown,Unknown
CREDO,244093247,51.8172,4.6925,0,2025-11-05 14:17:45.295673099 +0000 UTC,Unknown,DarkTurquoise,Unknown,Unknown,Unknown,Unknown,Netherlands 🇳🇱,360,Unknown,Unknown,-128,Under way using engine,Unknown,Unknown
AZHAR-6             ,242261400,30.4231,-9.6237,0,2025-11-05 14:17:45.296429165 +0000 UTC,Fishing,Gold,Unknown,Unknown,Unknown,Unknown,Morocco 🇲🇦,263.1,Unknown,Unknown,-128,Engaged in fishing,Unknown,Unknown
RESCUE EDNABENGTSSON,265547280,56.0422,14.7713,0,2025-11-05 14:17:45.297022645 +0000 UTC,Unknown,DarkTurquoise,Unknown,Unknown,Unknown,Unknown,Sweden 🇸🇪,0,Unknown,Unknown,-128,Undefined,Unknown,Unknown
NORMAND SENTINEL    ,257883000,53.6518,0.2861,0,2025-11-05 14:17:45.327101138 +0000 UTC,Unknown,DarkTurquoise,Unknown,Unknown,Unknown,Unknown,Norway 🇳🇴,30.7,Unknown,Unknown,0,Restricted manoeuvrability,Unknown,Unknown
FAIRPLAY-91         ,218007800,53.5532,8.5602,0,2025-11-05 14:17:45.330639084 +0000 UTC,Unknown,DarkTurquoise,Unknown,Unknown,Unknown,Unknown,Germany 🇩🇪,92.5,Unknown,Unknown,0,Under way using engine,Unknown,Unknown
HIMAWARI 9          ,431010248,41.027,141.7032,15.9,2025-11-05 14:17:45.331931623 +0000 UTC,Unknown,DarkTurquoise,Unknown,Unknown,Unknown,Unknown,Japan 🇯🇵,356.5,Unknown,Unknown,0,Under way using engine,Unknown,Unknown
FLYING DUTCHMAN     ,246277000,52.561,5.9158,0,2025-11-05 14:17:45.333163925 +0000 UTC,Unknown,DarkTurquoise,Unknown,Unknown,Unknown,Unknown,Netherlands 🇳🇱,203.1,Unknown,Unknown,0,Under way using engine,Unknown,Unknown
CGAS MONARCH        ,255802950,57.7982,11.4051,11.3,2025-11-05 14:17:45.334985781 +0000 UTC,Unknown,DarkTurquoise,Unknown,Unknown,Unknown,Unknown,Madeira (Portugal) 🇵🇹,183,Unknown,Unknown,0,Under way using engine,Unknown,Unknown
WILSON SUND         ,311001760,52.4617,4.1477,0.8,2025-11-05 14:17:45.337563599 +0000 UTC,Unknown,DarkTurquoise,Unknown,Unknown,Unknown,Unknown,Bahamas 🇧🇸,235,Unknown,Unknown,-127,Under way using engine,Unknown,Unknown
ORION               ,244770733,52.4696,4.6271,0,2025-11-05 14:17:45.338482057 +0000 UTC,Unknown,DarkTurquoise,Unknown,Unknown,Unknown,Unknown,Netherlands 🇳🇱,302,Unknown,Unknown,-128,Under way using engine,Unknown,Unknown
CHAMBON BORA        ,227017200,43.0031,6.0542,10.1,2025-11-05 14:17:45.340317811 +0000 UTC,Unknown,DarkTurquoise,Unknown,Unknown,Unknown,Unknown,France 🇫🇷,262.7,Unknown,Unknown,-128,Under way using engine,Unknown,Unknown
GAS TRUST           ,636014675,41.0844,1.2624,0.1,2025-11-05 14:17:45.341996401 +0000 UTC,Unknown,DarkTurquoise,Unknown,Unknown,Unknown,Unknown,Liberia 🇱🇷,211.2,Unknown,Unknown,0,At anchor,Unknown,Unknown
PAROS               ,354290000,59.4951,23.0202,11.7,2025-11-05 14:17:45.343162788 +0000 UTC,Unknown,DarkTurquoise,Unknown,Unknown,Unknown,Unknown,Panama 🇵🇦,69.7,Unknown,Unknown,0,Under way using engine,Unknown,Unknown
ROSANNA             ,538011841,27.9228,-82.4215,Unknown,2025-11-05 14:17:45.34389098 +0000 UTC,Cargo,ForestGreen,TAMPA P/S           ,USTPA,Tampa,United States,Marshall Islands 🇲🇭,Unknown,200,32,Unknown,Unknown,9999797,9
WAXHOLM 1,265522500,59.3301,18.0796,0.1,2025-11-05 14:17:45.345466963 +0000 UTC,Unknown,DarkTurquoise,Unknown,Unknown,Unknown,Unknown,Sweden 🇸🇪,32.1,Unknown,Unknown,0,Undefined,Unknown,Unknown
ISLAND              ,261184980,53.8649,8.7234,8.3,2025-11-05 14:17:45.346749167 +0000 UTC,Unknown,DarkTurquoise,Unknown,Unknown,Unknown,Unknown,Poland 🇵🇱,320.8,Unknown,Unknown,-127,Under way using engine,Unknown,Unknown
TRUBADUREN          ,265579090,57.7072,11.9581,0,2025-11-05 14:17:45.347489062 +0000 UTC,Unknown,DarkTurquoise,Unknown,Unknown,Unknown,Unknown,Sweden 🇸🇪,4.2,Unknown,Unknown,0,Under way using engine,Unknown,Unknown
PV GOONANGA         ,503079250,-23.8517,151.3188,9.8,2025-11-05 14:17:45.348827591 +0000 UTC,Unknown,DarkTurquoise,Unknown,Unknown,Unknown,Unknown,Australia 🇦🇺,118.3,Unknown,Unknown,0,,Unknown,Unknown
THUN GAZELLE        ,246541000,55.7852,10.757,0,2025-11-05 14:17:45.349667313 +0000 UTC,Unknown,DarkTurquoise,Unknown,Unknown,Unknown,Unknown,Netherlands 🇳🇱,246.8,Unknown,Unknown,0,At anchor,Unknown,Unknown
KINGS POINTER       ,338990000,40.8116,-73.7656,0,2025-11-05 14:17:45.350479548 +0000 UTC,Unknown,DarkTurquoise,Unknown,Unknown,Unknown,Unknown,United States 🇺🇸,355.4,Unknown,Unknown,7,Moored,Unknown,Unknown
RICH,244009864,51.8483,6.1123,11.8,2025-11-05 14:17:45.351208767 +0000 UTC,Unknown,DarkTurquoise,Unknown,Unknown,Unknown,Unknown,Netherlands 🇳🇱,271.1,Unknown,Unknown,0,Under way using engine,Unknown,Unknown
CARA MIA,244387702,52.6404,5.0805,0,2025-11-05 14:17:45.351970284 +0000 UTC,Unknown,DarkTurquoise,Unknown,Unknown,Unknown,Unknown,Netherlands 🇳🇱,0,Unknown,Unknown,-128,Under way sailing,Unknown,Unknown
VB ROENNEBECK       ,211717470,53.8865,8.7072,11.8,2025-11-05 14:17:45.352552462 +0000 UTC,Unknown,DarkTurquoise,Unknown,Unknown,Unknown,Unknown,Germany 🇩🇪,331.6,Unknown,Unknown,0,Under way using engine,Unknown,Unknown
AVENTURA            ,229390000,39.432,-0.3336,0,2025-11-05 14:17:45.353389524 +0000 UTC,Unknown,DarkTurquoise,Unknown,Unknown,Unknown,Unknown,Malta 🇲🇹,0,Unknown,Unknown,0,Moored,Unknown,Unknown
GOEDE VERWACHTING ,244750388,51.9661,6.2808,0,2025-11-05 14:17:45.354782868 +0000 UTC,Unknown,DarkTurquoise,Unknown,Unknown,Unknown,Unknown,Netherlands 🇳🇱,360,Unknown,Unknown,-128,Under way using engine,Unknown,Unknown
Unknown Vessel,239735200,37.9134,23.701,Unknown,2025-11-05 14:17:45.356431993 +0000 UTC,Unknown,DarkTurquoise,Unknown,Unknown,Unknown,Unknown,Greece 🇬🇷,Unknown,14,8,Unknown,Unknown,Unknown,Unknown
LANGESUND,265791460,58.6576,17.1098,Unknown,2025-11-05 14:17:45.356915018 +0000 UTC,Unknown,DarkTurquoise,Unknown,Unknown,Unknown,Unknown,Sweden 🇸🇪,Unknown,Unknown,Unknown,Unknown,Unknown,Unknown,Unknown
CASA NOVA,244690247,51.9006,4.4937,0,2025-11-05 14:17:45.357385729 +0000 UTC,Unknown,DarkTurquoise,Unknown,Unknown,Unknown,Unknown,Netherlands 🇳🇱,0,Unknown,Unknown,-128,Under way using engine,Unknown,Unknown
WESERTANK 22,211472070,53.5295,10.0399,0,2025-11-05 14:17:45.358238732 +0000 UTC,Unknown,DarkTurquoise,Unknown,Unknown,Unknown,Unknown,Germany 🇩🇪,360,Unknown,Unknown,-128,Under way using engine,Unknown,Unknown
RMS DUISBURG        ,305000300,59.4584,24.7114,0,2025-11-05 14:17:45.35854241 +0000 UTC,Unknown,DarkTurquoise,Unknown,Unknown,Unknown,Unknown,Antigua and Barbuda 🇦🇬,59,Unknown,Unknown,0,Moored,Unknown,Unknown
HUGO ABICHT,211636260,53.545,9.973,0,2025-11-05 14:17:45.359378505 +0000 UTC,Unknown,DarkTurquoise,Unknown,Unknown,Unknown,Unknown,Germany 🇩🇪,299.5,Unknown,Unknown,0,Moored,Unknown,Unknown
NS NINGBO           ,538010814,-23.7567,-70.4639,Unknown,2025-11-05 14:17:45.359667187 +0000 UTC,Cargo,ForestGreen,CL COL              ,CLCOL,Caleta Coloso,Chile,Marshall Islands 🇲🇭,Unknown,200,32,Unknown,Unknown,9954979,9.4
GALLNO              ,265649350,59.3304,18.0789,0,2025-11-05 14:17:45.360120832 +0000 UTC,Unknown,DarkTurquoise,Unknown,Unknown,Unknown,Unknown,Sweden 🇸🇪,37.5,Unknown,Unknown,0,Under way using engine,Unknown,Unknown
ECO LIVORNO         ,247383500,41.4824,2.7326,18.2,2025-11-05 14:17:45.360855984 +0000 UTC,Unknown,DarkTurquoise,Unknown,Unknown,Unknown,Unknown,Italy 🇮🇹,63.7,Unknown,Unknown,-3,Under way using engine,Unknown,Unknown
BASS STRAIT         ,477105400,-42.2664,174.3662,11.5,2025-11-05 14:17:45.361358753 +0000 UTC,Unknown,DarkTurquoise,Unknown,Unknown,Unknown,Unknown,Hong Kong (China) 🇭🇰,199.8,Unknown,Unknown,0,Under way using engine,Unknown,Unknown
JUST THE TWO OF US,244216746,43.6548,7.182,0,2025-11-05 14:17:45.361777347 +0000 UTC,Unknown,DarkTurquoise,Unknown,Unknown,Unknown,Unknown,Netherlands 🇳🇱,360,Unknown,Unknown,-128,Moored,Unknown,Unknown
Unknown Vessel,227633960,49.5107,-0.5795,3.8,2025-11-05 14:17:45.362266282 +0000 UTC,Fishing,Gold,Unknown,Unknown,Unknown,Unknown,France 🇫🇷,127.5,Unknown,Unknown,-128,Engaged in fishing,Unknown,Unknown
THEMISII,205360490,51.2374,4.4166,0,2025-11-05 14:17:45.363123531 +0000 UTC,Unknown,DarkTurquoise,Unknown,Unknown,Unknown,Unknown,Belgium 🇧🇪,19.6,Unknown,Unknown,-128,Moored,Unknown,Unknown
NORDIC ITALIA       ,255806451,53.5336,9.9515,0,2025-11-05 14:17:45.364535147 +0000 UTC,Unknown,DarkTurquoise,Unknown,Unknown,Unknown,Unknown,Madeira (Portugal) 🇵🇹,191.2,Unknown,Unknown,-3,Under way using engine,Unknown,Unknown
MSC TEXAS           ,636020494,35.6283,34.8982,11.5,2025-11-05 14:17:45.367283709 +0000 UTC,Unknown,DarkTurquoise,Unknown,Unknown,Unknown,Unknown,Liberia 🇱🇷,199,Unknown,Unknown,0,Under way using engine,Unknown,Unknown
POLARIS SERVICE,219783000,56.9593,9.8561,0,2025-11-05 14:17:45.368965181 +0000 UTC,Unknown,DarkTurquoise,Unknown,Unknown,Unknown,Unknown,Denmark 🇩🇰,229.1,Unknown,Unknown,-128,Moored,Unknown,Unknown
GOLDEN FLAME,235053516,51.5099,-0.116,0.1,2025-11-05 14:17:45.370042158 +0000 UTC,Unknown,DarkTurquoise,Unknown,Unknown,Unknown,Unknown,United Kingdom 🇬🇧,360,Unknown,Unknown,-128,Under way using engine,Unknown,Unknown
NEPTUNUS,253242332,51.8758,5.7933,6.7,2025-11-05 14:17:45.371800007 +0000 UTC,Unknown,DarkTurquoise,Unknown,Unknown,Unknown,Unknown,Luxembourg 🇱🇺,101.3,Unknown,Unknown,-128,Under way using engine,Unknown,Unknown
LEADER              ,366760650,33.7674,-118.2526,Unknown,2025-11-05 14:17:45.372820021 +0000 UTC,Tug Boat,Silver,LA/LB               ,Unknown,Unknown,Unknown,United States 🇺🇸,Unknown,30,10,Unknown,Unknown,9188568,4.9
ALGOMA INTREPID,316043882,43.015,-82.4164,10.6,2025-11-05 14:17:45.374378318 +0000 UTC,Unknown,DarkTurquoise,Unknown,Unknown,Unknown,Unknown,Canada 🇨🇦,181.3,Unknown,Unknown,7,Under way using engine,Unknown,Unknown
STOLT REDSHANK      ,235089046,51.9377,4.18,1.5,2025-11-05 14:17:45.375661787 +0000 UTC,Unknown,DarkTurquoise,Unknown,Unknown,Unknown,Unknown,United Kingdom 🇬🇧,140.9,Unknown,Unknown,0,Under way using engine,Unknown,Unknown
ITALIAN TRADER,357476000,32.8209,35.0138,0,2025-11-05 14:17:45.377342199 +0000 UTC,Unknown,DarkTurquoise,Unknown,Unknown,Unknown,Unknown,Panama 🇵🇦,193.6,Unknown,Unknown,0,Moored,Unknown,Unknown
UNDINE,244077680,52.3708,4.9123,3.6,2025-11-05 14:17:45.378638311 +0000 UTC,Unknown,DarkTurquoise,Unknown,Unknown,Unknown,Unknown,Netherlands 🇳🇱,41.4,Unknown,Unknown,-128,Undefined,Unknown,Unknown
REM FORTRESS        ,209455000,53.8691,8.7163,0,2025-11-05 14:17:45.860867106 +0000 UTC,Other Type,RoyalBlue,DECUX               ,DECUX,Cuxhaven,Germany,Cyprus 🇨🇾,233.6,94,20,0,Moored,9482342,5.2
TRENT FISHER,232016793,53.5395,0.1075,0,2025-11-05 14:17:45.382150945 +0000 UTC,Unknown,DarkTurquoise,Unknown,Unknown,Unknown,Unknown,United Kingdom 🇬🇧,184.1,Unknown,Unknown,0,Under way using engine,Unknown,Unknown
GALATA SEAWAYS,271040948,45.6456,13.75,Unknown,2025-11-05 14:17:45.383479778 +0000 UTC,Cargo,ForestGreen,TRTUZ,TRTUZ,Tuzla,Türkiye,Turkey 🇹🇷,Unknown,223,26,Unknown,Unknown,9422134,6.8
OTELLO              ,209217000,51.8163,3.4112,0,2025-11-05 14:17:45.384574952 +0000 UTC,Unknown,DarkTurquoise,Unknown,Unknown,Unknown,Unknown,Cyprus 🇨🇾,328.1,Unknown,Unknown,-8,At anchor,Unknown,Unknown
SBH 1            ,244710406,51.8895,4.4147,0,2025-11-05 14:17:45.385511388 +0000 UTC,Unknown,DarkTurquoise,Unknown,Unknown,Unknown,Unknown,Netherlands 🇳🇱,360,Unknown,Unknown,-128,Under way using engine,Unknown,Unknown
 SPES SALUTIS     ,244670089,52.804,5.6255,8.1,2025-11-05 14:17:45.386432903 +0000 UTC,Unknown,DarkTurquoise,Unknown,Unknown,Unknown,Unknown,Netherlands 🇳🇱,215,Unknown,Unknown,0,Under way using engine,Unknown,Unknown
CASCAD              ,265579740,59.3004,18.7625,18.5,2025-11-05 14:17:45.387407514 +0000 UTC,Unknown,DarkTurquoise,Unknown,Unknown,Unknown,Unknown,Sweden 🇸🇪,68.5,Unknown,Unknown,-128,Undefined,Unknown,Unknown
ENGAGE MAVERICK     ,503000244,-33.8633,151.1827,0,2025-11-05 14:17:45.388521383 +0000 UTC,Unknown,DarkTurquoise,Unknown,Unknown,Unknown,Unknown,Australia 🇦🇺,292.3,Unknown,Unknown,0,Under way using engine,Unknown,Unknown
VITTORIOSA          ,215184000,35.8166,14.543,0,2025-11-05 14:17:45.390184631 +0000 UTC,Unknown,DarkTurquoise,Unknown,Unknown,Unknown,Unknown,Malta 🇲🇹,68.2,Unknown,Unknown,-128,Moored,Unknown,Unknown
INTERMEZZO,244700463,52.4776,4.661,0,2025-11-05 14:17:45.394001955 +0000 UTC,Unknown,DarkTurquoise,Unknown,Unknown,Unknown,Unknown,Netherlands 🇳🇱,0,Unknown,Unknown,-128,Under way using engine,Unknown,Unknown
MICHAEL SARS,230989260,60.4358,22.2366,3.1,2025-11-05 14:17:45.392549038 +0000 UTC,Unknown,DarkTurquoise,Unknown,Unknown,Unknown,Unknown,Finland 🇫🇮,49,Unknown,Unknown,0,Under way using engine,Unknown,Unknown
NEW ACTIVITY        ,636013708,48.4812,-125.8307,4.1,2025-11-05 14:17:45.39525612 +0000 UTC,Unknown,DarkTurquoise,Unknown,Unknown,Unknown,Unknown,Liberia 🇱🇷,86,Unknown,Unknown,9,Under way using engine,Unknown,Unknown
SERFRA,244660315,51.2164,6.7427,0,2025-11-05 14:17:45.396410853 +0000 UTC,Unknown,DarkTurquoise,Unknown,Unknown,Unknown,Unknown,Netherlands 🇳🇱,162.9,Unknown,Unknown,-128,Moored,Unknown,Unknown
AGIOS GEORGIOS,237960000,40.4579,22.859,0,2025-11-05 14:17:45.399047109 +0000 UTC,Unknown,DarkTurquoise,Unknown,Unknown,Unknown,Unknown,Greece 🇬🇷,360,Unknown,Unknown,-128,Moored,Unknown,Unknown
MOSCARDON,256003724,39.5296,2.5673,Unknown,2025-11-05 14:17:45.404393702 +0000 UTC,Unknown,DarkTurquoise,Unknown,Unknown,Unknown,Unknown,Malta 🇲🇹,Unknown,Unknown,Unknown,Unknown,Unknown,Unknown,Unknown
AMERICAN PILLAR     ,366984210,32.4276,-91.0214,8,2025-11-05 14:17:45.405616902 +0000 UTC,Unknown,DarkTurquoise,Unknown,Unknown,Unknown,Unknown,United States 🇺🇸,114.8,Unknown,Unknown,0,,Unknown,Unknown
PURSUIT,232051191,51.4939,0.1734,0,2025-11-05 14:17:45.408856945 +0000 UTC,Unknown,DarkTurquoise,Unknown,Unknown,Unknown,Unknown,United Kingdom 🇬🇧,360,Unknown,Unknown,-128,Moored,Unknown,Unknown
HARMONIE,211437470,53.545,9.9574,0,2025-11-05 14:17:45.410099836 +0000 UTC,Unknown,DarkTurquoise,Unknown,Unknown,Unknown,Unknown,Germany 🇩🇪,347.2,Unknown,Unknown,0,Under way using engine,Unknown,Unknown
ORION,244180545,52.3377,4.9083,0,2025-11-05 14:17:45.412163821 +0000 UTC,Unknown,DarkTurquoise,Unknown,Unknown,Unknown,Unknown,Netherlands 🇳🇱,360,Unknown,Unknown,-128,At anchor,Unknown,Unknown
KETCH 1,256004847,34.669,33.0415,Unknown,2025-11-05 14:17:45.415064758 +0000 UTC,Unknown,DarkTurquoise,Unknown,Unknown,Unknown,Unknown,Malta 🇲🇹,Unknown,Unknown,Unknown,Unknown,Unknown,Unknown,Unknown
AURORA              ,367379320,42.2546,-70.9199,2.7,2025-11-05 14:17:45.420298887 +0000 UTC,Unknown,DarkTurquoise,Unknown,Unknown,Unknown,Unknown,United States 🇺🇸,57.2,Unknown,Unknown,-127,Under way using engine,Unknown,Unknown
RARE GEM,511101451,44.3927,8.9387,Unknown,2025-11-05 14:17:45.418790932 +0000 UTC,Unknown,DarkTurquoise,Unknown,Unknown,Unknown,Unknown,Palau 🇵🇼,Unknown,Unknown,Unknown,Unknown,Unknown,Unknown,Unknown
MERWEPLUS,244670305,51.9778,4.0128,8.8,2025-11-05 14:17:45.421603012 +0000 UTC,Unknown,DarkTurquoise,Unknown,Unknown,Unknown,Unknown,Netherlands 🇳🇱,282,Unknown,Unknown,-128,Under way using engine,Unknown,Unknown
CAROLINE            ,377773000,-26.8134,14.9335,1.4,2025-11-05 14:17:45.42266017 +0000 UTC,Unknown,DarkTurquoise,Unknown,Unknown,Unknown,Unknown,Saint Vincent and the Grenadines 🇻🇨,184.2,Unknown,Unknown,0,Under way using engine,Unknown,Unknown
ST PAULI,211471860,53.5437,9.9794,0,2025-11-05 14:17:45.425292739 +0000 UTC,Unknown,DarkTurquoise,Unknown,Unknown,Unknown,Unknown,Germany 🇩🇪,360,Unknown,Unknown,-128,Under way using engine,Unknown,Unknown
MRC SEMIRAMIS       ,249028000,51.416,1.4523,0,2025-11-05 14:17:45.426603654 +0000 UTC,Unknown,DarkTurquoise,Unknown,Unknown,Unknown,Unknown,Malta 🇲🇹,350,Unknown,Unknown,0,At anchor,Unknown,Unknown
ASTRAIA             ,209835000,34.6777,33.0747,0.1,2025-11-05 14:17:45.42978406 +0000 UTC,Unknown,DarkTurquoise,Unknown,Unknown,Unknown,Unknown,Cyprus 🇨🇾,14.6,Unknown,Unknown,0,Moored,Unknown,Unknown
NOR NAOMI           ,538007432,33.0333,34.0796,0.1,2025-11-05 14:17:45.431997692 +0000 UTC,Unknown,DarkTurquoise,Unknown,Unknown,Unknown,Unknown,Marshall Islands 🇲🇭,26.2,Unknown,Unknown,0,Restricted manoeuvrability,Unknown,Unknown
ROTTFISK 7          ,586706037,70.055,17.0117,Unknown,2025-11-05 14:17:45.436453535 +0000 UTC,Unknown,DarkTurquoise,Unknown,Unknown,Unknown,Unknown,Unknown,Unknown,Unknown,Unknown,Unknown,Unknown,Unknown,Unknown
ANGELSEN SR         ,109080480,70.6299,21.6137,Unknown,2025-11-05 14:17:45.440080423 +0000 UTC,Unknown,DarkTurquoise,Unknown,Unknown,Unknown,Unknown,Unknown,Unknown,Unknown,Unknown,Unknown,Unknown,Unknown,Unknown
GUNNERUS            ,258342000,63.4384,10.4089,0,2025-11-05 14:17:45.441812806 +0000 UTC,Unknown,DarkTurquoise,Unknown,Unknown,Unknown,Unknown,Norway 🇳🇴,212.5,Unknown,Unknown,0,Moored,Unknown,Unknown
BALDER,257011940,69.8417,18.8065,0,2025-11-05 14:17:45.444434647 +0000 UTC,Unknown,DarkTurquoise,Unknown,Unknown,Unknown,Unknown,Norway 🇳🇴,27.8,Unknown,Unknown,8,Under way using engine,Unknown,Unknown
MULTI PROVIDER      ,257060730,63.9781,9.8721,Unknown,2025-11-05 14:17:45.447071377 +0000 UTC,Other Type,RoyalBlue,FISHFARMS           ,FRV88,Charmes,France,Norway 🇳🇴,Unknown,18,10,Unknown,Unknown,9851414,3.2
STOKKAFJORD,258007770,66.0229,12.6335,0,2025-11-05 14:17:45.44933351 +0000 UTC,Unknown,DarkTurquoise,Unknown,Unknown,Unknown,Unknown,Norway 🇳🇴,177.2,Unknown,Unknown,0,Moored,Unknown,Unknown
OEYGUTT,257767490,66.3694,12.5936,Unknown,2025-11-05 14:17:45.450397371 +0000 UTC,Fishing,Gold,TLF 91329490,Unknown,Unknown,Unknown,Norway 🇳🇴,Unknown,15,5,Unknown,Unknown,0,2.5
RAID,259220000,68.2123,15.6601,9.5,2025-11-05 14:17:45.451562429 +0000 UTC,Unknown,DarkTurquoise,Unknown,Unknown,Unknown,Unknown,Norway 🇳🇴,239.2,Unknown,Unknown,0,Under way using engine,Unknown,Unknown
TRONDENES           ,257396400,66.2332,12.9035,10.8,2025-11-05 14:17:45.454464049 +0000 UTC,Unknown,DarkTurquoise,Unknown,Unknown,Unknown,Unknown,Norway 🇳🇴,88.3,Unknown,Unknown,0,Under way using engine,Unknown,Unknown
OV MYKEN            ,257241500,58.3548,8.6072,0,2025-11-05 14:17:45.456268803 +0000 UTC,Unknown,DarkTurquoise,Unknown,Unknown,Unknown,Unknown,Norway 🇳🇴,322.6,Unknown,Unknown,0,Under way using engine,Unknown,Unknown
AUSTHAVET,257155500,71.1817,25.2557,Unknown,2025-11-05 14:17:45.456885046 +0000 UTC,Unknown,DarkTurquoise,Unknown,Unknown,Unknown,Unknown,Norway 🇳🇴,Unknown,Unknown,Unknown,Unknown,Unknown,Unknown,Unknown
Unknown Vessel,259040640,67.9638,15.9221,0,2025-11-05 14:17:45.45767235 +0000 UTC,Unknown,DarkTurquoise,Unknown,Unknown,Unknown,Unknown,Norway 🇳🇴,249.7,Unknown,Unknown,-128,Undefined,Unknown,Unknown
LK5                 ,586707130,70.4091,20.0923,Unknown,2025-11-05 14:17:45.458457302 +0000 UTC,Unknown,DarkTurquoise,Unknown,Unknown,Unknown,Unknown,Unknown,Unknown,Unknown,Unknown,Unknown,Unknown,Unknown,Unknown
MALENE S            ,257327000,60.1151,5.1595,0,2025-11-05 14:17:45.459811257 +0000 UTC,Fishing,Gold,Unknown,Unknown,Unknown,Unknown,Norway 🇳🇴,306.3,Unknown,Unknown,0,Engaged in fishing,Unknown,Unknown
MUNIN,257076900,67.7286,14.7675,0,2025-11-05 14:17:45.460839669 +0000 UTC,Unknown,DarkTurquoise,Unknown,Unknown,Unknown,Unknown,Norway 🇳🇴,360,Unknown,Unknown,-128,Under way using engine,Unknown,Unknown
KVALOY              ,257072000,62.8641,6.5453,0.1,2025-11-05 14:17:45.461715616 +0000 UTC,Unknown,DarkTurquoise,Unknown,Unknown,Unknown,Unknown,Norway 🇳🇴,193.7,Unknown,Unknown,0,Under way using engine,Unknown,Unknown
BARMOEY,257044700,65.4769,12.1344,0,2025-11-05 14:17:45.462718369 +0000 UTC,Unknown,DarkTurquoise,Unknown,Unknown,Unknown,Unknown,Norway 🇳🇴,360,Unknown,Unknown,-128,Undefined,Unknown,Unknown
VALDEROEY           ,259189000,62.4748,6.1543,0,2025-11-05 14:17:45.464883992 +0000 UTC,Unknown,DarkTurquoise,Unknown,Unknown,Unknown,Unknown,Norway 🇳🇴,85.1,Unknown,Unknown,0,Moored,Unknown,Unknown
FRISKFISKEN         ,257953800,62.0129,5.3286,0,2025-11-05 14:17:45.465293798 +0000 UTC,Unknown,DarkTurquoise,Unknown,Unknown,Unknown,Unknown,Norway 🇳🇴,15.3,Unknown,Unknown,0,Under way using engine,Unknown,Unknown
CHARISMA            ,232021933,62.0253,5.3701,0,2025-11-05 14:17:45.468125214 +0000 UTC,Unknown,DarkTurquoise,Unknown,Unknown,Unknown,Unknown,United Kingdom 🇬🇧,69.1,Unknown,Unknown,0,Under way using engine,Unknown,Unknown
VEIDING             ,257816500,59.2415,4.5099,7.2,2025-11-05 14:17:45.464462029 +0000 UTC,Unknown,DarkTurquoise,Unknown,Unknown,Unknown,Unknown,Norway 🇳🇴,284.5,Unknown,Unknown,0,Under way using engine,Unknown,Unknown
REPPAHESTEN,258021050,66.6666,13.3867,0.2,2025-11-05 14:17:46.832578614 +0000 UTC,Unknown,DarkTurquoise,,Unknown,Unknown,Unknown,Norway 🇳🇴,360,8,3,-128,Under way using engine,0,0
BALDER,257090270,62.1868,5.9804,Unknown,2025-11-05 14:17:45.471873581 +0000 UTC,Cargo,ForestGreen,FISHFARMS,FRV88,Charmes,France,Norway 🇳🇴,Unknown,12,5,Unknown,Unknown,0,0
SIRIUS,273313950,71.4897,26.4204,7.6,2025-11-05 14:17:45.473857765 +0000 UTC,Unknown,DarkTurquoise,Unknown,Unknown,Unknown,Unknown,Russia 🇷🇺,108.7,Unknown,Unknown,0,Under way using engine,Unknown,Unknown
SULEVAER ,258208050,61.2116,4.8616,0,2025-11-05 14:17:45.474672894 +0000 UTC,Unknown,DarkTurquoise,Unknown,Unknown,Unknown,Unknown,Norway 🇳🇴,360,Unknown,Unknown,-128,Under way using engine,Unknown,Unknown
RONJA SKILSOY       ,257563000,70.0629,23.1212,10.2,2025-11-05 14:17:45.475674659 +0000 UTC,Unknown,DarkTurquoise,Unknown,Unknown,Unknown,Unknown,Norway 🇳🇴,316.9,Unknown,Unknown,127,Under way using engine,Unknown,Unknown
KAMILLA G,257149000,71.1995,27.7002,7.6,2025-11-05 14:17:45.476918491 +0000 UTC,Unknown,DarkTurquoise,Unknown,Unknown,Unknown,Unknown,Norway 🇳🇴,83.3,Unknown,Unknown,-127,Under way using engine,Unknown,Unknown
ASKELADDEN          ,257452000,61.0775,1.9882,0,2025-11-05 14:17:45.478537544 +0000 UTC,Unknown,DarkTurquoise,Unknown,Unknown,Unknown,Unknown,Norway 🇳🇴,304.6,Unknown,Unknown,0,Restricted manoeuvrability,Unknown,Unknown
KNUT OLAV,257073100,69.6565,18.9676,0,2025-11-05 14:17:45.48000639 +0000 UTC,Fishing,Gold,Unknown,Unknown,Unknown,Unknown,Norway 🇳🇴,248.7,Unknown,Unknown,0,Engaged in fishing,Unknown,Unknown
DRAEGGEN            ,257999800,60.6884,4.7651,10.7,2025-11-05 14:17:45.481574697 +0000 UTC,Unknown,DarkTurquoise,Unknown,Unknown,Unknown,Unknown,Norway 🇳🇴,144.1,Unknown,Unknown,-128,Under way sailing,Unknown,Unknown
RO FJORD            ,257430000,62.8449,6.7778,0,2025-11-05 14:17:45.482999021 +0000 UTC,Unknown,DarkTurquoise,Unknown,Unknown,Unknown,Unknown,Norway 🇳🇴,250.3,Unknown,Unknown,0,Under way using engine,Unknown,Unknown
OERLAND,258585000,62.4414,6.2798,0,2025-11-05 14:17:45.484427166 +0000 UTC,Unknown,DarkTurquoise,Unknown,Unknown,Unknown,Unknown,Norway 🇳🇴,281.6,Unknown,Unknown,0,Under way using engine,Unknown,Unknown
MH-AGDER,258304500,58.2081,6.6342,0,2025-11-05 14:17:45.485638865 +0000 UTC,Unknown,DarkTurquoise,Unknown,Unknown,Unknown,Unknown,Norway 🇳🇴,335.8,Unknown,Unknown,-128,Under way using engine,Unknown,Unknown
POLAR ADVENTURE,257212800,69.6949,19.0158,0,2025-11-05 14:17:45.486850773 +0000 UTC,Unknown,DarkTurquoise,Unknown,Unknown,Unknown,Unknown,Norway 🇳🇴,292.1,Unknown,Unknown,-128,Moored,Unknown,Unknown
HAVSULA,259005960,66.0221,12.2407,0,2025-11-05 14:17:45.488014031 +0000 UTC,Unknown,DarkTurquoise,Unknown,Unknown,Unknown,Unknown,Norway 🇳🇴,236.6,Unknown,Unknown,-128,Under way using engine,Unknown,Unknown
LEKAFJELL,257596500,65.0962,11.7619,8.5,2025-11-05 14:17:45.490458128 +0000 UTC,Unknown,DarkTurquoise,Unknown,Unknown,Unknown,Unknown,Norway 🇳🇴,230.3,Unknown,Unknown,5,Under way using engine,Unknown,Unknown
SIMANES,257125750,70.5771,23.6821,0,2025-11-05 14:17:45.491599469 +0000 UTC,Unknown,DarkTurquoise,Unknown,Unknown,Unknown,Unknown,Norway 🇳🇴,17.5,Unknown,Unknown,-128,Under way using engine,Unknown,Unknown
HALOY JARL,258022100,68.9098,16.6842,Unknown,2025-11-05 14:17:45.492771999 +0000 UTC,Cargo,ForestGreen,CH16,Unknown,Unknown,Unknown,Norway 🇳🇴,Unknown,24,10,Unknown,Unknown,9930260,4
ADVENT SUPPLIER,258008340,78.2285,15.6008,Unknown,2025-11-05 14:17:45.49402651 +0000 UTC,Port Tender,LimeGreen,LONGYEARBYEN,Unknown,Unknown,Unknown,Norway 🇳🇴,Unknown,15,6,Unknown,Unknown,0,0
AASVAER             ,255916028,59.7465,4.0005,9.7,2025-11-05 14:17:45.494891229 +0000 UTC,Unknown,DarkTurquoise,Unknown,Unknown,Unknown,Unknown,Madeira (Portugal) 🇵🇹,178.5,Unknown,Unknown,0,Under way using engine,Unknown,Unknown
SVARTBAKEN,257896800,62.9564,8.049,Unknown,2025-11-05 14:17:45.496226531 +0000 UTC,Unknown,DarkTurquoise,Unknown,Unknown,Unknown,Unknown,Norway 🇳🇴,Unknown,Unknown,Unknown,Unknown,Unknown,Unknown,Unknown
HAVSKJER,257622000,62.4757,6.334,0,2025-11-05 14:17:45.495569371 +0000 UTC,Unknown,DarkTurquoise,Unknown,Unknown,Unknown,Unknown,Norway 🇳🇴,214.1,Unknown,Unknown,0,Under way using engine,Unknown,Unknown
KEMEROVO            ,273250830,71.5237,23.4922,13.7,2025-11-05 14:17:45.496924428 +0000 UTC,Unknown,DarkTurquoise,Unknown,Unknown,Unknown,Unknown,Russia 🇷🇺,77.5,Unknown,Unknown,0,Under way using engine,Unknown,Unknown
FDA NIKLAS          ,259042360,69.6932,18.6136,0,2025-11-05 14:17:45.498919949 +0000 UTC,Unknown,DarkTurquoise,Unknown,Unknown,Unknown,Unknown,Norway 🇳🇴,87,Unknown,Unknown,0,Under way using engine,Unknown,Unknown
ARKLOW CAPE,250004214,60.1557,6.0734,Unknown,2025-11-05 14:17:45.500388251 +0000 UTC,Cargo,ForestGreen,NOHAU,NOHAU,Haugesund,Norway,Ireland 🇮🇪,Unknown,87,15,Unknown,Unknown,9757096,6.2
HELLIGVAER  ,257683800,67.4068,13.9035,Unknown,2025-11-05 14:17:45.501798855 +0000 UTC,Passenger Ship,Crimson, ,Unknown,Unknown,Unknown,Norway 🇳🇴,Unknown,10,4,Unknown,Unknown,0,0
VIKING PRINCE       ,257787000,66.0296,12.6805,0,2025-11-05 14:17:45.503616114 +0000 UTC,Unknown,DarkTurquoise,Unknown,Unknown,Unknown,Unknown,Norway 🇳🇴,263.2,Unknown,Unknown,0,Under way using engine,Unknown,Unknown
RUNING              ,257454000,63.7278,9.5883,Unknown,2025-11-05 14:17:45.505027888 +0000 UTC,Fishing,Gold,TLF+4737198896      ,Unknown,Unknown,Unknown,Norway 🇳🇴,Unknown,28,9,Unknown,Unknown,9576222,5
Unknown Vessel,257201800,59.9439,5.6291,Unknown,2025-11-05 14:17:45.505844602 +0000 UTC,Unknown,DarkTurquoise,Unknown,Unknown,Unknown,Unknown,Norway 🇳🇴,Unknown,15,10,Unknown,Unknown,Unknown,Unknown
FUTURE OF THE FJORDS,257024820,60.8629,7.1166,0,2025-11-05 14:17:45.506594948 +0000 UTC,Unknown,DarkTurquoise,Unknown,Unknown,Unknown,Unknown,Norway 🇳🇴,284,Unknown,Unknown,0,Moored,Unknown,Unknown
MASKULIN,257086980,60.8075,4.9774,0,2025-11-05 14:17:45.507374679 +0000 UTC,Unknown,DarkTurquoise,Unknown,Unknown,Unknown,Unknown,Norway 🇳🇴,111.1,Unknown,Unknown,0,Under way using engine,Unknown,Unknown
ARIEL H,259217000,67.6551,12.7204,0,2025-11-05 14:17:45.508017363 +0000 UTC,Unknown,DarkTurquoise,Unknown,Unknown,Unknown,Unknown,Norway 🇳🇴,337.9,Unknown,Unknown,0,Under way using engine,Unknown,Unknown
HULDRA              ,257285400,62.5803,6.1258,0,2025-11-05 14:17:45.510233019 +0000 UTC,Unknown,DarkTurquoise,Unknown,Unknown,Unknown,Unknown,Norway 🇳🇴,191.6,Unknown,Unknown,-128,Under way using engine,Unknown,Unknown
LAKSEN,257952800,67.2421,15.4143,0,2025-11-05 14:17:45.511080753 +0000 UTC,Unknown,DarkTurquoise,Unknown,Unknown,Unknown,Unknown,Norway 🇳🇴,360,Unknown,Unknown,-128,Moored,Unknown,Unknown
SJERNAROY,259593000,66.0242,12.6426,0,2025-11-05 14:17:45.512422071 +0000 UTC,Unknown,DarkTurquoise,Unknown,Unknown,Unknown,Unknown,Norway 🇳🇴,50.2,Unknown,Unknown,0,Under way using engine,Unknown,Unknown
GAMBLER,258412000,61.9825,5.137,0,2025-11-05 14:17:45.513361654 +0000 UTC,Unknown,DarkTurquoise,Unknown,Unknown,Unknown,Unknown,Norway 🇳🇴,66.5,Unknown,Unknown,0,Under way using engine,Unknown,Unknown
CAESAR,257881900,59.0398,10.0417,0,2025-11-05 14:17:45.515759818 +0000 UTC,Unknown,DarkTurquoise,Unknown,Unknown,Unknown,Unknown,Norway 🇳🇴,20.4,Unknown,Unknown,-128,Restricted manoeuvrability,Unknown,Unknown
LUBBOCK             ,368136890,28.944,-95.3262,0,2025-11-05 14:17:45.518568746 +0000 UTC,Unknown,DarkTurquoise,Unknown,Unknown,Unknown,Unknown,United States 🇺🇸,106.7,Unknown,Unknown,0,,Unknown,Unknown
VB BEAGLE           ,244370000,51.9613,4.1402,0,2025-11-05 14:17:45.521433376 +0000 UTC,Unknown,DarkTurquoise,Unknown,Unknown,Unknown,Unknown,Netherlands 🇳🇱,205.5,Unknown,Unknown,0,Under way using engine,Unknown,Unknown
ZUIDERDAM,245304000,18.3311,-64.9255,0,2025-11-05 14:17:45.524785027 +0000 UTC,Unknown,DarkTurquoise,Unknown,Unknown,Unknown,Unknown,Netherlands 🇳🇱,98.1,Unknown,Unknown,0,Moored,Unknown,Unknown
SLICE OF LIFE,316117000,49.2728,-123.1189,Unknown,2025-11-05 14:17:45.529598514 +0000 UTC,Unknown,DarkTurquoise,Unknown,Unknown,Unknown,Unknown,Canada 🇨🇦,Unknown,Unknown,Unknown,Unknown,Unknown,Unknown,Unknown
PATHOS,240045800,37.914,23.7038,0,2025-11-05 14:17:45.533092894 +0000 UTC,Unknown,DarkTurquoise,Unknown,Unknown,Unknown,Unknown,Greece 🇬🇷,360,Unknown,Unknown,0,Under way using engine,Unknown,Unknown
HARMONIE,253242448,51.8936,5.5305,6.4,2025-11-05 14:17:45.534424845 +0000 UTC,Unknown,DarkTurquoise,Unknown,Unknown,Unknown,Unknown,Luxembourg 🇱🇺,60.1,Unknown,Unknown,-128,Under way using engine,Unknown,Unknown
AVE MARIA SEGUNDO   ,224156290,28.967,-13.5385,0,2025-11-05 14:17:45.53597645 +0000 UTC,Fishing,Gold,Unknown,Unknown,Unknown,Unknown,Spain 🇪🇸,360,Unknown,Unknown,-128,Engaged in fishing,Unknown,Unknown
BUBBLE              ,211833230,37.2575,-6.964,Unknown,2025-11-05 14:17:45.53938924 +0000 UTC,Unknown,DarkTurquoise,Unknown,Unknown,Unknown,Unknown,Germany 🇩🇪,Unknown,Unknown,Unknown,Unknown,Unknown,Unknown,Unknown
PERFORMER           ,265007070,57.599,11.7939,0,2025-11-05 14:17:45.542206497 +0000 UTC,Unknown,DarkTurquoise,Unknown,Unknown,Unknown,Unknown,Sweden 🇸🇪,314.5,Unknown,Unknown,-128,Under way using engine,Unknown,Unknown
NJORD               ,219024702,55.9637,11.8434,0,2025-11-05 14:17:45.544411606 +0000 UTC,Unknown,DarkTurquoise,Unknown,Unknown,Unknown,Unknown,Denmark 🇩🇰,312.4,Unknown,Unknown,-128,Under way using engine,Unknown,Unknown
BORELLI,244101977,51.9177,4.4987,8.9,2025-11-05 14:17:45.547308071 +0000 UTC,Unknown,DarkTurquoise,Unknown,Unknown,Unknown,Unknown,Netherlands 🇳🇱,69.7,Unknown,Unknown,-128,Under way using engine,Unknown,Unknown
PADRE ISLAND        ,367525000,29.6469,-91.1075,Unknown,2025-11-05 14:17:45.548727627 +0000 UTC,Dredging or Underwater Operations,Black,"MORGAN CITY, LA     ",SEMOO,Mo,Sweden,United States 🇺🇸,Unknown,85,15,Unknown,Unknown,8101783,6.6
NUNCA ES TARDE,224987000,42.1708,-9.0527,8.4,2025-11-05 14:17:45.551605702 +0000 UTC,Unknown,DarkTurquoise,Unknown,Unknown,Unknown,Unknown,Spain 🇪🇸,280.9,Unknown,Unknown,127,Moored,Unknown,Unknown
VERTOM ISA          ,255915933,43.1915,27.8992,0,2025-11-05 14:17:45.55411674 +0000 UTC,Unknown,DarkTurquoise,Unknown,Unknown,Unknown,Unknown,Madeira (Portugal) 🇵🇹,215.4,Unknown,Unknown,0,Moored,Unknown,Unknown
BBC ODESA           ,305086000,54.4067,11.9867,14.8,2025-11-05 14:17:45.556160678 +0000 UTC,Unknown,DarkTurquoise,Unknown,Unknown,Unknown,Unknown,Antigua and Barbuda 🇦🇬,90.7,Unknown,Unknown,-6,Under way using engine,Unknown,Unknown
NOTORIOUS,367632260,47.6668,-122.3894,0,2025-11-05 14:17:45.556825641 +0000 UTC,Unknown,DarkTurquoise,Unknown,Unknown,Unknown,Unknown,United States 🇺🇸,214.1,Unknown,Unknown,0,Under way using engine,Unknown,Unknown
BUCHANAN12          ,366993970,40.8344,-73.9616,4.1,2025-11-05 14:17:45.557617154 +0000 UTC,Unknown,DarkTurquoise,Unknown,Unknown,Unknown,Unknown,United States 🇺🇸,203.5,Unknown,Unknown,-128,,Unknown,Unknown
SB 8,244780480,52.3997,4.9,0,2025-11-05 14:17:45.559258619 +0000 UTC,Unknown,DarkTurquoise,Unknown,Unknown,Unknown,Unknown,Netherlands 🇳🇱,360,Unknown,Unknown,-128,,Unknown,Unknown
SAM SAM,244700273,52.4088,4.8606,0,2025-11-05 14:17:45.560030372 +0000 UTC,Unknown,DarkTurquoise,Unknown,Unknown,Unknown,Unknown,Netherlands 🇳🇱,248.4,Unknown,Unknown,-127,Under way using engine,Unknown,Unknown
ZEUS OF FINLAND     ,212409000,60.451,22.0353,0,2025-11-05 14:17:45.562435142 +0000 UTC,Unknown,DarkTurquoise,Unknown,Unknown,Unknown,Unknown,Cyprus 🇨🇾,205.5,Unknown,Unknown,-2,Under way using engine,Unknown,Unknown
SCT SHEKOU,477890600,22.3551,114.1129,0.1,2025-11-05 14:17:45.563828195 +0000 UTC,Unknown,DarkTurquoise,Unknown,Unknown,Unknown,Unknown,Hong Kong (China) 🇭🇰,229.8,Unknown,Unknown,0,Under way using engine,Unknown,Unknown
JANNEKE,244780631,51.9547,5.5643,0,2025-11-05 14:17:45.564934769 +0000 UTC,Unknown,DarkTurquoise,Unknown,Unknown,Unknown,Unknown,Netherlands 🇳🇱,360,Unknown,Unknown,-128,Under way using engine,Unknown,Unknown
BZN 4,244750255,52.3793,4.8964,0.1,2025-11-05 14:17:45.565940552 +0000 UTC,Unknown,DarkTurquoise,Unknown,Unknown,Unknown,Unknown,Netherlands 🇳🇱,318,Unknown,Unknown,-128,Under way using engine,Unknown,Unknown
MARINER,219027299,54.6555,11.3492,Unknown,2025-11-05 14:17:45.567180892 +0000 UTC,High Speed Craft,DarkOrange,DKROD,DKROD,Rodbyhavn,Denmark,Denmark 🇩🇰,Unknown,26,9,Unknown,Unknown,9768631,1.7
MARINA,244890215,51.8686,6.0478,0,2025-11-05 14:17:45.572386019 +0000 UTC,Unknown,DarkTurquoise,Unknown,Unknown,Unknown,Unknown,Netherlands 🇳🇱,360,Unknown,Unknown,-128,Under way using engine,Unknown,Unknown
AQUA LADY           ,258270000,67.2882,14.3891,0,2025-11-05 14:17:45.575110962 +0000 UTC,Unknown,DarkTurquoise,Unknown,Unknown,Unknown,Unknown,Norway 🇳🇴,233.3,Unknown,Unknown,0,Under way using engine,Unknown,Unknown
MSC KAYLEY          ,636022442,56.1538,10.2395,0,2025-11-05 14:17:45.579612623 +0000 UTC,Unknown,DarkTurquoise,Unknown,Unknown,Unknown,Unknown,Liberia 🇱🇷,118.4,Unknown,Unknown,0,Moored,Unknown,Unknown
SEQUOIA GUARDIAN,338167484,37.5126,-122.1971,0,2025-11-05 14:17:45.581078879 +0000 UTC,Unknown,DarkTurquoise,Unknown,Unknown,Unknown,Unknown,United States 🇺🇸,0,Unknown,Unknown,-128,Undefined,Unknown,Unknown
MIHRIMAH            ,271050801,42.8682,31.2402,0.3,2025-11-05 14:17:45.5859459 +0000 UTC,Unknown,DarkTurquoise,Unknown,Unknown,Unknown,Unknown,Turkey 🇹🇷,170.2,Unknown,Unknown,0,Under way using engine,Unknown,Unknown
GLOUCESTER EXPRESS,255915565,-12.4894,130.8793,0,2025-11-05 14:17:45.587447797 +0000 UTC,Unknown,DarkTurquoise,Unknown,Unknown,Unknown,Unknown,Madeira (Portugal) 🇵🇹,309.9,Unknown,Unknown,0,Moored,Unknown,Unknown
FROY FINNMARK       ,257059140,69.0336,17.3396,9.2,2025-11-05 14:17:45.590648618 +0000 UTC,Unknown,DarkTurquoise,Unknown,Unknown,Unknown,Unknown,Norway 🇳🇴,9.5,Unknown,Unknown,-127,Under way using engine,Unknown,Unknown
WINDCAT 29          ,235089224,51.6809,1.4887,102.3,2025-11-05 14:17:45.592573717 +0000 UTC,Unknown,DarkTurquoise,Unknown,Unknown,Unknown,Unknown,United Kingdom 🇬🇧,360,Unknown,Unknown,-128,Under way using engine,Unknown,Unknown
KAMELIA             ,229245000,54.3657,10.142,0,2025-11-05 14:17:45.593950712 +0000 UTC,Unknown,DarkTurquoise,Unknown,Unknown,Unknown,Unknown,Malta 🇲🇹,132,Unknown,Unknown,0,Under way using engine,Unknown,Unknown
MCS KAVER           ,235098572,51.3293,1.4199,0,2025-11-05 14:17:45.596311845 +0000 UTC,Unknown,DarkTurquoise,Unknown,Unknown,Unknown,Unknown,United Kingdom 🇬🇧,291.2,Unknown,Unknown,0,Under way using engine,Unknown,Unknown
ADELANTE,244660797,51.2018,6.6944,0,2025-11-05 14:17:45.597540803 +0000 UTC,Unknown,DarkTurquoise,Unknown,Unknown,Unknown,Unknown,Netherlands 🇳🇱,360,Unknown,Unknown,-128,Constrained by her draught,Unknown,Unknown
ORCA CHIEF          ,316002500,50.0372,-125.2445,Unknown,2025-11-05 14:17:45.599011255 +0000 UTC,Fishing,Gold,CAMPBELL RIVER      ,Unknown,Unknown,Unknown,Canada 🇨🇦,Unknown,35,10,Unknown,Unknown,9165499,5
SHENANDOAH,205334390,51.8988,5.6001,6.4,2025-11-05 14:17:45.601568492 +0000 UTC,Unknown,DarkTurquoise,Unknown,Unknown,Unknown,Unknown,Belgium 🇧🇪,89.9,Unknown,Unknown,-128,Under way using engine,Unknown,Unknown
SANDEFJORD          ,266150000,57.6746,11.6647,0,2025-11-05 14:17:45.602756709 +0000 UTC,Unknown,DarkTurquoise,Unknown,Unknown,Unknown,Unknown,Sweden 🇸🇪,289.5,Unknown,Unknown,0,Under way using engine,Unknown,Unknown
BATAVIER,244750054,52.522,6.0209,0.1,2025-11-05 14:17:45.604023727 +0000 UTC,Unknown,DarkTurquoise,Unknown,Unknown,Unknown,Unknown,Netherlands 🇳🇱,166.6,Unknown,Unknown,-128,Under way using engine,Unknown,Unknown
POLARIS             ,338397000,29.6444,-91.119,Unknown,2025-11-05 14:17:45.605240426 +0000 UTC,Other Type,RoyalBlue,"AMELIA,LA           ",USALC,Amelia City,United States,United States 🇺🇸,Unknown,83,18,Unknown,Unknown,9582312,4.1
F/V MARIE BERNARD  ,227433000,43.3561,5.326,0,2025-11-05 14:17:45.607634078 +0000 UTC,Unknown,DarkTurquoise,Unknown,Unknown,Unknown,Unknown,France 🇫🇷,0,Unknown,Unknown,-128,Undefined,Unknown,Unknown
SUN ANEMOS          ,240013300,37.8773,23.7255,0,2025-11-05 14:17:45.609881594 +0000 UTC,Unknown,DarkTurquoise,Unknown,Unknown,Unknown,Unknown,Greece 🇬🇷,233.3,Unknown,Unknown,0,,Unknown,Unknown
SL-49 JAN SENIOR    ,245933000,52.3934,4.5104,3.9,2025-11-05 14:17:45.611435059 +0000 UTC,Unknown,DarkTurquoise,Unknown,Unknown,Unknown,Unknown,Netherlands 🇳🇱,202.6,Unknown,Unknown,-128,Under way using engine,Unknown,Unknown
SVITZER FERRIBY     ,235025323,50.883,-1.3937,0,2025-11-05 14:17:45.612701211 +0000 UTC,Unknown,DarkTurquoise,Unknown,Unknown,Unknown,Unknown,United Kingdom 🇬🇧,354.1,Unknown,Unknown,0,Under way using engine,Unknown,Unknown
SEACON YOKOHAMA     ,636023304,1.209,103.9124,12,2025-11-05 14:17:45.615159277 +0000 UTC,Unknown,DarkTurquoise,Unknown,Unknown,Unknown,Unknown,Liberia 🇱🇷,65.4,Unknown,Unknown,0,Under way sailing,Unknown,Unknown
F/V TIMOUN          ,227853000,49.5851,-0.0537,6.6,2025-11-05 14:17:45.620437287 +0000 UTC,Fishing,Gold,Unknown,Unknown,Unknown,Unknown,France 🇫🇷,232.7,Unknown,Unknown,-128,Engaged in fishing,Unknown,Unknown
BELLE L'ADRIATIQUE  ,205481000,36.8148,15.3437,11.4,2025-11-05 14:17:45.627401355 +0000 UTC,Unknown,DarkTurquoise,Unknown,Unknown,Unknown,Unknown,Belgium 🇧🇪,204,Unknown,Unknown,-18,Under way using engine,Unknown,Unknown
WOODS HOLE          ,367691010,41.4558,-70.5996,0,2025-11-05 14:17:45.632892308 +0000 UTC,Unknown,DarkTurquoise,Unknown,Unknown,Unknown,Unknown,United States 🇺🇸,263.5,Unknown,Unknown,0,Under way using engine,Unknown,Unknown
VALENCIA EXPRESS,310133000,53.569,8.5528,0,2025-11-05 14:17:46.12604277 +0000 UTC,Cargo,ForestGreen,DEBRV,DEBRV,Bremerhaven,Germany,Bermuda (British Overseas Territory) 🇧🇲,101.1,216,32,0,Under way using engine,9108130,7.8
R/V SENSOR          ,265609960,57.6799,11.8271,10.2,2025-11-05 14:17:45.639058122 +0000 UTC,Unknown,DarkTurquoise,Unknown,Unknown,Unknown,Unknown,Sweden 🇸🇪,80.3,Unknown,Unknown,0,Under way using engine,Unknown,Unknown
GUO JI 908,412209146,1.2366,103.8174,0,2025-11-05 14:17:45.640693668 +0000 UTC,Unknown,DarkTurquoise,Unknown,Unknown,Unknown,Unknown,China 🇨🇳,228.1,Unknown,Unknown,0,Under way using engine,Unknown,Unknown
RIVERSIDE RESOLUTE  ,503032150,-27.4259,153.1337,0,2025-11-05 14:17:45.642993878 +0000 UTC,Unknown,DarkTurquoise,Unknown,Unknown,Unknown,Unknown,Australia 🇦🇺,165.3,Unknown,Unknown,0,Under way using engine,Unknown,Unknown
ELBCLEARING 3,211279690,53.8405,9.4032,Unknown,2025-11-05 14:17:45.644069391 +0000 UTC,Tug Boat,Silver,ELBE RIVER,Unknown,Unknown,Unknown,Germany 🇩🇪,Unknown,21,6,Unknown,Unknown,0,2.4
PROTUG 40           ,240593700,37.953,23.5553,5.1,2025-11-05 14:17:45.645304898 +0000 UTC,Unknown,DarkTurquoise,Unknown,Unknown,Unknown,Unknown,Greece 🇬🇷,181.7,Unknown,Unknown,-128,Under way using engine,Unknown,Unknown
Unknown Vessel,503695300,-33.9685,151.2205,0.8,2025-11-05 14:17:45.648953139 +0000 UTC,Unknown,DarkTurquoise,Unknown,Unknown,Unknown,Unknown,Australia 🇦🇺,360,Unknown,Unknown,0,Under way using engine,Unknown,Unknown
DEO-JUVANTE,244660038,51.9054,4.5643,8.5,2025-11-05 14:17:45.65124647 +0000 UTC,Unknown,DarkTurquoise,Unknown,Unknown,Unknown,Unknown,Netherlands 🇳🇱,282.4,Unknown,Unknown,-128,Under way using engine,Unknown,Unknown
ALISMA,244670157,51.7041,4.5696,10.2,2025-11-05 14:17:45.653379129 +0000 UTC,Unknown,DarkTurquoise,Unknown,Unknown,Unknown,Unknown,Netherlands 🇳🇱,250.8,Unknown,Unknown,-128,Under way using engine,Unknown,Unknown
RESCUE ABSO         ,230937480,60.3752,22.1246,0,2025-11-05 14:17:45.657065727 +0000 UTC,Unknown,DarkTurquoise,Unknown,Unknown,Unknown,Unknown,Finland 🇫🇮,311.3,Unknown,Unknown,-128,Undefined,Unknown,Unknown
SALISH HERON,316047943,49.7587,-124.8475,11.9,2025-11-05 14:17:45.658827083 +0000 UTC,Unknown,DarkTurquoise,Unknown,Unknown,Unknown,Unknown,Canada 🇨🇦,73.3,Unknown,Unknown,0,Under way using engine,Unknown,Unknown
RUBIKON 4           ,279202648,47.5644,19.0668,7.7,2025-11-05 14:17:45.660624334 +0000 UTC,Unknown,DarkTurquoise,Unknown,Unknown,Unknown,Unknown,Serbia 🇷🇸,190.3,Unknown,Unknown,-128,Under way using engine,Unknown,Unknown
ROYAL STAR          ,366447000,32.7239,-117.2266,0,2025-11-05 14:17:45.663696634 +0000 UTC,Unknown,DarkTurquoise,Unknown,Unknown,Unknown,Unknown,United States 🇺🇸,360,Unknown,Unknown,-128,Under way using engine,Unknown,Unknown
CAOZ 14             ,229896000,44.4171,8.8386,0,2025-11-05 14:17:45.666525657 +0000 UTC,Unknown,DarkTurquoise,Unknown,Unknown,Unknown,Unknown,Malta 🇲🇹,274.5,Unknown,Unknown,-6,Moored,Unknown,Unknown
SAGA FARMANN,257081140,51.5067,-0.0722,0,2025-11-05 14:17:45.669948273 +0000 UTC,Unknown,DarkTurquoise,Unknown,Unknown,Unknown,Unknown,Norway 🇳🇴,360,Unknown,Unknown,-128,Moored,Unknown,Unknown
VB BENTAYGA         ,352003532,8.9547,-79.5698,8.7,2025-11-05 14:17:45.671449645 +0000 UTC,Unknown,DarkTurquoise,Unknown,Unknown,Unknown,Unknown,Panama 🇵🇦,143.2,Unknown,Unknown,0,Under way using engine,Unknown,Unknown
SEARANGER           ,249981000,51.362,1.8445,12,2025-11-05 14:17:45.675543076 +0000 UTC,Unknown,DarkTurquoise,Unknown,Unknown,Unknown,Unknown,Malta 🇲🇹,206.6,Unknown,Unknown,-1,Under way using engine,Unknown,Unknown
TRISCHEN,211202970,53.7157,9.5232,0.8,2025-11-05 14:17:45.684582339 +0000 UTC,Unknown,DarkTurquoise,Unknown,Unknown,Unknown,Unknown,Germany 🇩🇪,53.1,Unknown,Unknown,-127,Under way using engine,Unknown,Unknown
VAEROY              ,259988000,67.2907,14.392,0.3,2025-11-05 14:17:45.685478056 +0000 UTC,Unknown,DarkTurquoise,Unknown,Unknown,Unknown,Unknown,Norway 🇳🇴,235.2,Unknown,Unknown,11,Under way using engine,Unknown,Unknown
THYRA               ,219025739,55.0424,9.4237,0,2025-11-05 14:17:45.690175049 +0000 UTC,Fishing,Gold,Unknown,Unknown,Unknown,Unknown,Denmark 🇩🇰,344.8,Unknown,Unknown,0,Engaged in fishing,Unknown,Unknown
PAUL HENRY          ,367498820,36.9988,-76.2056,0.1,2025-11-05 14:17:45.691525229 +0000 UTC,Unknown,DarkTurquoise,Unknown,Unknown,Unknown,Unknown,United States 🇺🇸,206.4,Unknown,Unknown,-128,Under way using engine,Unknown,Unknown
ROCHEN              ,211225210,53.7428,7.5828,0,2025-11-05 14:17:45.692586418 +0000 UTC,Unknown,DarkTurquoise,Unknown,Unknown,Unknown,Unknown,Germany 🇩🇪,125.3,Unknown,Unknown,0,Restricted manoeuvrability,Unknown,Unknown
MERCUUR             ,244167000,52.9512,4.7848,0,2025-11-05 14:17:45.694155876 +0000 UTC,Unknown,DarkTurquoise,Unknown,Unknown,Unknown,Unknown,Netherlands 🇳🇱,197,Unknown,Unknown,0,Under way using engine,Unknown,Unknown
THE TULIP,244196692,-12.2888,4.9084,3.2,2025-11-05 14:17:45.695343021 +0000 UTC,Unknown,DarkTurquoise,Unknown,Unknown,Unknown,Unknown,Netherlands 🇳🇱,223.6,Unknown,Unknown,-128,Under way using engine,Unknown,Unknown
BELUGA,211515500,50.7061,7.1649,6.2,2025-11-05 14:17:45.697103416 +0000 UTC,Unknown,DarkTurquoise,Unknown,Unknown,Unknown,Unknown,Germany 🇩🇪,164.9,Unknown,Unknown,-128,Under way using engine,Unknown,Unknown
THORSVOE,235018907,58.9853,-2.9605,0,2025-11-05 14:17:45.698709904 +0000 UTC,Unknown,DarkTurquoise,Unknown,Unknown,Unknown,Unknown,United Kingdom 🇬🇧,295.7,Unknown,Unknown,0,Under way using engine,Unknown,Unknown
DJURGARDEN 7   ,265633760,57.7117,11.9659,0,2025-11-05 14:17:45.700214551 +0000 UTC,Unknown,DarkTurquoise,Unknown,Unknown,Unknown,Unknown,Sweden 🇸🇪,360,Unknown,Unknown,-128,Under way using engine,Unknown,Unknown
ASSISTANS MILLA,265653400,59.4605,18.2766,Unknown,2025-11-05 14:17:45.701132473 +0000 UTC,Unknown,DarkTurquoise,Unknown,Unknown,Unknown,Unknown,Sweden 🇸🇪,Unknown,Unknown,Unknown,Unknown,Unknown,Unknown,Unknown
NETA A.             ,636025672,60.0435,25.137,7.1,2025-11-05 14:17:45.706594518 +0000 UTC,Unknown,DarkTurquoise,Unknown,Unknown,Unknown,Unknown,Liberia 🇱🇷,26.8,Unknown,Unknown,0,Under way using engine,Unknown,Unknown
TYCHO BRAHE         ,219230000,56.0336,12.642,10.3,2025-11-05 14:17:45.711150387 +0000 UTC,Unknown,DarkTurquoise,Unknown,Unknown,Unknown,Unknown,Denmark 🇩🇰,81.3,Unknown,Unknown,0,Under way using engine,Unknown,Unknown
OCEAN CHAMPLAIN II  ,316046641,46.0485,-73.1154,0,2025-11-05 14:17:45.713520276 +0000 UTC,Unknown,DarkTurquoise,Unknown,Unknown,Unknown,Unknown,Canada 🇨🇦,267.3,Unknown,Unknown,0,Under way using engine,Unknown,Unknown
NOSOROZEC S-05,261182201,54.3895,18.7312,0,2025-11-05 14:17:45.714934855 +0000 UTC,Unknown,DarkTurquoise,Unknown,Unknown,Unknown,Unknown,Poland 🇵🇱,360,Unknown,Unknown,-128,Under way using engine,Unknown,Unknown
SILVER CRYSTAL,257308000,69.648,18.9723,Unknown,2025-11-05 14:17:45.716675435 +0000 UTC,Cargo,ForestGreen,NOSJH,NOSJH,Senjahopen,Norway,Norway 🇳🇴,Unknown,93,15,Unknown,Unknown,8915536,4.8
AL-FATAYEH          ,642122135,35.8325,14.5492,0,2025-11-05 14:17:46.686398475 +0000 UTC,Fishing,Gold,MALTE               ,Unknown,Unknown,Unknown,Unknown,242.6,37,8,-128,Under way sailing,8676465,3
TECNE,247338600,44.4058,8.8953,0,2025-11-05 14:17:45.757657609 +0000 UTC,Unknown,DarkTurquoise,Unknown,Unknown,Unknown,Unknown,Italy 🇮🇹,299.3,Unknown,Unknown,-128,Under way using engine,Unknown,Unknown
 VB  BELGIE         ,232059395,53.4307,-3.0009,0,2025-11-05 14:17:45.761654457 +0000 UTC,Unknown,DarkTurquoise,Unknown,Unknown,Unknown,Unknown,United Kingdom 🇬🇧,28.5,Unknown,Unknown,0,Under way using engine,Unknown,Unknown
KVB JABO            ,244700604,51.2688,6.7037,3.6,2025-11-05 14:17:45.762333213 +0000 UTC,Unknown,DarkTurquoise,Unknown,Unknown,Unknown,Unknown,Netherlands 🇳🇱,158,Unknown,Unknown,0,Under way using engine,Unknown,Unknown
BULK PENINSULA      ,563080200,51.9379,4.0615,3,2025-11-05 14:17:45.763080954 +0000 UTC,Unknown,DarkTurquoise,Unknown,Unknown,Unknown,Unknown,Singapore 🇸🇬,250.6,Unknown,Unknown,0,Under way using engine,Unknown,Unknown
GOLDEN ASPIRANT     ,374717000,-37.0788,176.1749,12.5,2025-11-05 14:17:45.76343982 +0000 UTC,Unknown,DarkTurquoise,Unknown,Unknown,Unknown,Unknown,Panama 🇵🇦,200.6,Unknown,Unknown,0,Under way using engine,Unknown,Unknown
JONNI RITSCHER,636091136,51.8797,4.3981,0,2025-11-05 14:17:45.762678759 +0000 UTC,Unknown,DarkTurquoise,Unknown,Unknown,Unknown,Unknown,Liberia 🇱🇷,82,Unknown,Unknown,0,Moored,Unknown,Unknown
CHRISTINA'S FANTASY ,338232593,36.9239,-76.1889,Unknown,2025-11-05 14:17:45.763755102 +0000 UTC,Unknown,DarkTurquoise,Unknown,Unknown,Unknown,Unknown,United States 🇺🇸,Unknown,Unknown,Unknown,Unknown,Unknown,Unknown,Unknown
BRUNELLO,244821257,51.8987,4.2237,Unknown,2025-11-05 14:17:45.764609948 +0000 UTC,Tanker,Navy,AMSTERDAM AFRIKAHAVE,NLAMS,Amsterdam,Netherlands,Netherlands 🇳🇱,Unknown,135,18,Unknown,Unknown,0,1.5
IJVEER 64,244060091,52.3923,4.8862,0,2025-11-05 14:17:45.765654245 +0000 UTC,Unknown,DarkTurquoise,Unknown,Unknown,Unknown,Unknown,Netherlands 🇳🇱,360,Unknown,Unknown,-128,Under way using engine,Unknown,Unknown
V.B. TAMARAN        ,224292160,28.1486,-15.4097,0.5,2025-11-05 14:17:45.767044719 +0000 UTC,Unknown,DarkTurquoise,Unknown,Unknown,Unknown,Unknown,Spain 🇪🇸,155.5,Unknown,Unknown,127,Under way using engine,Unknown,Unknown
ADRIATIC,246269000,51.9482,1.2438,0,2025-11-05 14:17:45.76784733 +0000 UTC,Unknown,DarkTurquoise,Unknown,Unknown,Unknown,Unknown,Netherlands 🇳🇱,356.7,Unknown,Unknown,0,Moored,Unknown,Unknown
HARLEY           ,211847760,51.4622,4.007,3.6,2025-11-05 14:17:45.768376989 +0000 UTC,Unknown,DarkTurquoise,Unknown,Unknown,Unknown,Unknown,Germany 🇩🇪,170.5,Unknown,Unknown,-128,Under way using engine,Unknown,Unknown
SANTOS,205230390,51.9114,4.4181,Unknown,2025-11-05 14:17:45.766179466 +0000 UTC,Tanker,Navy,NIEUWE MAAS,BRMAO,Manaus,Brazil,Belgium 🇧🇪,Unknown,110,12,Unknown,Unknown,0,1.4
L/B GALVESTON       ,367483870,29.6424,-91.1092,Unknown,2025-11-05 14:17:45.769699874 +0000 UTC,Other Type,RoyalBlue,FOURCHON            ,USFOC,Port Fourchon,United States,United States 🇺🇸,Unknown,Unknown,Unknown,Unknown,Unknown,876511300,2.9
DREAM WEAVER,338469106,40.0354,-74.9769,Unknown,2025-11-05 14:17:45.775284921 +0000 UTC,Unknown,DarkTurquoise,Unknown,Unknown,Unknown,Unknown,United States 🇺🇸,Unknown,Unknown,Unknown,Unknown,Unknown,Unknown,Unknown
NIRVANA             ,338443799,40.0345,-74.9763,Unknown,2025-11-05 14:17:45.776952875 +0000 UTC,Unknown,DarkTurquoise,Unknown,Unknown,Unknown,Unknown,United States 🇺🇸,Unknown,Unknown,Unknown,Unknown,Unknown,Unknown,Unknown
SVANEN              ,266076000,57.7726,11.6182,0,2025-11-05 14:17:45.770890809 +0000 UTC,Unknown,DarkTurquoise,Unknown,Unknown,Unknown,Unknown,Sweden 🇸🇪,323.3,Unknown,Unknown,0,Under way using engine,Unknown,Unknown
PILOT31             ,477995225,22.3092,114.1553,0.1,2025-11-05 14:17:45.771522563 +0000 UTC,Unknown,DarkTurquoise,Unknown,Unknown,Unknown,Unknown,Hong Kong (China) 🇭🇰,302.2,Unknown,Unknown,-128,Undefined,Unknown,Unknown
HOLLAND 1,244150610,52.6908,6.1558,0.1,2025-11-05 14:17:45.774118168 +0000 UTC,Unknown,DarkTurquoise,Unknown,Unknown,Unknown,Unknown,Netherlands 🇳🇱,317.3,Unknown,Unknown,0,Restricted manoeuvrability,Unknown,Unknown
HYPHOS,227004080,49.4669,0.1054,3.7,2025-11-05 14:17:45.77282501 +0000 UTC,Unknown,DarkTurquoise,Unknown,Unknown,Unknown,Unknown,France 🇫🇷,320.4,Unknown,Unknown,-128,Undefined,Unknown,Unknown
SIMON B             ,218801000,54.304,11.8815,9,2025-11-05 14:17:45.778468952 +0000 UTC,Unknown,DarkTurquoise,Unknown,Unknown,Unknown,Unknown,Germany 🇩🇪,121.3,Unknown,Unknown,0,Under way using engine,Unknown,Unknown
GROSSER KURFUERST,211761920,52.8258,12.0716,0,2025-11-05 14:17:45.780237544 +0000 UTC,Unknown,DarkTurquoise,Unknown,Unknown,Unknown,Unknown,Germany 🇩🇪,360,Unknown,Unknown,-128,Undefined,Unknown,Unknown
BYZANTIUM,244250730,52.3619,4.8826,0,2025-11-05 14:17:45.781709884 +0000 UTC,Unknown,DarkTurquoise,Unknown,Unknown,Unknown,Unknown,Netherlands 🇳🇱,360,Unknown,Unknown,-128,Under way using engine,Unknown,Unknown
HT02 LIAS           ,211397620,53.5439,9.9839,Unknown,2025-11-05 14:17:45.782855249 +0000 UTC,Tug Boat,Silver,HAMBURG             ,Unknown,Unknown,Unknown,Germany 🇩🇪,Unknown,Unknown,Unknown,Unknown,Unknown,0,1.8
MILA,244660557,52.3809,4.9146,7.3,2025-11-05 14:17:45.784286566 +0000 UTC,Unknown,DarkTurquoise,Unknown,Unknown,Unknown,Unknown,Netherlands 🇳🇱,260,Unknown,Unknown,-128,Under way using engine,Unknown,Unknown
MAGELLAN,211515380,51.6902,4.5092,0,2025-11-05 14:17:45.787130747 +0000 UTC,Unknown,DarkTurquoise,Unknown,Unknown,Unknown,Unknown,Germany 🇩🇪,360,Unknown,Unknown,-128,Moored,Unknown,Unknown
BERLIN,244770080,52.3793,4.8963,0,2025-11-05 14:17:45.7885358 +0000 UTC,Unknown,DarkTurquoise,Unknown,Unknown,Unknown,Unknown,Netherlands 🇳🇱,360,Unknown,Unknown,-128,Under way using engine,Unknown,Unknown
BARNES,235085697,51.4949,-0.0037,0.2,2025-11-05 14:17:45.790427752 +0000 UTC,Unknown,DarkTurquoise,Unknown,Unknown,Unknown,Unknown,United Kingdom 🇬🇧,360,Unknown,Unknown,-128,Under way using engine,Unknown,Unknown
RUNA,210353000,54.2371,-5.3071,8.8,2025-11-05 14:17:45.796145728 +0000 UTC,Unknown,DarkTurquoise,Unknown,Unknown,Unknown,Unknown,Cyprus 🇨🇾,8.4,Unknown,Unknown,0,Under way using engine,Unknown,Unknown
LIVIN THE DREAM,338433473,37.8586,-122.4812,Unknown,2025-11-05 14:17:45.799406008 +0000 UTC,Unknown,DarkTurquoise,Unknown,Unknown,Unknown,Unknown,United States 🇺🇸,Unknown,Unknown,Unknown,Unknown,Unknown,Unknown,Unknown
DAYBREAK,244670935,51.5067,4.2557,0,2025-11-05 14:17:45.800676807 +0000 UTC,Unknown,DarkTurquoise,Unknown,Unknown,Unknown,Unknown,Netherlands 🇳🇱,360,Unknown,Unknown,-128,Moored,Unknown,Unknown
HANSEN SIEN 2,211540760,53.5428,9.9769,0,2025-11-05 14:17:45.803326271 +0000 UTC,Unknown,DarkTurquoise,Unknown,Unknown,Unknown,Unknown,Germany 🇩🇪,290,Unknown,Unknown,0,Under way using engine,Unknown,Unknown
WILSON BAERL,314605000,55.98,12.7263,Unknown,2025-11-05 14:17:45.806014827 +0000 UTC,Cargo,ForestGreen,SEHEL,SEHEL,Helsingborg,Sweden,Barbados 🇧🇧,Unknown,100,12,Unknown,Unknown,9194311,3.1
AYER MANIS          ,563001270,1.2254,103.8021,0,2025-11-05 14:17:45.807370787 +0000 UTC,Unknown,DarkTurquoise,Unknown,Unknown,Unknown,Unknown,Singapore 🇸🇬,0,Unknown,Unknown,-128,Under way sailing,Unknown,Unknown
ISLA EDEN           ,503770000,-20.1535,57.4991,0,2025-11-05 14:17:45.808475779 +0000 UTC,Unknown,DarkTurquoise,Unknown,Unknown,Unknown,Unknown,Australia 🇦🇺,87,Unknown,Unknown,0,Under way sailing,Unknown,Unknown
LADY S,235118374,49.1806,-2.1116,Unknown,2025-11-05 14:17:45.812283759 +0000 UTC,Unknown,DarkTurquoise,Unknown,Unknown,Unknown,Unknown,United Kingdom 🇬🇧,Unknown,Unknown,Unknown,Unknown,Unknown,Unknown,Unknown
SEA STAR            ,373594000,54.6516,12.4047,10,2025-11-05 14:17:45.813702283 +0000 UTC,Unknown,DarkTurquoise,Unknown,Unknown,Unknown,Unknown,Panama 🇵🇦,239.2,Unknown,Unknown,-3,Constrained by her draught,Unknown,Unknown
US GOV VESSEL 75,368800000,36.9601,-76.3293,Unknown,2025-11-05 14:17:45.815036428 +0000 UTC,Unknown,DarkTurquoise,,Unknown,Unknown,Unknown,United States 🇺🇸,Unknown,Unknown,Unknown,Unknown,Unknown,0,0
SVITZER CECILIA     ,232003119,55.0097,-1.4242,6.4,2025-11-05 14:17:45.81843357 +0000 UTC,Unknown,DarkTurquoise,Unknown,Unknown,Unknown,Unknown,United Kingdom 🇬🇧,254.8,Unknown,Unknown,127,Under way using engine,Unknown,Unknown
BERGENSFJORD        ,258271000,59.4124,5.2577,0,2025-11-05 14:17:45.8211268 +0000 UTC,Unknown,DarkTurquoise,Unknown,Unknown,Unknown,Unknown,Norway 🇳🇴,139.6,Unknown,Unknown,0,Moored,Unknown,Unknown
RESCUE LARS,265048110,57.6814,11.6492,0,2025-11-05 14:17:45.822699253 +0000 UTC,Unknown,DarkTurquoise,Unknown,Unknown,Unknown,Unknown,Sweden 🇸🇪,70,Unknown,Unknown,8,Under way using engine,Unknown,Unknown
ECOCAT DOS,225994585,41.3748,2.1789,0,2025-11-05 14:17:45.823980139 +0000 UTC,Unknown,DarkTurquoise,Unknown,Unknown,Unknown,Unknown,Spain 🇪🇸,360,Unknown,Unknown,-128,Under way using engine,Unknown,Unknown
ZAYYAN K            ,375369000,31.8279,34.6469,102.3,2025-11-05 14:17:45.825379561 +0000 UTC,Unknown,DarkTurquoise,Unknown,Unknown,Unknown,Unknown,Saint Vincent and the Grenadines 🇻🇨,360,Unknown,Unknown,0,Moored,Unknown,Unknown
MOREA,205441690,51.2597,4.4101,0,2025-11-05 14:17:45.82849516 +0000 UTC,Unknown,DarkTurquoise,Unknown,Unknown,Unknown,Unknown,Belgium 🇧🇪,98.1,Unknown,Unknown,-128,Moored,Unknown,Unknown
YOU YOU,244181230,52.2785,4.3324,Unknown,2025-11-05 14:17:45.829545462 +0000 UTC,Unknown,DarkTurquoise,Unknown,Unknown,Unknown,Unknown,Netherlands 🇳🇱,Unknown,Unknown,Unknown,Unknown,Unknown,Unknown,Unknown
MOBY ORLI           ,247385600,38.1919,15.5677,0,2025-11-05 14:17:45.830875918 +0000 UTC,Unknown,DarkTurquoise,Unknown,Unknown,Unknown,Unknown,Italy 🇮🇹,28.2,Unknown,Unknown,0,Under way using engine,Unknown,Unknown
STAAL,244810807,52.3638,4.8801,0,2025-11-05 14:17:45.835301251 +0000 UTC,Unknown,DarkTurquoise,Unknown,Unknown,Unknown,Unknown,Netherlands 🇳🇱,0,Unknown,Unknown,-128,Under way using engine,Unknown,Unknown
LL1149 HERRING      ,266159000,58.3589,11.2455,0,2025-11-05 14:17:45.837062572 +0000 UTC,Unknown,DarkTurquoise,Unknown,Unknown,Unknown,Unknown,Sweden 🇸🇪,319.3,Unknown,Unknown,0,Moored,Unknown,Unknown
NAVIOS HELIOS       ,371623000,1.2613,103.9897,3.2,2025-11-05 14:17:45.838494915 +0000 UTC,Unknown,DarkTurquoise,Unknown,Unknown,Unknown,Unknown,Panama 🇵🇦,260,Unknown,Unknown,0,Under way using engine,Unknown,Unknown
VEERMAN VAN KAMPEN,244690930,52.5613,5.9151,0,2025-11-05 14:17:45.839753215 +0000 UTC,Unknown,DarkTurquoise,Unknown,Unknown,Unknown,Unknown,Netherlands 🇳🇱,19.4,Unknown,Unknown,-128,Under way using engine,Unknown,Unknown
ABANA               ,314740000,32.8733,35.0136,0,2025-11-05 14:17:45.84392277 +0000 UTC,Unknown,DarkTurquoise,Unknown,Unknown,Unknown,Unknown,Barbados 🇧🇧,245.4,Unknown,Unknown,0,At anchor,Unknown,Unknown
F\V DESPERADO,228312000,47.2076,-2.823,3.4,2025-11-05 14:17:45.845412703 +0000 UTC,Unknown,DarkTurquoise,Unknown,Unknown,Unknown,Unknown,France 🇫🇷,339.9,Unknown,Unknown,-128,Undefined,Unknown,Unknown
ANDRE.L             ,228219600,46.2272,-1.7147,8.2,2025-11-05 14:17:45.846954071 +0000 UTC,Unknown,DarkTurquoise,Unknown,Unknown,Unknown,Unknown,France 🇫🇷,135.6,Unknown,Unknown,127,Under way using engine,Unknown,Unknown
MATHIA,244670441,51.4494,6.7944,8.3,2025-11-05 14:17:45.848544158 +0000 UTC,Unknown,DarkTurquoise,Unknown,Unknown,Unknown,Unknown,Netherlands 🇳🇱,285.7,Unknown,Unknown,127,Under way using engine,Unknown,Unknown
FLIGHT RISK,367639580,36.9227,-76.1881,Unknown,2025-11-05 14:17:45.85070674 +0000 UTC,Unknown,DarkTurquoise,Unknown,Unknown,Unknown,Unknown,United States 🇺🇸,Unknown,Unknown,Unknown,Unknown,Unknown,Unknown,Unknown
COLOR HYBRID,257465000,59.0252,10.2897,13.6,2025-11-05 14:17:45.856259565 +0000 UTC,Unknown,DarkTurquoise,Unknown,Unknown,Unknown,Unknown,Norway 🇳🇴,282.6,Unknown,Unknown,0,Under way using engine,Unknown,Unknown
BERING              ,304927000,57.5693,11.6709,5.6,2025-11-05 14:17:45.857609934 +0000 UTC,Unknown,DarkTurquoise,Unknown,Unknown,Unknown,Unknown,Antigua and Barbuda 🇦🇬,263.4,Unknown,Unknown,0,Under way using engine,Unknown,Unknown
KBV 150,265069380,58.482,16.9661,0.2,2025-11-05 14:17:45.8656302 +0000 UTC,Unknown,DarkTurquoise,Unknown,Unknown,Unknown,Unknown,Sweden 🇸🇪,78.7,Unknown,Unknown,7,Undefined,Unknown,Unknown
OLEANDER,244660664,51.8497,6.1068,0,2025-11-05 14:17:45.863077347 +0000 UTC,Unknown,DarkTurquoise,Unknown,Unknown,Unknown,Unknown,Netherlands 🇳🇱,318.4,Unknown,Unknown,-128,Under way using engine,Unknown,Unknown
ALL INCLUSIVE,265757550,59.4604,18.2764,Unknown,2025-11-05 14:17:45.864475666 +0000 UTC,Unknown,DarkTurquoise,Unknown,Unknown,Unknown,Unknown,Sweden 🇸🇪,Unknown,Unknown,Unknown,Unknown,Unknown,Unknown,Unknown
SCHEUR,244710705,51.8957,4.587,0,2025-11-05 14:17:45.867518652 +0000 UTC,Unknown,DarkTurquoise,Unknown,Unknown,Unknown,Unknown,Netherlands 🇳🇱,0,Unknown,Unknown,-128,Under way using engine,Unknown,Unknown
AMY B               ,367727410,45.7932,-122.8433,0,2025-11-05 14:17:45.869495003 +0000 UTC,Unknown,DarkTurquoise,Unknown,Unknown,Unknown,Unknown,United States 🇺🇸,241.5,Unknown,Unknown,0,Under way using engine,Unknown,Unknown
WASSERBOOT 1        ,211544210,53.542,9.9842,0,2025-11-05 14:17:45.870757338 +0000 UTC,Unknown,DarkTurquoise,Unknown,Unknown,Unknown,Unknown,Germany 🇩🇪,140,Unknown,Unknown,0,Under way using engine,Unknown,Unknown
CHIANG IN,567073700,13.5861,100.5881,0,2025-11-05 14:17:45.874006701 +0000 UTC,Unknown,DarkTurquoise,Unknown,Unknown,Unknown,Unknown,Thailand 🇹🇭,80.6,Unknown,Unknown,-128,Under way using engine,Unknown,Unknown
SWS ENDURANCE       ,232020313,51.4972,0.0726,9.8,2025-11-05 14:17:45.876373659 +0000 UTC,Unknown,DarkTurquoise,Unknown,Unknown,Unknown,Unknown,United Kingdom 🇬🇧,73.5,Unknown,Unknown,-128,Under way using engine,Unknown,Unknown
MIRJAM,244740162,51.9712,6.2642,0,2025-11-05 14:17:45.878982472 +0000 UTC,Unknown,DarkTurquoise,Unknown,Unknown,Unknown,Unknown,Netherlands 🇳🇱,360,Unknown,Unknown,-128,Under way using engine,Unknown,Unknown
    NEW DEL MAR  ,366855060,33.9719,-118.4466,0,2025-11-05 14:17:45.880367538 +0000 UTC,Unknown,DarkTurquoise,Unknown,Unknown,Unknown,Unknown,United States 🇺🇸,226.3,Unknown,Unknown,-128,Undefined,Unknown,Unknown
FALKSUND,258062000,59.196,5.5095,Unknown,2025-11-05 14:17:45.881889635 +0000 UTC,Cargo,ForestGreen,HELLE,DKHVT,Hellebak,Denmark,Norway 🇳🇴,Unknown,75,11,Unknown,Unknown,8420725,3
BLUE,244013024,51.7419,3.6985,12.3,2025-11-05 14:17:45.885617244 +0000 UTC,Unknown,DarkTurquoise,Unknown,Unknown,Unknown,Unknown,Netherlands 🇳🇱,196.2,Unknown,Unknown,-128,Under way using engine,Unknown,Unknown
PAPATUANUKU         ,244799257,51.8979,4.4828,0,2025-11-05 14:17:45.887518957 +0000 UTC,Unknown,DarkTurquoise,Unknown,Unknown,Unknown,Unknown,Netherlands 🇳🇱,360,Unknown,Unknown,-128,Moored,Unknown,Unknown
RSP-SB 011 ,261182587,52.6567,13.2167,0,2025-11-05 14:17:45.888650032 +0000 UTC,Unknown,DarkTurquoise,Unknown,Unknown,Unknown,Unknown,Poland 🇵🇱,360,Unknown,Unknown,-128,Undefined,Unknown,Unknown
CMA CGM DAKHLA,242377400,30.4083,-9.6713,14.7,2025-11-05 14:17:45.890547508 +0000 UTC,Unknown,DarkTurquoise,Unknown,Unknown,Unknown,Unknown,Morocco 🇲🇦,279,Unknown,Unknown,0,Under way using engine,Unknown,Unknown
RESCUE HJALMAREN    ,265584620,59.1843,15.7073,0.1,2025-11-05 14:17:45.891994527 +0000 UTC,Unknown,DarkTurquoise,Unknown,Unknown,Unknown,Unknown,Sweden 🇸🇪,76,Unknown,Unknown,0,Under way using engine,Unknown,Unknown
STARNES             ,304819000,58.8191,5.2504,7.6,2025-11-05 14:17:45.893250326 +0000 UTC,Unknown,DarkTurquoise,Unknown,Unknown,Unknown,Unknown,Antigua and Barbuda 🇦🇬,348.5,Unknown,Unknown,0,Under way using engine,Unknown,Unknown
LEVANT ,244710422,52.0442,5.1019,0,2025-11-05 14:17:45.899814235 +0000 UTC,Unknown,DarkTurquoise,Unknown,Unknown,Unknown,Unknown,Netherlands 🇳🇱,0,Unknown,Unknown,0,Under way using engine,Unknown,Unknown
EDT ATHENA          ,636024290,34.645,33.0095,0,2025-11-05 14:17:45.90645571 +0000 UTC,Unknown,DarkTurquoise,Unknown,Unknown,Unknown,Unknown,Liberia 🇱🇷,149.3,Unknown,Unknown,0,Moored,Unknown,Unknown
TRICA               ,244912000,61.1266,21.44,0,2025-11-05 14:17:45.907776282 +0000 UTC,Unknown,DarkTurquoise,Unknown,Unknown,Unknown,Unknown,Netherlands 🇳🇱,354.9,Unknown,Unknown,0,Moored,Unknown,Unknown
CL BEIJING          ,477327500,-21.1403,149.6236,0,2025-11-05 14:17:45.910687426 +0000 UTC,Unknown,DarkTurquoise,Unknown,Unknown,Unknown,Unknown,Hong Kong (China) 🇭🇰,109.6,Unknown,Unknown,0,At anchor,Unknown,Unknown
WOLF,211583150,53.4308,10.354,0,2025-11-05 14:17:45.913420828 +0000 UTC,Unknown,DarkTurquoise,Unknown,Unknown,Unknown,Unknown,Germany 🇩🇪,179,Unknown,Unknown,0,Under way using engine,Unknown,Unknown
MSRC TITAN          ,368347630,40.4829,-74.0148,12.7,2025-11-05 14:17:45.917663945 +0000 UTC,Unknown,DarkTurquoise,Unknown,Unknown,Unknown,Unknown,United States 🇺🇸,241,Unknown,Unknown,-127,Under way using engine,Unknown,Unknown
TSM TEXEL           ,228452800,40.6223,-74.0476,8.7,2025-11-05 14:17:45.924869069 +0000 UTC,Unknown,DarkTurquoise,Unknown,Unknown,Unknown,Unknown,France 🇫🇷,350.5,Unknown,Unknown,127,Under way using engine,Unknown,Unknown
ISLEMAN             ,538010450,40.3746,-73.8154,13.5,2025-11-05 14:17:45.930141454 +0000 UTC,Unknown,DarkTurquoise,Unknown,Unknown,Unknown,Unknown,Marshall Islands 🇲🇭,180.7,Unknown,Unknown,0,Under way using engine,Unknown,Unknown
MR BILL             ,367497070,29.7266,-95.2751,0,2025-11-05 14:17:45.931346117 +0000 UTC,Unknown,DarkTurquoise,Unknown,Unknown,Unknown,Unknown,United States 🇺🇸,333.1,Unknown,Unknown,-128,Under way using engine,Unknown,Unknown
MANTA               ,205340000,42.7155,31.2653,1.7,2025-11-05 14:17:45.933458387 +0000 UTC,Unknown,DarkTurquoise,Unknown,Unknown,Unknown,Unknown,Belgium 🇧🇪,350,Unknown,Unknown,-11,Restricted manoeuvrability,Unknown,Unknown
 BIANCA D           ,211513350,51.2637,4.3292,0,2025-11-05 14:17:45.934643142 +0000 UTC,Unknown,DarkTurquoise,Unknown,Unknown,Unknown,Unknown,Germany 🇩🇪,288,Unknown,Unknown,-128,Moored,Unknown,Unknown
BLUE BARCELONA,244042197,51.8482,4.6619,12.4,2025-11-05 14:17:45.93580245 +0000 UTC,Unknown,DarkTurquoise,Unknown,Unknown,Unknown,Unknown,Netherlands 🇳🇱,138,Unknown,Unknown,127,Under way using engine,Unknown,Unknown
FB FIREFIGHTER II,367597240,40.6298,-74.0724,0.1,2025-11-05 14:17:45.936714802 +0000 UTC,Unknown,DarkTurquoise,Unknown,Unknown,Unknown,Unknown,United States 🇺🇸,305.1,Unknown,Unknown,-3,Under way using engine,Unknown,Unknown
SCHUYLKILL          ,367314490,40.4948,-74.2567,0.5,2025-11-05 14:17:45.939569583 +0000 UTC,Unknown,DarkTurquoise,Unknown,Unknown,Unknown,Unknown,United States 🇺🇸,131.1,Unknown,Unknown,0,,Unknown,Unknown
GREAT EAGLE         ,367784640,40.7037,-73.9955,1.5,2025-11-05 14:17:45.938000793 +0000 UTC,Unknown,DarkTurquoise,Unknown,Unknown,Unknown,Unknown,United States 🇺🇸,35.8,Unknown,Unknown,-127,Under way using engine,Unknown,Unknown
NAB,235031425,50.7613,-1.2941,0,2025-11-05 14:17:45.945471324 +0000 UTC,Unknown,DarkTurquoise,Unknown,Unknown,Unknown,Unknown,United Kingdom 🇬🇧,360,Unknown,Unknown,0,Under way using engine,Unknown,Unknown
PL ST CUTHBERT      ,235099364,51.9475,1.2916,Unknown,2025-11-05 14:17:45.946716361 +0000 UTC,Pilot Vessel,LightGreen,PILOTAGE OPS        ,CLLTA,Lota,Chile,United Kingdom 🇬🇧,Unknown,14,4,Unknown,Unknown,0,1.4
ANTONIA             ,264163613,50.17,7.6887,12.4,2025-11-05 14:17:45.94852748 +0000 UTC,Unknown,DarkTurquoise,Unknown,Unknown,Unknown,Unknown,Romania 🇷🇴,282.4,Unknown,Unknown,-128,Under way using engine,Unknown,Unknown
MERKUR II           ,211209510,54.1721,12.0966,6.8,2025-11-05 14:17:45.953012813 +0000 UTC,Unknown,DarkTurquoise,Unknown,Unknown,Unknown,Unknown,Germany 🇩🇪,166.5,Unknown,Unknown,0,Under way using engine,Unknown,Unknown
VIRGINIAN           ,367473140,40.4813,-74.0093,0.9,2025-11-05 14:17:45.953810275 +0000 UTC,Unknown,DarkTurquoise,Unknown,Unknown,Unknown,Unknown,United States 🇺🇸,84.5,Unknown,Unknown,-128,Restricted manoeuvrability,Unknown,Unknown
ALEXANDRA           ,367161950,40.494,-74.2251,3.7,2025-11-05 14:17:45.954677594 +0000 UTC,Unknown,DarkTurquoise,Unknown,Unknown,Unknown,Unknown,United States 🇺🇸,227.6,Unknown,Unknown,0,Under way using engine,Unknown,Unknown
DRIFTMASTER         ,366999411,40.6441,-74.1345,2.1,2025-11-05 14:17:45.957422161 +0000 UTC,Unknown,DarkTurquoise,Unknown,Unknown,Unknown,Unknown,United States 🇺🇸,252.4,Unknown,Unknown,-128,Under way using engine,Unknown,Unknown
SEACAT ENDEAVOUR    ,235092252,51.3294,1.421,0.1,2025-11-05 14:17:45.958799162 +0000 UTC,Unknown,DarkTurquoise,Unknown,Unknown,Unknown,Unknown,United Kingdom 🇬🇧,262.5,Unknown,Unknown,0,Moored,Unknown,Unknown
P&M-WORKER,244130583,51.9705,5.9273,3.9,2025-11-05 14:17:45.960056739 +0000 UTC,Unknown,DarkTurquoise,Unknown,Unknown,Unknown,Unknown,Netherlands 🇳🇱,69.4,Unknown,Unknown,-128,Restricted manoeuvrability,Unknown,Unknown
DREDGE OREGON,366986380,46.0788,-122.9012,0,2025-11-05 14:17:45.963255368 +0000 UTC,Unknown,DarkTurquoise,Unknown,Unknown,Unknown,Unknown,United States 🇺🇸,360,Unknown,Unknown,0,Restricted manoeuvrability,Unknown,Unknown
FN322 SYRODDE       ,219001149,57.3215,11.1262,0,2025-11-05 14:17:45.966501411 +0000 UTC,Fishing,Gold,Unknown,Unknown,Unknown,Unknown,Denmark 🇩🇰,306.9,Unknown,Unknown,-128,Engaged in fishing,Unknown,Unknown
SWELL,240680600,37.9125,23.7021,0,2025-11-05 14:17:45.968002269 +0000 UTC,Unknown,DarkTurquoise,Unknown,Unknown,Unknown,Unknown,Greece 🇬🇷,360,Unknown,Unknown,-128,Undefined,Unknown,Unknown
HANSATAUCHER 12,211887460,53.5269,10.058,Unknown,2025-11-05 14:17:45.969150788 +0000 UTC,Port Tender,LimeGreen,,Unknown,Unknown,Unknown,Germany 🇩🇪,Unknown,48,7,Unknown,Unknown,0,0
SHALOM,244810551,52.3799,4.915,6.4,2025-11-05 14:17:45.971643126 +0000 UTC,Unknown,DarkTurquoise,Unknown,Unknown,Unknown,Unknown,Netherlands 🇳🇱,81.2,Unknown,Unknown,-128,Undefined,Unknown,Unknown
F/V MABRUNE         ,227314180,49.6195,0.0151,6.1,2025-11-05 14:17:45.973386306 +0000 UTC,Unknown,DarkTurquoise,Unknown,Unknown,Unknown,Unknown,France 🇫🇷,218.7,Unknown,Unknown,-128,Under way using engine,Unknown,Unknown
LELIEGRACHT,244660253,53.1537,6.5993,4.6,2025-11-05 14:17:45.975319865 +0000 UTC,Unknown,DarkTurquoise,Unknown,Unknown,Unknown,Unknown,Netherlands 🇳🇱,151.3,Unknown,Unknown,-128,Under way using engine,Unknown,Unknown
SOPHIA,319113600,44.3933,8.9367,0,2025-11-05 14:17:45.97783036 +0000 UTC,Unknown,DarkTurquoise,Unknown,Unknown,Unknown,Unknown,Cayman Islands (British Overseas Territory) 🇰🇾,174.9,Unknown,Unknown,5,Moored,Unknown,Unknown
NORWEGIAN ENCORE,311000879,10.4044,-75.5313,0,2025-11-05 14:17:45.979645954 +0000 UTC,Unknown,DarkTurquoise,Unknown,Unknown,Unknown,Unknown,Bahamas 🇧🇸,31.7,Unknown,Unknown,0,Moored,Unknown,Unknown
SELENE PRAHM,211219630,53.6732,9.5059,8.6,2025-11-05 14:17:45.981955365 +0000 UTC,Unknown,DarkTurquoise,Unknown,Unknown,Unknown,Unknown,Germany 🇩🇪,161.9,Unknown,Unknown,0,Under way using engine,Unknown,Unknown
PACIFIC FUTURE      ,367046890,46.1678,-123.9145,Unknown,2025-11-05 14:17:45.983212168 +0000 UTC,Fishing,Gold,,Unknown,Unknown,Unknown,United States 🇺🇸,Unknown,22,7,Unknown,Unknown,0,3
VERNICOS MASTER,240917000,37.9347,23.6227,0,2025-11-05 14:17:45.984300286 +0000 UTC,Unknown,DarkTurquoise,Unknown,Unknown,Unknown,Unknown,Greece 🇬🇷,21.7,Unknown,Unknown,0,,Unknown,Unknown
NOBLE BOB DOUGLAS,636015383,7.9142,-56.6644,0,2025-11-05 14:17:45.986432799 +0000 UTC,Unknown,DarkTurquoise,Unknown,Unknown,Unknown,Unknown,Liberia 🇱🇷,80.4,Unknown,Unknown,0,Restricted manoeuvrability,Unknown,Unknown
MUFLON 2            ,267010016,48.1366,17.1375,0.1,2025-11-05 14:17:45.987601772 +0000 UTC,Unknown,DarkTurquoise,Unknown,Unknown,Unknown,Unknown,Slovakia 🇸🇰,199.8,Unknown,Unknown,-128,Restricted manoeuvrability,Unknown,Unknown
PTE DEL MORRO       ,242411700,28.1079,-12.0362,0,2025-11-05 14:17:45.98839985 +0000 UTC,Unknown,DarkTurquoise,Unknown,Unknown,Unknown,Unknown,Morocco 🇲🇦,19.9,Unknown,Unknown,-128,Undefined,Unknown,Unknown
WADDENSTROOM,245319000,54.6313,11.3756,5.8,2025-11-05 14:17:45.989701005 +0000 UTC,Unknown,DarkTurquoise,Unknown,Unknown,Unknown,Unknown,Netherlands 🇳🇱,24.7,Unknown,Unknown,0,Restricted manoeuvrability,Unknown,Unknown
OCARINA,264163572,51.8911,4.2713,0.1,2025-11-05 14:17:45.992724038 +0000 UTC,Unknown,DarkTurquoise,Unknown,Unknown,Unknown,Unknown,Romania 🇷🇴,360,Unknown,Unknown,-128,Moored,Unknown,Unknown
TORLAND             ,265028000,57.7202,10.6039,0,2025-11-05 14:17:45.994639163 +0000 UTC,Unknown,DarkTurquoise,Unknown,Unknown,Unknown,Unknown,Sweden 🇸🇪,310,Unknown,Unknown,0,Under way using engine,Unknown,Unknown
MUCKI,211591370,51.4507,6.7234,5.6,2025-11-05 14:17:45.996581475 +0000 UTC,Unknown,DarkTurquoise,Unknown,Unknown,Unknown,Unknown,Germany 🇩🇪,141.7,Unknown,Unknown,-128,Under way using engine,Unknown,Unknown
SPLENDOR,244620207,51.8969,5.5933,0,2025-11-05 14:17:45.998646222 +0000 UTC,Unknown,DarkTurquoise,Unknown,Unknown,Unknown,Unknown,Netherlands 🇳🇱,0,Unknown,Unknown,-128,Moored,Unknown,Unknown
HAPPINESS,205297270,37.1071,-8.6702,Unknown,2025-11-05 14:17:46.001419483 +0000 UTC,Unknown,DarkTurquoise,Unknown,Unknown,Unknown,Unknown,Belgium 🇧🇪,Unknown,Unknown,Unknown,Unknown,Unknown,Unknown,Unknown
PHOENIX ,244730014,52.4837,4.8115,4.9,2025-11-05 14:17:46.003225176 +0000 UTC,Unknown,DarkTurquoise,Unknown,Unknown,Unknown,Unknown,Netherlands 🇳🇱,178.2,Unknown,Unknown,-128,Under way using engine,Unknown,Unknown
LAURIE M            ,503012770,-27.444,153.1087,0,2025-11-05 14:17:46.005561748 +0000 UTC,Unknown,DarkTurquoise,Unknown,Unknown,Unknown,Unknown,Australia 🇦🇺,256.6,Unknown,Unknown,0,Under way using engine,Unknown,Unknown
WON3 VERTROUWEN     ,244780677,51.473,4.1731,0,2025-11-05 14:17:46.006702399 +0000 UTC,Unknown,DarkTurquoise,Unknown,Unknown,Unknown,Unknown,Netherlands 🇳🇱,273.3,Unknown,Unknown,-128,Undefined,Unknown,Unknown
ELVIRA              ,265732980,58.4437,16.5975,0,2025-11-05 14:17:46.009941595 +0000 UTC,Unknown,DarkTurquoise,Unknown,Unknown,Unknown,Unknown,Sweden 🇸🇪,360,Unknown,Unknown,-128,Under way using engine,Unknown,Unknown
ANNE JARRETT        ,367384520,36.8367,-76.2709,0,2025-11-05 14:17:46.012062966 +0000 UTC,Unknown,DarkTurquoise,Unknown,Unknown,Unknown,Unknown,United States 🇺🇸,265.5,Unknown,Unknown,0,Under way using engine,Unknown,Unknown
HUSKY,244730389,52.4636,4.5855,0.3,2025-11-05 14:17:46.013502519 +0000 UTC,Unknown,DarkTurquoise,Unknown,Unknown,Unknown,Unknown,Netherlands 🇳🇱,109.8,Unknown,Unknown,0,Under way using engine,Unknown,Unknown
Unknown Vessel,636023268,52.976,4.0486,11.4,2025-11-05 14:17:46.014390796 +0000 UTC,Unknown,DarkTurquoise,Unknown,Unknown,Unknown,Unknown,Liberia 🇱🇷,232.5,Unknown,Unknown,0,Under way using engine,Unknown,Unknown
SABRINA GLORY       ,538010363,29.8002,-93.9526,6.3,2025-11-05 14:17:46.016368986 +0000 UTC,Unknown,DarkTurquoise,Unknown,Unknown,Unknown,Unknown,Marshall Islands 🇲🇭,341.5,Unknown,Unknown,-1,Under way using engine,Unknown,Unknown
COPENHAGEN          ,244740449,51.9103,4.4171,0,2025-11-05 14:17:46.025257291 +0000 UTC,Unknown,DarkTurquoise,Unknown,Unknown,Unknown,Unknown,Netherlands 🇳🇱,269.4,Unknown,Unknown,-128,Moored,Unknown,Unknown
LILY C              ,367653530,30.0088,-93.9827,5.8,2025-11-05 14:17:46.017346464 +0000 UTC,Unknown,DarkTurquoise,Unknown,Unknown,Unknown,Unknown,United States 🇺🇸,276.8,Unknown,Unknown,-128,Under way using engine,Unknown,Unknown
ROCKFISH            ,367083580,30.0772,-94.0662,0,2025-11-05 14:17:46.021160944 +0000 UTC,Unknown,DarkTurquoise,Unknown,Unknown,Unknown,Unknown,United States 🇺🇸,174.4,Unknown,Unknown,0,Under way using engine,Unknown,Unknown
LUCY HANNAH         ,368436740,29.5164,-94.5135,5.1,2025-11-05 14:17:46.022323648 +0000 UTC,Unknown,DarkTurquoise,Unknown,Unknown,Unknown,Unknown,United States 🇺🇸,246,Unknown,Unknown,0,,Unknown,Unknown
SPANDAVIA,211663860,52.5143,13.4103,Unknown,2025-11-05 14:17:46.029852518 +0000 UTC,Cargo,ForestGreen,BAUSTELLE,DECYN,Castell,Germany,Germany 🇩🇪,Unknown,14,9,Unknown,Unknown,0,1.2
DEO GRATIAS         ,244660309,51.9638,5.2778,5.5,2025-11-05 14:17:46.026318754 +0000 UTC,Unknown,DarkTurquoise,Unknown,Unknown,Unknown,Unknown,Netherlands 🇳🇱,96.6,Unknown,Unknown,-128,Moored,Unknown,Unknown
PERMISSION GRANTED,338388957,47.6675,-122.3934,Unknown,2025-11-05 14:17:46.034402551 +0000 UTC,Unknown,DarkTurquoise,Unknown,Unknown,Unknown,Unknown,United States 🇺🇸,Unknown,Unknown,Unknown,Unknown,Unknown,Unknown,Unknown
  FIDES,244710901,52.0007,5.088,6.7,2025-11-05 14:17:46.027600909 +0000 UTC,Unknown,DarkTurquoise,Unknown,Unknown,Unknown,Unknown,Netherlands 🇳🇱,62.6,Unknown,Unknown,-128,Under way using engine,Unknown,Unknown
DANE F MORGAN       ,366892660,29.6874,-94.1752,4.3,2025-11-05 14:17:46.019952249 +0000 UTC,Unknown,DarkTurquoise,Unknown,Unknown,Unknown,Unknown,United States 🇺🇸,262.4,Unknown,Unknown,-128,Under way using engine,Unknown,Unknown
ROBERT BURTON       ,367078850,40.6642,-74.0131,5.3,2025-11-05 14:17:46.036310216 +0000 UTC,Unknown,DarkTurquoise,Unknown,Unknown,Unknown,Unknown,United States 🇺🇸,251.4,Unknown,Unknown,0,,Unknown,Unknown
REINOD 6,244010219,52.0135,4.3655,4.6,2025-11-05 14:17:46.042818366 +0000 UTC,Unknown,DarkTurquoise,Unknown,Unknown,Unknown,Unknown,Netherlands 🇳🇱,318,Unknown,Unknown,-128,Under way using engine,Unknown,Unknown
HESTMANN,257040700,64.9223,11.8855,0,2025-11-05 14:17:46.037975784 +0000 UTC,Unknown,DarkTurquoise,Unknown,Unknown,Unknown,Unknown,Norway 🇳🇴,168.2,Unknown,Unknown,-128,Under way using engine,Unknown,Unknown
RESCUE R BERGMAN    ,265530870,57.8663,19.0583,0.1,2025-11-05 14:17:46.039717147 +0000 UTC,Unknown,DarkTurquoise,Unknown,Unknown,Unknown,Unknown,Sweden 🇸🇪,60.9,Unknown,Unknown,0,Undefined,Unknown,Unknown
BERLIN,211841140,52.4605,13.4545,0,2025-11-05 14:17:46.041794862 +0000 UTC,Fishing,Gold,Unknown,Unknown,Unknown,Unknown,Germany 🇩🇪,360,Unknown,Unknown,-128,Engaged in fishing,Unknown,Unknown
HENRY DE VOS,205739000,51.2247,4.3927,0,2025-11-05 14:17:46.044049341 +0000 UTC,Unknown,DarkTurquoise,Unknown,Unknown,Unknown,Unknown,Belgium 🇧🇪,196.9,Unknown,Unknown,-128,Under way using engine,Unknown,Unknown
PIDOE,244750200,51.4558,4.1927,0,2025-11-05 14:17:46.047372871 +0000 UTC,Fishing,Gold,Unknown,Unknown,Unknown,Unknown,Netherlands 🇳🇱,306.3,Unknown,Unknown,-128,Engaged in fishing,Unknown,Unknown
SC ROOS             ,244112000,52.498,4.385,19.7,2025-11-05 14:17:46.049003072 +0000 UTC,Unknown,DarkTurquoise,Unknown,Unknown,Unknown,Unknown,Netherlands 🇳🇱,111.5,Unknown,Unknown,-128,Under way using engine,Unknown,Unknown
MOKA                ,215100000,39.5662,2.6394,0,2025-11-05 14:17:46.055583422 +0000 UTC,Unknown,DarkTurquoise,Unknown,Unknown,Unknown,Unknown,Malta 🇲🇹,304.4,Unknown,Unknown,-3,Moored,Unknown,Unknown
INVOTIS VI,244670755,51.9098,4.4132,0,2025-11-05 14:17:46.058603546 +0000 UTC,Unknown,DarkTurquoise,Unknown,Unknown,Unknown,Unknown,Netherlands 🇳🇱,360,Unknown,Unknown,-128,Moored,Unknown,Unknown
BARONEN,258306500,59.8944,10.6904,26.7,2025-11-05 14:17:46.061792233 +0000 UTC,Unknown,DarkTurquoise,Unknown,Unknown,Unknown,Unknown,Norway 🇳🇴,239.1,Unknown,Unknown,-127,Under way using engine,Unknown,Unknown
SANDBORN,219030406,55.0262,14.6848,0.1,2025-11-05 14:17:46.062784907 +0000 UTC,Unknown,DarkTurquoise,Unknown,Unknown,Unknown,Unknown,Denmark 🇩🇰,279.1,Unknown,Unknown,-127,Restricted manoeuvrability,Unknown,Unknown
VERNICOS SCAFI III  ,241872000,37.9346,23.623,0,2025-11-05 14:17:46.06655029 +0000 UTC,Unknown,DarkTurquoise,Unknown,Unknown,Unknown,Unknown,Greece 🇬🇷,306.5,Unknown,Unknown,0,Under way sailing,Unknown,Unknown
ANAKIN              ,671336100,38.2919,15.4817,0,2025-11-05 14:17:46.067829889 +0000 UTC,Unknown,DarkTurquoise,Unknown,Unknown,Unknown,Unknown,Togolese 🇹🇬,248.6,Unknown,Unknown,-128,At anchor,Unknown,Unknown
NECKARHAUSEN,211509440,49.464,8.6055,1.3,2025-11-05 14:17:46.070483417 +0000 UTC,Unknown,DarkTurquoise,Unknown,Unknown,Unknown,Unknown,Germany 🇩🇪,70.4,Unknown,Unknown,-128,Under way using engine,Unknown,Unknown
NATIVE              ,316036711,49.1992,-122.9119,0.1,2025-11-05 14:17:46.073879128 +0000 UTC,Unknown,DarkTurquoise,Unknown,Unknown,Unknown,Unknown,Canada 🇨🇦,360,Unknown,Unknown,-128,Under way using engine,Unknown,Unknown
MAUNGATEA           ,512001795,-41.2835,174.0049,0,2025-11-05 14:17:46.075087459 +0000 UTC,Unknown,DarkTurquoise,Unknown,Unknown,Unknown,Unknown,New Zealand 🇳🇿,360,Unknown,Unknown,0,Under way using engine,Unknown,Unknown
THE DUDE,244870222,52.3828,4.8589,0,2025-11-05 14:17:46.076258872 +0000 UTC,Unknown,DarkTurquoise,Unknown,Unknown,Unknown,Unknown,Netherlands 🇳🇱,360,Unknown,Unknown,-128,Under way using engine,Unknown,Unknown
T/B LUPUS,258317000,69.6501,18.9635,Unknown,2025-11-05 14:17:46.079914311 +0000 UTC,Tug Boat,Silver,0047 975 23 250,Unknown,Unknown,Unknown,Norway 🇳🇴,Unknown,34,9,Unknown,Unknown,7222334,4.5
PACESETTER          ,366995670,28.9508,-95.3324,0,2025-11-05 14:17:46.083444465 +0000 UTC,Unknown,DarkTurquoise,Unknown,Unknown,Unknown,Unknown,United States 🇺🇸,130.3,Unknown,Unknown,0,,Unknown,Unknown
WEI XIAO TIAN SHI   ,412099000,55.9912,-3.184,0,2025-11-05 14:17:46.087340968 +0000 UTC,Unknown,DarkTurquoise,Unknown,Unknown,Unknown,Unknown,China 🇨🇳,156.6,Unknown,Unknown,0,Moored,Unknown,Unknown
RMS CUXHAVEN,305023300,53.6992,-0.8711,0,2025-11-05 14:17:46.088074824 +0000 UTC,Unknown,DarkTurquoise,Unknown,Unknown,Unknown,Unknown,Antigua and Barbuda 🇦🇬,228.9,Unknown,Unknown,0,Moored,Unknown,Unknown
ORCA III ,235092223,56.9087,-5.852,0,2025-11-05 14:17:46.095455437 +0000 UTC,Unknown,DarkTurquoise,Unknown,Unknown,Unknown,Unknown,United Kingdom 🇬🇧,360,Unknown,Unknown,0,Under way using engine,Unknown,Unknown
OTAGO BAY           ,477023600,-41.2733,174.7884,0,2025-11-05 14:17:46.088798349 +0000 UTC,Unknown,DarkTurquoise,Unknown,Unknown,Unknown,Unknown,Hong Kong (China) 🇭🇰,181.3,Unknown,Unknown,0,Moored,Unknown,Unknown
NAJADE,244690889,51.9816,5.8975,0,2025-11-05 14:17:46.089405365 +0000 UTC,Unknown,DarkTurquoise,Unknown,Unknown,Unknown,Unknown,Netherlands 🇳🇱,0,Unknown,Unknown,-128,Moored,Unknown,Unknown
IONIC ANASSA        ,538006696,51.9319,3.5947,0.2,2025-11-05 14:17:46.092540578 +0000 UTC,Unknown,DarkTurquoise,Unknown,Unknown,Unknown,Unknown,Marshall Islands 🇲🇭,327.4,Unknown,Unknown,0,At anchor,Unknown,Unknown
VB SUPERMAN         ,232011198,53.7422,-0.2705,0,2025-11-05 14:17:46.093992769 +0000 UTC,Unknown,DarkTurquoise,Unknown,Unknown,Unknown,Unknown,United Kingdom 🇬🇧,102.9,Unknown,Unknown,0,Under way using engine,Unknown,Unknown
PROTECTOR           ,366887970,48.5218,-122.6153,0,2025-11-05 14:17:46.096583593 +0000 UTC,Unknown,DarkTurquoise,Unknown,Unknown,Unknown,Unknown,United States 🇺🇸,167,Unknown,Unknown,0,Under way using engine,Unknown,Unknown
KNRM-KAP. HAZEWINKEL,246123000,52.6581,5.6021,0,2025-11-05 14:17:46.097755092 +0000 UTC,Unknown,DarkTurquoise,Unknown,Unknown,Unknown,Unknown,Netherlands 🇳🇱,14.8,Unknown,Unknown,-128,Under way using engine,Unknown,Unknown
SEA PANTHER         ,241618000,37.1716,2.6011,10.5,2025-11-05 14:17:46.101859907 +0000 UTC,Unknown,DarkTurquoise,Unknown,Unknown,Unknown,Unknown,Greece 🇬🇷,86.2,Unknown,Unknown,-2,Under way using engine,Unknown,Unknown
VINGAREN            ,265012140,57.4337,10.5605,0.1,2025-11-05 14:17:46.109533467 +0000 UTC,Unknown,DarkTurquoise,Unknown,Unknown,Unknown,Unknown,Sweden 🇸🇪,189.1,Unknown,Unknown,0,Under way using engine,Unknown,Unknown
MARTA COSULICH      ,563221200,1.2675,103.9353,9.1,2025-11-05 14:17:46.108266092 +0000 UTC,Unknown,DarkTurquoise,Unknown,Unknown,Unknown,Unknown,Singapore 🇸🇬,75.6,Unknown,Unknown,7,Under way using engine,Unknown,Unknown
MARABELL            ,316004439,49.1686,-123.9331,0,2025-11-05 14:17:46.112369314 +0000 UTC,Unknown,DarkTurquoise,Unknown,Unknown,Unknown,Unknown,Canada 🇨🇦,216.8,Unknown,Unknown,-128,Undefined,Unknown,Unknown
GAS 86,211515220,51.81,4.6104,0,2025-11-05 14:17:46.104256206 +0000 UTC,Unknown,DarkTurquoise,Unknown,Unknown,Unknown,Unknown,Germany 🇩🇪,360,Unknown,Unknown,-128,Moored,Unknown,Unknown
HONTE               ,205651000,51.4439,3.593,0,2025-11-05 14:17:46.10576764 +0000 UTC,Unknown,DarkTurquoise,Unknown,Unknown,Unknown,Unknown,Belgium 🇧🇪,355.7,Unknown,Unknown,0,Moored,Unknown,Unknown
MAARTEN,244740879,51.7877,4.6294,0,2025-11-05 14:17:46.119128941 +0000 UTC,Unknown,DarkTurquoise,Unknown,Unknown,Unknown,Unknown,Netherlands 🇳🇱,360,Unknown,Unknown,-128,Moored,Unknown,Unknown
YUAN YUE HU         ,414215000,-26.7345,12.686,12.2,2025-11-05 14:17:46.106809856 +0000 UTC,Unknown,DarkTurquoise,Unknown,Unknown,Unknown,Unknown,China 🇨🇳,168.1,Unknown,Unknown,0,Under way using engine,Unknown,Unknown
AVALON ENVISION,269057660,52.151,5.0081,9,2025-11-05 14:17:46.11377772 +0000 UTC,Unknown,DarkTurquoise,Unknown,Unknown,Unknown,Unknown,Switzerland 🇨🇭,132,Unknown,Unknown,0,Under way using engine,Unknown,Unknown
PILOT88             ,477995128,22.3112,114.1581,0.2,2025-11-05 14:17:46.11511826 +0000 UTC,Unknown,DarkTurquoise,Unknown,Unknown,Unknown,Unknown,Hong Kong (China) 🇭🇰,88.4,Unknown,Unknown,-128,Undefined,Unknown,Unknown
AIGAION PELAGOS     ,241762000,37.9004,23.5282,1.2,2025-11-05 14:17:46.121750649 +0000 UTC,Unknown,DarkTurquoise,Unknown,Unknown,Unknown,Unknown,Greece 🇬🇷,198.6,Unknown,Unknown,-127,Under way using engine,Unknown,Unknown
EMMALEE NICOLE      ,368077820,39.2522,-81.5312,0.3,2025-11-05 14:17:46.123375787 +0000 UTC,Unknown,DarkTurquoise,Unknown,Unknown,Unknown,Unknown,United States 🇺🇸,145.8,Unknown,Unknown,127,Under way using engine,Unknown,Unknown
KAWA BUDAPEST       ,371818000,53.6105,8.1555,6.8,2025-11-05 14:17:46.127300114 +0000 UTC,Unknown,DarkTurquoise,Unknown,Unknown,Unknown,Unknown,Panama 🇵🇦,7.7,Unknown,Unknown,0,Under way using engine,Unknown,Unknown
CRIGEE              ,244650588,51.8895,4.4155,0.2,2025-11-05 14:17:46.129727827 +0000 UTC,Unknown,DarkTurquoise,Unknown,Unknown,Unknown,Unknown,Netherlands 🇳🇱,223.8,Unknown,Unknown,7,Under way using engine,Unknown,Unknown
ONE AND ALL,503305000,-34.6386,138.1651,2.1,2025-11-05 14:17:46.132224125 +0000 UTC,Unknown,DarkTurquoise,Unknown,Unknown,Unknown,Unknown,Australia 🇦🇺,219,Unknown,Unknown,-128,Under way sailing,Unknown,Unknown
QUEEN               ,265549190,59.2871,18.7059,0,2025-11-05 14:17:46.133402931 +0000 UTC,Unknown,DarkTurquoise,Unknown,Unknown,Unknown,Unknown,Sweden 🇸🇪,65.4,Unknown,Unknown,0,Under way using engine,Unknown,Unknown
MSC SAVONA          ,636091959,48.9794,-123.2736,17.6,2025-11-05 14:17:46.141393307 +0000 UTC,Unknown,DarkTurquoise,Unknown,Unknown,Unknown,Unknown,Liberia 🇱🇷,134.2,Unknown,Unknown,0,Under way using engine,Unknown,Unknown
PLANE TO SEA,368074250,47.6087,-122.2094,Unknown,2025-11-05 14:17:46.135156358 +0000 UTC,Unknown,DarkTurquoise,Unknown,Unknown,Unknown,Unknown,United States 🇺🇸,Unknown,Unknown,Unknown,Unknown,Unknown,Unknown,Unknown
CAPT BOO            ,367001950,29.6716,-91.098,0,2025-11-05 14:17:46.136649575 +0000 UTC,Unknown,DarkTurquoise,Unknown,Unknown,Unknown,Unknown,United States 🇺🇸,276.9,Unknown,Unknown,-128,Under way using engine,Unknown,Unknown
MEINE FAEHRE 1      ,218054990,53.6856,7.1259,5.7,2025-11-05 14:17:46.137795815 +0000 UTC,Unknown,DarkTurquoise,Unknown,Unknown,Unknown,Unknown,Germany 🇩🇪,173,Unknown,Unknown,0,Under way using engine,Unknown,Unknown
NORTH POMOR,258895000,58.9994,5.6698,0,2025-11-05 14:17:46.138920811 +0000 UTC,Unknown,DarkTurquoise,Unknown,Unknown,Unknown,Unknown,Norway 🇳🇴,283.6,Unknown,Unknown,0,Moored,Unknown,Unknown
F./V L'ARC EN CIEL 1,226230000,49.4373,-0.3047,3.8,2025-11-05 14:17:46.140253866 +0000 UTC,Unknown,DarkTurquoise,Unknown,Unknown,Unknown,Unknown,France 🇫🇷,306.9,Unknown,Unknown,-128,Undefined,Unknown,Unknown
BLUE_ESSENCE_07     ,232058926,50.359,-4.1266,0,2025-11-05 14:17:46.143557966 +0000 UTC,Unknown,DarkTurquoise,Unknown,Unknown,Unknown,Unknown,United Kingdom 🇬🇧,143.1,Unknown,Unknown,-128,Undefined,Unknown,Unknown
 WADDENZEE,244615153,52.9613,4.7803,Unknown,2025-11-05 14:17:46.146346719 +0000 UTC,Tug Boat,Silver,A,Unknown,Unknown,Unknown,Netherlands 🇳🇱,Unknown,28,10,Unknown,Unknown,9705251,5
DAUNTLESS,316029028,49.3119,-123.0926,Unknown,2025-11-05 14:17:46.147624754 +0000 UTC,Unknown,DarkTurquoise,Unknown,Unknown,Unknown,Unknown,Canada 🇨🇦,Unknown,Unknown,Unknown,Unknown,Unknown,Unknown,Unknown
NIEDERRHEIN,211577480,51.1305,6.8534,4.5,2025-11-05 14:17:46.149093286 +0000 UTC,Unknown,DarkTurquoise,Unknown,Unknown,Unknown,Unknown,Germany 🇩🇪,51.1,Unknown,Unknown,-128,Under way using engine,Unknown,Unknown
REGGEPLUS,244690454,51.9562,4.149,0,2025-11-05 14:17:46.15053169 +0000 UTC,Unknown,DarkTurquoise,Unknown,Unknown,Unknown,Unknown,Netherlands 🇳🇱,270.2,Unknown,Unknown,-128,Under way using engine,Unknown,Unknown
MANISA BALU         ,255899000,39.3122,0.0404,10.2,2025-11-05 14:17:46.151604288 +0000 UTC,Unknown,DarkTurquoise,Unknown,Unknown,Unknown,Unknown,Madeira (Portugal) 🇵🇹,148.1,Unknown,Unknown,15,Under way using engine,Unknown,Unknown
BEVERDAM            ,205251690,51.3259,3.8255,0,2025-11-05 14:17:46.153495719 +0000 UTC,Unknown,DarkTurquoise,Unknown,Unknown,Unknown,Unknown,Belgium 🇧🇪,301.6,Unknown,Unknown,-128,Under way using engine,Unknown,Unknown
AQUITAINE,244700039,51.024,6.9731,12.5,2025-11-05 14:17:46.15571443 +0000 UTC,Unknown,DarkTurquoise,Unknown,Unknown,Unknown,Unknown,Netherlands 🇳🇱,344.3,Unknown,Unknown,-127,Under way using engine,Unknown,Unknown
RADUGA ALTAIR       ,210561000,59.4534,24.6625,0,2025-11-05 14:17:46.157110334 +0000 UTC,Unknown,DarkTurquoise,Unknown,Unknown,Unknown,Unknown,Cyprus 🇨🇾,33.4,Unknown,Unknown,0,Moored,Unknown,Unknown
VIKING CINDERELLA   ,230713000,60.1648,24.9635,0,2025-11-05 14:17:46.159487316 +0000 UTC,Unknown,DarkTurquoise,Unknown,Unknown,Unknown,Unknown,Finland 🇫🇮,303.4,Unknown,Unknown,0,Moored,Unknown,Unknown
ENCLAVE,205205612,52.5512,5.9269,8.3,2025-11-05 14:17:46.160800354 +0000 UTC,Unknown,DarkTurquoise,Unknown,Unknown,Unknown,Unknown,Belgium 🇧🇪,344.4,Unknown,Unknown,-128,Under way using engine,Unknown,Unknown
WADMALAW            ,368067670,32.0895,-81.1009,0,2025-11-05 14:17:46.163506911 +0000 UTC,Unknown,DarkTurquoise,Unknown,Unknown,Unknown,Unknown,United States 🇺🇸,339.8,Unknown,Unknown,0,Restricted manoeuvrability,Unknown,Unknown
SEA EAGLE II        ,316002063,43.278,-79.7909,0,2025-11-05 14:17:46.164617997 +0000 UTC,Unknown,DarkTurquoise,Unknown,Unknown,Unknown,Unknown,Canada 🇨🇦,337.4,Unknown,Unknown,0,Under way using engine,Unknown,Unknown
KRIMPEN,244317225,52.586,6.0956,0,2025-11-05 14:17:46.167887156 +0000 UTC,Unknown,DarkTurquoise,Unknown,Unknown,Unknown,Unknown,Netherlands 🇳🇱,360,Unknown,Unknown,-128,Moored,Unknown,Unknown
ENNSTAL  ,211816550,53.5301,10.0349,0,2025-11-05 14:17:46.168782448 +0000 UTC,Unknown,DarkTurquoise,Unknown,Unknown,Unknown,Unknown,Germany 🇩🇪,360,Unknown,Unknown,-128,Under way using engine,Unknown,Unknown
EXPLORER(PILOTS)    ,246151000,53.4075,6.2062,0.1,2025-11-05 14:17:46.170183345 +0000 UTC,Unknown,DarkTurquoise,Unknown,Unknown,Unknown,Unknown,Netherlands 🇳🇱,215.3,Unknown,Unknown,-128,Moored,Unknown,Unknown
MART,244724917,53.1201,8.7103,0,2025-11-05 14:17:46.17127395 +0000 UTC,Unknown,DarkTurquoise,Unknown,Unknown,Unknown,Unknown,Netherlands 🇳🇱,204.1,Unknown,Unknown,0,Under way using engine,Unknown,Unknown
LH PILOT ST JOSEPH  ,227211180,49.4841,0.1134,0.1,2025-11-05 14:17:46.166680756 +0000 UTC,Unknown,DarkTurquoise,Unknown,Unknown,Unknown,Unknown,France 🇫🇷,286.6,Unknown,Unknown,-128,Under way using engine,Unknown,Unknown
TS MUNDRA           ,538010740,-33.9612,151.1992,0,2025-11-05 14:17:46.172250814 +0000 UTC,Unknown,DarkTurquoise,Unknown,Unknown,Unknown,Unknown,Marshall Islands 🇲🇭,191.1,Unknown,Unknown,0,Under way using engine,Unknown,Unknown
NICHOLAS VETO       ,368205880,28.9522,-95.2982,4.7,2025-11-05 14:17:46.174838483 +0000 UTC,Unknown,DarkTurquoise,Unknown,Unknown,Unknown,Unknown,United States 🇺🇸,43.7,Unknown,Unknown,-128,,Unknown,Unknown
ANNELIDA,257035570,65.9354,12.3643,0,2025-11-05 14:17:46.177396751 +0000 UTC,Unknown,DarkTurquoise,Unknown,Unknown,Unknown,Unknown,Norway 🇳🇴,360,Unknown,Unknown,-128,Moored,Unknown,Unknown
EYR AASVAER         ,257807490,66.8668,13.7022,Unknown,2025-11-05 14:17:46.178700255 +0000 UTC,Medical Transport,Tomato,AMBULANCE           ,FRSNQ,Sance,France,Norway 🇳🇴,Unknown,15,4,Unknown,Unknown,0,1.5
ARMADA 78 04,563176100,62.5495,6.2747,Unknown,2025-11-05 14:17:46.180209836 +0000 UTC,Other Type,RoyalBlue,NOSOV,NOSOV,Sovik,Norway,Singapore 🇸🇬,Unknown,78,17,Unknown,Unknown,9924273,6
ATLOEY VIKING,259620000,63.1156,7.7364,0,2025-11-05 14:17:46.187693597 +0000 UTC,Unknown,DarkTurquoise,Unknown,Unknown,Unknown,Unknown,Norway 🇳🇴,287.3,Unknown,Unknown,0,Moored,Unknown,Unknown
CSAVER,257099960,63.6075,8.4963,Unknown,2025-11-05 14:17:46.188881435 +0000 UTC,Cargo,ForestGreen,FISHFARMS,FRV88,Charmes,France,Norway 🇳🇴,Unknown,18,10,Unknown,Unknown,9884514,3
FARMAR ARION        ,258313000,58.082,6.7863,0,2025-11-05 14:17:46.185811617 +0000 UTC,Unknown,DarkTurquoise,Unknown,Unknown,Unknown,Unknown,Norway 🇳🇴,288.2,Unknown,Unknown,0,Moored,Unknown,Unknown
FN462 JEANNE,219025245,57.741,8.767,2.6,2025-11-05 14:17:46.181473336 +0000 UTC,Fishing,Gold,Unknown,Unknown,Unknown,Unknown,Denmark 🇩🇰,65.4,Unknown,Unknown,0,Engaged in fishing,Unknown,Unknown
SEIHAUST            ,257085210,60.0917,5.2231,0,2025-11-05 14:17:46.190489272 +0000 UTC,Unknown,DarkTurquoise,Unknown,Unknown,Unknown,Unknown,Norway 🇳🇴,67.9,Unknown,Unknown,0,Moored,Unknown,Unknown
AURORA,259027310,69.8116,19.9918,0,2025-11-05 14:17:46.183773093 +0000 UTC,Unknown,DarkTurquoise,Unknown,Unknown,Unknown,Unknown,Norway 🇳🇴,360,Unknown,Unknown,-128,Undefined,Unknown,Unknown
NYSUND              ,257791290,60.0882,5.1769,Unknown,2025-11-05 14:17:46.184780079 +0000 UTC,Cargo,ForestGreen,0 CH16FOR INFO      ,Unknown,Unknown,Unknown,Norway 🇳🇴,Unknown,14,9,Unknown,Unknown,0,2
ANDREA L            ,259247000,61.9845,5.1398,0,2025-11-05 14:17:46.186826614 +0000 UTC,Unknown,DarkTurquoise,Unknown,Unknown,Unknown,Unknown,Norway 🇳🇴,306.2,Unknown,Unknown,0,Under way using engine,Unknown,Unknown
ELDBORG             ,231700000,60.8395,4.9807,10.8,2025-11-05 14:17:46.220252694 +0000 UTC,Unknown,DarkTurquoise,Unknown,Unknown,Unknown,Unknown,Faroe Islands (Denmark) 🇫🇴,98,Unknown,Unknown,0,Under way using engine,Unknown,Unknown
STRIL MAR           ,258527000,61.6609,2.7269,0.3,2025-11-05 14:17:46.222759423 +0000 UTC,Unknown,DarkTurquoise,Unknown,Unknown,Unknown,Unknown,Norway 🇳🇴,132,Unknown,Unknown,0,,Unknown,Unknown
KAPELAN,273842800,69.7294,30.0762,0,2025-11-05 14:17:46.224111783 +0000 UTC,Unknown,DarkTurquoise,Unknown,Unknown,Unknown,Unknown,Russia 🇷🇺,82.7,Unknown,Unknown,0,Moored,Unknown,Unknown
GRIP MAXIMUS,257063600,62.4948,6.1291,Unknown,2025-11-05 14:17:46.224846506 +0000 UTC,Unknown,DarkTurquoise,Unknown,Unknown,Unknown,Unknown,Norway 🇳🇴,Unknown,Unknown,Unknown,Unknown,Unknown,Unknown,Unknown
CORNELIA,257056690,61.0819,5.8371,Unknown,2025-11-05 14:17:46.22656041 +0000 UTC,Other Type,RoyalBlue,                   ,Unknown,Unknown,Unknown,Norway 🇳🇴,Unknown,13,7,Unknown,Unknown,0,0
SOJO,319126000,37.9309,23.6831,0,2025-11-05 14:17:46.227709899 +0000 UTC,Unknown,DarkTurquoise,Unknown,Unknown,Unknown,Unknown,Cayman Islands (British Overseas Territory) 🇰🇾,31.2,Unknown,Unknown,0,Moored,Unknown,Unknown
ONUS,244870379,51.9795,4.3807,0,2025-11-05 14:17:46.228511545 +0000 UTC,Unknown,DarkTurquoise,Unknown,Unknown,Unknown,Unknown,Netherlands 🇳🇱,7.8,Unknown,Unknown,0,Moored,Unknown,Unknown
GARY CHOUEST        ,366757230,50.3922,-4.1932,0,2025-11-05 14:17:46.229254267 +0000 UTC,Unknown,DarkTurquoise,Unknown,Unknown,Unknown,Unknown,United States 🇺🇸,344.9,Unknown,Unknown,0,Under way using engine,Unknown,Unknown
SCHLOSS SCHOENBRUNN,211446560,51.8576,5.8257,5.6,2025-11-05 14:17:46.23111818 +0000 UTC,Unknown,DarkTurquoise,Unknown,Unknown,Unknown,Unknown,Germany 🇩🇪,19.8,Unknown,Unknown,-128,Under way using engine,Unknown,Unknown
LOS113              ,257076500,58.1394,7.9957,0,2025-11-05 14:17:46.232502538 +0000 UTC,Unknown,DarkTurquoise,Unknown,Unknown,Unknown,Unknown,Norway 🇳🇴,83,Unknown,Unknown,0,Under way using engine,Unknown,Unknown
DANCING BRAVE       ,563033300,10.3126,-75.517,0.1,2025-11-05 14:17:46.233225992 +0000 UTC,Unknown,DarkTurquoise,Unknown,Unknown,Unknown,Unknown,Singapore 🇸🇬,139.6,Unknown,Unknown,0,At anchor,Unknown,Unknown
OSTERTOR,211772110,53.0683,8.8234,0,2025-11-05 14:17:46.234201628 +0000 UTC,Unknown,DarkTurquoise,Unknown,Unknown,Unknown,Unknown,Germany 🇩🇪,360,Unknown,Unknown,-128,Under way using engine,Unknown,Unknown
EDDA FRAM           ,257270000,59.4217,5.2517,0,2025-11-05 14:17:46.239043614 +0000 UTC,Unknown,DarkTurquoise,Unknown,Unknown,Unknown,Unknown,Norway 🇳🇴,54.2,Unknown,Unknown,0,Moored,Unknown,Unknown
KRVE 45,244867316,51.8884,4.3118,0.1,2025-11-05 14:17:46.235511118 +0000 UTC,Unknown,DarkTurquoise,Unknown,Unknown,Unknown,Unknown,Netherlands 🇳🇱,360,Unknown,Unknown,-11,Under way using engine,Unknown,Unknown
WINDTECH,212983090,34.6688,33.0407,Unknown,2025-11-05 14:17:46.23815079 +0000 UTC,Unknown,DarkTurquoise,Unknown,Unknown,Unknown,Unknown,Cyprus 🇨🇾,Unknown,Unknown,Unknown,Unknown,Unknown,Unknown,Unknown
CHRISTIAN ESSBERGER ,255805753,56.0751,-3.0779,0.1,2025-11-05 14:17:46.239580443 +0000 UTC,Unknown,DarkTurquoise,Unknown,Unknown,Unknown,Unknown,Madeira (Portugal) 🇵🇹,347.3,Unknown,Unknown,0,Under way using engine,Unknown,Unknown
MEN DU              ,228151010,47.4347,-3.0764,10.9,2025-11-05 14:17:46.241999403 +0000 UTC,Unknown,DarkTurquoise,Unknown,Unknown,Unknown,Unknown,France 🇫🇷,17.3,Unknown,Unknown,-128,Under way using engine,Unknown,Unknown
VICKI B             ,367681630,45.7934,-122.843,Unknown,2025-11-05 14:17:46.240717183 +0000 UTC,Tug Boat,Silver,US^0UX0>?? ???      ,Unknown,Unknown,Unknown,United States 🇺🇸,Unknown,16,8,Unknown,Unknown,0,0
ARCTIC PIONEER,258205000,69.6735,18.9803,0,2025-11-05 14:17:46.236375808 +0000 UTC,Unknown,DarkTurquoise,Unknown,Unknown,Unknown,Unknown,Norway 🇳🇴,297,Unknown,Unknown,0,Under way using engine,Unknown,Unknown
KANDLA EXPRESS      ,636093294,10.2649,-76.0217,10.8,2025-11-05 14:17:46.235027347 +0000 UTC,Unknown,DarkTurquoise,Unknown,Unknown,Unknown,Unknown,Liberia 🇱🇷,79.1,Unknown,Unknown,0,Under way using engine,Unknown,Unknown
MSC ERICA           ,636017726,54.1445,6.7119,7,2025-11-05 14:17:46.243530222 +0000 UTC,Unknown,DarkTurquoise,Unknown,Unknown,Unknown,Unknown,Liberia 🇱🇷,88.2,Unknown,Unknown,0,Under way using engine,Unknown,Unknown
ALKOR               ,211216570,54.3285,10.1795,Unknown,2025-11-05 14:17:46.241419663 +0000 UTC,Other Type,RoyalBlue,DEKEL               ,DEKEL,Kiel,Germany,Germany 🇩🇪,Unknown,55,13,Unknown,Unknown,8905880,4.2
BARCA,244700734,52.4058,4.8677,0,2025-11-05 14:17:46.236963821 +0000 UTC,Unknown,DarkTurquoise,Unknown,Unknown,Unknown,Unknown,Netherlands 🇳🇱,360,Unknown,Unknown,-128,Under way using engine,Unknown,Unknown
WAVE                ,538011533,51.4066,3.7335,3.2,2025-11-05 14:17:46.244175466 +0000 UTC,Unknown,DarkTurquoise,Unknown,Unknown,Unknown,Unknown,Marshall Islands 🇲🇭,123.8,Unknown,Unknown,6,Under way using engine,Unknown,Unknown
KOGO                ,249091000,37.9307,23.6811,Unknown,2025-11-05 14:17:46.244676325 +0000 UTC,Pleasure Craft,PeachPuff,FLISVOS             ,FRFNS,Flins,France,Malta 🇲🇹,Unknown,71,12,Unknown,Unknown,1008504,4
FREEPORT            ,316006988,54.2915,-130.3558,0,2025-11-05 14:17:46.245625655 +0000 UTC,Unknown,DarkTurquoise,Unknown,Unknown,Unknown,Unknown,Canada 🇨🇦,130.2,Unknown,Unknown,-128,Undefined,Unknown,Unknown
BOCAYNA EXPRESS,224197000,28.7398,-13.8598,2.6,2025-11-05 14:17:46.246474485 +0000 UTC,Unknown,DarkTurquoise,Unknown,Unknown,Unknown,Unknown,Spain 🇪🇸,7.8,Unknown,Unknown,39,Under way using engine,Unknown,Unknown
ROOSEVELT,244185114,52.3669,4.885,2.4,2025-11-05 14:17:46.246096094 +0000 UTC,Unknown,DarkTurquoise,Unknown,Unknown,Unknown,Unknown,Netherlands 🇳🇱,45.4,Unknown,Unknown,-128,Under way using engine,Unknown,Unknown
REGALO,244690579,52.1846,4.9965,0.1,2025-11-05 14:17:46.246865335 +0000 UTC,Unknown,DarkTurquoise,Unknown,Unknown,Unknown,Unknown,Netherlands 🇳🇱,56.5,Unknown,Unknown,-128,Under way using engine,Unknown,Unknown
MANTARAY            ,503062730,-12.4421,130.8593,Unknown,2025-11-05 14:17:46.247580748 +0000 UTC,Unknown,DarkTurquoise,Unknown,Unknown,Unknown,Unknown,Australia 🇦🇺,Unknown,Unknown,Unknown,Unknown,Unknown,Unknown,Unknown
AMUESA              ,255802640,55.9353,-4.9116,9.8,2025-11-05 14:17:46.247287325 +0000 UTC,Unknown,DarkTurquoise,Unknown,Unknown,Unknown,Unknown,Madeira (Portugal) 🇵🇹,226,Unknown,Unknown,0,Under way using engine,Unknown,Unknown
RED RIVER EXPRESS   ,367505040,28.9511,-95.335,Unknown,2025-11-05 14:17:46.248035312 +0000 UTC,Spare - Local Vessel,DarkGoldenRod,US^0S8Q>0SRX        ,Unknown,Unknown,Unknown,United States 🇺🇸,Unknown,115,34,Unknown,Unknown,0,2.8
SPIRIT OF ADVENTURE ,367185130,32.7225,-117.2271,0,2025-11-05 14:17:46.263964944 +0000 UTC,Unknown,DarkTurquoise,Unknown,Unknown,Unknown,Unknown,United States 🇺🇸,360,Unknown,Unknown,11,Under way using engine,Unknown,Unknown
GOV THOMAS H KEAN   ,366902350,40.7015,-74.0231,Unknown,2025-11-05 14:17:46.255822045 +0000 UTC,Passenger Ship,Crimson,NJ <> NYC           ,USNYX,Nyack,United States,United States 🇺🇸,Unknown,26,10,Unknown,Unknown,0,2
SEA CORAL           ,636021874,45.5059,13.3639,12,2025-11-05 14:17:46.257492278 +0000 UTC,Unknown,DarkTurquoise,Unknown,Unknown,Unknown,Unknown,Liberia 🇱🇷,57.6,Unknown,Unknown,6,Under way using engine,Unknown,Unknown
UNITY               ,232043744,57.5014,-1.7741,0,2025-11-05 14:17:46.25853871 +0000 UTC,Fishing,Gold,Unknown,Unknown,Unknown,Unknown,United Kingdom 🇬🇧,137.8,Unknown,Unknown,0,Engaged in fishing,Unknown,Unknown
FIORELLO LAGUARDIA  ,367434210,40.7396,-74.0208,18.2,2025-11-05 14:17:46.26510378 +0000 UTC,Unknown,DarkTurquoise,Unknown,Unknown,Unknown,Unknown,United States 🇺🇸,184.5,Unknown,Unknown,-128,Under way using engine,Unknown,Unknown
AHOY,218056290,48.7863,9.2287,Unknown,2025-11-05 14:17:46.266393669 +0000 UTC,Unknown,DarkTurquoise,STUTTGART,USYRX,Star,United States,Germany 🇩🇪,Unknown,Unknown,Unknown,Unknown,Unknown,0,0
FOB SWATH1          ,219015382,52.4605,4.5874,0,2025-11-05 14:17:46.269165354 +0000 UTC,Unknown,DarkTurquoise,Unknown,Unknown,Unknown,Unknown,Denmark 🇩🇰,151,Unknown,Unknown,0,Under way using engine,Unknown,Unknown
SAMNOY              ,257055860,60.0855,5.3491,16.4,2025-11-05 14:17:46.270384124 +0000 UTC,Unknown,DarkTurquoise,Unknown,Unknown,Unknown,Unknown,Norway 🇳🇴,195.9,Unknown,Unknown,0,Under way using engine,Unknown,Unknown
SC FLASH,246756000,51.922,4.2497,0,2025-11-05 14:17:46.271599506 +0000 UTC,Unknown,DarkTurquoise,Unknown,Unknown,Unknown,Unknown,Netherlands 🇳🇱,360,Unknown,Unknown,-128,Under way using engine,Unknown,Unknown
PLEIADES LEADER     ,432734000,53.5756,8.5528,0,2025-11-05 14:17:46.276304133 +0000 UTC,Unknown,DarkTurquoise,Unknown,Unknown,Unknown,Unknown,Japan 🇯🇵,228,Unknown,Unknown,0,Moored,Unknown,Unknown
GG1206 DANO,265671520,57.6467,11.8567,0,2025-11-05 14:17:46.277762601 +0000 UTC,Unknown,DarkTurquoise,Unknown,Unknown,Unknown,Unknown,Sweden 🇸🇪,360,Unknown,Unknown,-128,Not under command,Unknown,Unknown
ELLI F              ,268249201,51.8958,4.4814,0.9,2025-11-05 14:17:46.27897398 +0000 UTC,Unknown,DarkTurquoise,Unknown,Unknown,Unknown,Unknown,San Marino 🇸🇲,285.1,Unknown,Unknown,15,Under way using engine,Unknown,Unknown
IJVEER 54           ,244750286,52.3745,4.9501,0,2025-11-05 14:17:46.280396627 +0000 UTC,Unknown,DarkTurquoise,Unknown,Unknown,Unknown,Unknown,Netherlands 🇳🇱,278.4,Unknown,Unknown,-128,Under way using engine,Unknown,Unknown
MALENA              ,327803000,18.4719,-69.8806,Unknown,2025-11-05 14:17:46.28294721 +0000 UTC,Tug Boat,Silver,HAINA               ,Unknown,Unknown,Unknown,Dominican Republic 🇩🇴,Unknown,35,12,Unknown,Unknown,9295660,22.2
ONE CURE            ,368006870,37.7949,-122.2879,0,2025-11-05 14:17:46.283891988 +0000 UTC,Unknown,DarkTurquoise,Unknown,Unknown,Unknown,Unknown,United States 🇺🇸,27.9,Unknown,Unknown,0,Moored,Unknown,Unknown
Unknown Vessel,368365270,47.6463,-122.31,Unknown,2025-11-05 14:17:46.286253808 +0000 UTC,Unknown,DarkTurquoise,Unknown,Unknown,Unknown,Unknown,United States 🇺🇸,Unknown,11,4,Unknown,Unknown,Unknown,Unknown
KANSAI              ,431003134,34.9106,136.9775,0,2025-11-05 14:17:46.287170247 +0000 UTC,Unknown,DarkTurquoise,Unknown,Unknown,Unknown,Unknown,Japan 🇯🇵,236.1,Unknown,Unknown,0,Under way using engine,Unknown,Unknown
OCEAN MARAUDER      ,316002956,50.1632,-125.3735,0,2025-11-05 14:17:46.289561598 +0000 UTC,Unknown,DarkTurquoise,Unknown,Unknown,Unknown,Unknown,Canada 🇨🇦,42.1,Unknown,Unknown,0,Undefined,Unknown,Unknown
NUEVO PEDRO LOLI,224015120,39.4572,-0.3268,0,2025-11-05 14:17:46.290696973 +0000 UTC,Fishing,Gold,Unknown,Unknown,Unknown,Unknown,Spain 🇪🇸,360,Unknown,Unknown,-128,Engaged in fishing,Unknown,Unknown
ANGELIKA            ,247163170,38.12,13.3689,Unknown,2025-11-05 14:17:46.291940289 +0000 UTC,Unknown,DarkTurquoise,Unknown,Unknown,Unknown,Unknown,Italy 🇮🇹,Unknown,Unknown,Unknown,Unknown,Unknown,Unknown,Unknown
AQUIJO,319085900,43.0492,5.5807,Unknown,2025-11-05 14:17:46.293489055 +0000 UTC,Sailing Boat,DarkSlateBlue,FRLCT,FRLCT,La Ciotat,France,Cayman Islands (British Overseas Territory) 🇰🇾,Unknown,87,15,Unknown,Unknown,1012529,5.4
ARKONA              ,211205810,54.1813,12.0872,0,2025-11-05 14:17:46.294791604 +0000 UTC,Unknown,DarkTurquoise,Unknown,Unknown,Unknown,Unknown,Germany 🇩🇪,10.1,Unknown,Unknown,-128,Under way using engine,Unknown,Unknown
XIN CHAO            ,477995499,22.2889,114.1593,7.4,2025-11-05 14:17:46.296081273 +0000 UTC,Unknown,DarkTurquoise,Unknown,Unknown,Unknown,Unknown,Hong Kong (China) 🇭🇰,177.6,Unknown,Unknown,127,Under way using engine,Unknown,Unknown
Z-THREE,367396670,33.7354,-118.275,8,2025-11-05 14:17:46.29752793 +0000 UTC,Unknown,DarkTurquoise,Unknown,Unknown,Unknown,Unknown,United States 🇺🇸,348.5,Unknown,Unknown,-128,Under way using engine,Unknown,Unknown
MOL CELEBRATION     ,309901000,33.6796,-118.2497,9.5,2025-11-05 14:17:46.298875374 +0000 UTC,Unknown,DarkTurquoise,Unknown,Unknown,Unknown,Unknown,Bahamas 🇧🇸,184.1,Unknown,Unknown,0,Under way using engine,Unknown,Unknown
AMERICAN SPLENDOR   ,367710540,29.937,-90.0608,0,2025-11-05 14:17:46.300274759 +0000 UTC,Unknown,DarkTurquoise,Unknown,Unknown,Unknown,Unknown,United States 🇺🇸,259.9,Unknown,Unknown,0,Moored,Unknown,Unknown
SAPORI,244710387,52.1536,5.0046,9.6,2025-11-05 14:17:46.302471966 +0000 UTC,Unknown,DarkTurquoise,Unknown,Unknown,Unknown,Unknown,Netherlands 🇳🇱,313.1,Unknown,Unknown,-128,Under way using engine,Unknown,Unknown
STRIL SERVER        ,258873000,58.9944,5.6925,0,2025-11-05 14:17:46.303389989 +0000 UTC,Unknown,DarkTurquoise,Unknown,Unknown,Unknown,Unknown,Norway 🇳🇴,218.8,Unknown,Unknown,0,Under way using engine,Unknown,Unknown
RWS 79              ,246587000,51.9214,4.2494,0.1,2025-11-05 14:17:46.307876624 +0000 UTC,Unknown,DarkTurquoise,Unknown,Unknown,Unknown,Unknown,Netherlands 🇳🇱,3,Unknown,Unknown,0,Under way using engine,Unknown,Unknown
AASHEIM             ,255769000,52.4796,4.2644,11,2025-11-05 14:17:46.312751591 +0000 UTC,Unknown,DarkTurquoise,Unknown,Unknown,Unknown,Unknown,Madeira (Portugal) 🇵🇹,99.5,Unknown,Unknown,0,Under way using engine,Unknown,Unknown
PANNENKOEKENBOOT 3,244690404,51.8535,5.8487,4.1,2025-11-05 14:17:46.314032998 +0000 UTC,Unknown,DarkTurquoise,Unknown,Unknown,Unknown,Unknown,Netherlands 🇳🇱,124.9,Unknown,Unknown,-128,Under way using engine,Unknown,Unknown
DEL NORTE           ,366990520,37.7986,-122.3919,7.3,2025-11-05 14:17:46.316292238 +0000 UTC,Unknown,DarkTurquoise,Unknown,Unknown,Unknown,Unknown,United States 🇺🇸,181.3,Unknown,Unknown,127,Under way using engine,Unknown,Unknown
JOHN STEVENS        ,366990560,40.7765,-74.0098,0,2025-11-05 14:17:46.31785909 +0000 UTC,Unknown,DarkTurquoise,Unknown,Unknown,Unknown,Unknown,United States 🇺🇸,295,Unknown,Unknown,-128,Under way using engine,Unknown,Unknown
FLEVOMEER           ,244780204,51.8874,5.4531,11.5,2025-11-05 14:17:46.31936923 +0000 UTC,Unknown,DarkTurquoise,Unknown,Unknown,Unknown,Unknown,Netherlands 🇳🇱,248,Unknown,Unknown,-128,Under way using engine,Unknown,Unknown
ZAGRI,244710442,52.2229,5.3133,0,2025-11-05 14:17:46.590688696 +0000 UTC,Other Type,RoyalBlue,,Unknown,Unknown,Unknown,Netherlands 🇳🇱,360,77,9,-128,,0,0
HUGIN,219001236,57.0485,10.0523,0,2025-11-05 14:17:46.324544566 +0000 UTC,Unknown,DarkTurquoise,Unknown,Unknown,Unknown,Unknown,Denmark 🇩🇰,318.1,Unknown,Unknown,0,Moored,Unknown,Unknown
OPTIMIST SR,244740580,52.3688,5.1282,0,2025-11-05 14:17:46.325580842 +0000 UTC,Unknown,DarkTurquoise,Unknown,Unknown,Unknown,Unknown,Netherlands 🇳🇱,360,Unknown,Unknown,0,Under way using engine,Unknown,Unknown
MONIKA DEYMANN,211732570,51.3715,6.6861,6.1,2025-11-05 14:17:46.326407647 +0000 UTC,Unknown,DarkTurquoise,Unknown,Unknown,Unknown,Unknown,Germany 🇩🇪,261.6,Unknown,Unknown,-128,Under way using engine,Unknown,Unknown
BYD JINAN           ,477180300,51.3857,4.1623,14.6,2025-11-05 14:17:46.330707976 +0000 UTC,Unknown,DarkTurquoise,Unknown,Unknown,Unknown,Unknown,Hong Kong (China) 🇭🇰,226.8,Unknown,Unknown,-6,Under way using engine,Unknown,Unknown
JESSICA,235053659,49.1807,-2.1166,Unknown,2025-11-05 14:17:46.33153258 +0000 UTC,Unknown,DarkTurquoise,Unknown,Unknown,Unknown,Unknown,United Kingdom 🇬🇧,Unknown,Unknown,Unknown,Unknown,Unknown,Unknown,Unknown
MAERSK VALLETTA     ,563154500,37.9547,23.589,0,2025-11-05 14:17:46.333881438 +0000 UTC,Unknown,DarkTurquoise,Unknown,Unknown,Unknown,Unknown,Singapore 🇸🇬,175,Unknown,Unknown,0,Moored,Unknown,Unknown
EMMA,211482350,51.3251,3.8257,0,2025-11-05 14:17:46.336873684 +0000 UTC,Unknown,DarkTurquoise,Unknown,Unknown,Unknown,Unknown,Germany 🇩🇪,360,Unknown,Unknown,-128,Under way using engine,Unknown,Unknown
MURENA              ,261001073,54.795,18.4195,0,2025-11-05 14:17:46.338787521 +0000 UTC,Unknown,DarkTurquoise,Unknown,Unknown,Unknown,Unknown,Poland 🇵🇱,26.5,Unknown,Unknown,0,Moored,Unknown,Unknown
TAREFJORD           ,259047520,64.8988,11.7974,9.9,2025-11-05 14:17:46.340455649 +0000 UTC,Unknown,DarkTurquoise,Unknown,Unknown,Unknown,Unknown,Norway 🇳🇴,241.8,Unknown,Unknown,0,Moored,Unknown,Unknown
SVITZER ELIZABETH   ,232048132,53.4279,-3.0062,0,2025-11-05 14:17:46.342966519 +0000 UTC,Unknown,DarkTurquoise,Unknown,Unknown,Unknown,Unknown,United Kingdom 🇬🇧,316.3,Unknown,Unknown,0,Under way using engine,Unknown,Unknown
HEXE,227484920,28.9153,-13.7079,Unknown,2025-11-05 14:17:46.343933021 +0000 UTC,Unknown,DarkTurquoise,Unknown,Unknown,Unknown,Unknown,France 🇫🇷,Unknown,Unknown,Unknown,Unknown,Unknown,Unknown,Unknown
J. CAROLE NEALE,366964910,39.351,-81.5399,0,2025-11-05 14:17:46.345215238 +0000 UTC,Unknown,DarkTurquoise,Unknown,Unknown,Unknown,Unknown,United States 🇺🇸,303.7,Unknown,Unknown,0,Under way using engine,Unknown,Unknown
OELLERMANN          ,211222800,53.8767,8.698,0,2025-11-05 14:17:46.347751862 +0000 UTC,Unknown,DarkTurquoise,Unknown,Unknown,Unknown,Unknown,Germany 🇩🇪,273.8,Unknown,Unknown,-128,Under way using engine,Unknown,Unknown
IN DUBIO,244010624,52.9658,5.6115,0,2025-11-05 14:17:46.348946147 +0000 UTC,Unknown,DarkTurquoise,Unknown,Unknown,Unknown,Unknown,Netherlands 🇳🇱,360,Unknown,Unknown,-128,Under way using engine,Unknown,Unknown
BAGGER STIER   ,211781900,52.1878,11.6848,0,2025-11-05 14:17:46.351482715 +0000 UTC,Unknown,DarkTurquoise,Unknown,Unknown,Unknown,Unknown,Germany 🇩🇪,360,Unknown,Unknown,-128,Undefined,Unknown,Unknown
RISKY BUSINESS,232019888,50.7495,-1.2904,Unknown,2025-11-05 14:17:46.35499395 +0000 UTC,Unknown,DarkTurquoise,Unknown,Unknown,Unknown,Unknown,United Kingdom 🇬🇧,Unknown,Unknown,Unknown,Unknown,Unknown,Unknown,Unknown
ATALAYA TMA         ,255998000,42.3777,-8.9033,2.2,2025-11-05 14:17:46.356538685 +0000 UTC,Unknown,DarkTurquoise,Unknown,Unknown,Unknown,Unknown,Madeira (Portugal) 🇵🇹,159,Unknown,Unknown,0,Under way using engine,Unknown,Unknown
GLADIATOR           ,247331300,45.6362,13.759,Unknown,2025-11-05 14:17:46.35744495 +0000 UTC,Tug Boat,Silver,TRIESTE             ,Unknown,Unknown,Unknown,Italy 🇮🇹,Unknown,32,11,Unknown,Unknown,9662057,4.7
PACIFIC HARVESTER   ,367677380,47.6327,-122.3838,0,2025-11-05 14:17:46.36041428 +0000 UTC,Unknown,DarkTurquoise,Unknown,Unknown,Unknown,Unknown,United States 🇺🇸,221.8,Unknown,Unknown,-3,Undefined,Unknown,Unknown
EPSHIP 3,244770979,51.9045,4.3548,0,2025-11-05 14:17:46.361653965 +0000 UTC,Unknown,DarkTurquoise,Unknown,Unknown,Unknown,Unknown,Netherlands 🇳🇱,360,Unknown,Unknown,-128,Moored,Unknown,Unknown
CITTA' DI MILAZZO,247265400,38.2173,15.2473,0,2025-11-05 14:17:46.36294684 +0000 UTC,Unknown,DarkTurquoise,Unknown,Unknown,Unknown,Unknown,Italy 🇮🇹,152,Unknown,Unknown,-128,Under way using engine,Unknown,Unknown
REEF RANGER,503010610,-27.4439,153.1081,0,2025-11-05 14:17:46.36405061 +0000 UTC,Unknown,DarkTurquoise,Unknown,Unknown,Unknown,Unknown,Australia 🇦🇺,166.7,Unknown,Unknown,0,Under way using engine,Unknown,Unknown
Unknown Vessel,218015650,53.5235,9.9341,1.3,2025-11-05 14:17:46.365542105 +0000 UTC,Unknown,DarkTurquoise,Unknown,Unknown,Unknown,Unknown,Germany 🇩🇪,88.6,Unknown,Unknown,-128,Under way using engine,Unknown,Unknown
C HUNNA             ,538011183,-22.2581,166.4352,0,2025-11-05 14:17:46.36835972 +0000 UTC,Unknown,DarkTurquoise,Unknown,Unknown,Unknown,Unknown,Marshall Islands 🇲🇭,63.6,Unknown,Unknown,0,Under way using engine,Unknown,Unknown
CORRINGHAM,235026165,55.9994,-3.3751,0,2025-11-05 14:17:46.37015732 +0000 UTC,Unknown,DarkTurquoise,Unknown,Unknown,Unknown,Unknown,United Kingdom 🇬🇧,166.3,Unknown,Unknown,-127,Under way using engine,Unknown,Unknown
SAPURA JANE         ,533002170,6.0163,116.0824,0,2025-11-05 14:17:46.946241059 +0000 UTC,Cargo,ForestGreen,MY BKI              ,MYBKI,"Kota Kinabalu, Sabah",Malaysia,Malaysia 🇲🇾,87,78,20,0,At anchor,9565778,4.8
CARIBBEAN FORCE     ,212703000,18.4781,-69.882,0,2025-11-05 14:17:46.374683922 +0000 UTC,Unknown,DarkTurquoise,Unknown,Unknown,Unknown,Unknown,Cyprus 🇨🇾,282,Unknown,Unknown,-128,Undefined,Unknown,Unknown
ECO ICE             ,538007403,60.0235,25.4978,0.2,2025-11-05 14:17:46.377489506 +0000 UTC,Unknown,DarkTurquoise,Unknown,Unknown,Unknown,Unknown,Marshall Islands 🇲🇭,124.9,Unknown,Unknown,0,At anchor,Unknown,Unknown
ELVY,265810550,57.7084,11.9549,5.4,2025-11-05 14:17:46.378725002 +0000 UTC,Unknown,DarkTurquoise,Unknown,Unknown,Unknown,Unknown,Sweden 🇸🇪,357.9,Unknown,Unknown,0,Under way using engine,Unknown,Unknown
RHEINTANK 2,211507110,49.5031,8.4406,0,2025-11-05 14:17:46.381240981 +0000 UTC,Unknown,DarkTurquoise,Unknown,Unknown,Unknown,Unknown,Germany 🇩🇪,360,Unknown,Unknown,-128,Moored,Unknown,Unknown
HELGARD,211755320,52.5201,13.3767,4.3,2025-11-05 14:17:46.379999807 +0000 UTC,Unknown,DarkTurquoise,Unknown,Unknown,Unknown,Unknown,Germany 🇩🇪,164.4,Unknown,Unknown,-128,Under way using engine,Unknown,Unknown
GREEN K-MAX 6       ,636018871,50.3055,-1.1505,14.3,2025-11-05 14:17:46.382492732 +0000 UTC,Unknown,DarkTurquoise,Unknown,Unknown,Unknown,Unknown,Liberia 🇱🇷,251.9,Unknown,Unknown,4,Under way using engine,Unknown,Unknown
F/V LE PEARL ,228392700,49.4454,-0.5875,2.7,2025-11-05 14:17:46.383757289 +0000 UTC,Unknown,DarkTurquoise,Unknown,Unknown,Unknown,Unknown,France 🇫🇷,97.7,Unknown,Unknown,0,Under way using engine,Unknown,Unknown
FAIRPLAY-94         ,211710650,53.5453,9.9629,0,2025-11-05 14:17:46.384692392 +0000 UTC,Unknown,DarkTurquoise,Unknown,Unknown,Unknown,Unknown,Germany 🇩🇪,260.4,Unknown,Unknown,0,Under way using engine,Unknown,Unknown
MSTX 41       ,244650367,51.9038,4.4849,0,2025-11-05 14:17:46.385964972 +0000 UTC,Unknown,DarkTurquoise,Unknown,Unknown,Unknown,Unknown,Netherlands 🇳🇱,360,Unknown,Unknown,-128,Under way using engine,Unknown,Unknown
OCEAN GRACIOUS      ,352715000,56.1459,10.223,Unknown,2025-11-05 14:17:46.387997124 +0000 UTC,Cargo,ForestGreen,DK AAR              ,DKAAR,Aarhus,Denmark,Panama 🇵🇦,Unknown,180,30,Unknown,Unknown,9642174,8.4
AMRUM               ,211256440,53.7494,8.2058,11,2025-11-05 14:17:46.391731513 +0000 UTC,Unknown,DarkTurquoise,Unknown,Unknown,Unknown,Unknown,Germany 🇩🇪,123,Unknown,Unknown,127,Under way using engine,Unknown,Unknown
ANTONIETTA,247103730,42.4766,14.2503,0.3,2025-11-05 14:17:46.393858399 +0000 UTC,Unknown,DarkTurquoise,Unknown,Unknown,Unknown,Unknown,Italy 🇮🇹,162.1,Unknown,Unknown,-128,Restricted manoeuvrability,Unknown,Unknown
RUSH                ,319035300,44.3929,8.9381,0,2025-11-05 14:17:46.395093331 +0000 UTC,Unknown,DarkTurquoise,Unknown,Unknown,Unknown,Unknown,Cayman Islands (British Overseas Territory) 🇰🇾,198.1,Unknown,Unknown,0,Moored,Unknown,Unknown
SKALAR,255806476,54.1052,9.3298,6.8,2025-11-05 14:17:46.398629853 +0000 UTC,Unknown,DarkTurquoise,Unknown,Unknown,Unknown,Unknown,Madeira (Portugal) 🇵🇹,358.8,Unknown,Unknown,0,Under way using engine,Unknown,Unknown
LORNE M LEDCOR      ,316031352,49.2065,-123.0874,0.6,2025-11-05 14:17:46.400034326 +0000 UTC,Unknown,DarkTurquoise,Unknown,Unknown,Unknown,Unknown,Canada 🇨🇦,76.2,Unknown,Unknown,127,Undefined,Unknown,Unknown
ANNIE III ,244660979,51.2192,3.2359,0,2025-11-05 14:17:46.403078193 +0000 UTC,Unknown,DarkTurquoise,Unknown,Unknown,Unknown,Unknown,Netherlands 🇳🇱,360,Unknown,Unknown,-128,Under way using engine,Unknown,Unknown
KIES-UELI,269056737,47.5465,7.6508,Unknown,2025-11-05 14:17:46.404619887 +0000 UTC,Cargo,ForestGreen,BIRSFELDEN,ATVEL,Velden,Austria,Switzerland 🇨🇭,Unknown,70,10,Unknown,Unknown,0,2.9
GEODRONE 6800,205311000,51.2172,2.9439,Unknown,2025-11-05 14:17:46.408015853 +0000 UTC,Unknown,DarkTurquoise,Unknown,Unknown,Unknown,Unknown,Belgium 🇧🇪,Unknown,Unknown,Unknown,Unknown,Unknown,Unknown,Unknown
SUNDOWN,205521870,51.2252,2.9395,Unknown,2025-11-05 14:17:46.406748513 +0000 UTC,Unknown,DarkTurquoise,Unknown,Unknown,Unknown,Unknown,Belgium 🇧🇪,Unknown,Unknown,Unknown,Unknown,Unknown,Unknown,Unknown
BLUE MERMAID        ,431005263,41.0847,140.7313,18.5,2025-11-05 14:17:46.409590369 +0000 UTC,Unknown,DarkTurquoise,Unknown,Unknown,Unknown,Unknown,Japan 🇯🇵,354.1,Unknown,Unknown,0,Under way using engine,Unknown,Unknown
WARNOW WHALE        ,209862000,25.7646,-80.1344,9.5,2025-11-05 14:17:46.414297311 +0000 UTC,Unknown,DarkTurquoise,Unknown,Unknown,Unknown,Unknown,Cyprus 🇨🇾,293,Unknown,Unknown,-10,Under way using engine,Unknown,Unknown
S.V.KITE,503744800,-35.3172,174.1194,Unknown,2025-11-05 14:17:46.415339645 +0000 UTC,Unknown,DarkTurquoise,Unknown,Unknown,Unknown,Unknown,Australia 🇦🇺,Unknown,Unknown,Unknown,Unknown,Unknown,Unknown,Unknown
WATERPOORT,244860898,51.6551,4.3727,0,2025-11-05 14:17:46.417548404 +0000 UTC,Unknown,DarkTurquoise,Unknown,Unknown,Unknown,Unknown,Netherlands 🇳🇱,230.7,Unknown,Unknown,-128,Under way using engine,Unknown,Unknown
FINN III            ,305166000,53.3962,4.5563,10.9,2025-11-05 14:17:46.422991177 +0000 UTC,Unknown,DarkTurquoise,Unknown,Unknown,Unknown,Unknown,Antigua and Barbuda 🇦🇬,202,Unknown,Unknown,0,Under way using engine,Unknown,Unknown
PRIMULA SEAWAYS,220253000,54.2567,5.1263,19.6,2025-11-05 14:17:46.425568597 +0000 UTC,Unknown,DarkTurquoise,Unknown,Unknown,Unknown,Unknown,Denmark 🇩🇰,210.1,Unknown,Unknown,12,Under way using engine,Unknown,Unknown
BAYAMO              ,245669000,54.11,4.9635,9.8,2025-11-05 14:17:46.426738083 +0000 UTC,Unknown,DarkTurquoise,Unknown,Unknown,Unknown,Unknown,Netherlands 🇳🇱,181.2,Unknown,Unknown,0,Under way using engine,Unknown,Unknown
WR10 JOHAN PRINS   ,244592000,53.0942,5.0662,2.2,2025-11-05 14:17:46.428039634 +0000 UTC,Unknown,DarkTurquoise,Unknown,Unknown,Unknown,Unknown,Netherlands 🇳🇱,350.2,Unknown,Unknown,0,Under way using engine,Unknown,Unknown
F/V TALION          ,227409000,43.3216,-1.9138,0,2025-11-05 14:17:46.430560427 +0000 UTC,Unknown,DarkTurquoise,Unknown,Unknown,Unknown,Unknown,France 🇫🇷,342.8,Unknown,Unknown,-128,Undefined,Unknown,Unknown
SY-TRICK 17,211264050,39.5583,2.6279,Unknown,2025-11-05 14:17:46.432998887 +0000 UTC,Unknown,DarkTurquoise,Unknown,Unknown,Unknown,Unknown,Germany 🇩🇪,Unknown,Unknown,Unknown,Unknown,Unknown,Unknown,Unknown
PREGOL HAV,305966000,51.6147,2.1418,5.9,2025-11-05 14:17:46.436285597 +0000 UTC,Unknown,DarkTurquoise,Unknown,Unknown,Unknown,Unknown,Antigua and Barbuda 🇦🇬,221.8,Unknown,Unknown,0,Under way using engine,Unknown,Unknown
ERNE                ,249706000,51.4163,2.1439,10.8,2025-11-05 14:17:46.437237819 +0000 UTC,Unknown,DarkTurquoise,Unknown,Unknown,Unknown,Unknown,Malta 🇲🇹,26.8,Unknown,Unknown,10,Under way using engine,Unknown,Unknown
ORALORA             ,219200000,51.3356,2.3792,5.8,2025-11-05 14:17:46.439405967 +0000 UTC,Unknown,DarkTurquoise,Unknown,Unknown,Unknown,Unknown,Denmark 🇩🇰,68.6,Unknown,Unknown,0,Under way using engine,Unknown,Unknown
DAISY LEADER        ,431193000,51.7716,2.4416,14.3,2025-11-05 14:17:46.441811833 +0000 UTC,Unknown,DarkTurquoise,Unknown,Unknown,Unknown,Unknown,Japan 🇯🇵,218.5,Unknown,Unknown,3,Under way using engine,Unknown,Unknown
CREVE COEUR         ,369970471,41.8884,-87.606,0,2025-11-05 14:17:46.442880386 +0000 UTC,Unknown,DarkTurquoise,Unknown,Unknown,Unknown,Unknown,United States 🇺🇸,16.7,Unknown,Unknown,-128,Undefined,Unknown,Unknown
GUO YUAN 20         ,414086000,-26.6481,153.4784,0,2025-11-05 14:17:46.444134143 +0000 UTC,Unknown,DarkTurquoise,Unknown,Unknown,Unknown,Unknown,China 🇨🇳,229.7,Unknown,Unknown,-6,At anchor,Unknown,Unknown
POTTERSGRACHT       ,246671000,41.6372,140.8501,10,2025-11-05 14:17:46.446550286 +0000 UTC,Unknown,DarkTurquoise,Unknown,Unknown,Unknown,Unknown,Netherlands 🇳🇱,250,Unknown,Unknown,-13,Under way using engine,Unknown,Unknown
SOLAR STAR          ,477995430,22.2939,114.1681,0.1,2025-11-05 14:17:46.452728057 +0000 UTC,Unknown,DarkTurquoise,Unknown,Unknown,Unknown,Unknown,Hong Kong (China) 🇭🇰,8.3,Unknown,Unknown,-128,Under way using engine,Unknown,Unknown
LADY KATE,538072319,38.9021,-76.5085,0,2025-11-05 14:17:46.455545818 +0000 UTC,Unknown,DarkTurquoise,Unknown,Unknown,Unknown,Unknown,Marshall Islands 🇲🇭,328.1,Unknown,Unknown,-128,Under way using engine,Unknown,Unknown
MANA,244058084,52.3704,4.8883,0,2025-11-05 14:17:46.456962069 +0000 UTC,Unknown,DarkTurquoise,Unknown,Unknown,Unknown,Unknown,Netherlands 🇳🇱,360,Unknown,Unknown,-128,Under way using engine,Unknown,Unknown
CARMELIA            ,209048000,34.6776,33.0748,0.1,2025-11-05 14:17:46.4582415 +0000 UTC,Unknown,DarkTurquoise,Unknown,Unknown,Unknown,Unknown,Cyprus 🇨🇾,21.7,Unknown,Unknown,0,At anchor,Unknown,Unknown
YE-87 DANIEL PIETER ,246296000,52.947,4.7873,0,2025-11-05 14:17:46.459775071 +0000 UTC,Unknown,DarkTurquoise,Unknown,Unknown,Unknown,Unknown,Netherlands 🇳🇱,100.8,Unknown,Unknown,0,Under way using engine,Unknown,Unknown
KAPITAN ABONOSIMOV  ,667002347,59.5136,22.5817,13.7,2025-11-05 14:17:46.460483054 +0000 UTC,Unknown,DarkTurquoise,Unknown,Unknown,Unknown,Unknown,Sierra Leone 🇸🇱,252.3,Unknown,Unknown,6,Under way using engine,Unknown,Unknown
TOWLINE,367464090,42.3611,-70.9868,Unknown,2025-11-05 14:17:46.463062198 +0000 UTC,Tug Boat,Silver,USBOS ,Unknown,Unknown,Unknown,United States 🇺🇸,Unknown,20,6,Unknown,Unknown,0,2.5
ENCOURAGER          ,338305627,42.3473,-70.8288,1.5,2025-11-05 14:17:46.464394213 +0000 UTC,Unknown,DarkTurquoise,Unknown,Unknown,Unknown,Unknown,United States 🇺🇸,220.4,Unknown,Unknown,-127,Under way using engine,Unknown,Unknown
OCEAN LEADER        ,316004443,48.9607,-57.9991,0,2025-11-05 14:17:46.465750834 +0000 UTC,Unknown,DarkTurquoise,Unknown,Unknown,Unknown,Unknown,Canada 🇨🇦,21.5,Unknown,Unknown,-128,Under way sailing,Unknown,Unknown
VANTAGE,244660626,50.696,7.1713,10.6,2025-11-05 14:17:46.472281568 +0000 UTC,Unknown,DarkTurquoise,Unknown,Unknown,Unknown,Unknown,Netherlands 🇳🇱,348.3,Unknown,Unknown,0,Under way using engine,Unknown,Unknown
GRAND 4             ,259044030,58.9765,5.759,Unknown,2025-11-05 14:17:46.473118823 +0000 UTC,Unknown,DarkTurquoise,Unknown,Unknown,Unknown,Unknown,Norway 🇳🇴,Unknown,Unknown,Unknown,Unknown,Unknown,Unknown,Unknown
ZANCLE,247054400,38.2212,15.6322,3.6,2025-11-05 14:17:46.474728455 +0000 UTC,Unknown,DarkTurquoise,Unknown,Unknown,Unknown,Unknown,Italy 🇮🇹,83.3,Unknown,Unknown,-128,Under way using engine,Unknown,Unknown
AMAZONIA      ,226013570,49.4333,1.0342,0,2025-11-05 14:17:46.478489877 +0000 UTC,Unknown,DarkTurquoise,Unknown,Unknown,Unknown,Unknown,France 🇫🇷,0,Unknown,Unknown,-128,Moored,Unknown,Unknown
PV SUAIMHNEAS,250001404,53.3949,-6.0659,7.6,2025-11-05 14:17:46.483115224 +0000 UTC,Unknown,DarkTurquoise,Unknown,Unknown,Unknown,Unknown,Ireland 🇮🇪,85.2,Unknown,Unknown,-128,Under way using engine,Unknown,Unknown
GRUNO 3             ,244690886,53.3162,6.9086,5.5,2025-11-05 14:17:46.486741207 +0000 UTC,Unknown,DarkTurquoise,Unknown,Unknown,Unknown,Unknown,Netherlands 🇳🇱,238.3,Unknown,Unknown,-128,Under way using engine,Unknown,Unknown
W-MAYFAIR           ,636018624,-33.3118,151.8429,1.2,2025-11-05 14:17:46.488033877 +0000 UTC,Unknown,DarkTurquoise,Unknown,Unknown,Unknown,Unknown,Liberia 🇱🇷,215.4,Unknown,Unknown,-5,Under way using engine,Unknown,Unknown
ELSBETH             ,366861050,26.5211,-78.754,0,2025-11-05 14:17:46.488891475 +0000 UTC,Unknown,DarkTurquoise,Unknown,Unknown,Unknown,Unknown,United States 🇺🇸,258.9,Unknown,Unknown,-128,Under way using engine,Unknown,Unknown
SCOTIA              ,234973000,57.1427,-2.0791,0,2025-11-05 14:17:46.489741999 +0000 UTC,Unknown,DarkTurquoise,Unknown,Unknown,Unknown,Unknown,United Kingdom 🇬🇧,176.7,Unknown,Unknown,0,Moored,Unknown,Unknown
ANEMA,240338800,37.3586,23.4498,3,2025-11-05 14:17:46.490658812 +0000 UTC,Unknown,DarkTurquoise,Unknown,Unknown,Unknown,Unknown,Greece 🇬🇷,101.9,Unknown,Unknown,-128,Under way sailing,Unknown,Unknown
LA VIDA,244002158,53.0211,5.689,0,2025-11-05 14:17:46.492671352 +0000 UTC,Unknown,DarkTurquoise,Unknown,Unknown,Unknown,Unknown,Netherlands 🇳🇱,360,Unknown,Unknown,-128,Moored,Unknown,Unknown
MAIRETA IV,224085930,41.3224,2.4656,10.6,2025-11-05 14:17:46.495693969 +0000 UTC,Unknown,DarkTurquoise,Unknown,Unknown,Unknown,Unknown,Spain 🇪🇸,279.4,Unknown,Unknown,-127,Aground,Unknown,Unknown
NOBLE ORION TG46    ,563009210,1.2383,103.7802,9.4,2025-11-05 14:17:46.497465888 +0000 UTC,Unknown,DarkTurquoise,Unknown,Unknown,Unknown,Unknown,Singapore 🇸🇬,163.4,Unknown,Unknown,-128,Under way using engine,Unknown,Unknown
ZARAAR HANIF        ,405000348,26.1108,55.2748,7.4,2025-11-05 14:17:46.500774313 +0000 UTC,Unknown,DarkTurquoise,Unknown,Unknown,Unknown,Unknown,Bangladesh 🇧🇩,94.3,Unknown,Unknown,0,Under way using engine,Unknown,Unknown
HOPE,428073655,32.8433,35.0309,Unknown,2025-11-05 14:17:46.501860573 +0000 UTC,Unknown,DarkTurquoise,Unknown,Unknown,Unknown,Unknown,Israel 🇮🇱,Unknown,Unknown,Unknown,Unknown,Unknown,Unknown,Unknown
MULTRATUG 13        ,244870325,51.4558,3.7221,Unknown,2025-11-05 14:17:46.503051673 +0000 UTC,Tug Boat,Silver,HARBOUR TOWAGE      ,Unknown,Unknown,Unknown,Netherlands 🇳🇱,Unknown,31,10,Unknown,Unknown,9034999,4.6
ESSENCE             ,244238000,51.3499,4.2673,0,2025-11-05 14:17:46.504283885 +0000 UTC,Unknown,DarkTurquoise,Unknown,Unknown,Unknown,Unknown,Netherlands 🇳🇱,355.7,Unknown,Unknown,9,Under way using engine,Unknown,Unknown
LADY MARIELLA,247430200,38.1181,15.5759,13,2025-11-05 14:17:46.508518805 +0000 UTC,Unknown,DarkTurquoise,Unknown,Unknown,Unknown,Unknown,Italy 🇮🇹,196.5,Unknown,Unknown,0,Under way using engine,Unknown,Unknown
WIND SERVER,219615000,51.6547,1.5384,0.1,2025-11-05 14:17:46.510550765 +0000 UTC,Unknown,DarkTurquoise,Unknown,Unknown,Unknown,Unknown,Denmark 🇩🇰,54.5,Unknown,Unknown,1,Moored,Unknown,Unknown
SKIPSHOLMEN         ,257402000,53.4375,14.5805,0,2025-11-05 14:17:46.512019023 +0000 UTC,Unknown,DarkTurquoise,Unknown,Unknown,Unknown,Unknown,Norway 🇳🇴,360,Unknown,Unknown,-128,Under way using engine,Unknown,Unknown
STADE ,211184930,53.6271,9.5245,0,2025-11-05 14:17:46.514348038 +0000 UTC,Unknown,DarkTurquoise,Unknown,Unknown,Unknown,Unknown,Germany 🇩🇪,360,Unknown,Unknown,-128,Under way using engine,Unknown,Unknown
STA CRUZ DE TENERIFE,224375750,39.4481,-0.2899,0,2025-11-05 14:17:46.515862124 +0000 UTC,Unknown,DarkTurquoise,Unknown,Unknown,Unknown,Unknown,Spain 🇪🇸,205.1,Unknown,Unknown,-128,Under way using engine,Unknown,Unknown
SVITZER BOOTLE      ,235013782,51.4446,0.3969,0,2025-11-05 14:17:46.517771525 +0000 UTC,Unknown,DarkTurquoise,Unknown,Unknown,Unknown,Unknown,United Kingdom 🇬🇧,232.1,Unknown,Unknown,0,Under way using engine,Unknown,Unknown
ELVIRA              ,314786000,55.8047,10.8215,13.6,2025-11-05 14:17:46.519686417 +0000 UTC,Unknown,DarkTurquoise,Unknown,Unknown,Unknown,Unknown,Barbados 🇧🇧,9.3,Unknown,Unknown,0,Under way using engine,Unknown,Unknown
KAPENA RAYMOND ALAPA,368477000,21.2008,-157.773,6.6,2025-11-05 14:17:46.524385935 +0000 UTC,Unknown,DarkTurquoise,Unknown,Unknown,Unknown,Unknown,United States 🇺🇸,294.5,Unknown,Unknown,0,,Unknown,Unknown
MAERSK FRANKFURT    ,352003837,39.8775,-73.8554,8.6,2025-11-05 14:17:46.525457629 +0000 UTC,Unknown,DarkTurquoise,Unknown,Unknown,Unknown,Unknown,Panama 🇵🇦,183.8,Unknown,Unknown,0,Under way using engine,Unknown,Unknown
SAMMY TATE          ,367551680,29.7637,-95.0936,0,2025-11-05 14:17:46.526646154 +0000 UTC,Unknown,DarkTurquoise,Unknown,Unknown,Unknown,Unknown,United States 🇺🇸,143.3,Unknown,Unknown,0,,Unknown,Unknown
STAD SCHOONHOVEN ,244070253,51.9425,4.8541,0,2025-11-05 14:17:46.528113577 +0000 UTC,Unknown,DarkTurquoise,Unknown,Unknown,Unknown,Unknown,Netherlands 🇳🇱,360,Unknown,Unknown,0,Under way using engine,Unknown,Unknown
SKANDI CONSTRUCTOR  ,257220000,8.2588,-57.0064,0.3,2025-11-05 14:17:46.530576311 +0000 UTC,Unknown,DarkTurquoise,Unknown,Unknown,Unknown,Unknown,Norway 🇳🇴,266.7,Unknown,Unknown,0,Restricted manoeuvrability,Unknown,Unknown
RESCUE EIVIND ECKBO,257556800,59.2447,10.4707,0,2025-11-05 14:17:46.531918949 +0000 UTC,Unknown,DarkTurquoise,Unknown,Unknown,Unknown,Unknown,Norway 🇳🇴,63.7,Unknown,Unknown,-128,Under way using engine,Unknown,Unknown
IBIS PRETO          ,263441706,38.6809,-9.1315,Unknown,2025-11-05 14:17:46.533098612 +0000 UTC,Passenger Ship,Crimson,,Unknown,Unknown,Unknown,Portugal 🇵🇹,Unknown,40,12,Unknown,Unknown,9956379,0
F/V MOOREA          ,228239900,46.4289,-2.6066,3.2,2025-11-05 14:17:46.536650433 +0000 UTC,Unknown,DarkTurquoise,Unknown,Unknown,Unknown,Unknown,France 🇫🇷,42.5,Unknown,Unknown,-128,Under way using engine,Unknown,Unknown
PETER M             ,366757740,47.5563,-122.3416,0,2025-11-05 14:17:46.538864843 +0000 UTC,Unknown,DarkTurquoise,Unknown,Unknown,Unknown,Unknown,United States 🇺🇸,71.6,Unknown,Unknown,0,,Unknown,Unknown
BOURBON MISTRAL     ,311001731,8.0194,-56.7916,0.8,2025-11-05 14:17:46.674437562 +0000 UTC,Cargo,ForestGreen,WHIPTAIL OIL FIELD  ,CNSPI,Shipai,China,Bahamas 🇧🇸,15.2,89,20,0,Under way using engine,9362009,4.8
DANPILOT FOXTROT    ,219024175,55.6193,10.5767,18.3,2025-11-05 14:17:46.541425014 +0000 UTC,Unknown,DarkTurquoise,Unknown,Unknown,Unknown,Unknown,Denmark 🇩🇰,15.1,Unknown,Unknown,0,Under way using engine,Unknown,Unknown
DANCHOR VIII        ,428009065,31.6502,34.5041,12.5,2025-11-05 14:17:46.542767346 +0000 UTC,Unknown,DarkTurquoise,Unknown,Unknown,Unknown,Unknown,Israel 🇮🇱,280.3,Unknown,Unknown,0,Moored,Unknown,Unknown
INSPIRATION         ,230052180,37.9289,23.6832,0,2025-11-05 14:17:46.545121797 +0000 UTC,Unknown,DarkTurquoise,Unknown,Unknown,Unknown,Unknown,Finland 🇫🇮,0,Unknown,Unknown,0,Undefined,Unknown,Unknown
SEASPAN PUSHER      ,316011504,49.1953,-122.9074,0,2025-11-05 14:17:46.547299116 +0000 UTC,Unknown,DarkTurquoise,Unknown,Unknown,Unknown,Unknown,Canada 🇨🇦,93.8,Unknown,Unknown,0,Under way using engine,Unknown,Unknown
HUNTSMAN,368081170,36.8495,-76.315,0,2025-11-05 14:17:46.548426964 +0000 UTC,Unknown,DarkTurquoise,Unknown,Unknown,Unknown,Unknown,United States 🇺🇸,264.6,Unknown,Unknown,-128,Under way using engine,Unknown,Unknown
UNION,244700181,51.9563,4.3994,6.2,2025-11-05 14:17:46.552163409 +0000 UTC,Unknown,DarkTurquoise,Unknown,Unknown,Unknown,Unknown,Netherlands 🇳🇱,136.3,Unknown,Unknown,-128,Under way using engine,Unknown,Unknown
KOKEN MARU          ,431003904,34.6134,137.7445,10,2025-11-05 14:17:46.553480513 +0000 UTC,Unknown,DarkTurquoise,Unknown,Unknown,Unknown,Unknown,Japan 🇯🇵,90.2,Unknown,Unknown,0,Under way using engine,Unknown,Unknown
CGC MAURICE JESTER,338926452,42.3687,-71.0507,0,2025-11-05 14:17:46.559269233 +0000 UTC,Unknown,DarkTurquoise,Unknown,Unknown,Unknown,Unknown,United States 🇺🇸,132.9,Unknown,Unknown,0,Moored,Unknown,Unknown
MAAS CONFIDENCE     ,255806167,54.4658,18.6762,0.1,2025-11-05 14:17:46.562123861 +0000 UTC,Unknown,DarkTurquoise,Unknown,Unknown,Unknown,Unknown,Madeira (Portugal) 🇵🇹,4,Unknown,Unknown,4,At anchor,Unknown,Unknown
LUISE DEYMANN,211511770,53.1175,8.7232,9.7,2025-11-05 14:17:46.56304685 +0000 UTC,Unknown,DarkTurquoise,Unknown,Unknown,Unknown,Unknown,Germany 🇩🇪,285.2,Unknown,Unknown,0,Under way using engine,Unknown,Unknown
WIGHT SKY,235064783,50.7357,-1.503,8.4,2025-11-05 14:17:46.564740424 +0000 UTC,Unknown,DarkTurquoise,Unknown,Unknown,Unknown,Unknown,United Kingdom 🇬🇧,337.2,Unknown,Unknown,-127,Under way using engine,Unknown,Unknown
ESPOIR              ,244279000,57.9042,10.6994,14.6,2025-11-05 14:17:46.566130244 +0000 UTC,Unknown,DarkTurquoise,Unknown,Unknown,Unknown,Unknown,Netherlands 🇳🇱,340.3,Unknown,Unknown,-9,Under way using engine,Unknown,Unknown
AMSTEL SMARAGD,244110860,52.3619,4.8837,0.4,2025-11-05 14:17:46.567175267 +0000 UTC,Unknown,DarkTurquoise,Unknown,Unknown,Unknown,Unknown,Netherlands 🇳🇱,360,Unknown,Unknown,-128,Under way using engine,Unknown,Unknown
SOLARIS 2,416005437,22.6094,120.2733,0,2025-11-05 14:17:46.569458783 +0000 UTC,Unknown,DarkTurquoise,Unknown,Unknown,Unknown,Unknown,Taiwan 🇹🇼,360,Unknown,Unknown,-128,Under way using engine,Unknown,Unknown
VB RESOLUT          ,211676580,53.5431,9.9203,0,2025-11-05 14:17:46.586762665 +0000 UTC,Unknown,DarkTurquoise,Unknown,Unknown,Unknown,Unknown,Germany 🇩🇪,336,Unknown,Unknown,0,Under way using engine,Unknown,Unknown
SD IMPULSE          ,232001480,56.0533,-4.8201,Unknown,2025-11-05 14:17:46.572426794 +0000 UTC,Tug Boat,Silver,HMNB CLYDE          ,Unknown,Unknown,Unknown,United Kingdom 🇬🇧,Unknown,32,10,Unknown,Unknown,9050797,4.2
MONTCLAR III ,224131390,41.0369,1.7592,14,2025-11-05 14:17:46.574853122 +0000 UTC,Fishing,Gold,Unknown,Unknown,Unknown,Unknown,Spain 🇪🇸,358,Unknown,Unknown,-128,Engaged in fishing,Unknown,Unknown
SVEN D              ,244850970,58.1406,7.9918,0,2025-11-05 14:17:46.576049259 +0000 UTC,Unknown,DarkTurquoise,Unknown,Unknown,Unknown,Unknown,Netherlands 🇳🇱,211.5,Unknown,Unknown,0,Under way using engine,Unknown,Unknown
STEN AURORA         ,255915984,51.3939,4.1758,13.5,2025-11-05 14:17:46.578096446 +0000 UTC,Unknown,DarkTurquoise,Unknown,Unknown,Unknown,Unknown,Madeira (Portugal) 🇵🇹,226.5,Unknown,Unknown,8,Under way using engine,Unknown,Unknown
ZIA                 ,256839000,37.932,23.6507,0,2025-11-05 14:17:46.579394463 +0000 UTC,Unknown,DarkTurquoise,Unknown,Unknown,Unknown,Unknown,Malta 🇲🇹,71.9,Unknown,Unknown,0,Moored,Unknown,Unknown
KOKKOMAA,230155950,60.4425,22.1526,0,2025-11-05 14:17:46.580788694 +0000 UTC,Unknown,DarkTurquoise,Unknown,Unknown,Unknown,Unknown,Finland 🇫🇮,315,Unknown,Unknown,-11,Under way using engine,Unknown,Unknown
TRENCIN             ,267010030,48.1371,17.1468,0.1,2025-11-05 14:17:46.582101986 +0000 UTC,Unknown,DarkTurquoise,Unknown,Unknown,Unknown,Unknown,Slovakia 🇸🇰,213.1,Unknown,Unknown,-128,Under way using engine,Unknown,Unknown
FRISIA IX           ,211272310,53.3267,7.3404,0,2025-11-05 14:17:46.585133997 +0000 UTC,Unknown,DarkTurquoise,Unknown,Unknown,Unknown,Unknown,Germany 🇩🇪,315.4,Unknown,Unknown,0,Undefined,Unknown,Unknown
LIS,244780734,52.3319,5.0706,0,2025-11-05 14:17:46.583467741 +0000 UTC,Unknown,DarkTurquoise,Unknown,Unknown,Unknown,Unknown,Netherlands 🇳🇱,360,Unknown,Unknown,-128,Under way sailing,Unknown,Unknown
MORRA,244660847,51.8095,5.1947,Unknown,2025-11-05 14:17:46.588182892 +0000 UTC,Cargo,ForestGreen,,Unknown,Unknown,Unknown,Netherlands 🇳🇱,Unknown,66,7,Unknown,Unknown,0,2.3
GILIJA              ,277354000,57.722,10.5997,0,2025-11-05 14:17:46.597669093 +0000 UTC,Unknown,DarkTurquoise,Unknown,Unknown,Unknown,Unknown,Lithuania 🇱🇹,308.6,Unknown,Unknown,0,Moored,Unknown,Unknown
BRAVER              ,219017205,52.6073,4.4394,1,2025-11-05 14:17:46.598763383 +0000 UTC,Unknown,DarkTurquoise,Unknown,Unknown,Unknown,Unknown,Denmark 🇩🇰,221.2,Unknown,Unknown,-127,Under way using engine,Unknown,Unknown
CARONTE             ,247054800,37.9808,12.3567,10.2,2025-11-05 14:17:46.600464832 +0000 UTC,Unknown,DarkTurquoise,Unknown,Unknown,Unknown,Unknown,Italy 🇮🇹,282.2,Unknown,Unknown,-128,Under way using engine,Unknown,Unknown
MARY ENA DEVALL     ,367798550,30.0213,-93.9867,0,2025-11-05 14:17:46.601061591 +0000 UTC,Unknown,DarkTurquoise,Unknown,Unknown,Unknown,Unknown,United States 🇺🇸,183.5,Unknown,Unknown,0,,Unknown,Unknown
SCOTT R. WILSON     ,366816020,30.0193,-93.981,0,2025-11-05 14:17:46.604082493 +0000 UTC,Unknown,DarkTurquoise,Unknown,Unknown,Unknown,Unknown,United States 🇺🇸,238.6,Unknown,Unknown,-128,Under way using engine,Unknown,Unknown
PETER               ,211436040,53.5431,9.9226,0,2025-11-05 14:17:46.611677131 +0000 UTC,Unknown,DarkTurquoise,Unknown,Unknown,Unknown,Unknown,Germany 🇩🇪,191,Unknown,Unknown,0,Under way using engine,Unknown,Unknown
RUBIKON 202         ,255806519,51.9524,4.1275,Unknown,2025-11-05 14:17:46.606931662 +0000 UTC,Tanker,Navy,NL RTM              ,NLRTM,Rotterdam,Netherlands,Madeira (Portugal) 🇵🇹,Unknown,144,23,Unknown,Unknown,9344423,6.5
PHILADELPHIA        ,369230000,40.6682,-74.0015,0.1,2025-11-05 14:17:46.610315153 +0000 UTC,Unknown,DarkTurquoise,Unknown,Unknown,Unknown,Unknown,United States 🇺🇸,304,Unknown,Unknown,0,,Unknown,Unknown
MT2301              ,230992370,59.8195,23.1704,16.3,2025-11-05 14:17:46.614040992 +0000 UTC,Unknown,DarkTurquoise,Unknown,Unknown,Unknown,Unknown,Finland 🇫🇮,258.8,Unknown,Unknown,-127,Under way using engine,Unknown,Unknown
AMS PANTHER         ,235085036,52.9806,-6.0371,0,2025-11-05 14:17:46.616673509 +0000 UTC,Unknown,DarkTurquoise,Unknown,Unknown,Unknown,Unknown,United Kingdom 🇬🇧,299.1,Unknown,Unknown,-128,Moored,Unknown,Unknown
BEST DAY EVER,338451753,32.7134,-117.2297,Unknown,2025-11-05 14:17:46.650082661 +0000 UTC,Unknown,DarkTurquoise,Unknown,Unknown,Unknown,Unknown,United States 🇺🇸,Unknown,Unknown,Unknown,Unknown,Unknown,Unknown,Unknown
GARLAND GASPARD     ,367781550,29.7156,-95.0216,4.5,2025-11-05 14:17:46.65272134 +0000 UTC,Unknown,DarkTurquoise,Unknown,Unknown,Unknown,Unknown,United States 🇺🇸,183.7,Unknown,Unknown,0,,Unknown,Unknown
CHARLIE-C           ,366961220,29.6108,-94.3551,4.2,2025-11-05 14:17:46.653665096 +0000 UTC,Unknown,DarkTurquoise,Unknown,Unknown,Unknown,Unknown,United States 🇺🇸,61.2,Unknown,Unknown,0,,Unknown,Unknown
CAPT DOUG WRIGHT    ,367702240,29.6864,-94.1826,Unknown,2025-11-05 14:17:46.654715109 +0000 UTC,Spare - Local Vessel,DarkGoldenRod,USHOU>USBTR         ,USBTR,Baton Rouge,United States,United States 🇺🇸,Unknown,172,28,Unknown,Unknown,1202864,2.9
MANON   ,205521890,51.2276,4.5348,0,2025-11-05 14:17:46.657103706 +0000 UTC,Unknown,DarkTurquoise,Unknown,Unknown,Unknown,Unknown,Belgium 🇧🇪,360,Unknown,Unknown,-128,Under way sailing,Unknown,Unknown
MILBURN             ,351379000,32.823,35.0326,0,2025-11-05 14:17:46.65797342 +0000 UTC,Unknown,DarkTurquoise,Unknown,Unknown,Unknown,Unknown,Panama 🇵🇦,149.9,Unknown,Unknown,0,Under way using engine,Unknown,Unknown
AMERICANO,227831950,50.7248,1.5968,Unknown,2025-11-05 14:17:46.658653374 +0000 UTC,Unknown,DarkTurquoise,Unknown,Unknown,Unknown,Unknown,France 🇫🇷,Unknown,Unknown,Unknown,Unknown,Unknown,Unknown,Unknown
VAGABOND,227212960,37.1765,-6.9525,Unknown,2025-11-05 14:17:46.659303548 +0000 UTC,Unknown,DarkTurquoise,Unknown,Unknown,Unknown,Unknown,France 🇫🇷,Unknown,Unknown,Unknown,Unknown,Unknown,Unknown,Unknown
BOCHEM LONDON       ,477636500,32.0145,32.4018,Unknown,2025-11-05 14:17:46.659934328 +0000 UTC,Tanker,Navy,EGPSD               ,EGPSD,Port Said,Egypt,Hong Kong (China) 🇭🇰,Unknown,145,24,Unknown,Unknown,9743849,6.3
Z576 MARE NOSTRUM,205322000,50.3726,0.0145,4.5,2025-11-05 14:17:46.660844988 +0000 UTC,Fishing,Gold,Unknown,Unknown,Unknown,Unknown,Belgium 🇧🇪,197.3,Unknown,Unknown,-128,Engaged in fishing,Unknown,Unknown
BEAUFORT            ,250002029,53.3485,-6.1997,0,2025-11-05 14:17:46.66352865 +0000 UTC,Unknown,DarkTurquoise,Unknown,Unknown,Unknown,Unknown,Ireland 🇮🇪,360,Unknown,Unknown,0,Under way using engine,Unknown,Unknown
IBIS 4              ,244710062,53.0574,8.8707,1.7,2025-11-05 14:17:46.664517632 +0000 UTC,Unknown,DarkTurquoise,Unknown,Unknown,Unknown,Unknown,Netherlands 🇳🇱,292.5,Unknown,Unknown,-128,Under way using engine,Unknown,Unknown
STAMFORD PIONEER,477462800,53.0972,8.743,0,2025-11-05 14:17:46.664859451 +0000 UTC,Unknown,DarkTurquoise,Unknown,Unknown,Unknown,Unknown,Hong Kong (China) 🇭🇰,0,Unknown,Unknown,8,Moored,Unknown,Unknown
NICOLAAS VD WEES,244125434,51.8018,4.6422,0,2025-11-05 14:17:46.666561799 +0000 UTC,Unknown,DarkTurquoise,Unknown,Unknown,Unknown,Unknown,Netherlands 🇳🇱,360,Unknown,Unknown,-128,Under way using engine,Unknown,Unknown
AEGIR,211484420,52.3821,4.9308,9.2,2025-11-05 14:17:46.667126035 +0000 UTC,Unknown,DarkTurquoise,Unknown,Unknown,Unknown,Unknown,Germany 🇩🇪,82.1,Unknown,Unknown,-128,Under way using engine,Unknown,Unknown
F/V UST-204         ,261002530,54.7971,18.4182,Unknown,2025-11-05 14:17:46.667732723 +0000 UTC,Unknown,DarkTurquoise,ELWIND LOT1         ,Unknown,Unknown,Unknown,Poland 🇵🇱,Unknown,28,8,Unknown,Unknown,8600325,3.5
SEAWAYS YELLOWSTONE ,538003322,33.7027,-118.1295,0,2025-11-05 14:17:46.668417884 +0000 UTC,Unknown,DarkTurquoise,Unknown,Unknown,Unknown,Unknown,Marshall Islands 🇲🇭,26,Unknown,Unknown,0,At anchor,Unknown,Unknown
TX14 GRIETJE        ,246014000,52.8874,3.9467,12,2025-11-05 14:17:46.668975659 +0000 UTC,Unknown,DarkTurquoise,Unknown,Unknown,Unknown,Unknown,Netherlands 🇳🇱,80.8,Unknown,Unknown,0,Under way using engine,Unknown,Unknown
F/V MASSABIELLE ,227322390,49.5343,-0.7214,2.5,2025-11-05 14:17:46.669656333 +0000 UTC,Fishing,Gold,Unknown,Unknown,Unknown,Unknown,France 🇫🇷,88.4,Unknown,Unknown,-128,Engaged in fishing,Unknown,Unknown
TWIN STAR,235053178,51.5053,-0.0289,0.2,2025-11-05 14:17:46.670028392 +0000 UTC,Unknown,DarkTurquoise,Unknown,Unknown,Unknown,Unknown,United Kingdom 🇬🇧,280.3,Unknown,Unknown,-128,Under way using engine,Unknown,Unknown
HELENA G            ,255806030,49.564,-4.0422,10.5,2025-11-05 14:17:46.670448872 +0000 UTC,Unknown,DarkTurquoise,Unknown,Unknown,Unknown,Unknown,Madeira (Portugal) 🇵🇹,236,Unknown,Unknown,4,Under way using engine,Unknown,Unknown
NORTHSTAR INTEGRITY ,367165130,39.24,-75.0141,7.2,2025-11-05 14:17:46.671234418 +0000 UTC,Unknown,DarkTurquoise,Unknown,Unknown,Unknown,Unknown,United States 🇺🇸,301.9,Unknown,Unknown,-127,,Unknown,Unknown
GECA,244670925,52.3743,6.6306,0,2025-11-05 14:17:46.674780561 +0000 UTC,Unknown,DarkTurquoise,Unknown,Unknown,Unknown,Unknown,Netherlands 🇳🇱,27,Unknown,Unknown,-128,Under way using engine,Unknown,Unknown
WIELINGEN PILOT     ,205592000,51.2311,2.9256,0,2025-11-05 14:17:46.672031497 +0000 UTC,Unknown,DarkTurquoise,Unknown,Unknown,Unknown,Unknown,Belgium 🇧🇪,335,Unknown,Unknown,9,Under way using engine,Unknown,Unknown
ALI K,620999012,33.7581,34.1481,7,2025-11-05 14:17:46.672811661 +0000 UTC,Unknown,DarkTurquoise,Unknown,Unknown,Unknown,Unknown,Comoros 🇰🇲,49.5,Unknown,Unknown,0,Under way using engine,Unknown,Unknown
BLUE WHALE,235080023,51.9171,4.2481,0,2025-11-05 14:17:46.676350995 +0000 UTC,Unknown,DarkTurquoise,Unknown,Unknown,Unknown,Unknown,United Kingdom 🇬🇧,277.7,Unknown,Unknown,0,Under way using engine,Unknown,Unknown
COTRANS 8,244620972,52.1317,5.0432,7.4,2025-11-05 14:17:46.675452693 +0000 UTC,Unknown,DarkTurquoise,Unknown,Unknown,Unknown,Unknown,Netherlands 🇳🇱,121.5,Unknown,Unknown,-128,Under way using engine,Unknown,Unknown
FIDELIO             ,209216000,51.3151,4.3167,5.3,2025-11-05 14:17:46.675841128 +0000 UTC,Unknown,DarkTurquoise,Unknown,Unknown,Unknown,Unknown,Cyprus 🇨🇾,339,Unknown,Unknown,-1,Under way using engine,Unknown,Unknown
OCEAN EAGLE    ,367573820,46.2013,-123.3875,0,2025-11-05 14:17:46.674120806 +0000 UTC,Unknown,DarkTurquoise,Unknown,Unknown,Unknown,Unknown,United States 🇺🇸,94.8,Unknown,Unknown,-128,Under way using engine,Unknown,Unknown
SOPHIE ISABELL,205545990,51.9174,4.503,6.7,2025-11-05 14:17:46.670784789 +0000 UTC,Unknown,DarkTurquoise,Unknown,Unknown,Unknown,Unknown,Belgium 🇧🇪,103.5,Unknown,Unknown,127,Under way using engine,Unknown,Unknown
SOMTRANS XIV        ,244660655,52.4087,4.7723,0.1,2025-11-05 14:17:46.67931308 +0000 UTC,Unknown,DarkTurquoise,Unknown,Unknown,Unknown,Unknown,Netherlands 🇳🇱,205.9,Unknown,Unknown,-128,Moored,Unknown,Unknown
Unknown Vessel,235053219,55.7957,-6.1885,9.3,2025-11-05 14:17:46.684176057 +0000 UTC,Unknown,DarkTurquoise,Unknown,Unknown,Unknown,Unknown,United Kingdom 🇬🇧,241.9,Unknown,Unknown,-127,Under way using engine,Unknown,Unknown
HONEYBOURNE III     ,233450000,49.6718,-0.8658,2.9,2025-11-05 14:17:46.68754481 +0000 UTC,Fishing,Gold,Unknown,Unknown,Unknown,Unknown,United Kingdom 🇬🇧,5.6,Unknown,Unknown,0,Engaged in fishing,Unknown,Unknown
THE PRINCESS,244609199,52.3703,4.9468,0.1,2025-11-05 14:17:46.694814385 +0000 UTC,Unknown,DarkTurquoise,Unknown,Unknown,Unknown,Unknown,Netherlands 🇳🇱,360,Unknown,Unknown,-128,Under way using engine,Unknown,Unknown
DONA CLARY          ,730152578,10.4065,-75.5415,0,2025-11-05 14:17:46.696323315 +0000 UTC,Unknown,DarkTurquoise,Unknown,Unknown,Unknown,Unknown,Colombia 🇨🇴,13.4,Unknown,Unknown,0,Under way sailing,Unknown,Unknown
IJVEER XIII,244700945,52.4006,4.8888,Unknown,2025-11-05 14:17:46.699332303 +0000 UTC,Unknown,DarkTurquoise,AMSTERDAM@AM,NLAMS,Amsterdam,Netherlands,Netherlands 🇳🇱,Unknown,Unknown,Unknown,Unknown,Unknown,0,0
IVO                 ,205541000,51.3127,3.2097,0,2025-11-05 14:17:46.704755322 +0000 UTC,Unknown,DarkTurquoise,Unknown,Unknown,Unknown,Unknown,Belgium 🇧🇪,2.6,Unknown,Unknown,0,Restricted manoeuvrability,Unknown,Unknown
PILOT L 226         ,230981770,59.7821,21.3704,0.1,2025-11-05 14:17:46.706342626 +0000 UTC,Unknown,DarkTurquoise,Unknown,Unknown,Unknown,Unknown,Finland 🇫🇮,346.6,Unknown,Unknown,0,Moored,Unknown,Unknown
TALINA B            ,210534000,55.1369,-1.5163,0,2025-11-05 14:17:46.707761986 +0000 UTC,Unknown,DarkTurquoise,Unknown,Unknown,Unknown,Unknown,Cyprus 🇨🇾,84.5,Unknown,Unknown,0,Under way using engine,Unknown,Unknown
Unknown Vessel,245263338,52.37,4.9376,0,2025-11-05 14:17:46.709025757 +0000 UTC,Fishing,Gold,Unknown,Unknown,Unknown,Unknown,Netherlands 🇳🇱,62.8,Unknown,Unknown,-128,Engaged in fishing,Unknown,Unknown
STELLA MARIS,246178000,52.9591,4.7678,0,2025-11-05 14:17:46.710323991 +0000 UTC,Unknown,DarkTurquoise,Unknown,Unknown,Unknown,Unknown,Netherlands 🇳🇱,360,Unknown,Unknown,-128,Under way sailing,Unknown,Unknown
M/S OLDENBURG,211243210,53.2477,8.4734,5.9,2025-11-05 14:17:46.71476797 +0000 UTC,Unknown,DarkTurquoise,Unknown,Unknown,Unknown,Unknown,Germany 🇩🇪,30.8,Unknown,Unknown,0,Under way using engine,Unknown,Unknown
WLA-225             ,261004390,54.7967,18.4168,0,2025-11-05 14:17:46.716320544 +0000 UTC,Unknown,DarkTurquoise,Unknown,Unknown,Unknown,Unknown,Poland 🇵🇱,190.2,Unknown,Unknown,-128,Under way using engine,Unknown,Unknown
R.C BEHAR           ,215581000,28.4992,-16.1787,Unknown,2025-11-05 14:17:46.717521047 +0000 UTC,Tanker,Navy,ESSCT               ,ESSCT,Santa Cruz de Tenerife,Spain,Malta 🇲🇹,Unknown,107,16,Unknown,Unknown,9413664,5
BAT                 ,247380300,45.6356,13.7678,0,2025-11-05 14:17:46.720017024 +0000 UTC,Unknown,DarkTurquoise,Unknown,Unknown,Unknown,Unknown,Italy 🇮🇹,275.6,Unknown,Unknown,-128,Moored,Unknown,Unknown
QUETZAL ARROW,311044500,44.6783,13.4994,14.3,2025-11-05 14:17:46.718795684 +0000 UTC,Unknown,DarkTurquoise,Unknown,Unknown,Unknown,Unknown,Bahamas 🇧🇸,144.2,Unknown,Unknown,0,Under way using engine,Unknown,Unknown
EMPIRE STATE        ,367415390,40.7351,-74.0263,2.2,2025-11-05 14:17:46.721161156 +0000 UTC,Unknown,DarkTurquoise,Unknown,Unknown,Unknown,Unknown,United States 🇺🇸,293.5,Unknown,Unknown,-128,Under way using engine,Unknown,Unknown
D ABRAHAM - SK178,244043291,51.8704,4.2333,Unknown,2025-11-05 14:17:46.722249025 +0000 UTC,Unknown,DarkTurquoise,Unknown,Unknown,Unknown,Unknown,Netherlands 🇳🇱,Unknown,Unknown,Unknown,Unknown,Unknown,Unknown,Unknown
DANA                ,244002394,52.4407,4.7033,8.7,2025-11-05 14:17:46.724428141 +0000 UTC,Unknown,DarkTurquoise,Unknown,Unknown,Unknown,Unknown,Netherlands 🇳🇱,310.8,Unknown,Unknown,-128,Under way using engine,Unknown,Unknown
F/V ADRIANA         ,228380600,49.5086,-0.4902,4.1,2025-11-05 14:17:46.726266785 +0000 UTC,Unknown,DarkTurquoise,Unknown,Unknown,Unknown,Unknown,France 🇫🇷,293.9,Unknown,Unknown,0,Undefined,Unknown,Unknown
FREJA ,265546890,59.2731,17.6751,8.5,2025-11-05 14:17:46.727587536 +0000 UTC,Unknown,DarkTurquoise,Unknown,Unknown,Unknown,Unknown,Sweden 🇸🇪,97.8,Unknown,Unknown,6,Under way using engine,Unknown,Unknown
SKOG                ,258006930,55.9787,11.8402,10.9,2025-11-05 14:17:46.728786359 +0000 UTC,Unknown,DarkTurquoise,Unknown,Unknown,Unknown,Unknown,Norway 🇳🇴,17.1,Unknown,Unknown,0,Under way using engine,Unknown,Unknown
NAVIGARE,211510070,51.4211,6.7344,0.1,2025-11-05 14:17:46.729586061 +0000 UTC,Unknown,DarkTurquoise,Unknown,Unknown,Unknown,Unknown,Germany 🇩🇪,360,Unknown,Unknown,0,Under way using engine,Unknown,Unknown
OCEAN 3 ,247340800,45.6141,13.7728,0,2025-11-05 14:17:46.731072388 +0000 UTC,Unknown,DarkTurquoise,Unknown,Unknown,Unknown,Unknown,Italy 🇮🇹,167.1,Unknown,Unknown,0,Undefined,Unknown,Unknown
EMISSARY            ,566210000,1.1973,103.7497,Unknown,2025-11-05 14:17:46.735407232 +0000 UTC,Tanker,Navy,ARP                 ,SEAAR,Ar,Sweden,Singapore 🇸🇬,Unknown,92,17,Unknown,Unknown,9603659,7.5
QUARTA       ,244670587,52.407,5.2321,0.5,2025-11-05 14:17:46.737471076 +0000 UTC,Unknown,DarkTurquoise,Unknown,Unknown,Unknown,Unknown,Netherlands 🇳🇱,120.1,Unknown,Unknown,-128,Under way using engine,Unknown,Unknown
GENNARO C.G.        ,247488100,38.5292,15.0161,27.8,2025-11-05 14:17:46.738394939 +0000 UTC,Unknown,DarkTurquoise,Unknown,Unknown,Unknown,Unknown,Italy 🇮🇹,26.7,Unknown,Unknown,0,Under way using engine,Unknown,Unknown
IQ,244504782,51.5068,4.2449,0,2025-11-05 14:17:46.739436168 +0000 UTC,Unknown,DarkTurquoise,Unknown,Unknown,Unknown,Unknown,Netherlands 🇳🇱,203.8,Unknown,Unknown,0,Moored,Unknown,Unknown
PINTA               ,304656000,57.576,-1.6092,7.4,2025-11-05 14:17:46.740451576 +0000 UTC,Unknown,DarkTurquoise,Unknown,Unknown,Unknown,Unknown,Antigua and Barbuda 🇦🇬,359.9,Unknown,Unknown,0,Under way using engine,Unknown,Unknown
BETANCURIA EXPRESS  ,225344000,28.0487,-14.3617,0,2025-11-05 14:17:46.747216471 +0000 UTC,Unknown,DarkTurquoise,Unknown,Unknown,Unknown,Unknown,Spain 🇪🇸,125,Unknown,Unknown,0,Under way using engine,Unknown,Unknown
KALLISTO,211452900,47.7882,7.5255,0,2025-11-05 14:17:46.748366438 +0000 UTC,Unknown,DarkTurquoise,Unknown,Unknown,Unknown,Unknown,Germany 🇩🇪,344,Unknown,Unknown,-128,Under way using engine,Unknown,Unknown
ALICANTE            ,538010257,54.4465,18.8659,0.1,2025-11-05 14:17:46.749830845 +0000 UTC,Unknown,DarkTurquoise,Unknown,Unknown,Unknown,Unknown,Marshall Islands 🇲🇭,284.3,Unknown,Unknown,0,At anchor,Unknown,Unknown
BRESLAU,211508590,53.897,9.1561,0,2025-11-05 14:17:46.750892212 +0000 UTC,Unknown,DarkTurquoise,Unknown,Unknown,Unknown,Unknown,Germany 🇩🇪,70.9,Unknown,Unknown,0,Under way using engine,Unknown,Unknown
COSCO PISCES        ,477232800,44.4183,8.7874,0,2025-11-05 14:17:46.753487088 +0000 UTC,Unknown,DarkTurquoise,Unknown,Unknown,Unknown,Unknown,Hong Kong (China) 🇭🇰,17,Unknown,Unknown,0,Moored,Unknown,Unknown
TX 51,244030123,52.0989,4.2694,0,2025-11-05 14:17:46.757692642 +0000 UTC,Unknown,DarkTurquoise,Unknown,Unknown,Unknown,Unknown,Netherlands 🇳🇱,1.9,Unknown,Unknown,-128,Moored,Unknown,Unknown
BOURBON RHESOS,376298000,8.048,-56.9026,2.2,2025-11-05 14:17:46.758728006 +0000 UTC,Unknown,DarkTurquoise,Unknown,Unknown,Unknown,Unknown,Saint Vincent and the Grenadines 🇻🇨,259.6,Unknown,Unknown,0,Under way using engine,Unknown,Unknown
LOLLAND             ,255915634,54.4462,12.0096,10.1,2025-11-05 14:17:46.7603299 +0000 UTC,Unknown,DarkTurquoise,Unknown,Unknown,Unknown,Unknown,Madeira (Portugal) 🇵🇹,270.1,Unknown,Unknown,0,Under way using engine,Unknown,Unknown
FRANK               ,236744000,51.987,4.0493,10.6,2025-11-05 14:17:46.761778558 +0000 UTC,Unknown,DarkTurquoise,Unknown,Unknown,Unknown,Unknown,Gibraltar (British Overseas Territory) 🇬🇮,109,Unknown,Unknown,0,Under way using engine,Unknown,Unknown
HERBORG             ,231874000,62.0083,-6.7684,0,2025-11-05 14:17:46.765534694 +0000 UTC,Unknown,DarkTurquoise,Unknown,Unknown,Unknown,Unknown,Faroe Islands (Denmark) 🇫🇴,252.4,Unknown,Unknown,0,Moored,Unknown,Unknown
ARTEMIS EF12-001,232052642,54.613,-5.8945,0.1,2025-11-05 14:17:46.766988808 +0000 UTC,Unknown,DarkTurquoise,Unknown,Unknown,Unknown,Unknown,United Kingdom 🇬🇧,132.6,Unknown,Unknown,-29,Under way using engine,Unknown,Unknown
HORDA PIONEER       ,257590000,60.469,5.2282,0,2025-11-05 14:17:46.776550978 +0000 UTC,Unknown,DarkTurquoise,Unknown,Unknown,Unknown,Unknown,Norway 🇳🇴,267.7,Unknown,Unknown,0,Under way using engine,Unknown,Unknown
 COLLETTE C,303200000,37.908,-122.3861,0.1,2025-11-05 14:17:46.777749618 +0000 UTC,Unknown,DarkTurquoise,Unknown,Unknown,Unknown,Unknown,Alaska (USA) 🇺🇸,221.2,Unknown,Unknown,0,Under way using engine,Unknown,Unknown
LOUARN,227580520,48.38,-4.4977,0,2025-11-05 14:17:46.779248581 +0000 UTC,Unknown,DarkTurquoise,Unknown,Unknown,Unknown,Unknown,France 🇫🇷,348.3,Unknown,Unknown,-128,Under way using engine,Unknown,Unknown
VADDO,265520420,59.3291,18.0753,Unknown,2025-11-05 14:17:46.780482164 +0000 UTC,Passenger Ship,Crimson,,Unknown,Unknown,Unknown,Sweden 🇸🇪,Unknown,38,8,Unknown,Unknown,9032018,0
WADDENZEE           ,244058386,52.5226,5.4351,0,2025-11-05 14:17:46.781665445 +0000 UTC,Unknown,DarkTurquoise,Unknown,Unknown,Unknown,Unknown,Netherlands 🇳🇱,294.3,Unknown,Unknown,-128,Undefined,Unknown,Unknown
SCHLOSS BABELSBERG,211510430,51.5146,4.2197,8.1,2025-11-05 14:17:46.783059994 +0000 UTC,Unknown,DarkTurquoise,Unknown,Unknown,Unknown,Unknown,Germany 🇩🇪,198.6,Unknown,Unknown,-128,Under way using engine,Unknown,Unknown
F/V MARE LIBERUM    ,227426000,47.0244,-2.2992,0.1,2025-11-05 14:17:46.784371229 +0000 UTC,Unknown,DarkTurquoise,Unknown,Unknown,Unknown,Unknown,France 🇫🇷,7.9,Unknown,Unknown,-128,Under way using engine,Unknown,Unknown
PRESAGER            ,367152730,29.9179,-90.0758,10.1,2025-11-05 14:17:46.785833692 +0000 UTC,Unknown,DarkTurquoise,Unknown,Unknown,Unknown,Unknown,United States 🇺🇸,64.3,Unknown,Unknown,38,,Unknown,Unknown
GEO OCEAN VII,253000025,51.2198,2.942,0,2025-11-05 14:17:46.788273577 +0000 UTC,Unknown,DarkTurquoise,Unknown,Unknown,Unknown,Unknown,Luxembourg 🇱🇺,23.2,Unknown,Unknown,0,Moored,Unknown,Unknown
WESTPHALIE,226001280,49.3582,0.926,9.8,2025-11-05 14:17:46.790763503 +0000 UTC,Unknown,DarkTurquoise,Unknown,Unknown,Unknown,Unknown,France 🇫🇷,324.3,Unknown,Unknown,-128,Under way using engine,Unknown,Unknown
MSC WIND II,636016575,-20.1414,57.4912,0,2025-11-05 14:17:46.803670084 +0000 UTC,Unknown,DarkTurquoise,Unknown,Unknown,Unknown,Unknown,Liberia 🇱🇷,171.7,Unknown,Unknown,0,Moored,Unknown,Unknown
SAGITTA             ,636011247,37.9296,23.6815,102.3,2025-11-05 14:17:46.80780201 +0000 UTC,Unknown,DarkTurquoise,Unknown,Unknown,Unknown,Unknown,Liberia 🇱🇷,360,Unknown,Unknown,-128,Moored,Unknown,Unknown
K.LOTUS             ,352980842,52.8129,3.2686,7,2025-11-05 14:17:46.80925925 +0000 UTC,Unknown,DarkTurquoise,Unknown,Unknown,Unknown,Unknown,Panama 🇵🇦,168.6,Unknown,Unknown,6,Under way using engine,Unknown,Unknown
FLORA,244670014,52.3736,4.9112,0,2025-11-05 14:17:46.810501406 +0000 UTC,Unknown,DarkTurquoise,Unknown,Unknown,Unknown,Unknown,Netherlands 🇳🇱,0,Unknown,Unknown,-128,Under way using engine,Unknown,Unknown
BUTE,235025112,55.9458,-4.7317,Unknown,2025-11-05 14:17:46.813602601 +0000 UTC,Passenger Ship,Crimson, GBRAY GBWMB,GBGYS,Grays,United Kingdom,United Kingdom 🇬🇧,Unknown,72,15,Unknown,Unknown,9319741,3
D'ANDRE FORWARD     ,367644790,30.1345,-93.3236,Unknown,2025-11-05 14:17:46.814774041 +0000 UTC,Towing,DarkGreen,US^08RK>0Z9D        ,Unknown,Unknown,Unknown,United States 🇺🇸,Unknown,24,9,Unknown,Unknown,0,2.9
YVLIN,205289230,51.3301,3.1987,Unknown,2025-11-05 14:17:46.817577961 +0000 UTC,Unknown,DarkTurquoise,Unknown,Unknown,Unknown,Unknown,Belgium 🇧🇪,Unknown,Unknown,Unknown,Unknown,Unknown,Unknown,Unknown
BJORNFJELL,257275800,68.4282,17.4259,Unknown,2025-11-05 14:17:46.819649843 +0000 UTC,Port Tender,LimeGreen,NONVK,Unknown,Unknown,Unknown,Norway 🇳🇴,Unknown,16,4,Unknown,Unknown,0,0
RAVNEN,257141600,65.2097,12.2444,0,2025-11-05 14:17:46.821999474 +0000 UTC,Unknown,DarkTurquoise,Unknown,Unknown,Unknown,Unknown,Norway 🇳🇴,360,Unknown,Unknown,-128,Under way using engine,Unknown,Unknown
KOSTERSUND          ,265602770,58.939,11.1681,0,2025-11-05 14:17:46.82351311 +0000 UTC,Unknown,DarkTurquoise,Unknown,Unknown,Unknown,Unknown,Sweden 🇸🇪,264,Unknown,Unknown,0,Moored,Unknown,Unknown
HYDRA               ,258001700,59.2348,6.166,0,2025-11-05 14:17:46.825015482 +0000 UTC,Unknown,DarkTurquoise,Unknown,Unknown,Unknown,Unknown,Norway 🇳🇴,187.2,Unknown,Unknown,0,Under way using engine,Unknown,Unknown
SJOBRIS             ,258303000,62.2918,5.7411,Unknown,2025-11-05 14:17:46.82633075 +0000 UTC,Fishing,Gold,CH 16 FOR DEST      ,Unknown,Unknown,Unknown,Norway 🇳🇴,Unknown,70,12,Unknown,Unknown,8506828,0
LEVOR,257856900,59.2061,10.9404,Unknown,2025-11-05 14:17:46.82760781 +0000 UTC,Unknown,DarkTurquoise,Unknown,Unknown,Unknown,Unknown,Norway 🇳🇴,Unknown,Unknown,Unknown,Unknown,Unknown,Unknown,Unknown
NOBLE INTEGRATOR    ,538010630,59.8715,2.5677,0,2025-11-05 14:17:46.829753994 +0000 UTC,Unknown,DarkTurquoise,Unknown,Unknown,Unknown,Unknown,Marshall Islands 🇲🇭,341.5,Unknown,Unknown,-5,Moored,Unknown,Unknown
FIVELBORG           ,245466000,59.1278,9.6199,Unknown,2025-11-05 14:17:46.831314989 +0000 UTC,Cargo,ForestGreen,NOPOR               ,NOPOR,Porsgrunn,Norway,Netherlands 🇳🇱,Unknown,154,18,Unknown,Unknown,9419307,4.7
ODA,257977500,60.8584,4.9636,Unknown,2025-11-05 14:17:46.833750974 +0000 UTC,Unknown,DarkTurquoise,Unknown,Unknown,Unknown,Unknown,Norway 🇳🇴,Unknown,Unknown,Unknown,Unknown,Unknown,Unknown,Unknown
FEDERAL SUTTON      ,538004383,59.3113,5.3255,0,2025-11-05 14:17:46.835030015 +0000 UTC,Unknown,DarkTurquoise,Unknown,Unknown,Unknown,Unknown,Marshall Islands 🇲🇭,33,Unknown,Unknown,0,Moored,Unknown,Unknown
SKJAERGAARDSBYGG,257622600,58.0783,8.0131,Unknown,2025-11-05 14:17:46.836183788 +0000 UTC,Unknown,DarkTurquoise,Unknown,Unknown,Unknown,Unknown,Norway 🇳🇴,Unknown,Unknown,Unknown,Unknown,Unknown,Unknown,Unknown
HARDHAUS            ,257676000,68.0176,14.9789,10.6,2025-11-05 14:17:46.837468241 +0000 UTC,Unknown,DarkTurquoise,Unknown,Unknown,Unknown,Unknown,Norway 🇳🇴,225,Unknown,Unknown,-128,Under way using engine,Unknown,Unknown
WILSON DUNDALK      ,255915954,63.8171,9.6399,0,2025-11-05 14:17:46.838516929 +0000 UTC,Unknown,DarkTurquoise,Unknown,Unknown,Unknown,Unknown,Madeira (Portugal) 🇵🇹,43.9,Unknown,Unknown,0,Moored,Unknown,Unknown
ERVIK EXSPRESS,259040010,63.7617,8.6752,Unknown,2025-11-05 14:17:46.840717981 +0000 UTC,Unknown,DarkTurquoise,Unknown,Unknown,Unknown,Unknown,Norway 🇳🇴,Unknown,Unknown,Unknown,Unknown,Unknown,Unknown,Unknown
SULOEY              ,257054950,62.3705,6.0319,Unknown,2025-11-05 14:17:46.84181414 +0000 UTC,Passenger Ship,Crimson,HAREID<>SULESUND    ,NOAES,Alesund,Norway,Norway 🇳🇴,Unknown,111,17,Unknown,Unknown,9832298,3.6
DAGNING             ,257129610,61.5919,4.9099,Unknown,2025-11-05 14:17:46.843003359 +0000 UTC,High Speed Craft,DarkOrange,FLOROE              ,NOFRO,Floro,Norway,Norway 🇳🇴,Unknown,29,11,Unknown,Unknown,9979383,2
BANAK               ,258267000,60.8192,5.0322,Unknown,2025-11-05 14:17:46.843710086 +0000 UTC,Tug Boat,Silver,MONGSTAD            ,Unknown,Unknown,Unknown,Norway 🇳🇴,Unknown,37,14,Unknown,Unknown,9334777,0
JOESNOEYA,257025170,63.5885,9.3432,0,2025-11-05 14:17:46.844714586 +0000 UTC,Unknown,DarkTurquoise,Unknown,Unknown,Unknown,Unknown,Norway 🇳🇴,15.1,Unknown,Unknown,-128,Under way using engine,Unknown,Unknown
ENERGIE,244780953,53.1087,6.0652,0,2025-11-05 14:17:46.846106052 +0000 UTC,Unknown,DarkTurquoise,Unknown,Unknown,Unknown,Unknown,Netherlands 🇳🇱,360,Unknown,Unknown,-128,Under way using engine,Unknown,Unknown
KORU                ,352005839,-36.8439,174.78,0,2025-11-05 14:17:46.847346816 +0000 UTC,Unknown,DarkTurquoise,Unknown,Unknown,Unknown,Unknown,Panama 🇵🇦,186.7,Unknown,Unknown,0,Moored,Unknown,Unknown
SVITZER GAIA        ,231846000,58.0097,11.7657,9.5,2025-11-05 14:17:46.848496575 +0000 UTC,Unknown,DarkTurquoise,Unknown,Unknown,Unknown,Unknown,Faroe Islands (Denmark) 🇫🇴,209.3,Unknown,Unknown,0,Under way using engine,Unknown,Unknown
F/V L EUROPE        ,226202000,49.7388,-0.4199,1.7,2025-11-05 14:17:46.849524529 +0000 UTC,Unknown,DarkTurquoise,Unknown,Unknown,Unknown,Unknown,France 🇫🇷,55.3,Unknown,Unknown,-128,Undefined,Unknown,Unknown
AAGTJE,244660941,53.1749,5.4482,0,2025-11-05 14:17:46.851029169 +0000 UTC,Unknown,DarkTurquoise,Unknown,Unknown,Unknown,Unknown,Netherlands 🇳🇱,360,Unknown,Unknown,-128,Under way using engine,Unknown,Unknown
SOPHIA KOSAN        ,565843000,53.6215,8.1257,0,2025-11-05 14:17:46.85362929 +0000 UTC,Unknown,DarkTurquoise,Unknown,Unknown,Unknown,Unknown,Singapore 🇸🇬,116,Unknown,Unknown,0,Moored,Unknown,Unknown
HILDE,244020558,51.6414,5.9793,6.4,2025-11-05 14:17:46.854274532 +0000 UTC,Unknown,DarkTurquoise,Unknown,Unknown,Unknown,Unknown,Netherlands 🇳🇱,119.6,Unknown,Unknown,-128,Moored,Unknown,Unknown
KRVE 5 ,244790318,51.9011,4.3576,0,2025-11-05 14:17:46.855752809 +0000 UTC,Unknown,DarkTurquoise,Unknown,Unknown,Unknown,Unknown,Netherlands 🇳🇱,360,Unknown,Unknown,-128,Undefined,Unknown,Unknown
ARCTIC STORM        ,368555000,47.6314,-122.3837,0,2025-11-05 14:17:46.85788458 +0000 UTC,Unknown,DarkTurquoise,Unknown,Unknown,Unknown,Unknown,United States 🇺🇸,270,Unknown,Unknown,0,Under way using engine,Unknown,Unknown
FREJA,231805000,58.6593,17.1096,Unknown,2025-11-05 14:17:46.860611405 +0000 UTC,Tug Boat,Silver,OXL,Unknown,Unknown,Unknown,Faroe Islands (Denmark) 🇫🇴,Unknown,35,11,Unknown,Unknown,9175262,24.4
KATANA              ,503052770,-23.8942,152.4132,0,2025-11-05 14:17:46.865421994 +0000 UTC,Unknown,DarkTurquoise,Unknown,Unknown,Unknown,Unknown,Australia 🇦🇺,127.7,Unknown,Unknown,-128,Under way using engine,Unknown,Unknown
Unknown Vessel,368357570,36.8532,-76.3124,0.1,2025-11-05 14:17:46.866325501 +0000 UTC,Unknown,DarkTurquoise,Unknown,Unknown,Unknown,Unknown,United States 🇺🇸,124.6,Unknown,Unknown,-127,Under way using engine,Unknown,Unknown
SEA STORM,367709050,47.6669,-122.3886,0,2025-11-05 14:17:46.87061715 +0000 UTC,Fishing,Gold,Unknown,Unknown,Unknown,Unknown,United States 🇺🇸,208.3,Unknown,Unknown,0,Engaged in fishing,Unknown,Unknown
KAPETAN GIORGIS     ,237180000,40.091,22.6457,3,2025-11-05 14:17:46.872464739 +0000 UTC,Unknown,DarkTurquoise,Unknown,Unknown,Unknown,Unknown,Greece 🇬🇷,10.2,Unknown,Unknown,0,Undefined,Unknown,Unknown
Unknown Vessel,265609530,59.3314,18.0768,Unknown,2025-11-05 14:17:46.87350684 +0000 UTC,Unknown,DarkTurquoise,Unknown,Unknown,Unknown,Unknown,Sweden 🇸🇪,Unknown,38,8,Unknown,Unknown,Unknown,Unknown
PB DARLING          ,503226300,-32.9018,151.771,0.2,2025-11-05 14:17:46.87637914 +0000 UTC,Unknown,DarkTurquoise,Unknown,Unknown,Unknown,Unknown,Australia 🇦🇺,214,Unknown,Unknown,0,Under way using engine,Unknown,Unknown
DINTEL,244750895,51.5055,4.2597,0,2025-11-05 14:17:46.87442541 +0000 UTC,Unknown,DarkTurquoise,Unknown,Unknown,Unknown,Unknown,Netherlands 🇳🇱,360,Unknown,Unknown,-128,Under way using engine,Unknown,Unknown
EDT HERCULES,210776000,34.6454,33.0152,0,2025-11-05 14:17:46.877705004 +0000 UTC,Unknown,DarkTurquoise,Unknown,Unknown,Unknown,Unknown,Cyprus 🇨🇾,36.5,Unknown,Unknown,0,Moored,Unknown,Unknown
MELODIE DE LA MER 3 ,228417700,49.5453,-0.4214,4.5,2025-11-05 14:17:46.879266733 +0000 UTC,Unknown,DarkTurquoise,Unknown,Unknown,Unknown,Unknown,France 🇫🇷,271,Unknown,Unknown,127,Undefined,Unknown,Unknown
ERMIS2              ,229360000,37.911,23.7046,102.3,2025-11-05 14:17:46.880500978 +0000 UTC,Unknown,DarkTurquoise,Unknown,Unknown,Unknown,Unknown,Malta 🇲🇹,360,Unknown,Unknown,0,Under way using engine,Unknown,Unknown
AHLMA WEST          ,219026170,57.6447,11.8581,0.1,2025-11-05 14:17:46.888731929 +0000 UTC,Unknown,DarkTurquoise,Unknown,Unknown,Unknown,Unknown,Denmark 🇩🇰,224.6,Unknown,Unknown,0,Under way using engine,Unknown,Unknown
PIZ DOLF,244093294,47.5468,7.6529,3.3,2025-11-05 14:17:46.890028775 +0000 UTC,Unknown,DarkTurquoise,Unknown,Unknown,Unknown,Unknown,Netherlands 🇳🇱,294.8,Unknown,Unknown,-128,Under way using engine,Unknown,Unknown
OCEAN VALOR         ,369202000,32.6821,-117.1271,0,2025-11-05 14:17:46.892301483 +0000 UTC,Unknown,DarkTurquoise,Unknown,Unknown,Unknown,Unknown,United States 🇺🇸,0,Unknown,Unknown,0,Moored,Unknown,Unknown
SJOBAKK             ,258992480,59.222,10.4627,0,2025-11-05 14:17:46.90030481 +0000 UTC,Unknown,DarkTurquoise,Unknown,Unknown,Unknown,Unknown,Norway 🇳🇴,234.6,Unknown,Unknown,0,Under way using engine,Unknown,Unknown
MADEIRA,244000152,51.9482,5.374,8.6,2025-11-05 14:17:46.894139253 +0000 UTC,Unknown,DarkTurquoise,Unknown,Unknown,Unknown,Unknown,Netherlands 🇳🇱,301.7,Unknown,Unknown,-128,Under way using engine,Unknown,Unknown
EVELYN P,339091000,26.0986,-80.164,0,2025-11-05 14:17:46.907012991 +0000 UTC,Unknown,DarkTurquoise,Unknown,Unknown,Unknown,Unknown,Jamaica 🇯🇲,360,Unknown,Unknown,-128,Not under command,Unknown,Unknown
LOTSE 3,211436370,53.5221,9.9319,0,2025-11-05 14:17:46.902690385 +0000 UTC,Unknown,DarkTurquoise,Unknown,Unknown,Unknown,Unknown,Germany 🇩🇪,0,Unknown,Unknown,0,Under way using engine,Unknown,Unknown
CALLAO EXPRESS      ,218839000,51.2934,4.2657,0,2025-11-05 14:17:46.912664134 +0000 UTC,Unknown,DarkTurquoise,Unknown,Unknown,Unknown,Unknown,Germany 🇩🇪,201.3,Unknown,Unknown,0,Under way using engine,Unknown,Unknown
OCEAN EXPRESS,304928000,26.0925,-80.0855,10.3,2025-11-05 14:17:46.914681432 +0000 UTC,Unknown,DarkTurquoise,Unknown,Unknown,Unknown,Unknown,Antigua and Barbuda 🇦🇬,304.5,Unknown,Unknown,-127,Under way using engine,Unknown,Unknown
MYREBAS,257587500,69.3098,17.9756,8.4,2025-11-05 14:17:46.905500704 +0000 UTC,Unknown,DarkTurquoise,Unknown,Unknown,Unknown,Unknown,Norway 🇳🇴,22.9,Unknown,Unknown,0,Under way using engine,Unknown,Unknown
MSC KOREA III,371243000,1.1912,103.6654,6.4,2025-11-05 14:17:46.898551647 +0000 UTC,Unknown,DarkTurquoise,Unknown,Unknown,Unknown,Unknown,Panama 🇵🇦,300.5,Unknown,Unknown,-128,Under way using engine,Unknown,Unknown
AERO 3 HIGHSPEED,241804000,37.9443,23.6431,0,2025-11-05 14:17:46.899589519 +0000 UTC,Unknown,DarkTurquoise,Unknown,Unknown,Unknown,Unknown,Greece 🇬🇷,63.6,Unknown,Unknown,0,Under way using engine,Unknown,Unknown
LOS 118             ,258305500,58.8996,5.5256,0.8,2025-11-05 14:17:46.921378141 +0000 UTC,Unknown,DarkTurquoise,Unknown,Unknown,Unknown,Unknown,Norway 🇳🇴,342.1,Unknown,Unknown,0,Under way using engine,Unknown,Unknown
STENA NORDICA       ,210518000,53.3473,-6.1988,0,2025-11-05 14:17:46.920222085 +0000 UTC,Unknown,DarkTurquoise,Unknown,Unknown,Unknown,Unknown,Cyprus 🇨🇾,346.3,Unknown,Unknown,-4,Under way using engine,Unknown,Unknown
DELFIN XI,265609560,59.319,18.1519,12.4,2025-11-05 14:17:46.917683511 +0000 UTC,Unknown,DarkTurquoise,Unknown,Unknown,Unknown,Unknown,Sweden 🇸🇪,77.1,Unknown,Unknown,-127,Under way using engine,Unknown,Unknown
STUBNITZ            ,211218820,53.5352,10.0201,0,2025-11-05 14:17:46.923280762 +0000 UTC,Unknown,DarkTurquoise,Unknown,Unknown,Unknown,Unknown,Germany 🇩🇪,341.8,Unknown,Unknown,-128,Moored,Unknown,Unknown
CLEAR SKY           ,355077000,50.4383,-0.2532,11.8,2025-11-05 14:17:46.924414334 +0000 UTC,Unknown,DarkTurquoise,Unknown,Unknown,Unknown,Unknown,Panama 🇵🇦,254.7,Unknown,Unknown,0,Under way using engine,Unknown,Unknown
DB 17,205387790,51.2498,4.3898,0,2025-11-05 14:17:46.926079217 +0000 UTC,Unknown,DarkTurquoise,Unknown,Unknown,Unknown,Unknown,Belgium 🇧🇪,40.7,Unknown,Unknown,-128,Under way using engine,Unknown,Unknown
GYRFALCON           ,367605210,47.6535,-122.3637,0,2025-11-05 14:17:46.93045511 +0000 UTC,Unknown,DarkTurquoise,Unknown,Unknown,Unknown,Unknown,United States 🇺🇸,95.1,Unknown,Unknown,-128,Under way using engine,Unknown,Unknown
FANEROMENI          ,237818200,37.9655,23.5302,0,2025-11-05 14:17:46.939946657 +0000 UTC,Unknown,DarkTurquoise,Unknown,Unknown,Unknown,Unknown,Greece 🇬🇷,209.2,Unknown,Unknown,-128,Under way using engine,Unknown,Unknown
WARNOWBORG          ,244109000,43.5106,10.2797,0,2025-11-05 14:17:46.941068025 +0000 UTC,Unknown,DarkTurquoise,Unknown,Unknown,Unknown,Unknown,Netherlands 🇳🇱,249.5,Unknown,Unknown,5,At anchor,Unknown,Unknown
EKNOE,304936000,55.7039,20.8409,1.3,2025-11-05 14:17:46.943400934 +0000 UTC,Unknown,DarkTurquoise,Unknown,Unknown,Unknown,Unknown,Antigua and Barbuda 🇦🇬,159.2,Unknown,Unknown,-127,Under way using engine,Unknown,Unknown
SUNDOWNER           ,244830182,49.5995,-0.2741,6.9,2025-11-05 14:17:46.933123467 +0000 UTC,Unknown,DarkTurquoise,Unknown,Unknown,Unknown,Unknown,Netherlands 🇳🇱,154,Unknown,Unknown,0,Under way using engine,Unknown,Unknown
ALFRED MERLIN,228404700,43.1056,5.8849,0,2025-11-05 14:17:46.935733845 +0000 UTC,Unknown,DarkTurquoise,Unknown,Unknown,Unknown,Unknown,France 🇫🇷,360,Unknown,Unknown,0,Moored,Unknown,Unknown
WEC DE HOOGH,210283000,47.1799,-2.3002,12.3,2025-11-05 14:17:46.937309676 +0000 UTC,Unknown,DarkTurquoise,Unknown,Unknown,Unknown,Unknown,Cyprus 🇨🇾,204.6,Unknown,Unknown,0,Under way using engine,Unknown,Unknown
JAMIE ANN           ,366892000,33.7708,-118.2122,0,2025-11-05 14:17:46.949538829 +0000 UTC,Unknown,DarkTurquoise,Unknown,Unknown,Unknown,Unknown,United States 🇺🇸,255.4,Unknown,Unknown,0,Under way using engine,Unknown,Unknown
FJORD FSTR          ,219236000,57.5948,9.9786,0,2025-11-05 14:17:46.951280855 +0000 UTC,Unknown,DarkTurquoise,Unknown,Unknown,Unknown,Unknown,Denmark 🇩🇰,283.8,Unknown,Unknown,0,Moored,Unknown,Unknown
SATURNUS,250000764,50.7922,-1.1062,0,2025-11-05 14:17:46.953361112 +0000 UTC,Unknown,DarkTurquoise,Unknown,Unknown,Unknown,Unknown,Ireland 🇮🇪,349.2,Unknown,Unknown,0,Undefined,Unknown,Unknown
VIGRI               ,251062110,64.1538,-21.9406,0,2025-11-05 14:17:46.952537093 +0000 UTC,Unknown,DarkTurquoise,Unknown,Unknown,Unknown,Unknown,Iceland 🇮🇸,349.5,Unknown,Unknown,0,Under way using engine,Unknown,Unknown
GEORGE ALLEN,366435740,46.1678,-123.9144,0,2025-11-05 14:17:46.954631082 +0000 UTC,Fishing,Gold,Unknown,Unknown,Unknown,Unknown,United States 🇺🇸,360,Unknown,Unknown,-128,Engaged in fishing,Unknown,Unknown
MASORA              ,244050205,51.8151,4.6537,2.2,2025-11-05 14:17:46.956793335 +0000 UTC,Unknown,DarkTurquoise,Unknown,Unknown,Unknown,Unknown,Netherlands 🇳🇱,231.1,Unknown,Unknown,-128,Under way using engine,Unknown,Unknown
PECCAVI,227569050,49.4887,-0.352,4.3,2025-11-05 14:17:46.959083049 +0000 UTC,Unknown,DarkTurquoise,Unknown,Unknown,Unknown,Unknown,France 🇫🇷,287.1,Unknown,Unknown,-128,Under way using engine,Unknown,Unknown
 SONIE              ,367120230,39.879,-75.1562,0,2025-11-05 14:17:46.960518395 +0000 UTC,Unknown,DarkTurquoise,Unknown,Unknown,Unknown,Unknown,United States 🇺🇸,272.4,Unknown,Unknown,-128,Under way using engine,Unknown,Unknown
HAAIBAAI,244790972,51.9279,4.4352,0,2025-11-05 14:17:46.96153461 +0000 UTC,Unknown,DarkTurquoise,Unknown,Unknown,Unknown,Unknown,Netherlands 🇳🇱,0,Unknown,Unknown,-128,Under way sailing,Unknown,Unknown
MARE FRISIUM        ,244596000,53.5422,9.9878,0,2025-11-05 14:17:46.964022807 +0000 UTC,Unknown,DarkTurquoise,Unknown,Unknown,Unknown,Unknown,Netherlands 🇳🇱,325.4,Unknown,Unknown,0,Under way using engine,Unknown,Unknown
CITY DELTA,235054920,51.5062,-0.0483,11.9,2025-11-05 14:17:46.964956497 +0000 UTC,Unknown,DarkTurquoise,Unknown,Unknown,Unknown,Unknown,United Kingdom 🇬🇧,55.5,Unknown,Unknown,-128,Under way using engine,Unknown,Unknown
ALMY VG74,266143000,57.229,11.9393,2.2,2025-11-05 14:17:46.967422642 +0000 UTC,Fishing,Gold,Unknown,Unknown,Unknown,Unknown,Sweden 🇸🇪,236.2,Unknown,Unknown,-128,Engaged in fishing,Unknown,Unknown
OPTIVENT            ,228490600,46.7253,-2.3464,0,2025-11-05 14:17:46.968562846 +0000 UTC,Unknown,DarkTurquoise,Unknown,Unknown,Unknown,Unknown,France 🇫🇷,184.5,Unknown,Unknown,-127,Moored,Unknown,Unknown
DANUBE HIGHWAY,308803000,53.3668,6.9781,16.2,2025-11-05 14:17:46.969958059 +0000 UTC,Unknown,DarkTurquoise,Unknown,Unknown,Unknown,Unknown,Bahamas 🇧🇸,336.1,Unknown,Unknown,0,Under way using engine,Unknown,Unknown
FRENCHY             ,368332080,25.7564,-80.1415,0,2025-11-05 14:17:46.974301674 +0000 UTC,Unknown,DarkTurquoise,Unknown,Unknown,Unknown,Unknown,United States 🇺🇸,169.4,Unknown,Unknown,127,Undefined,Unknown,Unknown
BATTELO,538070869,51.8877,4.4021,0,2025-11-05 14:17:46.975572711 +0000 UTC,Unknown,DarkTurquoise,Unknown,Unknown,Unknown,Unknown,Marshall Islands 🇲🇭,193,Unknown,Unknown,0,Moored,Unknown,Unknown
ELARGOUB            ,242187200,30.4215,-9.6357,0.1,2025-11-05 14:17:46.97708416 +0000 UTC,Fishing,Gold,Unknown,Unknown,Unknown,Unknown,Morocco 🇲🇦,223.4,Unknown,Unknown,-128,Engaged in fishing,Unknown,Unknown
POINT NEMO          ,325149500,47.6278,-122.3821,0,2025-11-05 14:17:46.980637715 +0000 UTC,Unknown,DarkTurquoise,Unknown,Unknown,Unknown,Unknown,Dominica 🇩🇲,276.7,Unknown,Unknown,-4,Moored,Unknown,Unknown
NIJVERHEID          ,244010437,52.3969,5.0894,9.3,2025-11-05 14:17:46.985621137 +0000 UTC,Unknown,DarkTurquoise,Unknown,Unknown,Unknown,Unknown,Netherlands 🇳🇱,63.5,Unknown,Unknown,0,Under way using engine,Unknown,Unknown
PORT VILA CHIEF,566908000,-37.6463,176.1823,0,2025-11-05 14:17:46.988223598 +0000 UTC,Unknown,DarkTurquoise,Unknown,Unknown,Unknown,Unknown,Singapore 🇸🇬,178.5,Unknown,Unknown,-2,Moored,Unknown,Unknown
GV STAR OF HOPE     ,232038483,53.7805,-5.8779,6.6,2025-11-05 14:17:46.986656501 +0000 UTC,Unknown,DarkTurquoise,Unknown,Unknown,Unknown,Unknown,United Kingdom 🇬🇧,164.8,Unknown,Unknown,0,Under way using engine,Unknown,Unknown
SCALD,244070111,51.4614,3.6978,Unknown,2025-11-05 14:17:46.989527149 +0000 UTC,Dredging or Underwater Operations,Black,HANSWEERT,NLHAN,Hansweert/Schore,Netherlands,Netherlands 🇳🇱,Unknown,80,15,Unknown,Unknown,9352846,2.7
MITSOS              ,538009538,57.7048,10.7526,9.5,2025-11-05 14:17:46.990676491 +0000 UTC,Unknown,DarkTurquoise,Unknown,Unknown,Unknown,Unknown,Marshall Islands 🇲🇭,75.3,Unknown,Unknown,0,Under way using engine,Unknown,Unknown
LOS 099             ,258507000,63.1164,7.7341,0,2025-11-05 14:17:46.992925569 +0000 UTC,Unknown,DarkTurquoise,Unknown,Unknown,Unknown,Unknown,Norway 🇳🇴,64.9,Unknown,Unknown,0,Under way using engine,Unknown,Unknown
RIDO                ,265618110,59.8116,19.1176,0,2025-11-05 14:17:46.997565486 +0000 UTC,Unknown,DarkTurquoise,Unknown,Unknown,Unknown,Unknown,Sweden 🇸🇪,263.3,Unknown,Unknown,0,Under way using engine,Unknown,Unknown
A'NOUS,244660053,52.4145,4.7683,0,2025-11-05 14:17:46.999781695 +0000 UTC,Unknown,DarkTurquoise,Unknown,Unknown,Unknown,Unknown,Netherlands 🇳🇱,178.1,Unknown,Unknown,-128,Under way using engine,Unknown,Unknown
GLOVIS TREASURE     ,636025523,32.969,-117.8881,Unknown,2025-11-05 14:17:47.001222626 +0000 UTC,Cargo,ForestGreen,USSAN               ,USSAN,San Diego,United States,Liberia 🇱🇷,Unknown,200,38,Unknown,Unknown,9983152,9.1
KONINGIN JULIANA,244690490,51.9653,4.6351,7.9,2025-11-05 14:17:46.998687633 +0000 UTC,Unknown,DarkTurquoise,Unknown,Unknown,Unknown,Unknown,Netherlands 🇳🇱,313.2,Unknown,Unknown,-128,Under way using engine,Unknown,Unknown
STELLA MARIS,368286360,48.7548,-122.5075,Unknown,2025-11-05 14:17:47.00693813 +0000 UTC,Unknown,DarkTurquoise,Unknown,Unknown,Unknown,Unknown,United States 🇺🇸,Unknown,Unknown,Unknown,Unknown,Unknown,Unknown,Unknown
VENUS (GUARD VESSEL),219007393,55.708,12.6274,Unknown,2025-11-05 14:17:47.002584934 +0000 UTC,Search and Rescue vessel,WhiteSmoke,CPH GUARDWESSEL,BEDSE,Dessel,Belgium,Denmark 🇩🇰,Unknown,18,6,Unknown,Unknown,0,2.1
CLEAN RIVERS 1,367787770,46.1713,-123.0549,Unknown,2025-11-05 14:17:47.010636887 +0000 UTC,Unknown,DarkTurquoise,Unknown,Unknown,Unknown,Unknown,United States 🇺🇸,Unknown,Unknown,Unknown,Unknown,Unknown,Unknown,Unknown
TRUE BLUE           ,338443000,48.4929,-122.6822,0,2025-11-05 14:17:47.005493006 +0000 UTC,Unknown,DarkTurquoise,Unknown,Unknown,Unknown,Unknown,United States 🇺🇸,298.2,Unknown,Unknown,-128,Moored,Unknown,Unknown
RESCUE VAVA,265650790,58.9015,17.9538,Unknown,2025-11-05 14:17:47.013123665 +0000 UTC,Search and Rescue vessel,WhiteSmoke,SWEDISH SAR VESSEL ,BEDSE,Dessel,Belgium,Sweden 🇸🇪,Unknown,8,3,Unknown,Unknown,0,0.5
MS DE JORDAAN,244620071,52.3848,4.9466,0,2025-11-05 14:17:47.015011529 +0000 UTC,Unknown,DarkTurquoise,Unknown,Unknown,Unknown,Unknown,Netherlands 🇳🇱,360,Unknown,Unknown,-128,Under way using engine,Unknown,Unknown
NILS HOLGERSSON     ,211833390,54.1511,12.1019,0.9,2025-11-05 14:17:47.016016937 +0000 UTC,Unknown,DarkTurquoise,Unknown,Unknown,Unknown,Unknown,Germany 🇩🇪,199.2,Unknown,Unknown,0,Under way using engine,Unknown,Unknown
RIX SPIRIT          ,210549000,49.9687,-4.6568,6.4,2025-11-05 14:17:47.017184425 +0000 UTC,Unknown,DarkTurquoise,Unknown,Unknown,Unknown,Unknown,Cyprus 🇨🇾,260,Unknown,Unknown,0,Under way using engine,Unknown,Unknown
VIKING BESTLA,269057467,47.5919,7.5889,0,2025-11-05 14:17:47.020449647 +0000 UTC,Unknown,DarkTurquoise,Unknown,Unknown,Unknown,Unknown,Switzerland 🇨🇭,268.5,Unknown,Unknown,0,Moored,Unknown,Unknown
MAXY                ,211504980,47.5566,7.6405,0,2025-11-05 14:17:47.021577476 +0000 UTC,Unknown,DarkTurquoise,Unknown,Unknown,Unknown,Unknown,Germany 🇩🇪,322.6,Unknown,Unknown,-128,Moored,Unknown,Unknown
VLI24 CLASINA       ,244010067,51.4468,3.5883,0,2025-11-05 14:17:47.023402364 +0000 UTC,Unknown,DarkTurquoise,Unknown,Unknown,Unknown,Unknown,Netherlands 🇳🇱,343.9,Unknown,Unknown,-128,Undefined,Unknown,Unknown
F/V EXOCET III      ,228124900,47.0243,-2.2997,0,2025-11-05 14:17:47.024645445 +0000 UTC,Unknown,DarkTurquoise,Unknown,Unknown,Unknown,Unknown,France 🇫🇷,314.6,Unknown,Unknown,0,Under way using engine,Unknown,Unknown
STENA BRITANNICA,235080274,52.0614,3.7255,20.7,2025-11-05 14:17:47.026479293 +0000 UTC,Unknown,DarkTurquoise,Unknown,Unknown,Unknown,Unknown,United Kingdom 🇬🇧,268.4,Unknown,Unknown,0,Under way using engine,Unknown,Unknown
HELIOS,218037780,51.8577,5.9797,5.2,2025-11-05 14:17:47.028080601 +0000 UTC,Unknown,DarkTurquoise,Unknown,Unknown,Unknown,Unknown,Germany 🇩🇪,42.4,Unknown,Unknown,0,Under way using engine,Unknown,Unknown
HADASSA BAY,224891000,42.2894,-8.6485,0,2025-11-05 14:17:47.029522001 +0000 UTC,Unknown,DarkTurquoise,Unknown,Unknown,Unknown,Unknown,Spain 🇪🇸,126,Unknown,Unknown,-128,Under way using engine,Unknown,Unknown
CONFIANCE,244670672,51.038,5.7988,0,2025-11-05 14:17:47.034355044 +0000 UTC,Unknown,DarkTurquoise,Unknown,Unknown,Unknown,Unknown,Netherlands 🇳🇱,90.6,Unknown,Unknown,-128,Under way using engine,Unknown,Unknown
MANAKAMARU          ,431007681,34.9017,140.0247,14.3,2025-11-05 14:17:47.035792053 +0000 UTC,Unknown,DarkTurquoise,Unknown,Unknown,Unknown,Unknown,Japan 🇯🇵,236.1,Unknown,Unknown,0,Under way using engine,Unknown,Unknown
   KAREN ANN        ,235103134,57.5063,-1.7724,0,2025-11-05 14:17:47.0367391 +0000 UTC,Unknown,DarkTurquoise,Unknown,Unknown,Unknown,Unknown,United Kingdom 🇬🇧,112.5,Unknown,Unknown,0,Under way using engine,Unknown,Unknown
VAER-WEL            ,244030190,51.7374,5.1398,0,2025-11-05 14:17:47.038016352 +0000 UTC,Fishing,Gold,Unknown,Unknown,Unknown,Unknown,Netherlands 🇳🇱,360,Unknown,Unknown,-128,Engaged in fishing,Unknown,Unknown
SERENITY,211517600,51.883,4.3093,0,2025-11-05 14:17:47.039139784 +0000 UTC,Unknown,DarkTurquoise,Unknown,Unknown,Unknown,Unknown,Germany 🇩🇪,360,Unknown,Unknown,-128,Under way using engine,Unknown,Unknown
BULL,245003000,52.3108,5.2497,0,2025-11-05 14:17:47.04078865 +0000 UTC,Unknown,DarkTurquoise,Unknown,Unknown,Unknown,Unknown,Netherlands 🇳🇱,360,Unknown,Unknown,-128,Moored,Unknown,Unknown
DWS 14,244700533,51.8969,4.4611,0.1,2025-11-05 14:17:47.042522095 +0000 UTC,Unknown,DarkTurquoise,Unknown,Unknown,Unknown,Unknown,Netherlands 🇳🇱,360,Unknown,Unknown,-128,Constrained by her draught,Unknown,Unknown
SPINIFEX HILL,503029340,-20.3129,118.5742,Unknown,2025-11-05 14:17:47.045439795 +0000 UTC,Unknown,DarkTurquoise,Unknown,Unknown,Unknown,Unknown,Australia 🇦🇺,Unknown,Unknown,Unknown,Unknown,Unknown,Unknown,Unknown
DESTINATION         ,319590000,39.5577,2.6297,Unknown,2025-11-05 14:17:47.046526939 +0000 UTC,Unknown,DarkTurquoise,Unknown,Unknown,Unknown,Unknown,Cayman Islands (British Overseas Territory) 🇰🇾,Unknown,Unknown,Unknown,Unknown,Unknown,Unknown,Unknown
Unknown Vessel,512207370,-41.279,174.0051,Unknown,2025-11-05 14:17:47.047847463 +0000 UTC,Unknown,DarkTurquoise,Unknown,Unknown,Unknown,Unknown,New Zealand 🇳🇿,Unknown,15,4,Unknown,Unknown,Unknown,Unknown
DHT HARRIER         ,538011688,1.0798,103.5868,10.6,2025-11-05 14:17:47.050497843 +0000 UTC,Unknown,DarkTurquoise,Unknown,Unknown,Unknown,Unknown,Marshall Islands 🇲🇭,121.9,Unknown,Unknown,1,Constrained by her draught,Unknown,Unknown
RED HOOK,367353660,40.8289,-73.9594,Unknown,2025-11-05 14:17:47.052620524 +0000 UTC,Tanker,Navy,NYC SLUDGE DOCK,DKRD4,Rude,Denmark,United States 🇺🇸,Unknown,106,15,Unknown,Unknown,9501916,5
NISSA KAY           ,368414540,37.0231,-76.3431,0,2025-11-05 14:17:47.055389203 +0000 UTC,Unknown,DarkTurquoise,Unknown,Unknown,Unknown,Unknown,United States 🇺🇸,141,Unknown,Unknown,-128,Undefined,Unknown,Unknown
TIPM NO.14401,416003457,22.5552,120.3176,0.2,2025-11-05 14:17:47.057524169 +0000 UTC,Unknown,DarkTurquoise,Unknown,Unknown,Unknown,Unknown,Taiwan 🇹🇼,294.6,Unknown,Unknown,-128,Undefined,Unknown,Unknown
LUNDSTROM TIDE      ,210569000,32.9517,34.8218,8,2025-11-05 14:17:47.058981167 +0000 UTC,Unknown,DarkTurquoise,Unknown,Unknown,Unknown,Unknown,Cyprus 🇨🇾,300.6,Unknown,Unknown,11,Under way using engine,Unknown,Unknown
PILOT BOAT K3,247449100,38.1451,15.5988,Unknown,2025-11-05 14:17:47.062855909 +0000 UTC,Unknown,DarkTurquoise,Unknown,Unknown,Unknown,Unknown,Italy 🇮🇹,Unknown,Unknown,Unknown,Unknown,Unknown,Unknown,Unknown
J&S 1               ,367428750,28.8961,-95.3854,6,2025-11-05 14:17:47.061669018 +0000 UTC,Unknown,DarkTurquoise,Unknown,Unknown,Unknown,Unknown,United States 🇺🇸,94.7,Unknown,Unknown,-128,Under way using engine,Unknown,Unknown
GUANGZHOU           ,477519200,22.3553,114.1132,0.1,2025-11-05 14:17:47.067004429 +0000 UTC,Unknown,DarkTurquoise,Unknown,Unknown,Unknown,Unknown,Hong Kong (China) 🇭🇰,269.8,Unknown,Unknown,-128,Under way using engine,Unknown,Unknown
KAI TAK             ,477995985,22.366,114.1078,0,2025-11-05 14:17:47.065240064 +0000 UTC,Unknown,DarkTurquoise,Unknown,Unknown,Unknown,Unknown,Hong Kong (China) 🇭🇰,81.7,Unknown,Unknown,-128,Under way using engine,Unknown,Unknown
SOPHIA,225997240,39.5336,2.7166,Unknown,2025-11-05 14:17:47.067868123 +0000 UTC,Unknown,DarkTurquoise,Unknown,Unknown,Unknown,Unknown,Spain 🇪🇸,Unknown,Unknown,Unknown,Unknown,Unknown,Unknown,Unknown
ALYTUS              ,210355000,54.9867,-1.4503,0,2025-11-05 14:17:47.06937965 +0000 UTC,Unknown,DarkTurquoise,Unknown,Unknown,Unknown,Unknown,Cyprus 🇨🇾,166,Unknown,Unknown,0,Moored,Unknown,Unknown
WOERTH,211173020,51.8981,4.4902,0,2025-11-05 14:17:47.070645004 +0000 UTC,Unknown,DarkTurquoise,Unknown,Unknown,Unknown,Unknown,Germany 🇩🇪,173.4,Unknown,Unknown,0,Moored,Unknown,Unknown
SD TAMAR RACER      ,235061062,50.3749,-4.1841,0,2025-11-05 14:17:47.101742126 +0000 UTC,Unknown,DarkTurquoise,Unknown,Unknown,Unknown,Unknown,United Kingdom 🇬🇧,234,Unknown,Unknown,0,Under way sailing,Unknown,Unknown
AMICITIA,244790934,52.3769,4.9229,0,2025-11-05 14:17:47.10385002 +0000 UTC,Unknown,DarkTurquoise,Unknown,Unknown,Unknown,Unknown,Netherlands 🇳🇱,360,Unknown,Unknown,-128,Under way using engine,Unknown,Unknown
CHRISTA G,367787250,47.6567,-122.3782,Unknown,2025-11-05 14:17:47.104755428 +0000 UTC,Unknown,DarkTurquoise,Unknown,Unknown,Unknown,Unknown,United States 🇺🇸,Unknown,Unknown,Unknown,Unknown,Unknown,Unknown,Unknown
GRIMLINGEN          ,259004870,58.1072,7.9766,Unknown,2025-11-05 14:17:47.105405635 +0000 UTC,Unknown,DarkTurquoise,Unknown,Unknown,Unknown,Unknown,Norway 🇳🇴,Unknown,Unknown,Unknown,Unknown,Unknown,Unknown,Unknown
SEAESTA             ,319244400,44.4159,8.8362,0,2025-11-05 14:17:47.106160645 +0000 UTC,Unknown,DarkTurquoise,Unknown,Unknown,Unknown,Unknown,Cayman Islands (British Overseas Territory) 🇰🇾,62.4,Unknown,Unknown,0,At anchor,Unknown,Unknown
MAR VELLA           ,224235270,41.3261,2.4804,1.8,2025-11-05 14:17:47.106919762 +0000 UTC,Unknown,DarkTurquoise,Unknown,Unknown,Unknown,Unknown,Spain 🇪🇸,230.6,Unknown,Unknown,-128,Undefined,Unknown,Unknown
HARASIMOV MLADSHI   ,207827320,43.1855,27.9036,0,2025-11-05 14:17:47.110136707 +0000 UTC,Unknown,DarkTurquoise,Unknown,Unknown,Unknown,Unknown,Bulgaria 🇧🇬,233.9,Unknown,Unknown,-128,Under way using engine,Unknown,Unknown
LASTLY,205347370,51.5188,4.0052,Unknown,2025-11-05 14:17:47.110769677 +0000 UTC,Unknown,DarkTurquoise,Unknown,Unknown,Unknown,Unknown,Belgium 🇧🇪,Unknown,Unknown,Unknown,Unknown,Unknown,Unknown,Unknown
JERVIS REGENT,316006454,50.024,-125.2388,Unknown,2025-11-05 14:17:47.11143763 +0000 UTC,Towing,DarkGreen,LOCAL,Unknown,Unknown,Unknown,Canada 🇨🇦,Unknown,14,6,Unknown,Unknown,0,0
TIFFANY,211494020,53.4843,9.9835,0,2025-11-05 14:17:47.117224301 +0000 UTC,Unknown,DarkTurquoise,Unknown,Unknown,Unknown,Unknown,Germany 🇩🇪,0,Unknown,Unknown,0,Under way using engine,Unknown,Unknown
WSF WENATCHEE       ,366749710,47.6198,-122.5134,Unknown,2025-11-05 14:17:47.112645412 +0000 UTC,Passenger Ship,Crimson,,Unknown,Unknown,Unknown,United States 🇺🇸,Unknown,140,27,Unknown,Unknown,9137351,5.6
MARNIX VST ALDEGONDE,205231590,51.2244,4.3928,0.8,2025-11-05 14:17:47.113383379 +0000 UTC,Unknown,DarkTurquoise,Unknown,Unknown,Unknown,Unknown,Belgium 🇧🇪,30.1,Unknown,Unknown,127,Under way using engine,Unknown,Unknown
ECHO,244700656,51.3577,3.1846,4.3,2025-11-05 14:17:47.114055452 +0000 UTC,Unknown,DarkTurquoise,Unknown,Unknown,Unknown,Unknown,Netherlands 🇳🇱,82.2,Unknown,Unknown,-128,Under way using engine,Unknown,Unknown
LES ALIZES,253726000,52.4209,4.7683,0,2025-11-05 14:17:47.114763793 +0000 UTC,Unknown,DarkTurquoise,Unknown,Unknown,Unknown,Unknown,Luxembourg 🇱🇺,357.7,Unknown,Unknown,0,Moored,Unknown,Unknown
TEREVAU             ,546017900,-17.52,-149.7801,Unknown,2025-11-05 14:17:47.115976632 +0000 UTC,Passenger Ship,Crimson,,Unknown,Unknown,Unknown,French Polynesia (France Overseas Territory) 🇵🇫,Unknown,45,13,Unknown,Unknown,9336529,0
KUNGSHATT           ,265549180,59.2916,17.8918,11,2025-11-05 14:17:47.115457421 +0000 UTC,Unknown,DarkTurquoise,Unknown,Unknown,Unknown,Unknown,Sweden 🇸🇪,51.5,Unknown,Unknown,-128,Under way using engine,Unknown,Unknown
RNLI LIFEBOAT 17-04,232001940,49.4579,-2.5308,0,2025-11-05 14:17:47.11666545 +0000 UTC,Unknown,DarkTurquoise,Unknown,Unknown,Unknown,Unknown,United Kingdom 🇬🇧,360,Unknown,Unknown,-128,Under way using engine,Unknown,Unknown
VB EVOLUTION,218057440,53.5579,8.5609,0,2025-11-05 14:17:47.118372904 +0000 UTC,Unknown,DarkTurquoise,Unknown,Unknown,Unknown,Unknown,Germany 🇩🇪,1.9,Unknown,Unknown,0,Under way using engine,Unknown,Unknown
OKEANIS             ,311503000,37.933,23.6817,0,2025-11-05 14:17:47.119486423 +0000 UTC,Unknown,DarkTurquoise,Unknown,Unknown,Unknown,Unknown,Bahamas 🇧🇸,360,Unknown,Unknown,0,Under way using engine,Unknown,Unknown
ANTERO DE QUENTAL,263701460,38.6519,-9.0808,0.1,2025-11-05 14:17:47.121647983 +0000 UTC,Unknown,DarkTurquoise,Unknown,Unknown,Unknown,Unknown,Portugal 🇵🇹,79,Unknown,Unknown,-128,Under way using engine,Unknown,Unknown
ERKNER,11588490,52.4412,13.7642,0,2025-11-05 14:17:47.122520148 +0000 UTC,Unknown,DarkTurquoise,Unknown,Unknown,Unknown,Unknown,Unknown,0,Unknown,Unknown,-128,Under way using engine,Unknown,Unknown
BALSA 92            ,370350000,36.9413,-76.378,Unknown,2025-11-05 14:17:47.123335992 +0000 UTC,Cargo,ForestGreen,USORF               ,USORF,Norfolk,United States,Panama 🇵🇦,Unknown,106,19,Unknown,Unknown,9616060,4.9
THUN EOS,244013009,59.124,10.6903,13,2025-11-05 14:17:47.125061304 +0000 UTC,Unknown,DarkTurquoise,Unknown,Unknown,Unknown,Unknown,Netherlands 🇳🇱,148.9,Unknown,Unknown,11,Under way using engine,Unknown,Unknown
COASTAL LIBERTY     ,246852000,53.8695,8.7129,0,2025-11-05 14:17:47.125912232 +0000 UTC,Unknown,DarkTurquoise,Unknown,Unknown,Unknown,Unknown,Netherlands 🇳🇱,218.1,Unknown,Unknown,0,Under way using engine,Unknown,Unknown
SAMUEL WHITTEMORE   ,368227370,42.3582,-71.0403,Unknown,2025-11-05 14:17:47.127572537 +0000 UTC,Passenger Ship,Crimson,FANPIER LOVEJOY     ,NZNPE,Napier,New Zealand,United States 🇺🇸,Unknown,Unknown,Unknown,Unknown,Unknown,0,2
CHRIDI-V,205507890,51.2388,4.3982,0,2025-11-05 14:17:47.129962819 +0000 UTC,Fishing,Gold,Unknown,Unknown,Unknown,Unknown,Belgium 🇧🇪,360,Unknown,Unknown,-128,Engaged in fishing,Unknown,Unknown
CONSTANCE           ,236622000,54.6173,-5.9103,0,2025-11-05 14:17:47.13276492 +0000 UTC,Unknown,DarkTurquoise,Unknown,Unknown,Unknown,Unknown,Gibraltar (British Overseas Territory) 🇬🇮,146.7,Unknown,Unknown,0,Moored,Unknown,Unknown
HENRYJ SOUDELIER III,367166430,29.9168,-89.9697,2,2025-11-05 14:17:47.136290299 +0000 UTC,Unknown,DarkTurquoise,Unknown,Unknown,Unknown,Unknown,United States 🇺🇸,54.2,Unknown,Unknown,0,,Unknown,Unknown
GEO II,244770607,52.0977,4.2677,0,2025-11-05 14:17:47.138129858 +0000 UTC,Unknown,DarkTurquoise,Unknown,Unknown,Unknown,Unknown,Netherlands 🇳🇱,0,Unknown,Unknown,-128,Undefined,Unknown,Unknown
MULTRASALVOR 3      ,245489000,54.6344,11.3754,0,2025-11-05 14:17:47.141161408 +0000 UTC,Unknown,DarkTurquoise,Unknown,Unknown,Unknown,Unknown,Netherlands 🇳🇱,176.4,Unknown,Unknown,0,Under way using engine,Unknown,Unknown
REX,265768380,59.322,18.1042,0,2025-11-05 14:17:47.142371411 +0000 UTC,Unknown,DarkTurquoise,Unknown,Unknown,Unknown,Unknown,Sweden 🇸🇪,360,Unknown,Unknown,0,Under way using engine,Unknown,Unknown
BROEDERTROUW XIV,244660207,51.8931,4.4368,Unknown,2025-11-05 14:17:47.144310791 +0000 UTC,Tug Boat,Silver,ZWIJNDRECHT         ,Unknown,Unknown,Unknown,Netherlands 🇳🇱,Unknown,60,12,Unknown,Unknown,0,2.5
EC653,416005229,22.5995,120.2834,0,2025-11-05 14:17:47.14597136 +0000 UTC,Unknown,DarkTurquoise,Unknown,Unknown,Unknown,Unknown,Taiwan 🇹🇼,0,Unknown,Unknown,0,Under way using engine,Unknown,Unknown
SPREE,211765150,52.4914,13.4863,0,2025-11-05 14:17:47.147102308 +0000 UTC,Unknown,DarkTurquoise,Unknown,Unknown,Unknown,Unknown,Germany 🇩🇪,360,Unknown,Unknown,-128,Under way using engine,Unknown,Unknown
 ROMIRA,244620801,51.9043,4.388,0,2025-11-05 14:17:47.147853168 +0000 UTC,Unknown,DarkTurquoise,Unknown,Unknown,Unknown,Unknown,Netherlands 🇳🇱,360,Unknown,Unknown,-128,Undefined,Unknown,Unknown
TURUHIROMARU        ,431011715,35.013,140.2196,12.9,2025-11-05 14:17:47.148778338 +0000 UTC,Unknown,DarkTurquoise,Unknown,Unknown,Unknown,Unknown,Japan 🇯🇵,234.2,Unknown,Unknown,0,Under way using engine,Unknown,Unknown
SERVICE 5,244670183,52.3743,4.9564,0,2025-11-05 14:17:47.150712404 +0000 UTC,Unknown,DarkTurquoise,Unknown,Unknown,Unknown,Unknown,Netherlands 🇳🇱,360,Unknown,Unknown,-128,Under way using engine,Unknown,Unknown
PRINSES ARIANE,244260497,52.3758,4.8972,0,2025-11-05 14:17:47.15136118 +0000 UTC,Unknown,DarkTurquoise,Unknown,Unknown,Unknown,Unknown,Netherlands 🇳🇱,360,Unknown,Unknown,-128,Under way using engine,Unknown,Unknown
ORNO KURIR          ,265549230,59.0892,18.4139,0,2025-11-05 14:17:47.151925266 +0000 UTC,Unknown,DarkTurquoise,Unknown,Unknown,Unknown,Unknown,Sweden 🇸🇪,303.4,Unknown,Unknown,0,Undefined,Unknown,Unknown
GERMANS ANTO,224330760,40.5364,0.6984,8.7,2025-11-05 14:17:47.152552303 +0000 UTC,Fishing,Gold,Unknown,Unknown,Unknown,Unknown,Spain 🇪🇸,276.5,Unknown,Unknown,127,Engaged in fishing,Unknown,Unknown
UTVAER BUOY 2       ,109080694,68.952,17.3012,Unknown,2025-11-05 14:17:47.153219942 +0000 UTC,Unknown,DarkTurquoise,Unknown,Unknown,Unknown,Unknown,Unknown,Unknown,Unknown,Unknown,Unknown,Unknown,Unknown,Unknown
PACIFIC ARROW       ,369083000,47.5563,-122.5168,3,2025-11-05 14:17:47.153948015 +0000 UTC,Unknown,DarkTurquoise,Unknown,Unknown,Unknown,Unknown,United States 🇺🇸,245.8,Unknown,Unknown,-128,Under way using engine,Unknown,Unknown
KIEL,211896260,53.895,9.153,0,2025-11-05 14:17:47.155735322 +0000 UTC,Unknown,DarkTurquoise,Unknown,Unknown,Unknown,Unknown,Germany 🇩🇪,360,Unknown,Unknown,-128,Not under command,Unknown,Unknown
MULTRATUG 8,244012721,51.3393,3.8164,Unknown,2025-11-05 14:17:47.157062743 +0000 UTC,Tug Boat,Silver,,Unknown,Unknown,Unknown,Netherlands 🇳🇱,Unknown,28,9,Unknown,Unknown,0,0
MARGRIET            ,244191144,53.218,6.1094,0,2025-11-05 14:17:47.158261749 +0000 UTC,Unknown,DarkTurquoise,Unknown,Unknown,Unknown,Unknown,Netherlands 🇳🇱,289.2,Unknown,Unknown,-128,Under way using engine,Unknown,Unknown
SEOLTO,244750247,51.9436,5.3841,6.7,2025-11-05 14:17:47.159566549 +0000 UTC,Unknown,DarkTurquoise,Unknown,Unknown,Unknown,Unknown,Netherlands 🇳🇱,305.4,Unknown,Unknown,-128,Under way using engine,Unknown,Unknown
VIVA 4,207842480,37.9365,23.6617,Unknown,2025-11-05 14:17:47.161681918 +0000 UTC,Unknown,DarkTurquoise,Unknown,Unknown,Unknown,Unknown,Bulgaria 🇧🇬,Unknown,Unknown,Unknown,Unknown,Unknown,Unknown,Unknown
NORE,256717000,57.6897,11.8312,0,2025-11-05 14:17:47.161212299 +0000 UTC,Unknown,DarkTurquoise,Unknown,Unknown,Unknown,Unknown,Malta 🇲🇹,27,Unknown,Unknown,0,Moored,Unknown,Unknown
FOB SWATH 6,219007477,55.4745,8.4253,Unknown,2025-11-05 14:17:47.164999475 +0000 UTC,High Speed Craft,DarkOrange,DKEBJ-DT OWF-DKEBJ,ESDBA,Deba,Spain,Denmark 🇩🇰,Unknown,25,12,Unknown,Unknown,9736054,2.4
DOLCE VITA SOLO SAIL,227279730,47.6598,-3.2083,Unknown,2025-11-05 14:17:47.166469883 +0000 UTC,Unknown,DarkTurquoise,Unknown,Unknown,Unknown,Unknown,France 🇫🇷,Unknown,Unknown,Unknown,Unknown,Unknown,Unknown,Unknown
MARK HARDI 3,211114210,51.8562,6.0916,0,2025-11-05 14:17:47.168065752 +0000 UTC,Unknown,DarkTurquoise,Unknown,Unknown,Unknown,Unknown,Germany 🇩🇪,62.5,Unknown,Unknown,-128,Moored,Unknown,Unknown
MAGIC STAR          ,538003460,35.817,14.5475,0,2025-11-05 14:17:47.170624818 +0000 UTC,Unknown,DarkTurquoise,Unknown,Unknown,Unknown,Unknown,Marshall Islands 🇲🇭,79,Unknown,Unknown,-2,Moored,Unknown,Unknown
GNV AZZURRA         ,247237700,44.4022,8.9268,0.2,2025-11-05 14:17:47.171859787 +0000 UTC,Unknown,DarkTurquoise,Unknown,Unknown,Unknown,Unknown,Italy 🇮🇹,318,Unknown,Unknown,0,Moored,Unknown,Unknown
HONGKONGWATERTAXI 28,477997185,22.2951,114.1783,8.7,2025-11-05 14:17:47.172760621 +0000 UTC,Unknown,DarkTurquoise,Unknown,Unknown,Unknown,Unknown,Hong Kong (China) 🇭🇰,71.1,Unknown,Unknown,-127,Moored,Unknown,Unknown
CHEM SINGAPORE      ,636016364,51.8871,4.284,Unknown,2025-11-05 14:17:47.174249626 +0000 UTC,Tanker,Navy,NLRTM               ,NLRTM,Rotterdam,Netherlands,Liberia 🇱🇷,Unknown,146,26,Unknown,Unknown,9705768,7.9
RESCUE EINAR STAFFSR,257795700,59.9167,10.6613,0,2025-11-05 14:17:47.175373716 +0000 UTC,Unknown,DarkTurquoise,Unknown,Unknown,Unknown,Unknown,Norway 🇳🇴,110,Unknown,Unknown,0,Under way using engine,Unknown,Unknown
REBOUND             ,368286760,29.8191,-91.1742,3.3,2025-11-05 14:17:47.177301133 +0000 UTC,Unknown,DarkTurquoise,Unknown,Unknown,Unknown,Unknown,United States 🇺🇸,354.9,Unknown,Unknown,0,,Unknown,Unknown
INVOTIS 9,244030810,51.882,4.2643,0,2025-11-05 14:17:47.178650188 +0000 UTC,Unknown,DarkTurquoise,Unknown,Unknown,Unknown,Unknown,Netherlands 🇳🇱,360,Unknown,Unknown,-128,Under way using engine,Unknown,Unknown
SCHWAEGALP,269056742,47.5573,7.6408,5.5,2025-11-05 14:17:47.182057266 +0000 UTC,Unknown,DarkTurquoise,Unknown,Unknown,Unknown,Unknown,Switzerland 🇨🇭,146.3,Unknown,Unknown,-128,Under way using engine,Unknown,Unknown
FRAM,231160000,55.7037,21.1251,0,2025-11-05 14:17:47.182978542 +0000 UTC,Unknown,DarkTurquoise,Unknown,Unknown,Unknown,Unknown,Faroe Islands (Denmark) 🇫🇴,301.5,Unknown,Unknown,-128,Under way using engine,Unknown,Unknown
PACIFIC ZIRCON      ,636015704,-3.1555,-58.433,0,2025-11-05 14:17:47.184616084 +0000 UTC,Unknown,DarkTurquoise,Unknown,Unknown,Unknown,Unknown,Liberia 🇱🇷,110.1,Unknown,Unknown,0,Moored,Unknown,Unknown
POLYTROPON II,240113700,37.9308,23.6489,Unknown,2025-11-05 14:17:47.186122251 +0000 UTC,Sailing Boat,DarkSlateBlue,,Unknown,Unknown,Unknown,Greece 🇬🇷,Unknown,25,6,Unknown,Unknown,0,4
CHAMPION JET 3      ,209653000,37.9483,23.6381,0,2025-11-05 14:17:47.187295608 +0000 UTC,Unknown,DarkTurquoise,Unknown,Unknown,Unknown,Unknown,Cyprus 🇨🇾,154.3,Unknown,Unknown,0,Moored,Unknown,Unknown
AVERY               ,244690485,51.5619,3.9698,8.6,2025-11-05 14:17:47.190952211 +0000 UTC,Unknown,DarkTurquoise,Unknown,Unknown,Unknown,Unknown,Netherlands 🇳🇱,330.5,Unknown,Unknown,-128,Under way using engine,Unknown,Unknown
MARTIN ISLAND       ,356660000,35.3351,140.8543,8.5,2025-11-05 14:17:47.192315708 +0000 UTC,Unknown,DarkTurquoise,Unknown,Unknown,Unknown,Unknown,Panama 🇵🇦,45.6,Unknown,Unknown,0,Under way using engine,Unknown,Unknown
AIMEE,244710267,52.3793,4.8962,0.1,2025-11-05 14:17:47.194893007 +0000 UTC,Unknown,DarkTurquoise,Unknown,Unknown,Unknown,Unknown,Netherlands 🇳🇱,360,Unknown,Unknown,-128,Under way using engine,Unknown,Unknown
NABUCCO,211513440,53.0577,8.8773,Unknown,2025-11-05 14:17:47.196575661 +0000 UTC,Unknown,DarkTurquoise,IKEA,CAIKM,Inkerman,Canada,Germany 🇩🇪,Unknown,80,8,Unknown,Unknown,0,2.1
 ISLA-B,232007860,51.4853,0.7324,0,2025-11-05 14:17:47.199067316 +0000 UTC,Unknown,DarkTurquoise,Unknown,Unknown,Unknown,Unknown,United Kingdom 🇬🇧,223.5,Unknown,Unknown,0,Under way using engine,Unknown,Unknown
Unknown Vessel,261020090,54.4477,18.5769,Unknown,2025-11-05 14:17:47.202124193 +0000 UTC,Unknown,DarkTurquoise,Unknown,Unknown,Unknown,Unknown,Poland 🇵🇱,Unknown,13,4,Unknown,Unknown,Unknown,Unknown
BURKANA             ,211540110,53.5671,8.5488,7.5,2025-11-05 14:17:47.204522771 +0000 UTC,Unknown,DarkTurquoise,Unknown,Unknown,Unknown,Unknown,Germany 🇩🇪,180.3,Unknown,Unknown,0,Under way using engine,Unknown,Unknown
SPJAEROEY,257200920,59.5404,10.4118,0,2025-11-05 14:17:47.206404181 +0000 UTC,Unknown,DarkTurquoise,Unknown,Unknown,Unknown,Unknown,Norway 🇳🇴,360,Unknown,Unknown,-128,Under way using engine,Unknown,Unknown
UNITAS              ,244770416,51.8091,4.6466,8.8,2025-11-05 14:17:47.20750244 +0000 UTC,Unknown,DarkTurquoise,Unknown,Unknown,Unknown,Unknown,Netherlands 🇳🇱,222,Unknown,Unknown,-128,Under way using engine,Unknown,Unknown
WULF 7              ,211626110,53.9067,9.1677,0.8,2025-11-05 14:17:47.209461717 +0000 UTC,Unknown,DarkTurquoise,Unknown,Unknown,Unknown,Unknown,Germany 🇩🇪,204.1,Unknown,Unknown,0,Restricted manoeuvrability,Unknown,Unknown
CYCLOOP             ,244670800,53.525,9.9693,0,2025-11-05 14:17:47.212855109 +0000 UTC,Unknown,DarkTurquoise,Unknown,Unknown,Unknown,Unknown,Netherlands 🇳🇱,315,Unknown,Unknown,0,Under way using engine,Unknown,Unknown
JEANNE,244690358,52.4388,4.704,8.4,2025-11-05 14:17:47.216800986 +0000 UTC,Unknown,DarkTurquoise,Unknown,Unknown,Unknown,Unknown,Netherlands 🇳🇱,127.5,Unknown,Unknown,-128,Under way using engine,Unknown,Unknown
DE TITAAN,244780751,52.3537,5.0056,0,2025-11-05 14:17:47.219110104 +0000 UTC,Unknown,DarkTurquoise,Unknown,Unknown,Unknown,Unknown,Netherlands 🇳🇱,360,Unknown,Unknown,-128,Under way using engine,Unknown,Unknown
SLOTERGRACHT        ,246456000,57.6914,11.8426,Unknown,2025-11-05 14:17:47.220079464 +0000 UTC,Cargo,ForestGreen,SEGOT               ,SEGOT,Goteborg,Sweden,Netherlands 🇳🇱,Unknown,168,24,Unknown,Unknown,9197947,7.5
BAL BULK            ,231613000,53.4243,14.5886,Unknown,2025-11-05 14:17:47.222965495 +0000 UTC,Cargo,ForestGreen,PLSZZ               ,PLSZZ,Szczecin,Poland,Faroe Islands (Denmark) 🇫🇴,Unknown,73,12,Unknown,Unknown,8912493,2.6
Unknown Vessel,366784240,48.5012,-122.6043,Unknown,2025-11-05 14:17:47.224228802 +0000 UTC,Unknown,DarkTurquoise,Unknown,Unknown,Unknown,Unknown,United States 🇺🇸,Unknown,23,6,Unknown,Unknown,Unknown,Unknown
BONTRUP AMSTERDAM,308271000,52.4097,4.7821,0,2025-11-05 14:17:47.226276116 +0000 UTC,Unknown,DarkTurquoise,Unknown,Unknown,Unknown,Unknown,Bahamas 🇧🇸,188,Unknown,Unknown,0,Moored,Unknown,Unknown
INDUS               ,235068328,51.339,4.2736,Unknown,2025-11-05 14:17:47.228167971 +0000 UTC,Tug Boat,Silver,BRUINNISSE          ,Unknown,Unknown,Unknown,United Kingdom 🇬🇧,Unknown,25,7,Unknown,Unknown,8884830,3.3
SCHONEVELD,205759000,51.4405,3.5745,0.1,2025-11-05 14:17:47.2303122 +0000 UTC,Unknown,DarkTurquoise,Unknown,Unknown,Unknown,Unknown,Belgium 🇧🇪,13.9,Unknown,Unknown,0,Under way using engine,Unknown,Unknown
ASTUR,263275000,37.1325,-8.5268,0,2025-11-05 14:17:47.233411104 +0000 UTC,Unknown,DarkTurquoise,Unknown,Unknown,Unknown,Unknown,Portugal 🇵🇹,190,Unknown,Unknown,-128,Under way using engine,Unknown,Unknown
MARTITA,256131000,43.7366,7.4224,Unknown,2025-11-05 14:17:47.242430173 +0000 UTC,Unknown,DarkTurquoise,Unknown,Unknown,Unknown,Unknown,Malta 🇲🇹,Unknown,Unknown,Unknown,Unknown,Unknown,Unknown,Unknown
HOEGH TRANSPORTER   ,257712000,54.987,-1.1928,15.9,2025-11-05 14:17:47.243760591 +0000 UTC,Unknown,DarkTurquoise,Unknown,Unknown,Unknown,Unknown,Norway 🇳🇴,109.9,Unknown,Unknown,0,Under way using engine,Unknown,Unknown
HEIKO,235067397,51.5044,-0.0696,0.1,2025-11-05 14:17:47.244776983 +0000 UTC,Unknown,DarkTurquoise,Unknown,Unknown,Unknown,Unknown,United Kingdom 🇬🇧,360,Unknown,Unknown,-128,Under way using engine,Unknown,Unknown
TONGALA             ,215654000,-32.04,115.751,0.1,2025-11-05 14:17:47.247041522 +0000 UTC,Unknown,DarkTurquoise,Unknown,Unknown,Unknown,Unknown,Malta 🇲🇹,224.3,Unknown,Unknown,0,Under way using engine,Unknown,Unknown
ITHAQUE,227874540,43.1176,5.9301,Unknown,2025-11-05 14:17:47.248056723 +0000 UTC,Unknown,DarkTurquoise,Unknown,Unknown,Unknown,Unknown,France 🇫🇷,Unknown,Unknown,Unknown,Unknown,Unknown,Unknown,Unknown
NORDLICHT           ,211498000,53.3175,7.2815,0,2025-11-05 14:17:47.2489697 +0000 UTC,Fishing,Gold,Unknown,Unknown,Unknown,Unknown,Germany 🇩🇪,298.1,Unknown,Unknown,0,Engaged in fishing,Unknown,Unknown
TEUNIS HUIBERTUS,246849000,53.8881,9.133,1.5,2025-11-05 14:17:47.252076324 +0000 UTC,Unknown,DarkTurquoise,Unknown,Unknown,Unknown,Unknown,Netherlands 🇳🇱,103.9,Unknown,Unknown,0,Under way using engine,Unknown,Unknown
DALWHINNIE          ,232025566,57.1424,-2.0901,0.1,2025-11-05 14:17:47.254401661 +0000 UTC,Fishing,Gold,Unknown,Unknown,Unknown,Unknown,United Kingdom 🇬🇧,195.8,Unknown,Unknown,0,Engaged in fishing,Unknown,Unknown
TOSCANA             ,247344100,43.5614,10.3025,0,2025-11-05 14:17:47.259478287 +0000 UTC,Unknown,DarkTurquoise,Unknown,Unknown,Unknown,Unknown,Italy 🇮🇹,116.4,Unknown,Unknown,0,Under way using engine,Unknown,Unknown
CHRISTOS XLII,241621000,37.9637,23.5471,10.8,2025-11-05 14:17:47.260627924 +0000 UTC,Unknown,DarkTurquoise,Unknown,Unknown,Unknown,Unknown,Greece 🇬🇷,157.4,Unknown,Unknown,-128,Under way using engine,Unknown,Unknown
CH A RNG   SHNG  NO-,416004177,25.2885,121.7649,Unknown,2025-11-05 14:17:47.261755926 +0000 UTC,Unknown,DarkTurquoise,Unknown,Unknown,Unknown,Unknown,Taiwan 🇹🇼,Unknown,Unknown,Unknown,Unknown,Unknown,Unknown,Unknown
Unknown Vessel,338310299,32.7198,-117.2272,Unknown,2025-11-05 14:17:47.265319972 +0000 UTC,Unknown,DarkTurquoise,Unknown,Unknown,Unknown,Unknown,United States 🇺🇸,Unknown,Unknown,Unknown,Unknown,Unknown,Unknown,Unknown
BLUE WILLEMSTAD,244742334,51.9051,4.5625,13.6,2025-11-05 14:17:47.269052924 +0000 UTC,Unknown,DarkTurquoise,Unknown,Unknown,Unknown,Unknown,Netherlands 🇳🇱,95,Unknown,Unknown,-127,Under way using engine,Unknown,Unknown
AMBRO,205424990,51.1795,3.8022,0,2025-11-05 14:17:47.2697632 +0000 UTC,Unknown,DarkTurquoise,Unknown,Unknown,Unknown,Unknown,Belgium 🇧🇪,215.3,Unknown,Unknown,0,Moored,Unknown,Unknown
PHOENIX MAE         ,368309590,32.2799,-90.9395,0,2025-11-05 14:17:47.272170491 +0000 UTC,Unknown,DarkTurquoise,Unknown,Unknown,Unknown,Unknown,United States 🇺🇸,346.3,Unknown,Unknown,0,,Unknown,Unknown
REVOLINER           ,352003819,34.4206,33.3005,6.2,2025-11-05 14:17:47.273179372 +0000 UTC,Unknown,DarkTurquoise,Unknown,Unknown,Unknown,Unknown,Panama 🇵🇦,67,Unknown,Unknown,0,Under way using engine,Unknown,Unknown
EDETANIA            ,225992776,39.4428,-0.3186,0.1,2025-11-05 14:17:47.276651671 +0000 UTC,Unknown,DarkTurquoise,Unknown,Unknown,Unknown,Unknown,Spain 🇪🇸,360,Unknown,Unknown,-128,Undefined,Unknown,Unknown
OTSO,230252000,60.1643,25.0037,0.2,2025-11-05 14:17:47.279047545 +0000 UTC,Unknown,DarkTurquoise,Unknown,Unknown,Unknown,Unknown,Finland 🇫🇮,57.4,Unknown,Unknown,24,Under way using engine,Unknown,Unknown
WINDSERVE JOURNEY,368337490,41.6131,-71.4085,0,2025-11-05 14:17:47.280480998 +0000 UTC,Unknown,DarkTurquoise,Unknown,Unknown,Unknown,Unknown,United States 🇺🇸,346.4,Unknown,Unknown,0,Under way using engine,Unknown,Unknown
TRIDENT SHIELD      ,316049055,49.2988,-123.0292,0,2025-11-05 14:17:47.278107594 +0000 UTC,Unknown,DarkTurquoise,Unknown,Unknown,Unknown,Unknown,Canada 🇨🇦,181.4,Unknown,Unknown,0,Under way using engine,Unknown,Unknown
NICOLAJ SAJ,219022260,54.8255,11.0366,0,2025-11-05 14:17:47.283229724 +0000 UTC,Unknown,DarkTurquoise,Unknown,Unknown,Unknown,Unknown,Denmark 🇩🇰,360,Unknown,Unknown,-128,Restricted manoeuvrability,Unknown,Unknown
MHV 906 FAENOE      ,219000158,54.9779,10.3311,5.2,2025-11-05 14:17:47.284618842 +0000 UTC,Unknown,DarkTurquoise,Unknown,Unknown,Unknown,Unknown,Denmark 🇩🇰,304.4,Unknown,Unknown,0,Under way using engine,Unknown,Unknown
SCANDIA SEAWAYS,219027776,51.9045,4.3623,0,2025-11-05 14:17:47.286216623 +0000 UTC,Unknown,DarkTurquoise,Unknown,Unknown,Unknown,Unknown,Denmark 🇩🇰,8.2,Unknown,Unknown,0,Moored,Unknown,Unknown
PORT IMPERIAL MANHAT,366990540,40.7764,-74.0099,Unknown,2025-11-05 14:17:47.288217439 +0000 UTC,Passenger Ship,Crimson,PIER 79 NYC         ,Unknown,Unknown,Unknown,United States 🇺🇸,Unknown,30,8,Unknown,Unknown,0,2
