Country,LOCODE,Name,Sub-division,Function,Date,Coordinates
AE,ABU,Abu al Bukhoosh,,1-------,307.0,2529N 05308E
AE,AUH,Abu Dhabi,AZ,1-345---,1101.0,2428N 05422E
AE,AMU,Abu Musa,,1-------,201.0,2552N 05501E
AE,ARP,Ahmed Bin Rashid Port,AZ,1-------,1407.0,2532N 05533E
AE,AJM,Ajman,,1-3-----,103.0,
AE,FJR,Al Fujayrah,FU,1--4----,212.0,2507N 05620E
AE,JAZ,Al Jazeera Port,RK,1-------,1307.0,2543N 05548E
AE,AJP,Al Jeer Port,RK,1-3-----,1307.0,2602N 05603E
AE,RUW,Ar Ruways,,1-------,212.0,2407N 05244E
AE,DAS,Das Island,,1-------,3.0,
AE,DBP,Dibba,SH,1-3-----,401.0,2537N 05616E
AE,DXB,Dubai,DU,1-345---,407.0,2515N 05516E
AE,END,Esnnad,AZ,1-------,901.0,2419N 05427E
AE,FAT,Fateh Terminal,,1-------,8103.0,
AE,FRP,Free Port,DU,1-------,1407.0,2515N 05515E
AE,HZP,Hamriya Free Zone Port,DU,1-------,1407.0,2518N 05519E
AE,HSN,Hassyan,DU,1-3-----,1901.0,2454N 05454E
AE,HTL,Hulaylah Terminal,,1-------,901.0,2559N 05556E
AE,JEA,Jebel Ali,,1-------,8103.0,
AE,QWE,Jebel Ali Free Zone,DU,1-3-----,1401.0,2500N 05503E
AE,JED,Jebel Dhanna,,1-------,8103.0,
AE,KLB,Kalba,,1-3-----,601.0,2504N 05621E
AE,KLF,Khor al Fakkan,,1-------,212.0,2520N 05621E
AE,MKH,Mina Khalid,SH,1-3-----,401.0,2521N 05522E
AE,KHL,Mina Khalifa/Abu Dhabi,,1-------,1207.0,2450N 05440E
AE,MRP,Mina Rashid Port,AZ,1-------,1407.0,2516N 05517E
AE,MSA,Mina Saqr,RK,1-------,2007.0,2558N 05604E
AE,MZD,Mina Zayed/Abu Dhabi,AZ,1-------,401.0,2431N 05422E
AE,RFA,Mirfa,AZ,1----6--,907.0,2528N 05329E
AE,MUB,Mubarek Terminal,,1-------,8103.0,
AE,MBS,Mubarras Island,,1-------,2407.0,2435N 05319E
AE,AMF,Musaffah,AZ,1-3-----,2301.0,2423N 05429E
AE,PRA,Port Rashid,,1-------,9506.0,
AE,RKP,Rak Khor Port,RK,1-------,1307.0,2549N 05557E
AE,RMC,Rak Maritime City,RK,1-------,1307.0,2557N 05603E
AE,RKT,Ras al Khaimah,,1--4----,212.0,2547N 05557E
AE,RWP,Ruwais Port,AZ,1-------,1407.0,2406N 05243E
AE,SID,Sadiyat Island,,1-------,901.0,2432N 05424E
AE,SHJ,Sharjah,SH,1-34----,1307.0,2521N 05523E
AE,DUJ,The Palm Jumeirah,DU,1-------,901.0,
AE,ULR,Umm Al Nar,,1-------,201.0,2426N 05430E
AE,QIW,Umm al Quwain,,1--4----,2007.0,2535N 05535E
AE,YAS,Yas Island,AZ,1-------,1207.0,2419N 05236E
AE,ZUR,Zirku Island,AZ,1-------,212.0,2453N 05304E
AF,DHD,Dehdadi,BAL,1----6--,1201.0,3639N 06659E
AF,QLT,Qalat,,1-3-----,601.0,3206N 06653E
AF,RKH,Torkham,NAN,1-------,901.0,3453N 07155E
AG,ANU,Antigua,,1---5---,9601.0,
AG,BBQ,Barbuda,,1-------,9601.0,
AG,FAM,Falmouth,,1----6--,1107.0,1701N 06147W
AG,PHM,Parham,,1----6--,1107.0,1705N 06145W
AG,SJO,Saint John's,,1-------,1101.0,1707N 06151W
AI,BLP,Blowing Point,,1-------,8110.0,
AI,MBB,Meads Bay Beach,,1-------,1601.0,1810N 06308W
AI,SOM,Sombrero,,1-------,901.0,1836N 06328W
AI,FOR,The Forest,,1-------,8110.0,
AI,ROA,The Road,,1-------,8110.0,
AI,WLL,Wall Blake,,1--4----,201.0,
AL,BUT,Butrint,SR,1-------,901.0,3945N 02001E
AL,DRZ,Durres,,1-------,103.0,
AL,HMR,Himare,SR,1-------,901.0,4008N 01943E
AL,ROM,Romano Port,02,1-3-----,1901.0,4122N 01925E
AL,SAR,Sarande,SR,1-------,212.0,3953N 02000E
AL,SHG,Shengjin,LE,1-------,212.0,4148N 01934E
AL,VOA,Vlore,VL,1-------,1501.0,4028N 01929E
AM,JER,Jermuk,VD,1----6--,1007.0,
AO,AZZ,Ambriz,,1--4----,9601.0,
AO,BAB,Baba,,1-------,901.0,1450S 01214E
AO,BDT,Baia dos Tigres,,1-------,212.0,1636S 01144E
AO,BDD,Barra do Dande,,1-------,103.0,
AO,BUG,Benguela,,1--4----,9601.0,
AO,CAB,Cabinda,,1--4----,9601.0,
AO,CPO,Capulo,,1-------,901.0,0759S 01310E
AO,CUI,Cuio,,1-------,901.0,1259S 01259E
AO,DAL,Dalia,,1-------,307.0,0741S 01147E
AO,DGR,Dombe Grande,,1-------,103.0,
AO,ETN,Essungo Terminal,,1-------,901.0,0620S 01210E
AO,FBY,Farta Bay,,1-------,901.0,1237S 01312E
AO,FLT,Futila Terminal,,1-------,901.0,0527S 01211E
AO,GIM,Gimboa,,1-------,1107.0,0732S 01210E
AO,GIR,Girassol Terminal,,1-------,901.0,0738S 01141E
AO,GPO,Greater Plutonio,,1-------,1601.0,0750S 01207E
AO,KTI,Kiame Terminal,,1-------,901.0,
AO,KOT,Kuito Terminal,,1-------,2407.0,0526S 01129E
AO,LAA,Landana (Cacongo),,1-------,103.0,
AO,LIE,Lieura,,1-------,8103.0,
AO,LOB,Lobito,,1---5---,103.0,
AO,LBT,Lombo Terminal,,1-------,901.0,0659S 01221E
AO,LAD,Luanda,,1--45---,9601.0,
AO,LUC,Lucira,,1-3-----,103.0,
AO,MSZ,Namibe,,1--4----,9506.0,
AO,NQI,Noqui,,123-----,901.0,0551S 01326E
AO,NTO,N'Zeto (Ambrizete),,1-------,901.0,0716S 01251E
AO,PAT,Palanca Terminal,,1-------,9506.0,
AO,PLE,Porto Alexandre (Tombua),,1-3-----,103.0,
AO,PBN,Porto Amboim,,1-------,9601.0,
AO,PSA,Porto Saco (Portosalazar),,1-------,901.0,1508S 01208E
AO,RSN,River Sao Nicolau,,1-------,901.0,1415S 01220E
AO,STL,Sazaire Terminal,,1-------,901.0,0605S 01223E
AO,SZA,Soyo,,1--4----,9912.0,
AO,SOQ,Soyo-Quinfuquena Terminal,,1-------,9506.0,
AO,NDD,Sumbe,,1-34----,9506.0,
AO,TAK,Takula Terminal,,1-------,9506.0,
AQ,ABA,Aboa,,1-------,507.0,7303S 01325W
AQ,ARC,Arctowski,,1-------,507.0,6209S 05828W
AQ,ART,Artigas,,1-------,507.0,6211S 05854W
AQ,APT,Arturo Prat,,1-------,507.0,6230S 05941W
AQ,BHN,Bellingshausen,,1-------,507.0,6211S 05857W
AQ,CAS,Casey Station,,1-------,907.0,6617S 11031E
AQ,CFZ,Comandante Ferraz,,1-------,507.0,6205S 05823W
AQ,DAV,Davis Station,,1-------,907.0,6834S 07758E
AQ,DDU,Dumont d'Urville Station,,1-------,907.0,6639S 14000E
AQ,ESC,Escudero,,1-------,507.0,6212S 05857W
AQ,ESP,Esperanza,,1-------,507.0,6323S 05659W
AQ,OHG,General Bernardo O'higgins,,1-------,507.0,6319S 05754W
AQ,GWL,Great Wall,,1-------,507.0,6213S 05858W
AQ,HLY,Halley,,1-------,507.0,7534S 02632W
AQ,JBS,Jang Bogo Station,,1-------,1601.0,7436S 16412E
AQ,JCP,Juan Carlos Primero,,1-------,507.0,6239S 06023W
AQ,JUB,Jubany,,1-------,507.0,6214S 05839W
AQ,KSG,King Sejong,,1-------,507.0,6213S 05847W
AQ,KHN,Kohnen,,1-------,507.0,7500S 00004E
AQ,LAW,Law Base,,1-------,507.0,6923S 07623E
AQ,MRB,Marambio,,1-------,507.0,6414S 05639W
AQ,MZU,Mario Zucchelli,,1-------,507.0,7441S 16407E
AQ,MAW,Mawson Station,,1-------,907.0,6736S 06252E
AQ,MCM,McMurdo,,1--4----,507.0,7750S 16640E
AQ,MIR,Mirny,,1-------,507.0,6633S 09300E
AQ,ORC,Orcadas,,1-------,507.0,6044S 04444W
AQ,PLM,Palmer,,1-------,507.0,6446S 06403W
AQ,PFS,Port Foster,,1-------,1101.0,6300S 06034W
AQ,PRO,Progress,,1-------,507.0,6924S 07623E
AQ,ROT,Rothera,,1-------,507.0,6734S 06807W
AQ,SMT,San Martin,,1-------,507.0,6807S 06706W
AQ,SGN,Signy,,1-------,507.0,6043S 04536W
AQ,SYW,Syowa,,1-------,507.0,6900S 03935E
AQ,VKY,Vernadsky,,1-------,507.0,6514S 06415W
AQ,WSA,Wasa,,1-------,507.0,7303S 01325W
AQ,ZGN,Zhongshan,,1-------,507.0,6922S 07623E
AR,GEO,Agrelo,M,1-------,1107.0,3307S 06853W
AR,ACF,Arrecifes,B,123-----,601.0,3405S 06007W
AR,ASO,Arroyo Seco,,1-------,901.0,3308S 06026W
AR,BHI,Bahia Blanca,B,1--4----,212.0,3843S 06217W
AR,BQS,Barranqueras,H,1-------,9401.0,
AR,BVC,Bella Vista,W,1----6--,1001.0,2830S 05903W
AR,BUE,Buenos Aires,C,12345---,401.0,3435S 05840W
AR,CSA,Cabo San Antonio,,1-------,907.0,3602S 05634W
AR,CLC,Caleta Cordoba,X,1-------,212.0,4544S 06704W
AR,CVI,Caleta Olivia,Z,1--4----,9601.0,
AR,CMP,Campana,B,1-------,1101.0,3409S 05857W
AR,CDL,Candelaria,N,1-------,901.0,2727S 05545W
AR,CHO,Chilecito,F,1----6--,1107.0,2910S 06730W
AR,CBS,Chimbas,J,1----6--,1107.0,3129S 06832W
AR,CHL,Choele Choel,R,1----6--,1107.0,
AR,COL,Colon,E,1-------,212.0,3213S 05808W
AR,CRY,Colonia Caroya,X,1----6--,1107.0,
AR,CRD,Comodoro Rivadavia,U,1--4----,9601.0,
AR,COU,Concepcion del Uruguay,E,1-------,212.0,3229S 05814W
AR,IQO,Coquimbito,M,1-------,1107.0,3258S 06845W
AR,CNQ,Corrientes,W,1--4----,9601.0,
AR,CUA,Cuatreros/Bahia Blanca,B,1-------,9401.0,
AR,DGU,Del Guazu,E,1-------,1101.0,3354S 05852W
AR,DME,Diamante,R,1-------,2407.0,3204S 06039W
AR,DSU,Dock Sur,B,1-3-----,1001.0,3439S 05820W
AR,FMA,Formosa,P,1--4----,9601.0,
AR,OYA,Goya,W,1--4----,9601.0,
AR,GHU,Gualeguaychu,E,1--4----,212.0,3301S 05831W
AR,IBY,Ibicuy,E,1-------,212.0,3344S 05910W
AR,BUI,Ingeniero Buitrago,B,1-------,1801.0,3321S 06008W
AR,INW,Ingeniero White/Bahia Blanca,B,1-3-----,1001.0,3847S 06216W
AR,JLS,Jose Leon Suarez,B,1-------,901.0,
AR,LPM,La Paz,M,1----6--,1107.0,3328S 06733W
AR,LPG,La Plata,B,1--4----,1101.0,3451S 05753W
AR,LPS,Las Palmas,B,123-----,212.0,3401S 05907W
AR,LAV,Lavalle,K,1----6--,901.0,2812S 06508W
AR,LUJ,Lujan,B,123-----,601.0,3434S 05906W
AR,LCU,Lujan de Cuyo,M,1----6--,901.0,3303S 06852W
AR,LZG,Luzuriaga,M,1----6--,1107.0,3257S 06849W
AR,MDQ,Mar del Plata,B,1-345---,1101.0,3803S 05732W
AR,NOS,Molinos,,1-------,1107.0,2525S 06619W
AR,NEC,Necochea,B,1--4----,9601.0,
AR,OVI,Olavarria,B,123-----,601.0,3653S 06020W
AR,PP9,Pablo Podesta,B,1-3-----,1307.0,3436S 05831W
AR,PRA,Parana,E,1--4----,212.0,3144S 06032W
AR,PCY,Pilcomayo,P,1-------,9401.0,
AR,PSS,Posadas,N,1--4----,9601.0,
AR,PAL,Puerto Alumbrera,S,1-------,1101.0,3239S 06045W
AR,PBG,Puerto Belgrano/Bahia Blanca,B,1-------,9401.0,
AR,PUB,Puerto Borghi,,1-------,9506.0,
AR,PUD,Puerto Deseado,Z,1--4----,1001.0,4745S 06554W
AR,PEL,Puerto Eldorado,N,1-------,1101.0,2621S 05441W
AR,PGV,Puerto Galvan/Bahia Blanca,B,1-------,9401.0,
AR,ROC,Puerto Ingeniero M. Rocca,B,1-------,401.0,3451S 05756W
AR,PLA,Puerto Lavalle,W,1-------,1101.0,2901S 05911W
AR,PMY,Puerto Madryn,U,1--4----,1101.0,4245S 06502W
AR,PNL,Puerto Nacional/Bahia Blanca,B,1-------,9401.0,
AR,PRS,Puerto Rosales/Bahia Blanca,B,1-------,1001.0,3856S 06204W
AR,PWA,Puerto Wanda,N,1-------,1101.0,2558S 05436W
AR,PCO,Punta Colorada,R,1-3-----,1001.0,4142S 06500W
AR,PLO,Punta Loyola,,1-------,9801.0,
AR,PME,Punta Medanos,B,1-------,901.0,3650S 05640W
AR,PQU,Punta Quilla,,1-------,9506.0,
AR,QBR,Quebracho/San Lorenzo,S,1-3-----,407.0,3239S 06043W
AR,QQN,Quequen,B,1-------,1001.0,3832S 05842W
AR,RAM,Ramallo,B,1-------,9506.0,
AR,RWO,Rawson,U,123-----,601.0,4318S 06506W
AR,RSF,Resinfor,S,1-------,901.0,3239S 06044W
AR,RIC,Rio Cullen,,1-------,907.0,5248S 06811W
AR,RGL,Rio Gallegos,Z,1--4----,1101.0,5138S 06913W
AR,RGA,Rio Grande,V,1--4----,212.0,5347S 06742W
AR,RIV,Rivadavia,M,1----6--,901.0,3311S 06828W
AR,ROS,Rosario,S,12345---,401.0,3257S 06039W
AR,RFO,Rosario de la Frontera,A,123-----,601.0,2548S 06458W
AR,SAL,Salto,B,1----6--,1107.0,
AR,SAE,San Antonio Este,R,1-------,1001.0,4048S 06444W
AR,SCA,San Carlos,M,1----6--,901.0,3346S 06902W
AR,SFE,San Fernando,B,1-------,9506.0,
AR,SIG,San Ignacio,N,1-------,901.0,2716S 05534W
AR,ULA,San Julian,Z,1--4----,1001.0,4918S 06743W
AR,SLO,San Lorenzo,L,1-------,9401.0,
AR,SMR,San Martin,M,1----6--,901.0,3304S 06828W
AR,SMA,San Martin,S,1-------,901.0,3243S 06044W
AR,SNS,San Nicolas de los Arroyos,B,1234----,212.0,3320S 06014W
AR,SPD,San Pedro,E,1-3-----,201.0,3341S 05910W
AR,XPD,San Pedro,Y,1--4----,9601.0,
AR,SSJ,San Salvador de Jujuy,Y,123-5---,601.0,2411S 06518W
AR,SSN,San Sebastian,V,1-------,212.0,5318S 06828W
AR,SAN,Santa Ana,N,1-------,901.0,2720S 05535W
AR,RZA,Santa Cruz,Z,1--4----,1001.0,5001S 06825W
AR,SFN,Santa Fe,S,1234----,507.0,3136S 06041W
AR,STA,Santa Rosa,M,1----6--,901.0,3315S 06809W
AR,TIM,Timbues,S,123-----,2207.0,3238S 06047W
AR,OYO,Tres Arroyos,B,1-34----,1001.0,3823S 06017W
AR,TUC,Tucuman,T,1--4----,1101.0,2649S 06513W
AR,TUN,Tunuyan,M,1----6--,901.0,3334S 06901W
AR,URD,Urdurrain,,1-3-----,1101.0,3241S 05853W
AR,USH,Ushuaia,V,1--4----,1001.0,5448S 06818W
AR,VLO,Vicente Lopez,B,123-----,701.0,3431S 05829W
AR,VCN,Villa Constitucion,S,123-----,212.0,3314S 06020W
AR,VTT,Villa del Totoral,X,1----6--,1107.0,
AR,VHE,Villa Hernandarias,E,1-------,901.0,3114S 05959W
AR,VMD,Villa Mercedes,J,1----6--,1107.0,
AR,ZAE,Zarate,B,1-------,212.0,3406S 05902W
AS,PPG,Pago Pago,,1--45---,1707.0,1416N 17042W
AT,FG7,Achau,,1----6--,907.0,4840N 16230W
AT,AWH,Altenworth,3,1-3-----,507.0,4823N 01551E
AT,ATN,Asten,4,123-----,507.0,4813N 01424E
AT,SXA,Bernhardsthal,3,1-3-----,1307.0,4841N 01652E
AT,BFS,Bischofshofen,5,123-----,307.0,4725N 01313E
AT,BOE,Bohlerwenk,3,123-----,1207.0,4759N 01445E
AT,BRZ,Bregenz,8,123-----,1307.0,4730N 00946E
AT,DWA,Deutsch Wagram,,123-----,601.0,4818N 01634E
AT,DKZ,Deutschkreutz,1,1----6--,1107.0,4736N 01638E
AT,ERR,Dobermannsdorf,,1-------,1107.0,4836N 01649E
AT,NNN,Donnerskirchen,1,1-------,1107.0,4754N 01638E
AT,DRA,Drasenhofen,3,1----6--,1001.0,4845N 01639W
AT,DRO,Dross,3,1-3-----,1307.0,4827N 01534E
AT,DUE,Durnstein,,123-----,601.0,4823N 01531E
AT,EBR,Ebreichsdorf,3,1-3-----,407.0,4757N 01624E
AT,EWD,Eibiswald,6,1----6--,1107.0,4641N 01550E
AT,BRI,Engabrunn,,1-------,1107.0,4827N 01545E
AT,ERO,Engelmannsbrunn,3,1-3-----,1401.0,4827N 01553E
AT,DFC,Engerwitzdorf,4,1-3-----,1401.0,4821N 01427E
AT,ERL,Erl,,1-3--6--,601.0,4740N 01210E
AT,EPD,Erpersdorf,,1-3-----,601.0,4820N 01554E
AT,FSU,Faistenau,,1-3-----,601.0,4746N 01313E
AT,LKN,Falkenstein,3,1-------,1301.0,4843N 01335E
AT,FHR,Fehring,,1-3--6--,601.0,4656N 01600E
AT,FNA,Freudenau,9,1-3-----,901.0,4811N 01626E
AT,FPS,Fulpmes,,1-3-----,601.0,4709N 01121E
AT,RTV,Gallbrunn,,1----6--,1107.0,
AT,GA6,Gamlitz,6,1----6--,1107.0,4643N 01533E
AT,GDN,Gmunden,,123-----,601.0,4755N 01348E
AT,GFS,Greifenstein,3,123-----,507.0,4820N 01614E
AT,GRN,Grein,,123-----,601.0,4813N 01450E
AT,SWH,Gross-Schweinbarth,3,1-3-----,1101.0,4824N 01637E
AT,GSN,Gutenstein,,1-3-----,601.0,4752N 01553E
AT,DOF,Hadersdorf,3,1-------,1107.0,4827N 01543E
AT,HKM,Hadersdorf-Kammern,3,1-3-----,1307.0,4827N 01543E
AT,LTX,Hainfeld,3,1-3-----,1401.0,4802N 01546E
AT,GHH,Haugsdorf,3,1-------,1107.0,4842N 01604E
AT,ITN,Hausleiten,3,1-------,1107.0,4823N 01606E
AT,TEN,Hausmannstatten,6,1-------,1107.0,4659N 01530E
AT,BNN,Hobersbrunn,3,1-------,1107.0,4830N 01634E
AT,EIN,Hoflein,3,1-------,1107.0,4804N 01647E
AT,ZIN,Inzersdorf an der Traisen,3,1-------,1107.0,4819N 01540E
AT,JPS,Japons,3,1----6--,1201.0,4847N 01534E
AT,ZLF,Jetzelsdorf,3,1-------,1107.0,4842N 01603E
AT,JDD,Judendorf,6,1----6--,1107.0,4707N 01521E
AT,KAM,Kammern im Liesingtal,8,123-----,701.0,4724N 01454E
AT,KTT,Kematen in Tirol,,123--6--,601.0,4715N 01116E
AT,ZRF,Ketzelsdorf,3,1-------,1107.0,4839N 01639E
AT,KFD,Knittelfeld,,123-----,601.0,4712N 01449E
AT,KMB,Krummnussbaum,,123--6--,601.0,4813N 01510E
AT,GHJ,Krustetten,3,1----6--,1107.0,4822N 15400W
AT,LZD,Langenzersdorf,3,123-----,407.0,4818N 01621E
AT,LUA,Lembach,4,1-3-----,1401.0,4829N 01353E
AT,LTS,Leutschach,6,1----6--,1201.0,4640N 01528E
AT,IEG,Limberg,3,1-------,1107.0,4835N 01552E
AT,MAN,Manning,4,1-3-----,1401.0,4805N 01340E
AT,MAB,Marbach an der Donau,3,123-----,1001.0,4813N 01509E
AT,MKA,Markt Allhau,1,1----6--,1107.0,4714N 01605E
AT,MKC,Mitterkirchen,4,1-3-----,507.0,4811N 01442E
AT,MBS,Morbisch am See,1,1----6--,1107.0,4745N 01640E
AT,NT9,Muthmannsdorf,3,1-3-----,1401.0,4750N 01606E
AT,NGG,Neudegg,3,1----6--,1107.0,4829N 01553E
AT,NFN,Neufelden,,123-----,601.0,4829N 01359E
AT,NAD,Neuhofen an der Ybbs,3,1-3-----,1401.0,4803N 01451E
AT,ND2,Nickelsdorf,1,1----6--,1107.0,4756N 01704E
AT,NUZ,Nuziders,,123-----,601.0,4711N 00948E
AT,OBU,Oberneukirchen,4,1-------,1301.0,
AT,XAE,Oehling,3,1-3-----,1401.0,4806N 01448E
AT,GGU,Oggau,1,1-------,1107.0,4750N 01640E
AT,OSH,Ottensheim,4,123-----,507.0,4820N 01411E
AT,ATK,Paternion,2,1-3-----,1401.0,4642N 01338E
AT,PBU,Persenbeug,3,123-----,507.0,4811N 01504E
AT,PET,Petzenkirchen,3,1----6--,1201.0,4808N 01509E
AT,PAS,Podersdorf am See,1,1-3-----,901.0,4751N 01650E
AT,7PZ,Prinzersdorf,3,1-3-----,1401.0,4812N 01531E
AT,RAD,Radstadt,,123-----,601.0,4723N 01327E
AT,RHN,Ranshofen,,1-3-----,601.0,4814N 01300E
AT,REG,Regau,4,1----6--,1001.0,4805N 01408E
AT,ETZ,Rietz,7,1-------,1107.0,4717N 01103E
AT,XXX,RIS Inland waterways,,1-------,1101.0,
AT,RHR,Rohrau,3,1----6--,1107.0,4804N 01651E
AT,RRF,Ruhrsdorf,3,1-------,1107.0,4824N 01530E
AT,SAK,Sankt Aegidi,4,1-3-----,1401.0,4829N 01345E
AT,SGS,Sankt Georgen bei Salzburg,,123-----,601.0,4759N 01253E
AT,SMR,Sankt Margarethen an der Raab,6,1-3-----,1401.0,4703N 01545E
AT,SK3,Sankt Margrethen,2,1----6--,1107.0,4638N 01423E
AT,FBZ,Sankt Stefan ob Stainz,6,1-------,1107.0,4655N 01515E
AT,SUH,Sankt Ulrich,3,1----6--,1201.0,4836N 01646E
AT,SVM,Sankt Veit im Muhlkreis,4,1-3-----,1401.0,4828N 01409E
AT,SMK,Schonau im Muhlkreis,4,1----6--,1201.0,4823N 01444E
AT,TTL,Schrattenthal,3,1-------,1107.0,4842N 01554E
AT,SAG,Schutzen am Gebirge,1,1----6--,1107.0,4751N 01637E
AT,SFT,Senftenberg,3,1----6--,1107.0,4826N 01533E
AT,SPG,Spannberg,3,1----6--,1201.0,4827N 01644E
AT,SPZ,Spitz,,123-----,601.0,4822N 01525E
AT,STD,Steeg,,1-3-----,601.0,4736N 01338E
AT,SSS,Steinberg,1,1----6--,901.0,4729N 01629E
AT,SUS,Steinhaus,4,1----6--,1201.0,4807N 01401E
AT,ST6,Straden,6,1----6--,1107.0,4648N 01552E
AT,TAM,Tamsweg,5,1----6--,1301.0,4708N 01348E
AT,TKP,Taufkirchen an der Pram,,123--6--,601.0,4825N 01332E
AT,TFS,Terfens,7,123-----,701.0,4719N 01139E
AT,THS,Theiss,3,1-3-----,507.0,4823N 01541E
AT,TMR,Traismauer,,123-----,601.0,4820N 01544E
AT,VEL,Velden,2,123-----,701.0,4637N 01403E
AT,ERM,Vordernberg,6,1-3-----,1401.0,4728N 01500E
AT,WSE,Wallsee,3,1-3-----,507.0,4810N 01443E
AT,WEU,Weinburg,3,1-------,1307.0,4806N 01531E
AT,WDF,Weitendorf,6,1-3-----,1401.0,4653N 01528E
AT,WUL,Wulkaprodersdorf,1,1-3-----,1401.0,4748N 01630E
AT,ZNG,Zobing,3,1-------,1301.0,4829N 01541E
AU,ABP,Abbot Point,QLD,1-------,1607.0,1954S 14805E
AU,ALP,Abell Point,QLD,1-3-----,1401.0,2016S 14843E
AU,ADL,Adelaide,SA,12345---,307.0,3455S 13835E
AU,AIR,Airlie Terminal,WA,1-------,212.0,2120S 11510E
AU,ALH,Albany,WA,1--4----,9511.0,
AU,ALD,Aldgate,SA,1----6--,1107.0,3501S 13844E
AU,AMR,Amrun,QLD,1-------,1801.0,1255S 14137E
AU,ANN,Annandale,NSW,1----6--,1107.0,3353S 15110E
AU,APP,Applecross,WA,1----6--,1107.0,3201S 11550E
AU,ARD,Ardrossan,SA,1-------,9511.0,
AU,AUA,Armadale,WA,1-------,1101.0,3209S 11600E
AU,DLP,Arndell Park,NSW,123-----,1607.0,3347S 15052E
AU,ASB,Ashburton,WA,1-3-----,2007.0,2141S 11500E
AU,ASH,Ashton,SA,1----6--,1107.0,3456S 13844E
AU,P6D,Aspendale,VIC,1-3-----,1601.0,3802S 14506E
AU,ATT,Attadale,WA,1----6--,1107.0,3201S 11547E
AU,AGS,Augusta,WA,1-3-----,607.0,3419S 11510E
AU,ALI,Australind,WA,1-3-----,607.0,3317S 11543E
AU,BAE,Baerami,NSW,1----6--,1107.0,3224S 15029E
AU,BAA,Balhannah,SA,1----6--,1107.0,3459S 13850E
AU,BAH,Ballast Head,SA,1-------,8203.0,
AU,BNK,Ballina,NSW,1--4----,9511.0,
AU,BAL,Balnarring,VIC,1----6--,1107.0,3822S 14508E
AU,LME,Bangholme,VIC,1-------,901.0,
AU,BNN,Bannockburn,VIC,1----6--,1107.0,3803S 14410E
AU,BWB,Barrow Island,WA,1--4----,9511.0,
AU,BAR,Barry Beach,VIC,1-3-----,901.0,3842S 14623E
AU,BRT,Bathurst Island,NT,1--4----,9601.0,
AU,BCH,Beachport,SA,1-------,9511.0,
AU,BYP,Beauty Point,TAS,1-------,9511.0,
AU,BBL,Beelbangera,NSW,1-------,1107.0,3416S 14606E
AU,BEL,Bell Bay,TAS,123-----,9511.0,4109S 14653E
AU,BE9,Belrose,NSW,1----6--,1107.0,3344S 15113E
AU,BVD,Belvidere,SA,1----6--,1107.0,3518S 13856E
AU,BFD,Beresfield,NSW,1----6--,901.0,3248S 15139E
AU,BKE,Berkeley Vale,NSW,1----6--,1201.0,3321S 15126E
AU,BRR,Berrys Creek,VIC,1----6--,1107.0,3825S 14604E
AU,BIC,Bicheno,TAS,1----6--,1107.0,4152S 14817E
AU,BBG,Bing Bong,NT,1-------,212.0,1536S 13621E
AU,BLP,Black Point,NT,1-------,1401.0,1109S 13209E
AU,TTS,Blackmans Bay,TAS,1-3-----,1307.0,4259S 14719E
AU,BOV,Blacktip Terminal,NT,1-------,1001.0,1424S 12921E
AU,BNY,Blayney,NSW,123--6--,601.0,3332S 14915E
AU,BOB,Bobin,NSW,1-----7-,1107.0,3143S 15217E
AU,BDY,Bomaderry,NSW,1----6--,1201.0,3451S 15037E
AU,BOO,Booby Island,QLD,1-3-----,307.0,1036S 14155E
AU,BOD,Boondall,QLD,1----6--,1207.0,2720S 15303E
AU,BOT,Boort,VIC,1----6--,1107.0,3607S 14343E
AU,VIB,Boronia,VIC,1-------,901.0,
AU,BTB,Botany Bay,NSW,1-------,9511.0,
AU,BOU,Boundary Bend,NSW,1----6--,1107.0,3442S 14309E
AU,ZBO,Bowen,QLD,1--4----,9511.0,
AU,BOY,Boyer,TAS,1----6--,901.0,4250S 14718E
AU,BBY,Bremer Bay,WA,1-3-----,701.0,3423S 11922E
AU,BOL,Bridgewater-on-Loddon,VIC,1----6--,1107.0,3636S 14357E
AU,BPO,Bridport,TAS,1-3-----,1601.0,4100S 14724E
AU,BSA,Brighton-Le-Sands,NSW,1----6--,1107.0,3357S 15109E
AU,BNE,Brisbane,QLD,12345---,307.0,2728S 15301E
AU,BMW,Broadmeadows,VIC,1-------,9511.0,
AU,NSB,Broke,NSW,1----6--,1107.0,3245S 15106E
AU,BME,Broome,WA,1--4----,9601.0,
AU,BUV,Buffalo Venture,NT,1-------,501.0,
AU,BUL,Bulli,NSW,1-3-----,601.0,3418S 15055E
AU,BLL,Bullsbrook,WA,1----6--,1201.0,3140S 11600E
AU,BWI,Bulwer,QLD,1-------,401.0,2704S 15322E
AU,BUY,Bunbury,WA,1--4----,9511.0,
AU,BDB,Bundaberg,QLD,1--4----,9511.0,
AU,BUC,Burketown,QLD,1-34----,212.0,1744S 13932E
AU,BWT,Burnie,TAS,1--4----,9511.0,
AU,BYY,Bushy Park,VIC,1----6--,1201.0,3752S 14702E
AU,BUS,Busselton,WA,1-------,8203.0,
AU,CNS,Cairns,QLD,1--4----,9511.0,
AU,CAL,Caloundra Head,QLD,1-------,9511.0,
AU,CMB,Cambridge,TAS,1----6--,1107.0,4250S 14727E
AU,CMP,Camperdown,NSW,1-------,1107.0,3353S 15110E
AU,CBR,Canberra,ACT,12345---,1807.0,
AU,CAP,Capalaba,QLD,1-3-----,1401.0,2731S 15311E
AU,CCU,Cape Cuvier,WA,1-------,9511.0,
AU,DON,Cape Don,NT,1-------,1401.0,1119S 13145E
AU,CQP,Cape Flattery,QLD,1-------,9401.0,
AU,CLT,Cape Lambert,WA,1-------,9511.0,
AU,CLN,Cape Leeuwin,WA,1-------,9511.0,
AU,CPN,Cape Preston,WA,1-------,9511.0,
AU,CBO,Carboor,VIC,1----6--,1201.0,3638S 14633E
AU,CAR,Carina Heights,QLD,1-------,1107.0,2730S 15305E
AU,CLF,Carlingford,NSW,1-------,1107.0,3347S 15103E
AU,CVQ,Carnarvon,WA,1--4----,9511.0,
AU,CHB,Catherine Hill Bay,NSW,1-------,9511.0,
AU,CUN,Caufield North,VIC,1-------,1101.0,3752S 01451E
AU,CVS,Caversham,WA,1----6--,1107.0,3153S 11558E
AU,CHV,Challis Venture (oil Terminal),NT,1-------,2407.0,1207S 12501E
AU,CHA,Chatswood,NSW,1-3-----,9806.0,
AU,CHE,Chermside,QLD,1-------,1107.0,2723S 15310E
AU,CN6,Chinderah,NSW,1-3-----,1401.0,2814S 15333E
AU,CHT,Chittering,WA,1----6--,1107.0,3129S 11606E
AU,SCL,Clare,SA,1----6--,1107.0,3350S 13836E
AU,CLM,Claremont,WA,123-5---,1107.0,3159S 11547E
AU,CLR,Clarence River,NSW,1-------,9511.0,
AU,CDN,Clarendon,SA,1-------,1107.0,3507S 13838E
AU,CVN,Cleveland,QLD,1-3--6--,607.0,2732S 15316E
AU,CVL,Clovelly,NSW,1-------,1301.0,3354S 15115E
AU,CTI,Cockatoo Island,WA,1-------,901.0,1606S 12337E
AU,CFS,Coffs Harbour,NSW,1--4----,9511.0,
AU,CST,Coldstream,VIC,1----6--,1107.0,3743S 14522E
AU,CLL,Collan Islands,WA,1-------,9511.0,
AU,CMO,Como,NSW,1----6--,1201.0,3400S 15104E
AU,CDE,Condamine,QLD,1-3-----,1307.0,2656S 15008E
AU,CTN,Cooktown,QLD,1--4----,9511.0,
AU,COU,Coolum,QLD,1----6--,1107.0,2633S 15305E
AU,COO,Coomera,QLD,123-----,501.0,2753S 15318E
AU,CNW,Coonawarra,SA,1----6--,1107.0,3718S 14049E
AU,CPR,Coorparoo,QLD,1----6--,1107.0,2730S 15303E
AU,CRL,Coral Bay,WA,1-------,1401.0,2308S 11346E
AU,CRS,Coral Sea,,1--4----,212.0,1905S 15054E
AU,CBA,Corio Bay,VIC,1-------,307.0,3807S 14426E
AU,CRV,Coromandel Valley,SA,1----6--,1107.0,3503S 13837E
AU,COP,Cossack Pioneer (oil Terminal),WA,1-------,2407.0,1935S 11627E
AU,CTE,Cottesloe,WA,1----6--,1107.0,3200S 11546E
AU,CTT,Cottles Bridge,VIC,1----6--,1107.0,3738S 14513E
AU,DIL,Cowandilla,SA,1----6--,1201.0,3455S 13833E
AU,COW,Cowaramup,,1----6--,1107.0,3352S 11505E
AU,CRF,Crafers,SA,1----6--,1107.0,3500S 13842E
AU,CRE,Crestmead,QLD,1----6--,1201.0,2741S 15305E
AU,C8R,Cromer,SA,1-------,1401.0,3446S 13900E
AU,CRU,Cronulla,NSW,1----6--,1201.0,3403S 15109E
AU,DIT,Dalrymple Islet,,1-------,201.0,0936S 14318E
AU,DAL,Dalton,NSW,1-----7-,1107.0,3443S 14911E
AU,DAM,Dampier,WA,1-------,9511.0,
AU,DAR,Dardanup,WA,1----6--,1107.0,3324S 11545E
AU,DAA,Darra,QLD,1-------,9511.0,
AU,DRW,Darwin,NT,12345---,307.0,1227S 13050E
AU,DRB,Derby,WA,1--4----,9511.0,
AU,DPO,Devonport,TAS,1--4----,9511.0,
AU,DHI,Dhipirrinjura,NT,1-------,1401.0,1215S 13505E
AU,DIA,Diamond Creek,VIC,1----6--,1107.0,3740S 14509E
AU,DRY,Drysdale,VIC,1----6--,1107.0,3810S 14434E
AU,QDN,Eden,NSW,1--4----,9511.0,
AU,EDE,Eden Valley,SA,1----6--,1107.0,3439S 13906E
AU,EDB,Edithburgh,SA,1-------,8203.0,
AU,ELE,Electrona,TAS,1-------,8203.0,
AU,ELB,Elizabeth Bay,NT,1-------,1401.0,1154S 13633E
AU,ELT,Eltham,VIC,1----6--,1107.0,3744S 14509E
AU,EPR,Esperance,WA,1--4----,9511.0,
AU,EVL,Evans Landing,QLD,1-3-----,1401.0,1240S 14151E
AU,PEX,Exmouth,WA,1-------,9511.0,
AU,EXM,Exmouth Gulf,WA,1--4----,9601.0,
AU,FIN,Findon,SA,1----6--,1107.0,3454S 13832E
AU,FIS,Fisherman Islands,QLD,123-----,9701.0,
AU,FLN,Flynn,VIC,1----6--,1107.0,3810S 14641E
AU,FLD,Frankland,WA,1----6--,1107.0,3422S 11404E
AU,FRE,Fremantle,WA,1--4----,9511.0,
AU,FWT,Freshwater,NSW,1----6--,1201.0,3346S 15117E
AU,GBT,Garbutt,QLD,1-3-----,1401.0,1916S 14646E
AU,GEX,Geelong,VIC,1--4----,9511.0,
AU,GEM,Gembrook,VIC,1----6--,1107.0,3757S 14533E
AU,GEE,George Town,TAS,1--4----,9701.0,
AU,GET,Geraldton,WA,1--4----,9511.0,
AU,GLT,Gladstone,QLD,1--4----,9511.0,
AU,GLL,Glebe Island,NSW,123-----,9701.0,
AU,GOI,Goods Is,QLD,1-------,907.0,
AU,GOA,Goolwa,SA,1-34----,1107.0,3530S 13847E
AU,GOR,Gordon,VIC,1----6--,1107.0,3735S 14406E
AU,GOV,Gove,NT,1--4----,9511.0,
AU,GOH,Gove Harbour,NT,1-------,1601.0,1213S 13640E
AU,GTH,Grantham,QLD,1-3-----,1401.0,2735S 15212E
AU,GRB,Gravelly Beach,TAS,1----6--,1107.0,4118S 14658E
AU,GTW,Great Western,VIC,1----6--,1107.0,3709S 14251E
AU,GRH,Greenhead,WA,1-------,9511.0,
AU,GRK,Greenock,SA,1----6--,1107.0,3428S 13855E
AU,GRV,Griffin Venture (oil Terminal),WA,1-------,2407.0,2113S 11438E
AU,GTE,Groote Eylandt,NT,1--4----,9511.0,
AU,GRU,Gruyere,VIC,1----6--,1107.0,3744S 14527E
AU,GUM,Gumeracha,SA,1----6--,1107.0,3450S 13853E
AU,HAH,Hahndorf,SA,1----6--,1107.0,3502S 13848E
AU,HTT,Halletts Cove,SA,1----6--,1107.0,3504S 13830E
AU,HAM,Hampton,VIC,1-------,1107.0,3820S 14515E
AU,HWD,Hanwood,NSW,1----6--,1107.0,3420S 14602E
AU,HPP,Happy Valley,SA,1----6--,1107.0,3505S 13832E
AU,HYI,Hardy Island,NT,1-------,9701.0,
AU,HAS,Hastings,VIC,1-------,101.0,3818S 14515E
AU,HPT,Hay Point,QLD,1-------,907.0,
AU,HTH,Heathcote,VIC,1----6--,1107.0,3655S 14443E
AU,HBE,Heatherbrae,NSW,1----6--,1201.0,3247S 15144E
AU,HFR,Henderson,WA,1---5---,1201.0,3210S 11546E
AU,HNK,Hinchinbrook Island,QLD,1--4----,212.0,1823S 14617E
AU,HBA,Hobart,TAS,1-345---,307.0,4252S 14718E
AU,HDD,Hoddles Creek,VIC,1----6--,1107.0,3750S 14535E
AU,HOT,Hope Tun,WA,1-------,9511.0,
AU,IGF,Ingle Farm,SA,1----6--,1107.0,3450S 13838E
AU,IPS,Ipswich,QLD,1-------,9511.0,
AU,IRY,Irymple,VIC,1----6--,1107.0,3415S 14210E
AU,JOV,Jabiru Venture (oil terminal),NT,1-------,9701.0,
AU,JAR,Jarrahdale,WA,1----6--,1107.0,3221S 11604E
AU,KAN,Kangarilla,SA,1----6--,1107.0,3509S 13839E
AU,KRB,Karumba,QLD,1-34----,212.0,1729S 14050E
AU,KTR,Katherine,NT,1--4----,9511.0,
AU,KAY,Kayena,TAS,1----6--,1107.0,4111S 14653E
AU,KEI,Keith,SA,1----6--,1107.0,3606S 14021E
AU,KNG,Kensington Gardens,,1----6--,1707.0,3492S 13866E
AU,KEY,Keyneton,,1----6--,1107.0,3434S 13908E
AU,KIB,King Bay,WA,1-------,9511.0,
AU,KGC,Kingscote,SA,1--4----,9511.0,
AU,GTY,Kingsford,NSW,1----6--,1407.0,
AU,KIT,Kingston,SA,1-------,9511.0,
AU,KLP,Klein Point,SA,1-------,907.0,
AU,KOI,Koolan Island,WA,1-------,9511.0,
AU,KUR,Kurnell,NSW,1-------,9511.0,
AU,KWI,Kwinana,WA,1-------,9511.0,
AU,LAB,Lady Barron,TAS,1-------,9511.0,
AU,LMQ,Lake Macquarie,NSW,1-3-----,1107.0,3304S 15136E
AU,LEN,Lakes Entrance,VIC,1-3-----,1307.0,3753S 14759E
AU,LAN,Langarra,NT,1-------,1401.0,1205S 13521E
AU,LST,Launceston,TAS,1--4----,9511.0,
AU,JML,Laurieton,NSW,1----6--,1607.0,3139S 15248E
AU,LGT,Legendre Terminal,WA,1-------,501.0,
AU,LYD,Lilydale,VIC,123--6--,601.0,3745S 14522E
AU,LOW,Lisarow,NSW,123-----,507.0,3323S 15122E
AU,DFE,Longwood,SA,1-------,1107.0,
AU,LDH,Lord Howe Is,NSW,1--4----,9511.0,
AU,LUC,Lucinda,QLD,1-------,9511.0,
AU,LUB,Lucky Bay,SA,1-------,2001.0,3341S 13655E
AU,MKY,Mackay,QLD,1-34----,1207.0,2109S 14912E
AU,MQI,Macquarie Island,TAS,1-------,501.0,5429S 15856E
AU,MRK,Macquarie Park,NSW,1----6--,1107.0,3346S 15107E
AU,MBY,Maribyrnong,VIC,1----6--,901.0,3747S 14453E
AU,MAR,Marrickville,NSW,123--6--,501.0,3355S 15110E
AU,MBH,Maryborough,QLD,1--4----,9511.0,
AU,SAD,Maryborough,VIC,1-------,1107.0,3730S 14345E
AU,KLL,Maryknoll,VIC,1-------,1107.0,3855S 14536E
AU,MEL,Melbourne,VIC,12345---,307.0,3749S 14458E
AU,MRS,Melrose,SA,1-------,9511.0,
AU,MLI,Melville Island,NT,1-------,501.0,1133S 13056E
AU,MID,Midland,WA,1-3-----,1101.0,3153N 11559W
AU,MIB,Milner Bay,NT,1-------,9511.0,
AU,MIL,Milperra,NSW,1-3-----,901.0,
AU,MON,Montara Field,NT,1-------,901.0,1265S 12405E
AU,MLL,Mooloolaba,QLD,1-3-5---,1107.0,2641S 15308E
AU,MOK,Moorook,SA,1-3-----,601.0,3417S 14021E
AU,MDC,Mordialloc,VIC,123-----,701.0,3801S 14505E
AU,MGE,Mount Gravatt,QLD,1-------,1207.0,2732S 15305E
AU,MHW,Mount Hawthorn,WA,1----6--,1301.0,3155S 11550E
AU,MOU,Mourilyan,QLD,1-------,9511.0,
AU,MOW,Mowbray Heights,TAS,123-----,601.0,4123S 14708E
AU,MWA,Mulwala,NSW,123-----,607.0,3600S 14600E
AU,NEQ,Nericon,NSW,1-3-----,1401.0,3412S 14602E
AU,NLK,New Norfolk,TAS,1-3-----,1207.0,4247S 14704E
AU,NTL,Newcastle,NSW,1--4----,9601.0,
AU,VIC,Newtown,VIC,1-3-----,1401.0,3742S 14339E
AU,NGH,Nganhurra,WA,1-----7-,607.0,2129S 11400E
AU,NHU,Nhulunbuy,NT,1-------,901.0,1211S 13647E
AU,NIV,Ningaloo Vision,,1-------,1307.0,2124S 11405E
AU,NB2,North Bridge,NSW,1----6--,1301.0,3348S 15113E
AU,NTE,Northern Endeavour,NT,1-------,501.0,
AU,OKF,Oak Flats,NSW,1----6--,1201.0,3433S 15049E
AU,ONS,Onslow,WA,1-34----,401.0,2139S 11506E
AU,OSB,Osborne Island,WA,1-------,9511.0,
AU,PAG,Paddington,NSW,1----6--,901.0,3353S 15113E
AU,DSW,Padstow,NSW,123-----,901.0,3357S 15102E
AU,PMK,Palm Island,QLD,1--4----,9511.0,
AU,PAL,Palmerston,NT,1-------,1107.0,1228S 13050E
AU,PEL,Pelican Point,SA,123-----,9511.0,
AU,PEN,Pendle Hills,NSW,1----6--,901.0,3348S 15057E
AU,PER,Perth,WA,12345---,307.0,3157S 11551E
AU,PIS,Phillip Island,VIC,1-34----,1307.0,3829S 14514E
AU,PIC,Picton,NSW,1----6--,907.0,3411S 15036E
AU,PYT,Pleystowe,QLD,1-------,1807.0,2109S 14901E
AU,PHP,Point Henry Pier/Melbourne,VIC,12------,407.0,3807S 14426E
AU,PSM,Point Samson,WA,1-------,9511.0,
AU,PWI,Point Wilson,VIC,1-------,9511.0,
AU,PAE,Port Adelaide,SA,1-------,9511.0,
AU,PTL,Port Alma,QLD,1-------,9511.0,
AU,PAU,Port Arthur,TAS,1-------,9511.0,
AU,PUG,Port Augusta,SA,1--4----,9511.0,
AU,PBY,Port Bonython,SA,1-------,9511.0,
AU,PBT,Port Botany,NSW,123-----,9511.0,
AU,PCT,Port Curtis,QLD,1-------,9511.0,
AU,PTD,Port Dalrymple,QLD,1-------,9701.0,
AU,PDI,Port Denison,WA,1-3-----,607.0,2916S 11456E
AU,PTI,Port Douglas,QLD,1--4----,9511.0,
AU,FRY,Port Fairy,VIC,1-------,1807.0,3822S 14214E
AU,PGI,Port Giles,SA,1-------,9511.0,
AU,T3P,Port Hacking,NSW,1-3-----,1601.0,3404S 15108E
AU,PHE,Port Hedland,WA,1--4----,9511.0,
AU,PHU,Port Huon,TAS,1-------,9511.0,
AU,PJK,Port Jackson,NSW,1-3-----,9511.0,
AU,PKL,Port Kembla,NSW,1--4----,9511.0,
AU,PKY,Port Kenny,SA,1-------,1101.0,3310S 13441E
AU,PLA,Port Latta,TAS,1-------,9511.0,
AU,PLO,Port Lincoln,SA,1--4----,9511.0,
AU,PQQ,Port Macquarie,NSW,1--4----,9511.0,
AU,POR,Port Melbourne,VIC,1-------,601.0,3750S 14456E
AU,PBN,Port of Brisbane,QLD,123--6--,1301.0,2723S 15310E
AU,PPI,Port Pirie,SA,1--4----,9511.0,
AU,PSY,Port Stanley,TAS,1-------,9511.0,
AU,PST,Port Stanvac,SA,1-------,9511.0,
AU,PWL,Port Walcott,WA,1-------,9511.0,
AU,PWR,Port Warrender,WA,1-------,9511.0,
AU,PTW,Port Willunga,SA,1----6--,1201.0,3516S 13827E
AU,PTJ,Portland,VIC,1--4----,9511.0,
AU,PHR,Prahran,VIC,1-3-----,1307.0,3751S 14500E
AU,PRC,Price,SA,1-------,9511.0,
AU,PRB,Proper Bay,SA,1-------,9511.0,
AU,PYE,Pyrenees,VIC,1----6--,1107.0,3705S 14329E
AU,PYR,Pyrmont,NSW,1-3-----,1401.0,3352S 15111E
AU,RAF,Raffles Bay,NT,1-------,1401.0,1116S 13223E
AU,RAB,Rapid Bay,SA,1-------,9511.0,
AU,REV,Revesby,NSW,123-----,601.0,3357S 15100E
AU,RLL,Reynella,SA,1----6--,1107.0,3606S 13832E
AU,RDS,Rhodes,NSW,123-----,701.0,3350S 15105E
AU,RCM,Richmond,QLD,1--4----,9511.0,
AU,RDN,Risdon,TAS,1-3-----,9511.0,
AU,ROB,Robe,SA,1-------,1207.0,3711S 13945E
AU,ROK,Rockhampton,QLD,1--4----,9511.0,
AU,RYP,Rocky Point,WA,1-------,401.0,3330S 12359E
AU,RBU,Roebourne,WA,1--4----,9511.0,
AU,RNB,Rosslyn Bay,QLD,1-3-----,1107.0,2310S 15047E
AU,RTS,Rottnest Island,WA,1--4----,9511.0,
AU,ROZ,Rozelle,NSW,1-3--6--,1207.0,3351S 15110E
AU,SMT,Saladin Marine Terminal,WA,1-------,9511.0,
AU,SGT,Sandgate,NSW,1----6--,1201.0,3252S 15142E
AU,SCY,Scoresby,VIC,1-3-----,601.0,3754S 14513E
AU,5CI,Selby,VIC,1----6--,1601.0,3755S 14523E
AU,SSH,Sellicks Hill,SA,1-------,901.0,
AU,SMR,Seventeen Mile Rocks/Brisbane,QLD,1----6--,901.0,2733S 15257E
AU,SHB,Shark Bay,WA,1-------,9511.0,
AU,SOL,Shea Oak Log,SA,1----6--,1001.0,3431S 13849E
AU,SKA,Skardon River,QLD,1-------,401.0,1145S 14201E
AU,SKV,Skua Venture (oil terminal),NT,1-------,9701.0,
AU,SKY,Skye,SA,1----6--,901.0,
AU,SBN,South Brisbane,QLD,1-3--6--,1207.0,2728S 15301E
AU,STR,South Trees,QLD,123-----,607.0,2354S 15117E
AU,SWR,South West Rocks,NSW,1-------,9511.0,
AU,SPO,Spreyton,TAS,123--6--,601.0,4113S 14621E
AU,SPB,Spring Bay,TAS,1-------,9511.0,
AU,STG,Stag Platform,WA,1-------,907.0,
AU,STA,Stanley,TAS,1-------,9511.0,
AU,SRN,Strahan,TAS,1--4----,9511.0,
AU,SUH,Surry Hills,NSW,123-----,307.0,3353S 15113E
AU,SYD,Sydney,NSW,12345---,307.0,3351S 15112E
AU,SYL,Sylvania,NSW,1-------,1801.0,3401S 15106E
AU,DGA,Tea Gardens,NSW,1-------,1207.0,3240S 15209E
AU,GUR,The Gurdies,VIC,1----6--,901.0,3822S 14533E
AU,THE,Thevenard,SA,1-------,9511.0,
AU,CTH,Thevenard Island,WA,1-------,307.0,2127S 11459E
AU,TIS,Thursday Island,QLD,1--4----,9511.0,
AU,TOL,Toombul,QLD,1----6--,1007.0,2724S 15303E
AU,TRD,Tooradin,VIC,1-3-----,701.0,3813S 14523E
AU,TOR,Toronto,NSW,1----6--,901.0,3300S 15136E
AU,LKU,Torrensville,SA,1-------,1107.0,
AU,TOB,Towford Bay,,1-------,8203.0,
AU,TSV,Townsville,QLD,1--4----,9601.0,1915S 14649E
AU,TRB,Trial Bay,NSW,1-------,9511.0,
AU,TRI,Troughton Island,WA,1--4----,1401.0,1345S 12608E
AU,THS,Tweed Heads South,NSW,1-3--6--,607.0,2812S 15332E
AU,DA5,Twowells,SA,1-3-----,1407.0,3436S 13830E
AU,ULA,Ulladulla,NSW,1-------,106.0,3521S 15025E
AU,ULT,Ultimo,NSW,1-3-----,901.0,
AU,UMB,Umbakumba,NT,1-------,1401.0,1351S 13648E
AU,URN,Urangan,QLD,1-------,9511.0,
AU,USL,Useless Loop,WA,1-------,9511.0,
AU,VGH,Van Gogh Terminal,,1-------,1001.0,2124S 11405E
AU,VAR,Varanus Island,WA,1-------,9511.0,
AU,WAL,Wallaroo,SA,1-------,9511.0,
AU,WNT,Wandoo Terminal,WA,1-------,501.0,
AU,WSN,Warners Bay,NSW,1-3-----,601.0,3258S 15139E
AU,WMB,Warrnambool,VIC,1--4----,9511.0,
AU,WAZ,Warwick,QLD,1--4----,9511.0,
AU,WTW,Waterways,VIC,1----6--,1707.0,3800S 14507E
AU,WTN,Webberton,WA,123-5---,901.0,2845S 11437E
AU,WEI,Weipa,QLD,1--4----,9511.0,
AU,KJH,Welland,SA,1-------,1107.0,3454S 13832E
AU,WHL,Welshpool,VIC,1-34----,401.0,3840S 14626E
AU,WWP,Wentworth Point,NSW,1----6--,1201.0,3350S 15104E
AU,WRB,Werribee,VIC,123-----,601.0,3754S 14439E
AU,WEP,Westernport,VIC,1-------,9511.0,
AU,WSI,Whitsunday Island,QLD,1-------,901.0,2015S 14901E
AU,WYA,Whyalla,SA,1--4----,9511.0,
AU,WIH,Wingham,NSW,1-------,1101.0,3152S 15222E
AU,VIT,Wishart,VIC,1-------,901.0,
AU,WNB,Withnell Bay,WA,1-3-----,307.0,2035S 11647E
AU,WOT,Wonthaggi,VIC,1-------,9511.0,
AU,WOO,Woolloomooloo,NSW,1-3-----,1301.0,3352S 15113E
AU,WBT,Woollybutt (Oil facility),WA,1-----7-,407.0,2103S 11452E
AU,WYN,Wyndham,WA,1--4----,9511.0,
AU,YBA,Yamba,NSW,1-------,9801.0,
AU,YAM,Yampi,WA,1-------,9511.0,
AU,YRR,Yarra Junction,VIC,1-------,1207.0,3747S 14537E
AW,AUA,Aruba,,1--4----,401.0,1230N 06958W
AW,BAR,Barcadera,,1-------,307.0,1229N 06959W
AW,BUS,Bushiribana,,1-34----,307.0,1233N 06958W
AW,DEU,Druif,,1-------,9506.0,
AW,ORJ,Oranjestad,,1---5---,9401.0,
AW,SNL,Sint Nicolaas,,1-------,9401.0,
AX,MHQ,Maarianhamina (Mariehamn),,1--4----,1207.0,6006N 01957E
AX,MHQ,Mariehamn (Maarianhamina),,1--4----,1207.0,6006N 01957E
AZ,ALA,Alat,BA,1-3-----,2207.0,3957N 04924E
AZ,BAK,Baku,,12-45---,2007.0,
AZ,KMZ,Khachmaz,XAC,1----6--,901.0,4159N 04735E
AZ,QDG,Qaradag,,123-----,901.0,4015N 04936E
AZ,SHI,Shirvan,AGU,1-3-----,1401.0,3955N 04855E
AZ,SUQ,Sumqayit,SM,1-3-----,1101.0,4035N 04940E
BA,BIR,Biracevac,,1-3-----,901.0,
BA,4CA,Cazin,BIH,1-3-----,1407.0,4458N 01556E
BA,DOJ,Domaljevac,,1----6--,1201.0,4503N 01834E
BA,FOJ,Fojnica,,1----6--,1201.0,4357N 01754E
BA,JBA,Jablanica,,1----6--,1201.0,4339N 01745E
BA,MAG,Maglaj,BIH,123-----,501.0,4432N 01805E
BA,NEM,Neum,,1----6--,1201.0,4255N 01737E
BA,SMT,Sanski Most,,1----6--,1201.0,4446N 01640E
BA,VGS,Vogosca,,1----6--,1201.0,4354N 01821E
BA,ZNK,Zvornik,,123-----,601.0,4423N 01906E
BB,BGI,Bridgetown,,1--45---,9601.0,
BB,STM,Saint Michael,08,1----6--,1101.0,1307N 05936W
BD,ASJ,Ashuganj,04,1-------,1407.0,2402N 09101E
BD,BZL,Barisal,,1--4----,1807.0,
BD,BNP,Benapole,,1-------,901.0,2303N 08854E
BD,CHL,Chalna,,1-------,8103.0,
BD,CGP,Chattogram,10,1--45---,1901.0,2220N 09150E
BD,KHL,Khulna,,1-------,9601.0,
BD,MGL,Mongla,,1-------,9601.0,
BD,MUN,Munshiganj,35,1-------,2307.0,2333N 09032E
BD,NAR,Narayanganj,,123-----,8103.0,
BD,PCR,Panchashar,40,1----6--,2207.0,2334N 09030E
BD,PGN,Pangaon,13,1-3-----,1407.0,2339N 09027E
BD,PAY,Payra Port,06,1-------,1601.0,2156N 09016E
BE,AAB,Aalst,VOV,1-3-----,307.0,5056N 00402E
BE,AAL,Aalter,VOV,1-3-----,307.0,5105N 00327E
BE,ADK,Adinkerke,VWV,1-3-----,307.0,5104N 00236E
BE,AFN,Afsnee,VOV,1-3-----,307.0,5102N 00340E
BE,ABK,Albertkanaal ports,,1-------,307.0,
BE,AMY,Amay,WLG,1-3-----,307.0,5033N 00519E
BE,APS,Ampsin,WLG,1-3-----,307.0,5032N 00517E
BE,AND,Andenne,WNA,1-3-----,307.0,5029N 00506E
BE,ANB,Angleur,WLG,123-----,307.0,5037N 00535E
BE,ANH,Anhee,WNA,1-3-----,307.0,5019N 00453E
BE,AVE,Annevoie,WNA,1-3-----,307.0,5020N 00450E
BE,ASR,Anseremme,WNA,1-3-----,307.0,5015N 00454E
BE,AHE,Antheit,WLG,1-3-----,307.0,5033N 00513E
BE,ATO,Antoing,WHT,1-3-----,307.0,5034N 00327E
BE,ANR,Antwerpen,VAN,12345---,307.0,5113N 00425E
BE,AVG,Anvaing,WAL,1-3-----,901.0,
BE,APL,Appels,VOV,1-3-----,307.0,5102N 00404E
BE,APT,Appelterre-Eichem,VOV,123-----,601.0,5049N 00358E
BE,AEJ,Arendonk,VAN,1-3-----,307.0,5119N 00505E
BE,AGT,Argenteau,WLG,1-3-----,307.0,5042N 00542E
BE,ASP,Asper,VOV,1-3-----,307.0,5055N 00339E
BE,AST,Astene,VOV,1-3-----,307.0,5059N 00333E
BE,ATH,Ath,WHT,123-----,307.0,5037N 00346E
BE,7PD,Athis,WHT,1-3-----,1407.0,5022N 00346E
BE,ODE,Auderghem (Oudergem)/Brussel (Bruxelles),BRU,1-3-----,307.0,5049N 00426E
BE,AVS,Auvelais,WNA,1-3-----,307.0,5027N 00437E
BE,AVL,Avelgem,VWV,1-3-----,307.0,5046N 00326E
BE,W5R,Awirs,WLG,1-3-----,1407.0,5036N 00524E
BE,BSR,Baasrode,VOV,123----B,307.0,5102N 00410E
BE,BAI,Baillonville,WAL,1----6--,1107.0,5017N 00520E
BE,BLE,Balen,VAN,1-3-----,307.0,5110N 00509E
BE,BGK,Balgerhoek,VOV,123-----,601.0,5112N 00331E
BE,BOA,Bas-Oha,WLG,1-3-----,307.0,5031N 00511E
BE,BAT,Battel,VAN,1-3-----,307.0,5103N 00427E
BE,BDU,Baudour,WHT,1-3-----,307.0,5029N 00349E
BE,BAZ,Bazel,VOV,1-3-----,307.0,5109N 00418E
BE,BRM,Beernem,VWV,1-3-----,307.0,5109N 00320E
BE,BER,Beerse,VAN,1-3-----,307.0,5119N 00452E
BE,BCR,Bellecourt,WHT,1-3-----,307.0,5029N 00415E
BE,BLO,Beloeil,WHT,1-3-----,307.0,5033N 00343E
BE,BAN,Ben-Ahin,WLG,1-3-----,307.0,5031N 00510E
BE,BCM,Berchem,VOV,123-----,601.0,5047N 00330E
BE,BRT,Berendrecht,VAN,1-3-----,307.0,5120N 00419E
BE,RIN,Beringen,VLI,123-----,307.0,5103N 00513E
BE,BNU,Berneau,WLG,1-3-----,307.0,5045N 00544E
BE,BTX,Bertrix,WLX,1-3-----,307.0,4951N 00515E
BE,BVE,Bever,VBR,1-3-----,307.0,5043N 00356E
BE,BVO,Beverlo,VLI,1-3-----,307.0,5105N 00512E
BE,BSE,Bissegem,VWV,1-3-----,307.0,5049N 00313E
BE,BBG,Blankenberge,VWV,1-3-----,307.0,5119N 00308E
BE,WHT,Blaregnies,WHT,1-3-----,1307.0,5021N 00353E
BE,BLT,Blaton,WHT,1-3-----,307.0,5030N 00339E
BE,BHR,Bleharies,WHT,1-3-----,307.0,5031N 00324E
BE,BOC,Bocholt,VLI,1-3-----,307.0,5110N 00535E
BE,BHE,Boekhoute,VOV,1-3-----,1201.0,5115N 00343E
BE,BOM,Boom,VAN,123-----,307.0,5105N 00422E
BE,BOO,Boorsem,VLI,1-3-----,307.0,5056N 00543E
BE,BMB,Boortmeerbeek,VBR,123-----,307.0,5059N 00434E
BE,BON,Bornem,VAN,1-3-----,307.0,5106N 00414E
BE,BSU,Bossuit,VWV,1-3-----,307.0,5045N 00324E
BE,BO2,Bougnies,WHT,1-3-----,1407.0,5023N 00356E
BE,BVM,Bouvignes-sur-Meuse,WNA,1-3-----,307.0,5016N 00454E
BE,BRE,Bree,VLI,1-3-----,307.0,5108N 00536E
BE,BGN,Briegden,VLI,1-3-----,307.0,5052N 00537E
BE,BGS,Brugge (Bruges),VWV,123-----,307.0,5113N 00314E
BE,BRU,Brussel (Bruxelles),BRU,1234----,1101.0,5050N 00420E
BE,BRU,Bruxelles (Brussel),BRU,1234----,1101.0,5050N 00420E
BE,BRY,Bruyelle,WHT,1-3-----,307.0,5033N 00325E
BE,BHU,Buggenhout,VOV,1-3-----,307.0,5101N 00412E
BE,BUD,Burcht,VAN,1-3-----,307.0,5112N 00421E
BE,CLN,Calonne,WHT,1-3-----,307.0,5034N 00326E
BE,KAN,Canne (Kanne),VLI,1-3-----,307.0,5049N 00540E
BE,CRL,Charleroi,WHT,1234----,307.0,5025N 00426E
BE,CTL,Chatelineau,WHT,1-3-----,307.0,5025N 00431E
BE,CRA,Cheratte,WLG,1-3-----,307.0,5041N 00540E
BE,CRQ,Chercq,WHT,1-3-----,307.0,5035N 00324E
BE,CTA,Chertal,WLG,123-----,601.0,5041N 00540E
BE,CBQ,Clabecq,WBR,123-----,307.0,5041N 00413E
BE,COM,Comines,WHT,1-3-----,307.0,5046N 00259E
BE,COU,Couillet,WHT,1-3-----,307.0,5023N 00427E
BE,CCS,Courcelles,WHT,123-----,307.0,5028N 00422E
BE,DKN,Daknam,VOV,123-----,601.0,5108N 00359E
BE,DPY,Dampremy,WHT,1-3-----,307.0,5025N 00424E
BE,DPE,De Pinte,VOV,123-----,307.0,5100N 00339E
BE,DEZ,Deinze,VOV,1-3-----,307.0,5059N 00332E
BE,DNB,Denderbelle,VOV,1-3-----,601.0,5100N 00405E
BE,IAI,Denderhoutem,VOV,1-3-----,901.0,
BE,DRW,Denderleeuw,VOV,1-3-----,307.0,5053N 00404E
BE,DDR,Dendermonde,VOV,1-3-----,307.0,5102N 00407E
BE,DSE,Dessel,VAN,1-3-----,307.0,5114N 00507E
BE,DSL,Desselgem,VWV,1-3-----,307.0,5053N 00321E
BE,DEG,Deurne,VAN,1-3-----,307.0,5113N 00428E
BE,DXN,Deux-Acren,WHT,1-3-----,307.0,5044N 00351E
BE,DPK,Diepenbeek,VLI,1-3-----,307.0,5054N 00524E
BE,DIK,Diksmuide,VWV,1-3-----,307.0,5102N 00252E
BE,DLS,Dilsen,VLI,1-3-----,307.0,5102N 00544E
BE,DIA,Dinant,WNA,1-3-----,307.0,5016N 00455E
BE,DEL,Doel,VOV,1-3-----,307.0,5119N 00416E
BE,TRN,Doornik (Tournai),WHT,123-----,307.0,5036N 00323E
BE,DGN,Drongen,VOV,1-3-----,307.0,5103N 00340E
BE,DUF,Duffel,VAN,1-3-----,307.0,5106N 00431E
BE,9IR,Eben-Emael,WLG,1-3-----,1407.0,5048N 00540E
BE,EEK,Eeklo,VOV,1-3-----,307.0,5111N 00334E
BE,EBZ,Eigenbilzen,VLI,1-3-----,307.0,5052N 00535E
BE,EHT,Eindhout,VAN,1-3-----,307.0,5106N 00500E
BE,EIN,Eine,VOV,1-3-----,307.0,5052N 00337E
BE,ESD,Eisden,VLI,1-3-----,307.0,5059N 00543E
BE,EQE,Eke,VOV,123-----,601.0,5057N 00338E
BE,EKE,Ekeren,VAN,1-3-----,307.0,5117N 00425E
BE,EKS,Eksaarde,VOV,123-----,601.0,5109N 00358E
BE,EBM,Emblem,VAN,1-3-----,307.0,5110N 00436E
BE,EAM,Ename,VOV,123-----,601.0,5051N 00338E
BE,ENG,Engis,WLG,1-3-----,307.0,5035N 00525E
BE,REQ,Erquelinnes,WHT,1-3-----,307.0,5018N 00407E
BE,ERE,Ertvelde,VOV,1-3-----,307.0,5111N 00345E
BE,EFS,Escanaffles,WHT,1-3-----,307.0,5045N 00326E
BE,SPI,Espierres (Spiere),VWV,1-3-----,307.0,5043N 00321E
BE,EQM,Esquelmes,WHT,1-3-----,307.0,5040N 00320E
BE,EMP,Estaimpuis,WHT,123-----,307.0,5042N 00315E
BE,EET,Ethe,WLX,1----6--,1201.0,4935N 00535E
BE,EVM,Evergem,VOV,1-3-----,307.0,5107N 00342E
BE,FCS,Farciennes,WHT,123-----,307.0,5026N 00433E
BE,FEY,Feluy,WHT,1-3-----,307.0,5034N 00415E
BE,FWI,Flawinne,WNA,1-3-----,307.0,5028N 00448E
BE,FMA,Flemalle,WLG,1-3-----,307.0,5036N 00528E
BE,FLN,Flone,WLG,1-3-----,307.0,5034N 00520E
BE,FLO,Floreffe,WNA,1-3-----,307.0,5026N 00447E
BE,FFX,Floriffoux,WNA,1-3-----,307.0,5027N 00446E
BE,FVT,Fontaine-Valmont,WHT,1-3-----,307.0,5019N 00412E
BE,FRM,Fortem,VWV,1-3-----,307.0,5101N 00244E
BE,FNR,Franiere,WNA,123-----,601.0,5026N 00444E
BE,GVR,Gavere,VOV,1-3-----,307.0,5056N 00340E
BE,GEL,Geel,VAN,1-3-----,307.0,5110N 00500E
BE,GLK,Gellik,VLI,1-3-----,307.0,5053N 00536E
BE,GBH,Genenbos,VLI,1-3-----,307.0,5101N 00514E
BE,GNK,Genk,VLI,1-3-----,307.0,5058N 00530E
BE,GNE,Gent (Ghent),VOV,1234----,307.0,5103N 00343E
BE,GBU,Gentbrugge,VOV,1-3-----,307.0,5103N 00345E
BE,GEA,Geraardsbergen,VOV,1-3-----,307.0,5046N 00352E
BE,GHL,Ghlin,WHT,1-3-----,307.0,5028N 00353E
BE,GDN,Godinne,WNA,123-----,307.0,5021N 00452E
BE,GDE,Godsheide,VLI,1-3-----,307.0,5056N 00523E
BE,GOS,Gosselies,WHT,1-3-----,307.0,5028N 00425E
BE,GGM,Grembergen,VOV,1-3-----,307.0,5103N 00406E
BE,GRB,Grimbergen,VBR,1-3-----,307.0,5056N 00423E
BE,GBB,Grobbendonk,VAN,1-3-----,307.0,5112N 00443E
BE,GRO,Groot Bijgaarden,BRU,123-----,901.0,5052N 00416E
BE,HCT,Haccourt,WLG,1-3-----,307.0,5044N 00540E
BE,HFB,Halle,VBR,1-3-----,307.0,5044N 00414E
BE,HLU,Halluin,VWV,123-----,601.0,5047N 00308E
BE,HMM,Hamme,VOV,123-----,307.0,5105N 00332E
BE,HAM,Hamsehoeven,VLI,1-3-----,307.0,5107N 00511E
BE,HMB,Ham-sur-Sambre,WNA,1-3-----,601.0,5026N 00440E
BE,HNA,Handzame,VWV,123-----,601.0,5101N 00300E
BE,HBE,Hansbeke,VOV,1-3-----,307.0,5104N 00332E
BE,HCS,Harchies,WHT,1-3-----,307.0,5029N 00341E
BE,HEJ,Harelbeke,VWV,1-3-----,307.0,5051N 00318E
BE,HAR,Haren,VBR,123-----,601.0,5053N 00425E
BE,HSS,Hasselt,VLI,1-3-----,307.0,5056N 00520E
BE,HPD,Hastiere-par-dela,WNA,123-----,307.0,5013N 00450E
BE,HTJ,Hautrage,WHT,1-3-----,307.0,5029N 00345E
BE,HRE,Havre,WHT,1-3-----,307.0,5028N 00402E
BE,HEE,Heer,WNA,1-3-----,307.0,5010N 00450E
BE,HDK,Heindonk,VAN,1-3-----,307.0,5104N 00424E
BE,HKN,Helkijn,VWV,1-3-----,307.0,5044N 00323E
BE,HEX,Hemiksem,VAN,1-3-----,307.0,5109N 00421E
BE,HNS,Hensies,WHT,1-3-----,307.0,5026N 00340E
BE,HYB,Herdersem,VOV,1-3-----,307.0,5058N 00404E
BE,HET,Herent,VLI,1-3-----,307.0,5112N 00527E
BE,HER,Herentals,VAN,1-3-----,307.0,5111N 00450E
BE,HMH,Hermalle-sous-Huy,WLG,1-3-----,307.0,5033N 00522E
BE,HTM,Hermeton-sur-Meuse,WNA,123-----,601.0,5012N 00449E
BE,HRS,Herstal,WLG,1-3-----,307.0,5040N 00538E
BE,TTJ,Heultje,BRU,1-3-----,901.0,
BE,HVE,Hever,VBR,1-3-----,307.0,5100N 00433E
BE,HBN,Hoboken,VAN,1-3-----,307.0,5110N 00421E
BE,HSD,Hofstade,VOV,1-3-----,307.0,5058N 00402E
BE,HOL,Hollain,WHT,1-3-----,307.0,5032N 00325E
BE,HGA,Houdeng-Aimeries,WHT,1-3-----,307.0,5029N 00408E
BE,HGG,Houdeng-Goegnies,WHT,1-3-----,307.0,5029N 00409E
BE,HRP,Hourpes,WHT,1-3-----,307.0,5022N 00417E
BE,HUX,Houx,WNA,123-----,601.0,5018N 00454E
BE,WAH,Hoves,WAL,1-3-----,901.0,
BE,HUM,Humbeek,VBR,1-3-----,307.0,5058N 00423E
BE,HUY,Huy,WLG,1-3-----,307.0,5031N 00514E
BE,IGE,Ingelmunster,VWV,1-3-----,307.0,5055N 00315E
BE,ISR,Isieres,WHT,1-3-----,307.0,5040N 00349E
BE,ITR,Itter (Ittre),WBR,1-3-----,307.0,5039N 00416E
BE,ITR,Ittre (Itter),WBR,1-3-----,307.0,5039N 00416E
BE,YRT,Ivoz-Ramet,WLG,1-3-----,307.0,5035N 00526E
BE,IZG,Izegem,VWV,1-3-----,307.0,5055N 00312E
BE,JAM,Jambes,WNA,123-----,307.0,5027N 00453E
BE,JAV,Java,WLG,1-3-----,307.0,5031N 00509E
BE,JPS,Jemeppe-sur-Sambre,WNA,1-3-----,307.0,5028N 00440E
BE,JAK,Jupille-sur-Meuse,WLG,1-3-----,307.0,5039N 00538E
BE,KCT,Kachtem,VWV,123-----,601.0,5056N 00311E
BE,KAI,Kain,WHT,1-3-----,307.0,5038N 00322E
BE,KOU,Kallo,VOV,1-3-----,307.0,5115N 00417E
BE,KMH,Kampenhout,VBR,1-3-----,307.0,5057N 00433E
BE,KAN,Kanne (Canne),VLI,1-3-----,307.0,5049N 00540E
BE,KPB,Kapelle-op-den-Bos,VBR,1-3-----,701.0,5101N 00422E
BE,KLE,Kaulille,VLI,1-3-----,307.0,5111N 00531E
BE,KHN,Kerkhove,VWV,1-3-----,307.0,5048N 00330E
BE,KSN,Kessenich,VLI,1-3-----,307.0,5109N 00549E
BE,KDE,Kieldrecht,VOV,1-3-----,307.0,5117N 00410E
BE,KRO,Kinrooi,VLI,1-3-----,307.0,5109N 00545E
BE,KVE,Klein Veerle,VAN,1-3-----,307.0,5120N 00440E
BE,KSR,Kluisbergen,VOV,1-3-----,307.0,5047N 00331E
BE,KNS,Knesselaere,VOV,1-3-----,307.0,5108N 00325E
BE,KJK,Kortrijk,VWV,1234----,307.0,5050N 00316E
BE,KEK,Kruibeke,VOV,1-3-----,307.0,5110N 00419E
BE,KRN,Kuringen,VLI,123-----,307.0,5057N 00518E
BE,KUU,Kuurne,VWV,1-3-----,307.0,5051N 00317E
BE,KWA,Kwaadmechelen,VLI,1-3-----,307.0,5106N 00508E
BE,RAR,La Roche-en-Ardenne,WLX,1-3-----,307.0,5011N 00535E
BE,BSI,Labuissiere,WHT,1-3-----,307.0,5019N 00410E
BE,LUZ,Ladeuze,WHT,1-3-----,601.0,5034N 00346E
BE,LAN,Lanaken,VLI,1-3-----,307.0,5053N 00539E
BE,LNY,Lanaye (Ternaaien),WLG,1-3-----,307.0,5047N 00541E
BE,LGM,Landegem,VOV,123-----,601.0,5103N 00334E
BE,LDS,Landelies,WHT,1-3-----,307.0,5023N 00421E
BE,LGB,Langerbrugge,VOV,1-3-----,307.0,5107N 00344E
BE,LGO,Langerlo,VLI,1-3-----,307.0,5057N 00530E
BE,LNK,Lanklaar,VLI,1-3-----,307.0,5101N 00543E
BE,LQA,Lanquesaint,WHT,123-----,601.0,5039N 00348E
BE,LPI,Laplaigne,WHT,1-3-----,307.0,5031N 00326E
BE,LAW,Lauwe,VWV,123-----,601.0,5048N 00311E
BE,ROU,Le Roeulx,WHT,1-3-----,307.0,5030N 00406E
BE,LRG,Ledeberg,VOV,1-3-----,307.0,5102N 00345E
BE,LFE,Leffinge,VWV,1-3-----,307.0,5110N 00253E
BE,LBE,Lembeek,VBR,1-3-----,307.0,5043N 00413E
BE,LPG,Leopoldsburg,VLI,1-3-----,307.0,5107N 00515E
BE,LES,Lessines,WHT,123-----,307.0,5043N 00350E
BE,LEU,Leuven,VBR,1-3-----,307.0,5053N 00442E
BE,LHK,Liefkenshoek,VOV,1-3-----,307.0,5101N 00353E
BE,LGG,Liege,WLG,1--4----,212.0,5038N 00534E
BE,LIE,Lier,VAN,1-3-----,307.0,5108N 00434E
BE,LIL,Lillo,VAN,1-3-----,307.0,5118N 00418E
BE,LSG,Lissewege,VWV,1-3-----,307.0,5118N 00311E
BE,LIX,Lixhe,WLG,1-3-----,307.0,5045N 00540E
BE,LBS,Lobbes,WHT,1-3-----,307.0,5021N 00415E
BE,LOK,Lokeren,VOV,1-3-----,307.0,5106N 00359E
BE,LML,Lommel,VLI,1-3-----,307.0,5114N 00518E
BE,LOT,Lot,VBR,123-----,307.0,5046N 00416E
BE,LOZ,Lozen,VLI,1-3-----,307.0,5112N 00534E
BE,LUM,Lummen,VLI,1-3-----,307.0,5059N 00512E
BE,LUI,Lustin,WNA,123-----,601.0,5023N 00454E
BE,MSK,Maaseik,VLI,1-3-----,307.0,5106N 00548E
BE,MMN,Maasmechelen,VLI,1-3-----,307.0,5049N 00540E
BE,MFF,Maffle,WHT,1-3-----,307.0,5037N 00348E
BE,MSR,Maisieres,WHT,1-3-----,307.0,5029N 00357E
BE,MAN,Manage,WHT,1-3-----,307.0,5030N 00413E
BE,WBR,Maransart,WBR,1----6--,1201.0,5040N 00427E
BE,MLD,Marche-les-Dames,WNA,1-3-----,307.0,5029N 00458E
BE,MAP,Marchienne-au-Pont,WHT,1-3-----,307.0,5024N 00423E
BE,MLY,Marly,VBR,1-------,307.0,5053N 00423E
BE,MHN,Massenhoven,VAN,1-3-----,307.0,5112N 00437E
BE,MBY,Maubray,WHT,123-----,601.0,5033N 00330E
BE,MRG,Maurage,WHT,1-3-----,307.0,5027N 00405E
BE,ECH,Mechelen,VAN,1-3-----,307.0,5102N 00428E
BE,MEE,Meer,VAN,1-3-----,307.0,5127N 00444E
BE,MEH,Meerhout,VAN,1-3-----,307.0,5108N 00505E
BE,MGM,Meigem,VOV,1-3-----,601.0,5101N 00332E
BE,MEG,Meilegem,VOV,1-3-----,601.0,5054N 00342E
BE,MEL,Melle,VOV,1-3-----,307.0,5100N 00348E
BE,ELS,Melsen,VOV,1-3-----,601.0,5058N 00342E
BE,MEN,Menen,VWV,123-----,307.0,5048N 00307E
BE,MRL,Merelbeke,VOV,1-3-----,307.0,5100N 00345E
BE,MRD,Merendree,VOV,1-3-----,307.0,5105N 00335E
BE,MRM,Merkem,VWV,1-3-----,307.0,5057N 00251E
BE,MRK,Merksem,VAN,1-3-----,307.0,5115N 00427E
BE,MSP,Mespelare,VOV,1-3-----,601.0,5100N 00404E
BE,MNO,Moen,VWV,1-3-----,307.0,5046N 00324E
BE,MEW,Moerbeke-Waas,VOV,1-3-----,307.0,5110N 00356E
BE,MRB,Moerbrugge,VWV,123-----,601.0,5110N 00316E
BE,MZK,Moerzeke,VOV,1-3-----,601.0,5104N 00409E
BE,MGN,Moignelee,WNA,123-----,601.0,5027N 00435E
BE,MLO,Mol,VAN,1-3-----,307.0,5111N 00506E
BE,MSJ,Molenbeek-Saint-Jean (Sint-Jans-Molenbeek)/Brussel (Bruxelles),BRU,1-3-----,307.0,5051N 00419E
BE,MSS,Monceau-sur-Sambre,WHT,1-3-----,307.0,5025N 00422E
BE,MQS,Mons,WHT,1-3-----,307.0,5027N 00356E
BE,MSI,Monsin,WLG,1-3-----,307.0,5040N 00538E
BE,MGS,Montignies-sur-Sambre,WHT,1-3-----,307.0,5024N 00430E
BE,MRO,Mornimont,WNA,123-----,601.0,5027N 00442E
BE,MUI,Muizen,VAN,123-----,307.0,5101N 00431E
BE,NMC,Nameche,WNA,123-----,601.0,5028N 00500E
BE,NAM,Namur,WNA,123-----,307.0,5028N 00452E
BE,NVH,Neder-Over-Heembeek,VBR,1-3-----,307.0,5054N 00423E
BE,NHA,Neerharen,VLI,1-3-----,601.0,5055N 00541E
BE,NRT,Neeroeteren,VLI,1-3-----,307.0,5105N 00542E
BE,NRP,Neerpelt,VLI,123-----,307.0,5113N 00525E
BE,NFE,Neffe,WNA,123-----,601.0,5014N 00455E
BE,NHY,Neuville-sous-Huy,WLG,123-----,601.0,5032N 00517E
BE,NVL,Nevele,VOV,1-3-----,307.0,5102N 00333E
BE,NIL,Niel,VAN,1-3-----,307.0,5107N 00420E
BE,NIE,Nieuwpoort,VWV,1-3-----,307.0,5108N 00245E
BE,NYL,Nijlen,VAN,1-3-----,307.0,5110N 00439E
BE,NBA,Nimy,WHT,1-3-----,307.0,5028N 00357E
BE,NNV,Ninove,VOV,123-----,307.0,5050N 00401E
BE,NVN,Noeveren,VAN,1-3-----,307.0,5106N 00421E
BE,OBR,Obourg,WHT,123-----,307.0,5028N 00400E
BE,OEL,Oelegem,VAN,1-3-----,307.0,5113N 00435E
BE,OSG,Oeselgem,VWV,1-3-----,601.0,5056N 00326E
BE,OEV,Oevel,VAN,1-3-----,307.0,5108N 00453E
BE,OQC,Oisquercq,WBR,123-----,307.0,5040N 00413E
BE,OKG,Okegem,VOV,123-----,601.0,5051N 00403E
BE,OLN,Olen,VAN,1-3-----,307.0,5109N 00451E
BE,OGS,Ollignies,WHT,1-3-----,307.0,5041N 00351E
BE,OBT,Ombret-Rawsa,WLG,1-3-----,307.0,5033N 00520E
BE,OZL,Onkerzele,VOV,123-----,601.0,5047N 00354E
BE,OOG,Ooigem,VWV,1-3-----,307.0,5053N 00320E
BE,OST,Oostende (Ostend),VWV,123-----,1201.0,5112N 00255E
BE,OTL,Oosterlo,VAN,1-3-----,601.0,5107N 00458E
BE,OKP,Oostkamp,VWV,1-3-----,307.0,5109N 00314E
BE,OTK,Oostkerke,VWV,1-3-----,601.0,5117N 00317E
BE,OHN,Ophoven,VLI,1-3-----,307.0,5107N 00548E
BE,OPI,Opitter,VLI,1-3-----,601.0,5107N 00539E
BE,ORR,Orroir,WHT,123-----,601.0,5045N 00328E
BE,OST,Ostend (Oostende),VWV,123-----,1201.0,5112N 00255E
BE,OUD,Oudenaarde,VOV,1-3-----,307.0,5051N 00336E
BE,OBG,Oudenburg,VWV,1-3-----,307.0,5111N 00300E
BE,ODE,Oudergem (Auderghem)/Brussel (Bruxelles),BRU,1-3-----,307.0,5049N 00426E
BE,OTH,Oud-Turnhout,VAN,1-3-----,307.0,5119N 00459E
BE,OUG,Ougree,WLG,1-3-----,307.0,5036N 00532E
BE,OPY,Oupeye,WLG,1-3-----,307.0,5042N 00539E
BE,OLE,Overboelare,VOV,1-3-----,307.0,5045N 00351E
BE,OVE,Overpelt,VLI,123-----,307.0,5113N 00525E
BE,PAL,Paal,VLI,1-3-----,307.0,5102N 00511E
BE,PML,Pamel,VBR,1-3-----,601.0,5050N 00404E
BE,PCQ,Pecq,WHT,1-3-----,307.0,5041N 00320E
BE,PES,Peronnes,WHT,1-3-----,307.0,5033N 00326E
BE,PLB,Peronnes/Binche,WHT,1-3-----,307.0,5026N 00408E
BE,PLY,Petit-Lanaye,WLG,1-3-----,507.0,5047N 00541E
BE,PTP,Pijp Tabak,VAN,1-3-----,307.0,5114N 00421E
BE,PKH,Pollinkhove,VWV,1-3-----,601.0,5058N 00244E
BE,PME,Pommeroeul,WHT,1-3-----,307.0,5027N 00342E
BE,PCL,Pont-a-Celles,WHT,1-3-----,307.0,5030N 00421E
BE,PLO,Pont-de-Loup,WHT,1-3-----,307.0,5025N 00432E
BE,PTS,Pottes,WHT,1-3-----,307.0,5044N 00324E
BE,PFE,Profondeville,WNA,1-3-----,307.0,5023N 00452E
BE,PUU,Puurs,VAN,1-3-----,307.0,5105N 00417E
BE,RCI,Ramegnies-Chin,WHT,123-----,307.0,5039N 00319E
BE,RVS,Ravels,VAN,1-3-----,307.0,5122N 00500E
BE,RBX,Rebaix,WHT,1-3-----,307.0,5039N 00347E
BE,REK,Rekkem,VOV,1-3-----,307.0,5050N 00337E
BE,RGE,Reninge,VWV,1-3-----,307.0,5057N 00247E
BE,NRY,Renory,WLG,1-3-----,307.0,5036N 00533E
BE,RTI,Retie,VAN,1-3-----,307.0,5116N 00504E
BE,RCL,Richelle,WLG,123-----,601.0,5043N 00541E
BE,RIE,Rieme,VOV,1-3-----,307.0,5110N 00347E
BE,RIJ,Rijkevorsel,VAN,1-3-----,307.0,5121N 00446E
BE,XXX,RIS Inland waterways,,1-------,1101.0,
BE,RVE,Riviere,WNA,1-3-----,307.0,5021N 00452E
BE,RJT,Rocourt,WAL,1----6--,1007.0,5041N 00533E
BE,RBE,Roesbrugge,VWV,1-3-----,307.0,5055N 00237E
BE,RHA,Roesbrugge-Haringe,VWV,1-3-----,307.0,5055N 00237E
BE,ROE,Roeselare,VWV,1-3-----,307.0,5057N 00308E
BE,RQS,Ronquieres,WHT,123-----,601.0,5036N 00413E
BE,ROS,Roselies,WHT,123-----,601.0,5026N 00435E
BE,RCT,Roucourt,WHT,1-3-----,307.0,5032N 00335E
BE,ROX,Roux,WHT,1-3-----,307.0,5026N 00423E
BE,RUE,Ruien,VOV,1-3-----,307.0,5046N 00329E
BE,SVG,Ruisbroek,VAN,1-3-----,307.0,5105N 00420E
BE,RUI,Ruisbroek,VBR,1-3-----,307.0,5047N 00418E
BE,RUS,Rumst,VAN,1-3-----,307.0,5105N 00425E
BE,RPM,Rupelmonde,VOV,1-3-----,401.0,5108N 00417E
BE,GHI,Saint-Ghislain,WHT,123-----,1101.0,5027N 00349E
BE,SLS,Salles,WHT,1-3-----,307.0,5003N 00415E
BE,SSO,Samson,WNA,123-----,601.0,5028N 00459E
BE,VIT,Sankt Vith,,123-----,901.0,5040N 00642E
BE,SLJ,Sas-Slijkens,VWV,123-----,601.0,5113N 00257E
BE,SPE,Scheepsdale,VWV,1-3-----,307.0,5113N 00312E
BE,SHR,Schelderode,VOV,1-3-----,601.0,5058N 00343E
BE,SHL,Schelle,VAN,1-3-----,307.0,5108N 00420E
BE,SHB,Schellebelle,VOV,1-3-----,307.0,5101N 00356E
BE,SCE,Schilde,VAN,1-3-----,307.0,5114N 00434E
BE,SNE,Schoonaarde,VOV,1-3-----,307.0,5100N 00401E
BE,SCT,Schoten,VAN,1-3-----,307.0,5115N 00430E
BE,SGX,Sclaigneaux,WNA,1-3-----,307.0,5030N 00500E
BE,SLY,Sclayn,WNA,1-3-----,307.0,5029N 00502E
BE,SSN,Sclessin,WLG,1-3-----,307.0,5037N 00533E
BE,SES,Seilles,WNA,123-----,307.0,5030N 00504E
BE,SEN,Seneffe,WHT,123-----,307.0,5031N 00415E
BE,ZER,Seraing,WLG,1-3-----,307.0,5036N 00529E
BE,SKA,Sint Katelijne Waver,,1-3-----,901.0,
BE,SAS,Sint-Amands,VAN,1-3-----,1101.0,5103N 00412E
BE,SAN,Sint-Andries,VWV,1-3-----,1101.0,5111N 00311E
BE,HSL,Sint-Huibrechts-Lille,VLI,1-3-----,1101.0,5113N 00529E
BE,JKP,Sint-Jacobs-Kapelle,VWV,123-----,601.0,5100N 00249E
BE,MSJ,Sint-Jans-Molenbeek (Molenbeek-Saint-Jean)/Brussel (Bruxelles),BRU,1-3-----,307.0,5051N 00419E
BE,SJG,Sint-Job-in-'t-Goor,VAN,1-3-----,307.0,5118N 00434E
BE,SJR,Sint-Joris,VWV,1-3-----,1101.0,5108N 00246E
BE,SJO,Sint-Jozef-Olen,VAN,1-3-----,1101.0,5111N 00453E
BE,SLN,Sint-Lenaarts,VAN,1-3-----,1101.0,5121N 00441E
BE,SML,Sint-Martens-Latem,VOV,1-3-----,1101.0,5101N 00338E
BE,SSK,Snaaskerke,VWV,1-3-----,307.0,5111N 00256E
BE,SSB,Solre-sur-Sambre,WHT,123-----,601.0,5018N 00408E
BE,SDT,Soudromont,WHT,123-----,307.0,5031N 00415E
BE,SPI,Spiere (Espierres),VWV,1-3-----,307.0,5043N 00321E
BE,SBG,Stambruges,WHT,1-3-----,307.0,5030N 00343E
BE,SGM,Stasegem,VWV,1-3-----,307.0,5050N 00318E
BE,STT,Statte,WLG,123-----,601.0,5032N 00513E
BE,SBE,Steenbrugge,VWV,1-3-----,307.0,5111N 00314E
BE,SDP,Steendorp,VOV,1-3-----,307.0,5108N 00416E
BE,SVN,Stevensvennen,VLI,1-3-----,307.0,5113N 00514E
BE,SKR,Stokrooie,VLI,1-3-----,307.0,5058N 00516E
BE,TMS,Tamines,WNA,1-3-----,307.0,5026N 00436E
BE,TSE,Temse,VOV,1-3-----,307.0,5108N 00413E
BE,TFN,Teralfene,VBR,123-----,601.0,5054N 00406E
BE,TDK,Terdonk,VOV,1-3-----,307.0,5109N 00347E
BE,TGE,Tergnee,WHT,123-----,307.0,5026N 00433E
BE,TGN,Terhagen,VAN,1-3-----,307.0,5105N 00424E
BE,LNY,Ternaaien (Lanaye),WLG,1-3-----,307.0,5047N 00541E
BE,TER,Ternat,VBR,1-3-----,307.0,5052N 00411E
BE,TET,Tertre,WHT,1-3-----,307.0,5028N 00348E
BE,TES,Tessenderlo,VLI,1-3-----,307.0,5104N 00505E
BE,THE,Thieu,WHT,1-3-----,307.0,5028N 00405E
BE,TRG,Thorembais-les-Beguines,WBR,1-3-----,901.0,
BE,TOB,Thorntonbank,,1-------,1301.0,5138N 00255E
BE,THU,Thuin,WHT,1-3-----,307.0,5020N 00417E
BE,TIL,Tielrode,VOV,1-3-----,307.0,5107N 00411E
BE,THG,Tihange,WLG,1-3-----,307.0,5032N 00516E
BE,TLK,Tildonk,VBR,1-3-----,307.0,5057N 00438E
BE,TLR,Tilleur,WLG,123-----,601.0,5037N 00532E
BE,TIS,Tisselt,VAN,1-3-----,307.0,5102N 00422E
BE,TGL,Tongerlo,VLI,1-3-----,307.0,5108N 00540E
BE,TSL,Tourinnes-St-Lambert,WAL,1----6--,1001.0,5038N 00443E
BE,TRN,Tournai (Doornik),WHT,123-----,307.0,5036N 00323E
BE,TBE,Tournebride,VLI,1-3-----,307.0,5054N 00541E
BE,TUR,Turnhout,VAN,1-3-----,307.0,5119N 00457E
BE,UIT,Uitbergen,VOV,1-3-----,307.0,5101N 00357E
BE,VSB,Val Saint-Lambert,WLG,1-3-----,1207.0,5035N 00529E
BE,VLX,Vaulx,WHT,1-3-----,307.0,5004N 00422E
BE,VWZ,Veldwezelt,VLI,1-3-----,307.0,5052N 00538E
BE,VBG,Verbrande Brug,VBR,1-3-----,307.0,5057N 00425E
BE,VEU,Veurne,VWV,1-3-----,307.0,5104N 00240E
BE,VZI,Vezin,WNA,123-----,601.0,5030N 00501E
BE,VSL,Viersel,VAN,1-3-----,307.0,5111N 00438E
BE,VVI,Viesville,WHT,1-3-----,307.0,5029N 00424E
BE,VSH,Ville-sur-Haine,WHT,1-3-----,307.0,5028N 00403E
BE,VIL,Vilvoorde,VBR,1-3-----,307.0,5056N 00426E
BE,VGL,Virginal-Samme,WBR,1-3-----,307.0,5038N 00411E
BE,VHN,Vroenhoven,VLI,1-3-----,307.0,5049N 00538E
BE,WDM,Waardamme,VWV,1-3-----,901.0,5107N 00313E
BE,WAA,Waasmunster,VOV,1-3-----,307.0,5106N 00405E
BE,WLM,Walem,VAN,1-3-----,601.0,5104N 00428E
BE,WND,Wandre,WLG,1-3-----,307.0,5040N 00539E
BE,WAN,Wanze,WLG,1-3-----,307.0,5032N 00513E
BE,WCG,Warcoing,WHT,1-3----B,307.0,5042N 00320E
BE,WAR,Waregem,VWV,1-3-----,307.0,5053N 00325E
BE,BWN,Warneton,WHT,1-3-----,307.0,5045N 00257E
BE,WLT,Waulsort,WNA,1-3-----,307.0,5013N 00452E
BE,WEL,Wellen,VLI,1-3-----,307.0,5051N 00519E
BE,WIP,Wepion,WNA,1-3-----,307.0,5025N 00452E
BE,WER,Wervik,VWV,1-3-----,307.0,5047N 00302E
BE,WET,Wetteren,VOV,1-3-----,307.0,5100N 00353E
BE,WEV,Wevelgem,VWV,1-3-----,307.0,5048N 00310E
BE,WIH,Wichelen,VOV,1-3-----,307.0,5100N 00359E
BE,WIR,Wiers,WHT,1-3-----,307.0,5030N 00332E
BE,WGL,Wijgmaal,VBR,1-3-----,307.0,5056N 00442E
BE,WJG,Wijnegem,VAN,1-3-----,307.0,5114N 00432E
BE,WLB,Willebroek,VAN,1-3-----,307.0,5104N 00422E
BE,WEE,Wingene,VWV,1-3-----,307.0,5104N 00316E
BE,WTH,Wintham,VAN,1-3-----,307.0,5106N 00418E
BE,WDG,Wondelgem,VOV,1-3-----,307.0,5105N 00343E
BE,WLP,Wulpen,VWV,1-3-----,601.0,5106N 00242E
BE,YVO,Yvoir,WNA,1-3-----,307.0,5020N 00453E
BE,ZBR,Zandbergen,VOV,1-3-----,307.0,5048N 00358E
BE,ZVT,Zandvliet,VAN,1-3-----,307.0,5122N 00418E
BE,ZVD,Zandvoorde,VWV,1-3-----,307.0,5112N 00258E
BE,ZEE,Zeebrugge,VWV,1-3-----,307.0,5120N 00312E
BE,ZLE,Zele,VOV,1-3-----,307.0,5104N 00402E
BE,ZEL,Zelzate,VOV,1-3-----,307.0,5112N 00349E
BE,ZET,Zemst,VBR,1-3-----,307.0,5059N 00428E
BE,ZGM,Zingem,VOV,1-3-----,307.0,5054N 00339E
BE,ZOD,Zolder,VLI,1-3-----,307.0,5101N 00518E
BE,ZRM,Zomergem,VOV,1-3-----,307.0,5107N 00333E
BE,ZUN,Zuen (Zuun),VBR,1-3-----,307.0,5047N 00416E
BE,ZUL,Zulte,VOV,1-3-----,307.0,5055N 00326E
BE,ZTL,Zutendaal,VLI,1-3-----,307.0,5056N 00534E
BE,ZUN,Zuun (Zuen),VBR,1-3-----,307.0,5047N 00416E
BE,ZWE,Zwevegem,VWV,1-3-----,307.0,5048N 00320E
BE,ZWN,Zwijnaarde,VOV,1-3-----,307.0,5100N 00343E
BE,ZWL,Zwijndrecht,VAN,1-3-----,307.0,5113N 00420E
BF,OB2,Ziniare,OUB,1-3-----,1407.0,1235N 00118W
BG,AKH,Akhtopol,,1-------,212.0,4206N 02757E
BG,BAL,Balchik,,1-------,212.0,4325N 02810E
BG,BOJ,Burgas,,1-------,8201.0,
BG,VT4,Byala Cherkva,04,1-3-----,1401.0,4312N 02518E
BG,BSL,Byala Slatina,,123-----,601.0,4328N 02357E
BG,GUR,Gurkovo,24,123-----,1401.0,4239N 02547E
BG,4IG,Ignatievo,03,1-3-----,1407.0,4315N 02746E
BG,KUK,Kuklen,16,1-3-----,1307.0,4202N 02447E
BG,MAB,Marchevo,01,1----6--,1201.0,4136N 02348E
BG,NES,Nessebar,,1-3-----,307.0,4239N 02744E
BG,NPO,Nikopol,15,123-----,507.0,4341N 02453E
BG,OKH,Oryakhovo,,123-----,601.0,4344N 02357E
BG,POD,Podayva,17,1-------,901.0,
BG,XXX,RIS Inland waterways,,1-------,1101.0,
BG,RDU,Ruse,,1234----,607.0,4351N 02558E
BG,SLS,Silistra,,1--4----,9601.0,
BG,SOM,Somovit,,1-------,8201.0,
BG,SOZ,Sozopol,,1-3-----,307.0,4225N 02742E
BG,S3W,Straldzha,28,1-3-----,1407.0,4236N 02641E
BG,SVI,Svistov,,1-------,8201.0,
BG,VAR,Varna,,1--4----,9601.0,
BG,VAZ,Varna-Zapad,,1-------,8201.0,
BG,VID,Vidin,,1234----,9601.0,
BH,AHD,Al Hidd,15,1-3--67-,1101.0,2614N 05039E
BH,GBQ,Al Muharraq,15,1-------,1101.0,2615N 05036E
BH,KBS,Khalifa Bin Salman Port,15,1-------,1101.0,2612N 05037E
BH,MIN,Mina Sulman Port,13,1-------,1101.0,2612N 05037E
BH,SIT,Sitrah,16,1-------,1101.0,2608N 05037E
BI,CBK,Cibitoke,BM,1-3-----,1307.0,0320S 02922E
BJ,COO,Cotonou,,1--45---,9601.0,
BJ,PTN,Porto-Novo,OU,123-----,401.0,0629N 00237E
BJ,SEM,Seme Terminal,,1-------,9506.0,
BL,SBH,Saint-Barthelemy,,1--45---,1901.0,1754N 06251W
BM,SEV,Devonshire,,1-------,1107.0,3218N 06445W
BM,FPT,Freeport,,1-------,8103.0,
BM,BDA,Hamilton,,1--45---,9601.0,
BM,HBI,Harbour Island,,1-------,212.0,2530N 07638W
BM,KWF,Kings Wharf,,1-3-----,901.0,
BM,SGE,Saint George,,1-------,212.0,3223N 06441W
BM,SAN,Sandys,,1-------,1701.0,3218N 06452W
BM,SOU,Southampton,,1-------,1207.0,3215N 06451W
BN,BWN,Bandar Seri Begawan,BM,1-345---,1601.0,0453N 11456E
BN,KUB,Kuala Belait,,1--4----,9401.0,
BN,LUM,Lumut,,1-------,8103.0,
BN,MUA,Muara,,1-------,8103.0,
BN,SER,Seria,,1-------,8103.0,
BN,TAS,Tanjong Salirong,,1-------,9506.0,
BO,CPB,Copacabana,L,1-3-----,1901.0,1609S 06905W
BO,GUQ,Guaqui,L,1-3-----,407.0,1635S 06852W
BO,HTJ,Huatajata,L,1-3-----,1807.0,1610S 06844W
BO,PBU,Puerto Busch,S,1-3-----,407.0,2002S 05758W
BO,PTC,Puerto Carabuco,L,1-3-----,1807.0,1545S 06904W
BO,PPR,Puerto Perez,L,1-3-----,1901.0,1616S 06838W
BO,QJR,Puerto Quijarro,S,1-3-----,501.0,1747S 05746W
BO,PUR,Puerto Rico,N,1-34----,407.0,1105S 06738W
BO,PSZ,Puerto Suarez,S,1--4----,212.0,1857S 05748W
BO,RIB,Riberalta,B,1-34----,407.0,1059S 06606W
BO,RBQ,Rurrenabaque,B,1-34----,407.0,1428S 06734W
BO,TDD,Trinidad,B,1-34----,407.0,1450S 06454W
BQ,BON,Bonaire,,1--45---,1307.0,1207N 06816W
BQ,RIN,Dorp Rincon,,1-3-----,1307.0,1214N 06820W
BQ,GOT,Goto,,1-------,1101.0,1213N 06823W
BQ,KRA,Kralendijk,,1-------,1101.0,1209N 06816W
BQ,SAB,Saba,,1--45---,1307.0,1738N 06314W
BQ,EUX,Sint Eustatius,,1--45---,1307.0,1729N 06258W
BR,AAR,Acara,PA,1-3-----,2107.0,0157S 04812W
BR,ACX,Acu Pt / Sao Joao da Barra,RJ,1-------,2107.0,2149S 04101W
BR,AFU,Afua,PA,1-3-----,2107.0,0009S 05023W
BR,ACT,Alcantara,MA,1-3-----,2107.0,0224S 04425W
BR,ALT,Alenquer,PA,1-34----,2207.0,0157S 05444W
BR,AMM,Almeirim,PA,1-34----,2207.0,0131S 05234W
BR,ATM,Altamira,PA,1-34----,2207.0,0312S 05212W
BR,ANA,Ananindeua,PA,1-3-----,2207.0,0122S 04822W
BR,ADR,Angra dos Reis,RJ,1-34-6--,2107.0,2300S 04419W
BR,ANH,Anhembi,SP,1-3-----,2207.0,2247S 04807W
BR,ANT,Antonina,PR,1-3-----,2107.0,2525S 04842W
BR,AJU,Aracaju,SE,1-34----,2107.0,1054S 03702W
BR,ARU,Aracatuba,SP,1-34----,2207.0,2112S 05026W
BR,RGC,Araguacema,TO,1-3-----,2207.0,0848S 04933W
BR,ANS,Araguatins,TO,1-34----,2207.0,0539S 04807W
BR,ARB,Aratu Pt / Candeias,BA,12------,2407.0,1247S 03830W
BR,ARE,Areia Branca,RN,1-3-----,2107.0,0457S 03707W
BR,ABZ,Armacao dos Buzios,RJ,1-3-----,2107.0,2245S 04153W
BR,AUN,Aruana,GO,1-34----,2207.0,1454S 05104W
BR,AUS,Autazes,AM,1-3-----,2207.0,0334S 05908W
BR,BCE,Bacabeira,MA,123-----,2107.0,0259S 04418W
BR,BAC,Balneario Camboriu,SC,1-3-----,2107.0,2659S 04838W
BR,BSS,Balsas,MA,1-34----,2207.0,0731S 04602W
BR,BAZ,Barcelos,AM,1-34----,2207.0,0058S 06255W
BR,BIR,Bariri,SP,1-34----,2207.0,2204S 04844W
BR,BQQ,Barra,BA,1-34----,2207.0,1105S 04308W
BR,RCH,Barra do Riacho Pt / Aracruz,ES,12------,2107.0,1951S 04002W
BR,BAR,Barra dos Coqueiros,SE,1-3-----,2107.0,1054S 03702W
BR,BEA,Barreirinha,AM,1-3-----,2207.0,0247S 05704W
BR,BEL,Belem,PA,1-34-6--,2107.0,0127S 04829W
BR,BLE,Belmonte,BA,1-3-----,2107.0,1551S 03852W
BR,BVI,Benevides,PA,1-3-----,2207.0,0121S 04814W
BR,BCT,Benjamin Constant,AM,1-3-----,2207.0,0422S 07001W
BR,BEI,Beruri,AM,1-3-----,2207.0,0353S 06122W
BR,BVR,Boa Vista do Ramos,AM,1-3-----,2207.0,0258S 05735W
BR,BOB,Borba,AM,1-34----,2207.0,0423S 05935W
BR,BVS,Breves,PA,1-34----,2207.0,0141S 05028W
BR,CDO,Cabedelo Pt / Joao Pessoa,PB,1-------,2107.0,0658S 03450W
BR,CFO,Cabo Frio,RJ,1-34----,2107.0,2252S 04201W
BR,CCX,Caceres,MT,1-34-6--,2207.0,1604S 05740W
BR,CHI,Cachoeira do Arari,PA,1-3-----,2107.0,0100S 04857W
BR,CPR,Cachoeira do Piria,PA,1-3-----,2207.0,0145S 04632W
BR,CSL,Cachoeira do Sul,RS,1-34----,2207.0,3002S 05253W
BR,CMA,Cameta,PA,1-3-----,2207.0,0214S 04929W
BR,CGZ,Campos dos Goytacazes,RJ,1-34----,2107.0,2145S 04119W
BR,CAN,Canoas,RS,123--6--,2207.0,2955S 05110W
BR,CTM,Canutama,AM,1-3-----,2207.0,0631S 06423W
BR,CCY,Caracarai,RR,1-3-----,2207.0,0148N 06108W
BR,CRY,Carauari,AM,1-34----,2207.0,0452S 06653W
BR,CRL,Caravelas,BA,1-34----,2107.0,1744S 03915W
BR,CVZ,Careiro da Varzea,AM,1-3-----,2207.0,0311S 05949W
BR,CLN,Carolina,MA,1-34----,2207.0,0719S 04728W
BR,CQD,Charqueadas,RS,1-3-----,2207.0,2957S 05137W
BR,CHE,Chaves,PA,1-3-----,2107.0,0009S 04959W
BR,CAR,Coari,AM,1-34----,2207.0,0405S 06308W
BR,CDA,Codajas,AM,1-3-----,2207.0,0350S 06203W
BR,CGA,Conceicao do Araguaia,PA,1-34----,2207.0,0815S 04915W
BR,CCS,Conchas,SP,1-3-----,2207.0,2300S 04800W
BR,CMG,Corumba,MS,1234-6--,2207.0,1900S 05738W
BR,CZS,Cruzeiro do Sul,AC,1-34----,2207.0,0737S 07240W
BR,CUO,Cubatao,SP,123--6--,2107.0,2353S 04625W
BR,DCS,Duque de Caxias,RJ,1-3--6--,2107.0,2247S 04318W
BR,ERN,Eirunepe,AM,1-34----,2207.0,0640S 06951W
BR,ETA,Estrela,RS,1-34----,2207.0,2930S 05158W
BR,FEN,Fernando de Noronha,PE,1--4----,2107.0,0351S 03226W
BR,FBA,Fonte Boa,AM,1-3-----,2207.0,0230S 06605W
BR,FNO,Forno Pt / Arraial do Cabo,RJ,1-------,2107.0,2258S 04201W
BR,FOR,Fortaleza,CE,1234----,2107.0,0343S 03835W
BR,IGU,Foz do Iguacu,PR,1-34-6--,2207.0,2532S 05435W
BR,GNS,Galinhos,RN,1-3-----,2107.0,0505S 03616W
BR,GIB,Guaiba,RS,1-3-----,2207.0,3006S 05118W
BR,GIA,Guaira,PR,1-34-6--,2207.0,2405S 05414W
BR,GJR,Guajara,AM,1-3-----,2207.0,0732S 07234W
BR,GJM,Guajara-Mirim,RO,1-3--6--,2207.0,1046S 06519W
BR,GUA,Guamare,RN,1-3-----,2107.0,0506S 03619W
BR,GUJ,Guaruja,SP,123--6--,2107.0,2359S 04614W
BR,GRP,Gurupa,PA,1-3-----,2207.0,0124S 05138W
BR,HMA,Humaita,AM,1-34----,2207.0,0730S 06301W
BR,IBT,Ibotirama,BA,1-34----,2207.0,1211S 04313W
BR,ISA,Ilha Solteira,SP,1-3-----,2207.0,2025S 05120W
BR,IBE,Ilhabela,SP,1-3-----,2107.0,2347S 04521W
BR,IOS,Ilheus,BA,1-34----,2107.0,1447S 03902W
BR,IBB,Imbituba,SC,123-----,2107.0,2814S 04840W
BR,IMP,Imperatriz,MA,1234----,2207.0,0531S 04728W
BR,IXA,Ipixuna,AM,1-3-----,2207.0,0703S 07141W
BR,IRB,Iranduba,AM,1-3-----,2207.0,0316S 06011W
BR,IAR,Itacoatiara,AM,1-34----,2207.0,0308S 05826W
BR,SPB,Itaguai Pt = Sepetiba Pt,RJ,12------,2107.0,2252S 04346W
BR,ITB,Itaituba,PA,1-34----,2207.0,0415S 05559W
BR,ITJ,Itajai,SC,1-3--6--,2107.0,2654S 04839W
BR,YTR,Itamarati,AM,1-3-----,2207.0,0626S 06814W
BR,IIM,Itapemirim,ES,1-3-----,2107.0,2100S 04050W
BR,IPG,Itapiranga,AM,1-3-----,2207.0,0244S 05802W
BR,IOA,Itapoa,SC,1-3-----,2107.0,2600S 04836W
BR,ITQ,Itaqui,RS,1-3-----,2207.0,2907S 05633W
BR,IQI,Itaqui Pt / Sao Luis,MA,12------,2107.0,0234S 04422W
BR,JAG,Jaguarao,RS,1-3--6--,2207.0,3233S 05322W
BR,JAU,Jau,SP,123-----,2207.0,2217S 04833W
BR,JZO,Juazeiro,BA,1-3-----,2207.0,0924S 04030W
BR,JUR,Juruti,PA,1-3-----,2107.0,0209S 05605W
BR,LDR,Ladario,MS,123-----,2207.0,1900S 05736W
BR,LJI,Laranjal do Jari,AP,1-3-----,2207.0,0051S 05232W
BR,LRS,Linhares,ES,1-34----,2107.0,1923S 04003W
BR,MEA,Macae,RJ,1-34----,2107.0,2222S 04146W
BR,MCU,Macau,RN,1-3-----,2107.0,0506S 03638W
BR,MCZ,Maceio,AL,1-34----,2107.0,0939S 03542W
BR,MDD,Madre de Deus,BA,1-3-----,2107.0,1244S 03836W
BR,MPR,Manacapuru,AM,1-3-----,2207.0,0317S 06037W
BR,MQR,Manaquiri,AM,1-3-----,2207.0,0325S 06027W
BR,MAO,Manaus,AM,1-3456--,2107.0,0308S 06001W
BR,MGT,Mangaratiba,RJ,123-----,2107.0,2257S 04402W
BR,MNX,Manicore,AM,1-34----,2207.0,0548S 06117W
BR,MAB,Maraba,PA,1234----,2207.0,0521S 04908W
BR,MAR,Maragogipe,BA,1-3-----,2107.0,1246S 03855W
BR,MRC,Marica,RJ,1-34----,2107.0,2255S 04249W
BR,MAS,Maues,AM,1-34----,2207.0,0323S 05742W
BR,MOU,Moju,PA,1-3-----,2207.0,0153S 04846W
BR,MTE,Monte Alegre,PA,1-34----,2207.0,0200S 05404W
BR,MOS,Mossoro,RN,1-34----,2107.0,0511S 03721W
BR,MNV,Mundo Novo,MS,1-3--6--,2207.0,2356S 05416W
BR,NAT,Natal,RN,1-34----,2107.0,0545S 03515W
BR,NVT,Navegantes,SC,1-34----,2107.0,2653S 04838W
BR,NAA,Nhamunda,AM,1-3-----,2207.0,0211S 05643W
BR,NTR,Niteroi,RJ,1-3-----,2107.0,2253S 04304W
BR,NON,Nova Olinda do Norte,AM,1-3-----,2207.0,0353S 05905W
BR,NAO,Novo Airao,AM,1-3-----,2207.0,0237S 06056W
BR,NVP,Novo Aripuana,AM,1-3-----,2207.0,0507S 06022W
BR,OBI,Obidos,PA,1-34----,2207.0,0154S 05530W
BR,ORX,Oriximina,PA,1-34----,2207.0,0145S 05551W
BR,PNX,Panorama,SP,1-3-----,2207.0,2121S 05151W
BR,PRU,Paracuru,CE,1-3-----,2107.0,0324S 03901W
BR,PNG,Paranagua,PR,1234-6--,2107.0,2530S 04831W
BR,PIN,Parintins,AM,1-34----,2207.0,0237S 05644W
BR,PBD,Pato Bragado,PR,1-3-----,2207.0,2437S 05413W
BR,PEC,Pecem Pt / Sao Goncalo do Amarante,CE,12------,2107.0,0331S 03852W
BR,PNS,Pederneiras,SP,1234----,2207.0,2221S 04846W
BR,PET,Pelotas,RS,1-34----,2107.0,3143S 05220W
BR,PNZ,Petrolina,PE,1-34----,2207.0,0923S 04029W
BR,PIP,Pirapora,MG,1234----,2207.0,1720S 04457W
BR,PMA,Ponta da Madeira Pt / Sao Luis,MA,12------,2107.0,0232S 04421W
BR,POU,Ponta do Ubu Pt / Anchieta,ES,1-------,2107.0,2046S 04034W
BR,PPN,Pontal do Parana,PR,1-3-----,2107.0,2535S 04826W
BR,POL,Portel,PA,1-3-----,2207.0,0156S 05049W
BR,PWA,Porto Acre,AC,1-3-----,2207.0,0936S 06732W
BR,POA,Porto Alegre,RS,1-34----,2107.0,3001S 05113W
BR,PBO,Porto Belo,SC,1-3-----,2107.0,2708S 04836W
BR,PDM,Porto de Moz,PA,1-34----,2207.0,0144S 05214W
BR,PMH,Porto Murtinho,MS,1-3--6--,2207.0,2142S 05753W
BR,TMT,Porto Trombetas / Oriximina,PA,1--4----,2301.0,0128S 05623W
BR,PVH,Porto Velho,RO,1-34----,2207.0,0846S 06349W
BR,PWR,Porto Walter,AC,1-3-----,2207.0,0815S 07244W
BR,PRM,Praia Mole Pt / Vitoria,ES,1-------,2107.0,2018S 04013W
BR,NOR,Praia Norte,TO,1-3-----,2207.0,0523S 04748W
BR,PRH,Prainha,PA,1-3-----,2207.0,0148S 05328W
BR,PEO,Presidente Epitacio,SP,1-34----,2207.0,2146S 05206W
BR,PKY,Presidente Kennedy,ES,1-3-----,2107.0,2106S 04103W
BR,REC,Recife,PE,1-34-6--,2107.0,0803S 03453W
BR,RBR,Rio Branco,AC,1-34----,2207.0,0958S 06748W
BR,RIO,Rio de Janeiro,RJ,1234567-,2107.0,2252S 04313W
BR,RIG,Rio Grande,RS,1234-6--,2107.0,3203S 05205W
BR,RPO,Rio Pardo,RS,1-3-----,2207.0,2959S 05222W
BR,SSA,Salvador,BA,1-34-6--,2107.0,1300S 03829W
BR,SLV,Salvaterra,PA,1-3-----,2107.0,0045S 04830W
BR,SNH,Santa Helena,PR,1-3-----,2207.0,2451S 05420W
BR,SIR,Santa Isabel do Rio Negro,AM,1-34----,2207.0,0025S 06501W
BR,SSR,Santa Maria da Serra,SP,1-3-----,2207.0,2234S 04809W
BR,STU,Santa Terezinha de Itaipu,PR,1-3-----,2207.0,2526S 05423W
BR,SVP,Santa Vitoria do Palmar,RS,1-3-----,2207.0,3331S 05322W
BR,MCP,Santana Pt / Macapa,AP,1-------,2107.0,0003S 05110W
BR,STM,Santarem,PA,1-34-6--,2107.0,0226S 05443W
BR,SSZ,Santos,SP,123--6--,2107.0,2356S 04619W
BR,SFS,Sao Francisco do Sul,SC,1234-6--,2107.0,2614S 04838W
BR,SGO,Sao Goncalo,RJ,1-3-----,2107.0,2249S 04301W
BR,SMS,Sao Mateus,ES,1-34----,2107.0,1843S 03951W
BR,SGM,Sao Miguel do Guama,PA,1-3-----,2207.0,0137S 04728W
BR,SPV,Sao Paulo de Olivenca,AM,1-3-----,2207.0,0327S 06856W
BR,SPD,Sao Pedro,SP,1-34----,2207.0,2232S 04754W
BR,SSO,Sao Sebastiao,SP,1-3--6--,2107.0,2348S 04524W
BR,SSB,Sao Sebastiao do Uatuma,AM,1-3-----,2207.0,0234S 05752W
BR,SSI,Sao Simao,GO,1-3-----,2207.0,1859S 05032W
BR,SEF,Senador Jose Porfirio,PA,1-3-----,2207.0,0235S 05157W
BR,SER,Serra,ES,123-----,2107.0,2009S 04016W
BR,SUE,Soure,PA,1-3-----,2107.0,0043S 04830W
BR,SUA,Suape Pt / Ipojuca,PE,1-------,2107.0,0824S 03458W
BR,TBT,Tabatinga,AM,1-34-6--,2207.0,0413S 06956W
BR,TLD,Tailandia,PA,1-3-----,2207.0,0256S 04857W
BR,TPW,Tapaua,AM,1-3-----,2207.0,0537S 06311W
BR,TAQ,Taquari,RS,1-3-----,2207.0,2948S 05151W
BR,TFF,Tefe,AM,1-34----,2207.0,0320S 06442W
BR,TRO,Terra Roxa,PR,1-3-----,2207.0,2410S 05405W
BR,TST,Terra Santa,PA,1-34----,2207.0,0206S 05629W
BR,TNS,Tonantins,AM,1-3-----,2207.0,0251S 06746W
BR,TRM,Tramandai,RS,1-3-----,2107.0,2959S 05007W
BR,TLG,Tres Lagoas,MS,1-34----,2207.0,2047S 05142W
BR,TFO,Triunfo,RS,1-3-----,2107.0,2956S 05142W
BR,TUB,Tubarao Pt / Vitoria,ES,12------,2107.0,2016S 04013W
BR,UBT,Ubatuba,SP,1-34----,2107.0,2326S 04504W
BR,URT,Urucurituba,AM,1-3-----,2207.0,0308S 05809W
BR,VGR,Varzea Grande,MT,1-3-----,2207.0,1539S 05608W
BR,VIE,Vila Bela da Santissima Trindade,MT,1-3-----,2207.0,1500S 05957W
BR,VDC,Vila do Conde Pt / Barcarena,PA,1-------,2107.0,0131S 04843W
BR,VVE,Vila Velha,ES,1-3--6--,2107.0,2020S 04017W
BR,VIX,Vitoria,ES,1234-6--,2107.0,2019S 04019W
BR,VDX,Vitoria do Xingu,PA,1-3-----,2207.0,0253S 05200W
BR,XAA,Xambioa,TO,1-3-----,2207.0,0624S 04831W
BR,XQI,Xique-Xique,BA,1-34----,2207.0,1049S 04243W
BS,ASD,"Andros Town, Andros Island",,1--4----,9601.0,
BS,BKC,Bock Cay,EX,1-------,701.0,2349N 07610W
BS,CEL,Cape Eleuthera,SE,1--4----,1307.0,2449N 07621W
BS,CCZ,"Chub Cay, Berry Islands",,1--4----,9601.0,
BS,CLP,Clifton Point,,1-------,2407.0,2500N 07732W
BS,CBT,Cockburn Town,SS,1-------,1307.0,2402N 07431W
BS,COX,Congo Town,SA,1--4----,1307.0,2409N 07732W
BS,CRI,Crooked Island,,1--4----,9401.0,
BS,ELE,Eleuthera Island,,1-------,9506.0,
BS,FPO,"Freeport, Grand Bahama",,1--4----,9601.0,
BS,GGT,"George Town, Great Exuma Island",,1--4----,9601.0,
BS,GOC,Gorda Cay,,1-------,507.0,2605N 07732W
BS,GHB,"Governors Harbour, Eleuthera",,1--4----,9601.0,
BS,EXU,Great Exuma Island,EX,1-------,212.0,2332N 07550W
BS,GHC,Great Harbour Cay,BY,1--4----,1307.0,2545N 07750W
BS,GSC,Great Stirrup Cay,BY,1-------,1307.0,2550N 07754W
BS,GTC,Green Turtle Cay,HT,1--4----,1307.0,2645N 07720W
BS,HBI,Harbour Island,HI,1--4----,212.0,2530N 07638W
BS,IGA,Inagua,,1--4----,9601.0,
BS,HMC,Little San Salvador,,1-------,607.0,2435N 07555W
BS,COC,Little Stirrup Cay,BY,1-------,1307.0,2549N 07756W
BS,LUC,Lucaya,FP,1-------,901.0,2631N 07838W
BS,MHH,Marsh Harbour,CO,1--4----,1307.0,2632N 07658W
BS,MAT,Matthew Town,,1-------,9506.0,
BS,MYG,Mayaguana Island,,1--4----,9601.0,
BS,NAS,Nassau,,1--45---,1307.0,2505N 07721W
BS,OCE,Ocean Cay,,1-------,9506.0,
BS,RSD,Rock Sound,SE,1--4----,1307.0,2454N 07612W
BS,SAQ,San Andros,NS,1--4----,1307.0,2504N 07803W
BS,ZSA,San Salvador Island,,1--4----,9601.0,
BS,SRP,South Riding Point,,1-------,9506.0,
BS,SML,Stella Maris,LI,1--4----,212.0,2336N 07518W
BS,TBI,The Bight,CI,1--4----,212.0,2419N 07524W
BS,TCB,"Treasure Cay, Great Abaco Island",,1--4----,9601.0,
BS,WKR,Walker's Cay,,1--4----,9601.0,
BS,WTD,West End,FP,1--4----,212.0,2641N 07858W
BW,DUK,Dukwi,CE,1----6--,1201.0,2035S 02632E
BW,MAH,Mahalapye,,123-----,601.0,2306S 02650E
BY,KLK,Kletsk,,1-3-----,601.0,5303N 02637E
BY,KYC,Kostyukovichi,,123--6--,601.0,5321N 03203E
BY,PIK,Pinsk,,123-----,601.0,5207N 02605E
BY,RYA,Rechytsa,,123-----,601.0,5221N 03024E
BY,SNM,Slonim,,123--6--,601.0,5306N 02519E
BY,VAW,Vawkavysk,,123-----,601.0,5309N 02426E
BZ,BAR,Barranco,,1-------,212.0,1600N 08855W
BZ,BZE,Belize City,,1--45---,9601.0,
BZ,BGK,Big Creek,SC,1-34----,1101.0,1631N 08824W
BZ,COL,Colinto,,1-------,8103.0,
BZ,DGA,Dangriga,,1-3-----,212.0,1658N 08813W
CA,ALK,Adlavik,NL,1-3-----,501.0,5455N 05855W
CA,AGU,Aguathuna,NL,1-3-----,501.0,4833N 05846W
CA,AAL,Alert Bay,BC,1-------,1.0,
CA,ABL,Amberly,ON,1----6--,907.0,4403N 08143W
CA,AMH,Amherstburg,ON,1-------,9506.0,
CA,ANB,Andys Bay,BC,1-------,1.0,
CA,ANZ,Anzac,AB,123-----,601.0,5626N 11102W
CA,AHL,Apple Hill,ON,1-------,901.0,
CA,ARB,Arctic Bay,NU,1-34----,212.0,7302N 08510W
CA,NWP,Argentia,NL,1-34----,501.0,4718N 05400W
CA,ARI,Arichat,NS,1-3-----,307.0,4531N 06101W
CA,ARC,Arnold's Cove,NL,1-3-----,501.0,4746N 05359W
CA,YEK,Arviat,NU,1--4----,212.0,6106N 09403W
CA,ASQ,Asquith,SK,1----6--,901.0,5207N 10713W
CA,ALV,Atholville,NB,123-----,701.0,4759N 06643W
CA,AVO,Avondale,NL,1-3-----,501.0,4725N 05312W
CA,AVP,Avonport,NS,123-----,701.0,4506N 06415W
CA,BAD,Baddeck,NS,1-------,9506.0,
CA,BGT,Bagotville,QC,1-------,8103.0,
CA,BCO,Baie Comeau,QC,1--4----,1.0,
CA,BVE,Baie Verte,NL,1-3-----,501.0,4955N 05611W
CA,BJO,Baie-Johan-Beetz,QC,1-34----,207.0,5018N 06250W
CA,BLK,Baker Lake,NU,1-3-----,701.0,6419N 09602W
CA,BAA,Bala,ON,123--6--,601.0,4500N 07936W
CA,BDR,Bald Rock,NS,1-3-----,601.0,4428N 06334W
CA,BAM,Bamberton,BC,1-------,9506.0,
CA,BCT,Bancroft,ON,1-3-----,901.0,
CA,NTR,Bantry,AB,1-------,1107.0,5029N 11144W
CA,BAN,Barrington,NS,1-3-----,207.0,4334N 06534W
CA,BTH,Bath,ON,1-------,1.0,
CA,BAT,Bathurst,NB,1--4----,1.0,
CA,BBU,Bay Bulls,NL,1-3-----,501.0,4720N 05250W
CA,BYR,Bay Roberts,NL,1-3-----,501.0,4735N 05318W
CA,BAY,Bayside (St Roberts),NB,1-------,9905.0,
CA,BST,"Bayside, Charlotte",NB,1-3-----,407.0,4508N 06707W
CA,BPO,Beach Point,PE,1-3-----,207.0,4601N 06229W
CA,BCV,Beale Cove,BC,1-------,1.0,
CA,BEA,Beaver Cove,BC,123-----,207.0,5031N 12652W
CA,BEH,Beaver Harbour,NB,1-------,9506.0,
CA,BEC,Becancour,QC,1-------,212.0,4620N 07226W
CA,BDF,Bedford,NS,123--6--,607.0,4443N 06341W
CA,BLC,Bella Coola,BC,1-------,9905.0,
CA,BEL,Belledune,NB,1-------,9905.0,
CA,EEK,Belleisle Creek,NB,1-------,901.0,
CA,BLV,Belleville,ON,1-3-----,9905.0,
CA,BLL,Beloeil,QC,123-----,9905.0,
CA,BLD,Belwood,ON,1----6--,1007.0,4346N 08020W
CA,BFR,Beresford,NB,123-----,601.0,4741N 06542W
CA,BLH,Blacks Harbour,NB,1-3-----,9905.0,
CA,BSK,Blackstock,ON,1-3--6--,901.0,4406N 07847W
CA,BBY,Blind Bay,BC,1-------,1.0,
CA,BLR,Blind River,ON,1-------,9506.0,
CA,BBB,Blubber Bay,BC,1-------,1.0,
CA,BOB,Bobcaygeon,ON,1-3--6--,307.0,4432N 07833W
CA,BOR,Borden,PE,123-----,207.0,4615N 06342W
CA,BWD,Botwood,NL,1-3-----,501.0,4909N 05522W
CA,BUE,Bouctouche,NB,1-3-----,207.0,4628N 06443W
CA,BC2,Bow City,AB,1-3-----,1307.0,5025N 11216W
CA,BNI,Bowen Island,BC,1-3-----,901.0,4922N 12320W
CA,BWV,Bowmanville,ON,1-------,9905.0,
CA,BRD,Brentwood Bay,BC,1-3-----,207.0,4835N 12327W
CA,BRW,Bridgewater,NS,1-------,9506.0,
CA,BRI,Britannia Beach,BC,1-------,1.0,
CA,BTT,Britt,ON,1-------,1.0,
CA,BKA,Brocket,AB,1-------,901.0,4933N 11346W
CA,BCK,Brockville,ON,1-------,8103.0,
CA,BKN,Brooklyn,NS,1-------,9506.0,
CA,BRT,Broughton Is,NU,1--4----,1.0,
CA,BUA,Bull Arm,NL,1-------,901.0,4750N 05352W
CA,BUO,Burgeo,NL,1-3-----,501.0,4736N 05738W
CA,BUI,Burin,NL,1-3-----,501.0,4703N 05511W
CA,BUK,Burks Falls,ON,1-3--6--,901.0,4538N 07927W
CA,BRL,Burlington,ON,1-3-----,9905.0,
CA,BUS,Burnside,NL,1-3-----,501.0,4842N 05348W
CA,BIN,Burrard Inlet,BC,1-------,901.0,4918N 12311W
CA,BTF,Butterfly Bay,BC,1-------,1.0,
CA,YCB,Cambridge Bay,NU,1-34----,212.0,6907N 10505W
CA,CAM,Campbell River,BC,1--4----,1501.0,5001N 12515W
CA,CBF,Campbellford,ON,123-----,601.0,4418N 07747W
CA,COM,Campbellton,NB,1-------,8103.0,
CA,CPB,Campobello,NB,1-------,1.0,
CA,CPT,Canaport,NB,1-------,9506.0,
CA,CAH,Canso,NS,1-3-----,207.0,4520N 06100W
CA,CAC,Cap-Chat,QC,1----6--,1701.0,4905N 06641W
CA,CDO,Cape Dorset,NU,1--4----,1.0,
CA,CPY,Cape Ray,NL,123-----,601.0,4738N 05918W
CA,CSI,Cap-St-Ignace,QC,1----6--,901.0,4702N 07027W
CA,CAQ,Caraquet,NB,1-------,9905.0,
CA,CBY,Carberry,MB,1-3--6--,307.0,4952N 09921W
CA,CRB,Carbonear,NL,1-3-----,501.0,4744N 05315W
CA,CDN,Cardinal,ON,1-------,1.0,
CA,CLT,Carleton,QC,1-------,9506.0,
CA,CMV,Carmanville,NL,1-3-----,501.0,4922N 05416W
CA,CAT,Catalina,NL,1-3-----,501.0,4831N 05305W
CA,CHR,Chandler,QC,12------,9905.0,
CA,CIL,Change Islands,NL,1-3-----,607.0,4940N 05425W
CA,PBQ,Channel-Port aux Basques,NL,1-3-----,501.0,4734N 05909W
CA,SKI,Charlotte (Skidegate),BC,1-------,9905.0,
CA,CHA,Charlottetown,PE,1--4----,1207.0,4614N 06308W
CA,RRE,Chateau-Richer,QC,1-3-----,1207.0,4658N 07101W
CA,CHN,Chatham,NB,123-----,9905.0,
CA,CHM,Chemainus,BC,1-------,9905.0,
CA,CST,Chester,NS,1-------,9506.0,
CA,YCS,Chesterfield Inlet,NU,1--4----,212.0,6320N 09042W
CA,CTR,Chestermere,AB,1----6--,1201.0,5102N 11349W
CA,CHT,Cheticamp,NS,1-3-----,212.0,4637N 06101W
CA,CHI,Chicoutimi,QC,1-------,9905.0,
CA,CHV,Churchill,MB,1--4----,1207.0,5846N 09411W
CA,CLE,Clarenville,NL,1-3-----,501.0,4809N 05358W
CA,CLC,Clarke City,QC,1-------,9905.0,
CA,CLH,Clark's Harbour,NS,1-3-----,607.0,4327N 06538W
CA,CSN,Clarkson,ON,1-------,9905.0,
CA,CWT,Clearwater,BC,123-----,701.0,5139N 12002W
CA,CVA,Cleveland,NS,1-3--6--,607.0,4439N 06400W
CA,LLF,Clifford,ON,1-------,1707.0,4358N 08058W
CA,CLR,Clyde River,NU,1--4----,1.0,
CA,CAU,Coal Harbour,BC,1-3-----,701.0,5036N 12735W
CA,CBG,Cobourg,ON,123-----,207.0,4358N 07810W
CA,CHS,Cohasset,NS,1-------,1.0,
CA,CLB,Colborne,ON,1-3-----,9905.0,
CA,CYP,Coley's Point,NL,1-------,501.0,4735N 05316W
CA,COL,Collingwood,ON,1-------,9905.0,
CA,CBC,Come By Chance,NL,1-3-----,501.0,4751N 05359W
CA,CCV,Comfort Cove,NL,1-3-----,901.0,4920N 05452W
CA,COX,Comox,BC,1-------,9506.0,
CA,CSJ,Coniston,ON,1----6--,1201.0,4629N 08051W
CA,CQT,Conquitlam,BC,1----6--,901.0,4914N 12249W
CA,COC,Contrecoeur,QC,123-----,1.0,
CA,CFL,Cooper Cliff,ON,1-3-----,901.0,
CA,COP,Coppermine,NU,1-------,1.0,
CA,YZS,Coral Harbour,NU,1-34----,212.0,6408N 08310W
CA,CBK,Corner Brook,NL,1-3-----,501.0,4857N 05756W
CA,CWL,Cornwall,ON,1-------,9905.0,
CA,CWI,Cornwallis Is,NU,1-------,1.0,
CA,COR,Corunna,ON,1-------,9905.0,
CA,CQA,Coteau du Lac,QC,1-3-----,901.0,
CA,CSC,Cote-Sainte-Catherine,QC,1-------,1101.0,
CA,COH,Country Harbour,NS,1-------,9506.0,
CA,COU,Courtenay,BC,1-------,9905.0,
CA,CRR,Courtright,ON,1-------,1.0,
CA,CWH,Cow Head,NL,1-------,901.0,4954N 05747W
CA,CCB,Cowichan Bay,BC,1-------,9905.0,
CA,CRA,Cranford,AB,1-3-----,1401.0,4945N 11221W
CA,CRO,Crofton,BC,1-------,9905.0,
CA,CCI,Crystal City,MB,123--6--,601.0,4908N 09857W
CA,CUM,Cumberland Bay,NB,1-3-----,901.0,
CA,DHS,Dalhousie,NB,1-------,9905.0,
CA,YDH,Daniels Harbour,NL,1-34----,501.0,5014N 05735W
CA,DEB,Deception Bay,QC,1-------,9506.0,
CA,DEI,Deer Island,NB,1-------,1401.0,4458N 06658W
CA,DEL,Delta,BC,1-3-----,307.0,4905N 12300W
CA,DSA,Denman Island,BC,1-3-----,701.0,4933N 12448W
CA,DIG,Digby,NS,1-------,8103.0,
CA,DIL,Dildo,NL,1-3-----,501.0,4733N 05333W
CA,DWL,Dingwall,NS,1-------,1.0,4654N 06028W
CA,DCS,Dorchester,ON,1-3--6--,901.0,4259N 08104W
CA,DLN,Dublin,ON,123--6--,601.0,4330N 08117W
CA,ETA,East Angus,QC,1234----,701.0,4529N 07140W
CA,EDC,Edwards Cove,NL,1-------,501.0,5650N 06230W
CA,XVX,Emerald Park,SK,1-3-----,1401.0,5044N 10438W
CA,END,Endako,BC,123--6--,307.0,5405N 12501W
CA,EBY,English Bay,BC,1-3-----,901.0,4916N 12310W
CA,ENE,Erieau,ON,1-------,1.0,
CA,ESQ,Esquimalt,BC,1-------,1.0,
CA,ETN,Etang-du-Nord,QC,1----6--,901.0,4722N 06156W
CA,ETZ,Etzikom,AB,1----6--,1407.0,4929N 11106W
CA,FLR,Fall River,NS,1-3-----,701.0,4449N 06337W
CA,FAP,Father Point,QC,1-------,9506.0,
CA,FOG,Fogo,NL,1-------,501.0,4943N 05417W
CA,ZFT,Forest,ON,123--6--,307.0,4306N 08200W
CA,FRV,Forestville,QC,1-------,9905.0,
CA,FAL,Fort Albany,ON,1-------,1.0,
CA,FFS,Fort Frances,ON,12-4----,1.0,4836N 09324W
CA,FKN,Fort Franklin,NT,1-3--6--,307.0,6511N 12325W
CA,FLY,Fort Langley,BC,1-3-----,1407.0,4910N 12234W
CA,FMA,Fort MacKay,AB,1-3-----,601.0,5711N 11138W
CA,FSI,Fort Simpson,NT,1--4----,1.0,
CA,FSM,Fort Smith,NT,1--4----,1.0,
CA,FWL,Fort William,ON,1-3--6--,307.0,4824N 08914W
CA,FOR,Fortune,NL,1-3-----,501.0,4704N 05550W
CA,FRR,Fraser River,BC,1-------,1.0,
CA,FWS,Fraser Wharves,BC,1-3-----,901.0,5058N 11912W
CA,FSD,Fraser-Surrey Docks,BC,1-3-----,901.0,4907N 12244W
CA,FRE,Fredericton,NB,1234----,9905.0,4557N 06639W
CA,GLT,Galt,ON,1-3-----,307.0,4321N 08018W
CA,GAN,Gander,NL,1-34----,501.0,4857N 05433W
CA,GGS,Ganges,BC,1-------,1.0,
CA,GPE,Gaspe,QC,1--4----,212.0,4850N 06429W
CA,YHK,Gjoa Haven,NU,1--4----,212.0,6837N 09550W
CA,GLB,Glace Bay,NS,1-------,1.0,4612N 05958W
CA,GBT,Godbout,QC,1-3-----,9905.0,
CA,GOH,Goderich,ON,1-------,9905.0,
CA,GOR,Gold River,BC,1-------,1.0,
CA,GOO,Goose Bay,NL,1--4----,501.0,5324N 06010W
CA,GRB,Grand Bank,NL,1-3-----,501.0,4706N 05547W
CA,GMA,Grand Manan,NB,1-3-----,207.0,4442N 06648W
CA,EDI,Grande-Digue,NB,1-3-----,601.0,4617N 06433W
CA,GRS,Grindstone,QC,1-------,1.0,
CA,YGZ,Grise Fiord,NU,1--4----,212.0,7625N 08257W
CA,GCA,Gros Cacouna,QC,1-------,9905.0,
CA,HCC,Hacketts Cove,NS,1-3-----,701.0,4434N 06356W
CA,HAL,Halifax,NS,1--4----,9905.0,4439N 06334W
CA,HAB,Hall Beach,NU,1-------,1.0,
CA,OON,Halton Hills,ON,1----6--,1201.0,4337N 07957W
CA,HAM,Hamilton,ON,1--4----,9905.0,
CA,HMP,Hampden,NL,1-3-----,501.0,4932N 05652W
CA,HVR,Hanover,ON,123-----,601.0,4408N 08101W
CA,HHB,Hants Harbour,NL,1-3-----,701.0,4801N 05316W
CA,HPT,Hantsport,NS,1-------,9905.0,
CA,HBR,Harbour Breton,NL,1-3-----,501.0,4729N 05550W
CA,HRE,Harbour Grace,NL,1-3-----,501.0,4741N 05315W
CA,HAR,Harriet Harbour,BC,1-3-----,701.0,5218N 13124W
CA,HON,Harwood,ON,1-3-----,1401.0,4408N 07811W
CA,HSP,Havre-Saint-Pierre,QC,1--4----,1101.0,
CA,HEB,Hebertville,QC,1-3-----,601.0,4823N 07141W
CA,HBN,Hebron,NL,1-------,1801.0,5812N 06238W
CA,HMM,Hemmingford,QC,1----6--,901.0,4503N 07336W
CA,HLI,Herschel Island,YT,1-------,901.0,6934N 13904W
CA,HIB,Hibernia,NS,1-3-----,501.0,4420N 06459W
CA,HID,Hilda,AB,1-3-----,901.0,
CA,HOD,Holyrood,NL,1-3-----,501.0,4723N 05308W
CA,HOP,Hopedale,NL,1-34----,501.0,5527N 06013W
CA,HRF,Horsefly,BC,1-3-----,601.0,5220N 12125W
CA,HWS,Howe Sound,BC,1-------,1.0,
CA,IGL,Igloolik,NU,1--4----,212.0,6922N 08149W
CA,SIM,Imperial,SK,1234----,601.0,5120N 10526W
CA,IAM,Indian Arm,BC,1-------,901.0,4922N 12252W
CA,IKM,Inkerman,ON,1-3-----,901.0,4502N 07524W
CA,IVM,Invermere,BC,123-----,701.0,5031N 11602W
CA,IOC,Ioco,BC,1-------,9905.0,
CA,ION,Iona,NS,1-------,9905.0,
CA,IQL,Iqaluit,NU,1-3-----,401.0,6344N 06830W
CA,IVN,Irvine,AB,123--6--,601.0,4957N 11016W
CA,ISL,Island Lake,MB,1-3-----,607.0,5352N 09440W
CA,JAC,Jackson Arm,NL,1-3-----,701.0,4952N 05648W
CA,JEG,Jemseg,NB,1-3-----,1301.0,4549N 06606W
CA,JEI,Jervis Inlet,BC,1-------,1.0,
CA,KLO,Kaslo,BC,1-3-----,701.0,4954N 11655W
CA,KEE,Keene,ON,1----6--,1007.0,4415N 07810W
CA,KHO,Key Harbour,ON,1-3-----,401.0,4553N 08044W
CA,KLY,Killarney,ON,1-------,1.0,
CA,KWI,King William Is,NU,1-------,1.0,
CA,KIN,Kingston,ON,1--4----,9905.0,
CA,KVL,Kingsville,ON,1-------,1.0,
CA,KKR,Kinkora,PE,1----6--,1001.0,0463N 06360W
CA,KNE,Kinnear's Mills,QC,1-3-----,901.0,4613N 07123W
CA,KTM,Kitimat,BC,1-------,9905.0,
CA,YKT,Klemtu,BC,1--4----,2101.0,
CA,KOV,Kovik Bay,QC,1-3-----,207.0,6133N 07744W
CA,FCM,Kuujjuaq,QC,1--4----,212.0,5806N 06824W
CA,REL,La Relance,QC,1-------,1001.0,5009N 06627W
CA,LMW,La Salle,MB,1-3-----,901.0,4942N 09716W
CA,AAB,Lac La Biche,AB,1----6--,1201.0,5446N 11157W
CA,LDT,Lac-Drolet,QC,1----6--,1201.0,4543N 07051W
CA,LAC,Lachine/Montreal,QC,1-3-----,2107.0,
CA,LCH,Lachute,QC,1-3-----,9905.0,
CA,LCO,Lacolle,QC,1-3-----,9905.0,
CA,LDN,Ladner,BC,1-3-----,9905.0,
CA,LAD,Ladysmith,BC,12------,9701.0,
CA,LAH,Lake Harbour,NU,1-------,1.0,
CA,LSE,Lakeshore,ON,123--6--,701.0,4217N 08244W
CA,LAW,Lakeview,ON,1-------,1.0,
CA,LNG,Langley,BC,1-3-----,9905.0,
CA,LDS,Lansdowne,ON,1-3-----,401.0,5213N 08753W
CA,LB3,L'Anse-a-Beaufils,QC,12---6--,1701.0,4828N 06418W
CA,ALO,L'Anse-au-Loup,NL,1-3-----,607.0,5131N 05650W
CA,LZV,Lantzville,BC,123-----,701.0,4915N 12405W
CA,LVH,Laverlochere,QC,123--6--,601.0,4725N 07917W
CA,LMN,Leamington,ON,123-----,9905.0,
CA,QLE,Les Escoumins,QC,1-3-----,2101.0,4821N 06925W
CA,MHN,Les Mechins,QC,1-3-----,901.0,4900N 06658W
CA,LEV,Levis,QC,1-------,212.0,4648N 07110W
CA,LWP,Lewisporte,NL,1-3-----,501.0,4914N 05504W
CA,ILS,L'Ile-des-Soeurs (Nuns Island),QC,1----6--,1001.0,4518N 07402W
CA,LIC,Little Current,ON,1-------,1.0,
CA,LIN,Little Narrows,NS,1-------,9905.0,
CA,LIV,Liverpool,NS,1-------,9905.0,
CA,LOB,Lobo,ON,123-----,601.0,4300N 08125W
CA,LCP,Lockeport,NS,1-3-----,307.0,4342N 06507W
CA,LMD,Lomond,NL,1-3-----,501.0,4927N 05746W
CA,LOH,Long Harbour,NL,1-3-----,501.0,4726N 05348W
CA,LOP,Long Pond,NL,1-------,501.0,4800N 05555W
CA,LOU,Louisbourg,NS,1-3-----,401.0,4555N 05959W
CA,LWB,Lowbanks,ON,123--6--,601.0,4252N 07927W
CA,LAY,Lower Argyle,NS,1-3-----,2307.0,4344N 06550W
CA,LCV,Lower Cove,NL,1-3-----,1207.0,4831N 05900W
CA,SKL,Lower Sackville,NS,1-3-----,901.0,4635N 04144W
CA,LWH,Lower Woods Harbour,NS,123-----,207.0,4331N 06544W
CA,LUN,Lunenburg,NS,1-------,9905.0,
CA,MAB,Mabou,NS,1-3-----,901.0,4604N 06123W
CA,MTQ,Mactaquac,NB,1-3-----,901.0,
CA,MGD,Magdalen Is,QC,1-------,1.0,
CA,MAG,Magog,QC,1-3-----,1601.0,4516N 07209W
CA,MHB,Mahone Bay,NS,1-3-----,9905.0,
CA,MBR,Main Brook,NL,1-3-----,501.0,5111N 05601W
CA,MTI,Malartic,QC,1----6--,901.0,4808N 07807W
CA,MRI,Maple Ridge,BC,1-------,9905.0,
CA,MAR,Marathon,ON,1--4----,9905.0,
CA,YMH,Mary's Harbour,NL,1--4----,501.0,5219N 05550W
CA,MTN,Marystown,NL,1-3-----,501.0,4710N 05510W
CA,MSS,Masset,BC,1--4----,9506.0,
CA,MNE,Matane,QC,1--4----,9905.0,
CA,MFD,Meaford,ON,1234----,701.0,4436N 08036W
CA,MDB,Meldrum Bay,ON,1-------,1.0,
CA,MEB,Menzies Bay,BC,1-------,1.0,
CA,MGH,Merigomish,NS,1-3-----,1301.0,4537N 06225W
CA,MET,Meteghan,NS,1-------,9506.0,
CA,MSW,Metiskow,AB,1----6--,1201.0,5224N 11038W
CA,MIH,Michipicoten,ON,1-------,9905.0,
CA,MID,Midland,ON,1-3-----,9506.0,
CA,MLK,Millbank,NB,1-------,1201.0,4703N 06527W
CA,MNI,Milne Inlet Port,NU,1-------,1601.0,7153N 08055W
CA,MYO,Mindemoya,ON,1-3-----,901.0,4544N 08210W
CA,MSV,Minesville,NS,1-3-----,601.0,4441N 06322W
CA,MTO,Minto,NB,1-3-----,2301.0,4605N 06604W
CA,MIR,Miramichi,NB,1-3-----,1.0,
CA,MIB,Mission,BC,123-----,701.0,4908N 12218W
CA,MNT,Moncton,NB,1--4----,8103.0,
CA,MOL,Mont-Louis,QC,1-------,212.0,4913N 06545W
CA,MTR,Montreal,QC,1--45---,9905.0,
CA,MRE,Montreal-Est,QC,123-----,701.0,4538N 07330W
CA,MOU,Moosonee,ON,1--4----,1.0,
CA,MOB,Morrisburg,ON,1-------,1.0,
CA,YMD,Mould Bay,NT,1--4----,212.0,7614N 11921W
CA,MUL,Mulgrave,NS,1-------,1.0,
CA,MUS,Musquodoboit Harbour,NS,1-------,1707.0,4447N 06308W
CA,NAI,Nain,NL,1-34----,501.0,5633N 06141W
CA,NAK,Nakusp,BC,123-----,701.0,5014N 11748W
CA,NNO,Nanaimo,BC,1--4----,9905.0,
CA,NVK,Nanisivik,NU,1--4----,212.0,
CA,NNE,Nanoose Bay,BC,1-3-----,1.0,
CA,NAN,Nanticoke,ON,1-3-----,1101.0,4248N 08004W
CA,NMT,Naramata,BC,123-----,701.0,4936N 11935W
CA,NS3,Neil's Harbour,NS,1-3-----,1407.0,4615N 06033W
CA,NLS,Nelson,BC,123-----,207.0,4929N 11718W
CA,NGL,New Glasgow,NS,1-------,9905.0,
CA,NRC,New Richmond,QC,12-4----,9905.0,
CA,NWE,New Westminster,BC,1-------,9905.0,
CA,NCT,Newcastle,NB,1-------,9905.0,
CA,EWT,Newton,MB,123-----,701.0,4956N 09804W
CA,NIA,Niagara Falls,ON,1234----,9905.0,
CA,NOL,Niagara-on-the-Lake,ON,1-3-----,401.0,4315N 07904W
CA,NCV,Norman's Cove,NL,1-3-----,701.0,4733N 05340W
CA,NAF,North Arm Fraser,BC,1-------,1.0,
CA,NRB,North Bend,BC,1----6--,1107.0,4953N 12128W
CA,NSY,North Sydney,NS,1-------,1.0,
CA,NDL,Notre-Dame-de-Lourdes,MB,1----6--,1201.0,4932N 09833W
CA,NBC,Notre-Dame-du-Bon-Conseil,QC,1-3-----,407.0,4600N 07221W
CA,OAJ,Oakville,MB,123-----,601.0,4955N 09800W
CA,OAK,Oakville,ON,1--4----,9905.0,
CA,OFA,Ocean Falls,BC,1--4----,1.0,
CA,ODE,Odessa,ON,1-3-----,601.0,4416N 07643W
CA,OVR,Oliver,BC,1234----,601.0,4910N 11933W
CA,OLS,Orleans,ON,1-3-----,601.0,4527N 07532W
CA,OSH,Oshawa,ON,1--4----,9905.0,
CA,OTT,Ottawa,ON,1--4----,8103.0,
CA,OWS,Owen Sound,ON,1-34----,9905.0,
CA,PNT,Pangnirtung,NU,1-------,1.0,
CA,PAR,Parrsboro,NS,123-----,1.0,
CA,PRS,Parry Sound,ON,1--4----,9905.0,
CA,PAS,Paspebiac,QC,1-------,9905.0,
CA,PTB,Patricia Bay,BC,1-------,1.0,
CA,PEH,Pender Harbour,BC,1--4----,1.0,
CA,PTH,Penetanguishene,ON,1-3-----,901.0,4446N 07956W
CA,PHL,Philipsburg,QC,1-3--6--,307.0,4502N 07304W
CA,PIC,Picton,ON,1-------,9905.0,
CA,PTO,Pictou,NS,1-------,9905.0,
CA,PSV,Pleasantville,NS,1-3-----,701.0,4420N 06426W
CA,PHM,Pohenegamook,QC,123-----,601.0,4729N 06917W
CA,PEW,Point Edward,ON,123--6--,307.0,4300N 08224W
CA,PTU,Point Tupper,NS,1-3-----,207.0,4536N 06122W
CA,PPC,Pointe au Pic,QC,1-------,9905.0,
CA,PNO,Pointe Noire,QC,1-------,901.0,5009N 06629W
CA,POP,Pointe-au-Pic,QC,1-------,1.0,
CA,PAQ,Pointe-aux-Basques,QC,1-------,1.0,
CA,PXT,Pointe-aux-Trembles,QC,1-3-----,212.0,4539N 07329W
CA,POI,Pointe-Claire,QC,1-3-----,212.0,4526N 07344W
CA,PFT,Pointe-Fortune,QC,1-3-----,601.0,4534N 07422W
CA,ESX,Point-Escuminac,NB,1----6--,1107.0,
CA,PDI,Pond Inlet,NU,1--4----,1.0,
CA,PAB,Port Alberni,BC,1--4----,9905.0,
CA,PAC,Port Alice,BC,1-------,9905.0,
CA,POA,Port Arthur,ON,1-------,9905.0,
CA,PAP,Port au Port,NL,1-3-----,501.0,4833N 05843W
CA,PCO,Port Colborne,ON,1-------,9905.0,
CA,PCR,Port Credit,ON,1-------,9905.0,
CA,PDV,Port Dover,ON,123-----,1.0,
CA,PTE,Port Edward,BC,1-------,9905.0,
CA,PEL,Port Elgin,NB,123-----,207.0,4602N 06405W
CA,PHY,Port Hardy,BC,1--4----,9905.0,
CA,PHW,Port Hawkesbury,NS,1--4----,9905.0,
CA,OPE,Port Hope,ON,1-34----,9905.0,
CA,PMA,Port McNeill,BC,1--4----,212.0,5035N 12706W
CA,PML,Port Mellon,BC,1-------,9905.0,
CA,PMO,Port Moody/Vancouver,BC,123-----,1.0,4916N 12250W
CA,PNE,Port Nelson,MB,1-------,1.0,
CA,PRP,Port Perry,ON,1-3-----,9805.0,
CA,PSI,Port Simpson,BC,1-------,9905.0,
CA,PST,Port Stanley,ON,1-------,9905.0,
CA,PWE,Port Weller,ON,1-3-----,701.0,4313N 07913W
CA,PAF,Port-Alfred,QC,123-----,212.0,4820N 07053W
CA,PCA,Port-Cartier,QC,1-------,212.0,5001N 06652W
CA,PDL,Port-Daniel,QC,1-3-----,1407.0,4811N 06459W
CA,GPD,Port-Daniel - Gascons,QC,1-------,1701.0,4810N 06455W
CA,PME,Port-Menier,QC,1--4----,212.0,4949N 06421W
CA,PTN,Portneuf,QC,1-------,1.0,
CA,POU,Pouce Coupe,BC,1-3-----,901.0,
CA,POW,Powell River,BC,1--4----,9905.0,
CA,CQ5,Preissac,QC,1-3-----,1401.0,4824N 07822W
CA,PRE,Prescott,ON,1--4----,9905.0,
CA,VOS,Prevost,QC,1----6--,1201.0,4552N 07405W
CA,PRG,Prince George,BC,1--4----,1.0,
CA,PRR,Prince Rupert,BC,1--4----,9905.0,
CA,PPT,Prospect,NS,1-3-----,501.0,4428N 06347W
CA,PUG,Pugwash,NS,1-------,9905.0,
CA,QTS,Quatsino,BC,1-------,1.0,
CA,QUE,Quebec,QC,1--4----,9905.0,
CA,QCH,Queen Charlotte,BC,1-3-----,1007.0,5315N 13204W
CA,RAM,Ramea,NL,1-3-----,501.0,4731N 05725W
CA,RIT,Rankin Inlet,NU,1-3-----,901.0,6249N 09204W
CA,RBY,Red Bay,NL,1-3-----,2407.0,5144N 05625W
CA,RRC,Red Rock,ON,123-----,1007.0,4857N 08817W
CA,REB,Resolute Bay,NU,1--4----,1.0,
CA,RIM,Rimouski,QC,1--4----,9905.0,
CA,RDL,Riviere-du-Loup,QC,1234----,212.0,4750N 06932W
CA,ROA,Roaches Line,NL,1-3-----,901.0,
CA,RTB,Robert's Bank,BC,1-3-----,901.0,4904N 12310W
CA,RSV,Robertsonville,QC,123--6--,307.0,4608N 07113W
CA,RBN,Robinsons,NL,1-------,1007.0,4815N 05847W
CA,GNN,Rockport,ON,1-------,1007.0,4433N 07616W
CA,RCD,Rockwood,ON,1-3-----,901.0,4337N 08008W
CA,ABR,Rocky View County,AB,1-3-----,1401.0,5111N 11356W
CA,ROD,Roddickton,NL,1-3-----,501.0,5051N 05607W
CA,RPO,Rossport,ON,123--6--,607.0,4850N 08731W
CA,RUI,Rupert Inlet,BC,1-------,9905.0,
CA,RUS,Ruskin,BC,123-----,1.0,
CA,SAG,Saguenay,QC,1-3-----,1101.0,4825N 07104W
CA,S8A,Saint Albert,AB,1-------,1401.0,5338N 11338W
CA,SAD,Saint-Andrews,NB,1-------,1101.0,
CA,SKE,Saint-Anne-de-Kent,NB,1-3-----,1101.0,
CA,SAT,Saint-Anthony,NL,1-34----,1101.0,5123N 05536W
CA,STD,Saint-Armand,QC,1-3-----,1101.0,4501N 07302W
CA,SAU,Saint-Augustin,QC,1-------,1501.0,5114N 05839W
CA,SBD,Saint-Bernard,QC,1-3-----,1101.0,
CA,QCS,Saint-Bernard-de-Michaudville,QC,1-3-----,1101.0,
CA,BOJ,Saint-Bruno-Lac-Saint-Jean,,1-------,1107.0,4828N 07140W
CA,SCA,Saint-Catharines,ON,1234----,1101.0,4310N 07914W
CA,ZCR,Saint-Charles-sur-Richelieu,QC,1-3--6--,1101.0,4541N 07311W
CA,SCP,Saint-Christophe-d'Arthabaska,QC,1----6--,1101.0,4602N 07155W
CA,SDN,Saint-Damien-de-Brandon,QC,1-3--6--,1101.0,4620N 07329W
CA,DDS,Saint-Davids,ON,1-3-----,1101.0,
CA,SDM,Sainte-Anne-des-Monts,QC,1-3-----,2101.0,4907N 06629W
CA,SCT,Sainte-Catherine,QC,1-3--6--,1101.0,4524N 07335W
CA,SFI,Sainte-Famille,QC,1-3-----,1101.0,4658N 07058W
CA,MGT,Sainte-Marguerite,QC,1-3-----,1101.0,
CA,SEU,Saint-Eustache,QC,123-----,1101.0,4534N 07354W
CA,SVD,Sainte-Victoire-de-Sorel,QC,1----6--,1101.0,4600N 07310W
CA,ST3,Saint-Felix-de-Kingsey,QC,1-3-----,1407.0,4548N 07211W
CA,SFX,Saint-Felix-de-Valois,QC,123-----,1101.0,4610N 07324W
CA,SFR,Saint-Francois-du-Lac,QC,123-----,1101.0,4604N 07250W
CA,W4C,Saint-Gedeon,QC,1----6--,1601.0,4829N 07147W
CA,SID,Saint-Isidore,ON,1-3-----,1101.0,
CA,XZC,Saint-Isidore d'Auckland,QC,1-3-----,1401.0,4516N 07131W
CA,SJB,Saint-John,NB,1-34-6--,1207.0,4516N 06604W
CA,SJF,Saint-John's,NL,1-3-----,1101.0,4734N 05244W
CA,XJH,Saint-Joseph-de-Beauce,QC,123--6--,307.0,4618N 07052W
CA,SLT,Saint-Lambert,QC,1-3-----,1101.0,4529N 07330W
CA,SLW,Saint-Lawrence,NL,1-3-----,1101.0,4654N 05524W
CA,SMS,Saint-Marys,NL,1-3-----,1101.0,4655N 05335W
CA,SPA,Saint-Pascal,QC,123-----,307.0,4732N 06948W
CA,SRS,Saint-Peters,NS,1-3-----,1101.0,4539N 06052W
CA,SPI,Saint-Pierre,QC,123--6--,307.0,4527N 07338W
CA,PDO,Saint-Pierre-de-l'Ile-d'Orleans,QC,1-3-----,1101.0,
CA,SRA,Saint-Roch-de-l'Achigan,QC,1-3-----,1101.0,4551N 07335W
CA,SRO,Saint-Romuald-d'Etchemin,QC,1-3-----,1101.0,4645N 07114W
CA,SST,Saint-Shotts,NL,1-3-----,1101.0,4638N 05336W
CA,STS,Saint-Stephen,NB,1-------,1101.0,
CA,STH,Saint-Thomas,ON,12-4----,1101.0,
CA,ZTI,Saint-Tite,QC,123--6--,307.0,4644N 07234W
CA,SZT,Saint-Zotique,QC,1----6--,1201.0,4514N 07415W
CA,SSP,Sandspit,BC,1--4----,1.0,
CA,SBH,Sandy Beach,QC,1-3-----,901.0,4849N 06425W
CA,SF2,Sanford,MB,1-------,1401.0,4940N 09726W
CA,SNI,Sarnia,ON,1--4----,9905.0,
CA,SSM,Sault-Sainte-Marie,ON,1--4----,1101.0,
CA,SYW,Sayward,BC,1-3-----,601.0,5021N 12555W
CA,SED,Sedgewick,AB,12------,207.0,5246N 11141W
CA,SEM,Seldom,NL,1-3-----,501.0,4936N 05410W
CA,SEL,Selkirk,MB,1-3-----,9905.0,
CA,SEI,Sept-Iles,QC,1--4----,212.0,5012N 06623W
CA,SEB,Seven Islands Bay,NL,1-------,501.0,5925N 06345W
CA,NON,Shannon,QC,1-3-----,901.0,
CA,SHV,Shannonville,ON,1-3-----,901.0,
CA,SNV,Shaunavon,SK,1-3-----,1301.0,4939N 10824W
CA,SHE,Shediac,NB,1-------,9905.0,
CA,SHH,Sheet Harbour,NS,1-3-----,407.0,4456N 06232W
CA,SBU,Shelburne,NS,1-------,9905.0,
CA,SLB,Shelburne,ON,123-----,307.0,4404N 08012W
CA,SHP,Shippegan,NB,1-------,9905.0,
CA,SIO,Sicamous,BC,123-----,701.0,5050N 11859W
CA,SDY,Sidney,BC,1-------,1.0,
CA,SIC,Simcoe,ON,1-------,8103.0,
CA,SOM,Sombra,ON,1-------,1.0,
CA,SOO,Sooke,BC,1-------,1.0,
CA,SOR,Sorel,QC,1-------,9905.0,
CA,ST6,Sorel-Tracy,QC,1----6--,1107.0,
CA,SOU,Souris,PE,1-------,9905.0,
CA,SPN,Spaniards Bay,NL,123-----,601.0,4737N 05318W
CA,SLK,Split Lake,MB,1-3-----,607.0,5615N 09606W
CA,SPR,Spragge,ON,1-------,9905.0,
CA,SPD,Springdale,NL,1-3-----,501.0,4929N 05606W
CA,SQA,Squamish,BC,1--4----,9905.0,
CA,STV,Stephenville,NL,1-34----,501.0,4833N 05834W
CA,STW,Stewart,BC,1--4----,9905.0,
CA,STK,Stockton,MB,1----6--,907.0,4935N 09927W
CA,STC,Stoney Creek,ON,1-3-----,9905.0,
CA,SYI,Stoney Island,NS,1-3-----,701.0,4328N 06534W
CA,SMT,Stormont,NS,1-3-----,901.0,4513N 06144W
CA,SUD,Sudbury,ON,1--4----,9905.0,
CA,SUM,Summerside,PE,1--4----,9905.0,
CA,SUY,Surrey,BC,1-------,9905.0,
CA,SYD,Sydney,NS,1--4----,9905.0,
CA,SYL,Sylvan Lake,AB,123--6--,607.0,5219N 11405W
CA,TAD,Tadoussac,QC,1-------,9905.0,
CA,PTA,Tahsis,BC,1--4----,9905.0,
CA,TAS,Tasu,BC,1--4----,1.0,
CA,TEX,Texada Island,BC,1-------,9905.0,
CA,THA,Thamesford,ON,123--6--,307.0,4303N 08059W
CA,TWN,Thawwassen,BC,1-3-----,1407.0,4900N 12304W
CA,TTL,Thetis Island,BC,1-3-----,701.0,4859N 12341W
CA,TBY,Thornbury,ON,1----6--,1001.0,4433N 08027W
CA,THL,Thornhill,ON,1-3-----,9905.0,
CA,THD,Thorold,ON,1-3-----,9905.0,
CA,THH,Three Hills,AB,123--6--,307.0,5142N 11316W
CA,THU,Thunder Bay,ON,1--4----,9905.0,
CA,TLB,Tilbury Is,BC,1-------,1.0,
CA,TCV,Tilt Cove,NL,1-------,1207.0,4953N 05537W
CA,TNG,Tingwick,QC,1-3-----,901.0,
CA,TOR,Toronto,ON,1--45---,9905.0,
CA,TRC,Tracy,QC,1-------,9905.0,
CA,TTC,Trenton,ON,1--4----,9905.0,
CA,TJN,Tring Jonction,QC,1-3--6--,901.0,4616N 07100W
CA,TRB,Trinity Bay,NL,1-------,501.0,
CA,TRO,Trochu,AB,123--6--,307.0,5150N 11314W
CA,TRR,Trois-Rivieres (Three Rivers),QC,1--4----,9905.0,
CA,TUK,Tuktoyaktuk,NT,1--4----,9905.0,
CA,TWI,Twillingate,NL,1-3-----,501.0,4939N 05445W
CA,UCL,Ucluelet,,1----6--,1107.0,4856N 12531W
CA,UPT,Upton,QC,123--6--,601.0,4538N 07241W
CA,VLF,Valleyfield,QC,1-3-----,407.0,4515N 07408W
CA,VND,Vananda,BC,1-------,1.0,
CA,VAN,Vancouver,BC,1--45---,9905.0,4915N 12306W
CA,VCH,Vercheres,QC,1-------,212.0,4546N 07321W
CA,VIC,Victoria,BC,1--4----,1101.0,4826N 12321W
CA,VIH,Victoria Harbour,ON,1-3-----,907.0,4445N 07946W
CA,VOB,Voisey's Bay,NL,1-------,901.0,5615N 06151W
CA,WAL,Wallaceburg,ON,123-----,9905.0,
CA,WTN,Walton,NS,1-3-----,701.0,4513N 06401W
CA,WAI,Watson Is,BC,1-------,1.0,
CA,WEL,Welland,ON,1-------,9905.0,
CA,EIW,Wellington,PE,1-3-----,901.0,
CA,WEP,Welshpool,NB,1-------,1.0,
CA,WVR,West Vancouver,BC,123-----,601.0,4920N 12309W
CA,WTO,Westport,ON,1-3-----,701.0,4441N 07624W
CA,WEY,Weymouth,NS,1-------,9905.0,
CA,YXN,Whale Cove,NU,1--4----,212.0,6210N 09235W
CA,WHH,Whiffen Head,NL,1-------,1207.0,4745N 05402W
CA,WHI,Whitby,ON,123-----,1.0,
CA,WHF,Whitefish,ON,1-------,1.0,
CA,WWO,Wildwood,AB,123--6--,601.0,5337N 11514W
CA,YWM,Williams Harbour,NL,1--4----,501.0,5233N 05547W
CA,WDR,Windsor,NS,123-----,307.0,4459N 06408W
CA,WND,Windsor,ON,1--4----,9905.0,
CA,WIG,Wingham,ON,1-3-----,901.0,
CA,WNP,Winnipeg,MB,1--4----,8103.0,
CA,WOO,Woodfibre,BC,1-------,9905.0,
CA,ZYE,Yamachiche,QC,123--6--,307.0,4617N 07250W
CA,YRH,Yarmouth,NS,1--4----,9905.0,
CA,ZEB,Zeballos,BC,1-------,1.0,
CC,CCK,Cocos Islands,,1--45---,501.0,1200S 09650E
CD,BNW,Banana,,1-3-----,701.0,0601N 01224E
CD,BOA,Boma,,1--4----,9501.0,
CD,FIH,Kinshasa,,1--45---,9501.0,
CD,MKL,Makala,,123-----,701.0,0249N 02443E
CD,MAT,Matadi,,1--4----,9501.0,
CD,MHB,Moho Bilondo,,1----6--,1001.0,0555S 01015E
CF,TOG,Togo,,1234----,901.0,0530N 02143E
CG,DJE,Djeno Terminal,,1-------,9506.0,
CG,MOS,Mossaka,,1-3-----,701.0,0113S 01648E
CG,NKO,N'Kossa Terminal,,1-------,212.0,0514S 01136E
CG,OUE,Ouesso,,1--4----,9601.0,
CG,OYO,Oyo,,1-3-----,701.0,0100N 01554E
CG,PNR,Pointe Noire,16,1--45---,1601.0,0448S 01151E
CG,YOM,Yombo,9,1-------,1401.0,0256S 01242E
CH,XRE,Aeugst am Albis,ZH,1-3-----,1401.0,4716N 00829E
CH,BRZ,Bad Ragaz,SG,123-----,601.0,4700N 00930E
CH,BA8,Ballwil,LU,1-3-----,1401.0,4709N 00819E
CH,BSL,Basel,BS,12345---,8103.0,
CH,BIB,Biberist,SO,123-----,601.0,4711N 00734E
CH,BIR,Birrwil,AG,1----6--,901.0,4717N 00812E
CH,BLY,Blonay,VD,1-3-----,1401.0,4628N 00654E
CH,BSM,Bretigny-sur-Morrens,VD,1----6--,1201.0,4636N 00638E
CH,BRU,Brunnen,SZ,123-----,601.0,4659N 00836E
CH,BTT,Brutten,ZH,1----6--,1107.0,4728N 00840E
CH,BUR,Bursinel,VD,1-3-----,601.0,4626N 00617E
CH,HHM,Cham,ZG,123-----,901.0,4711N 00828E
CH,CHS,Chesieres,VD,1----6--,907.0,4618N 00703E
CH,CHE,Chevenez,22,1----6--,901.0,4723N 00700E
CH,N66,Choindez,JU,1----6--,1401.0,4719N 00723E
CH,CBL,Collonge-Bellerive,GE,1----6--,1107.0,4615N 00612E
CH,COP,Coppet,GE,123-----,901.0,4619N 00612E
CH,CVT,Couvet,NE,1----6--,901.0,4655N 00638E
CH,DOT,Dottingen,AG,123-----,601.0,4734N 00815E
CH,DSF,Epalinges,VD,1----6--,907.0,4633N 00640E
CH,EPS,Epesses,VD,123-----,601.0,4629N 00644E
CH,ERB,Erlenbach,ZH,123-----,901.0,4718N 00836E
CH,FEM,Feldmeilen,ZH,123-----,901.0,4717N 00837E
CH,FLA,Flasch,GR,1-3-----,901.0,4701N 00931E
CH,GRG,Gorgier,NE,1----6--,1601.0,4654N 00646E
CH,GTT,Guttingen,TG,123--6--,901.0,4736N 00917E
CH,HTE,Hauterive,NE,123-----,701.0,4701N 00658E
CH,HBG,Herrliberg,ZH,123-----,607.0,4717N 00837E
CH,XZX,Ibach,SZ,1-3-----,1401.0,4701N 00839E
CH,RGU,Klingnau,AG,1-------,901.0,4735N 00815E
CH,K3L,Kollbrunn,ZH,1----6--,1401.0,4727N 00847E
CH,KPP,Koppigen,BE,1----6--,1107.0,4708N 00736E
CH,KRZ,Kreuzlingen,TG,1-------,9705.0,
CH,KSS,Kussnacht,SZ,1-------,901.0,
CH,GEL,Lancy,GE,1-3--6--,1701.0,4611N 00608E
CH,LDO,Le Landeron,NE,123-----,607.0,4703N 00704E
CH,LLU,Le Lieu,VD,123-----,601.0,4639N 00616E
CH,MDF,Mannedorf,ZH,123-----,901.0,4725N 00868E
CH,MAU,Maur,ZH,1-3-----,901.0,4720N 00840E
CH,MLN,Meilen,ZH,123-----,901.0,4717N 00838E
CH,MWA,Meisterschwanden,AG,1-3-----,701.0,4717N 00814E
CH,JJO,Melide,,1----6--,1107.0,
CH,MIG,Miege,VS,1----6--,1107.0,4619N 00733E
CH,NEF,Nafels,GL,123-----,601.0,4706N 00904E
CH,NDB,Niederbipp,BE,1----6--,901.0,4716N 00741E
CH,ODB,Oberried am Brienzersee,BE,123-----,607.0,4644N 00757E
CH,POR,Porto Ronco,TI,1-3-----,1001.0,4608N 00844E
CH,RRN,Raron,VS,123-----,601.0,4618N 00748E
CH,RNB,Reichenbach,BE,123-----,601.0,4637N 00741E
CH,XXX,RIS Inland waterways,,1-------,1101.0,
CH,RMH,Romanshorn,TG,123----B,501.0,4734N 00923E
CH,RGT,Rougemont,VD,1----6--,1201.0,4629N 00713E
CH,SAS,Saint-Aubin-Sauges,NE,1-3--6--,1101.0,4653N 00646E
CH,SSV,Saint-Sulpice,VD,1----6--,1107.0,4631N 00634E
CH,TTG,Salenstein,TG,1----6--,1201.0,4740N 00903E
CH,SEN,Schenkon,LU,1-3-----,701.0,4710N 00808E
CH,SMK,Schmerikon,SG,123-----,607.0,4714N 00856E
CH,STA,Stansstad,NW,123-----,901.0,4658N 00820E
CH,STI,Steinhausen,ZG,123-----,407.0,4712N 00828E
CH,TAN,Twann,BE,123-----,1001.0,4706N 00709E
CH,UKS,Uetikon am See,ZH,123--6--,607.0,4716N 00840E
CH,TZE,Utzenstorf,BE,1----6--,901.0,4708N 00733E
CH,VAU,Vaumarcus,NE,1----6--,907.0,4652N 00645E
CH,VSX,Versoix,GE,123-5---,1001.0,4617N 00610E
CH,VS5,Villaz-Saint-Pierre,FR,1-------,1401.0,4643N 00658E
CH,VZU,Vitznau,LU,123-----,1001.0,4701N 00829E
CH,WCW,Walchwil,ZG,123--6--,901.0,4706N 00831E
CH,WLO,Wurenlos,AG,123-----,307.0,4727N 00822E
CI,ABJ,Abidjan,AB,1--45---,1701.0,0520N 00401W
CI,ASS,Assinie-Mafia,,1-3-----,701.0,0507N 00317W
CI,BAO,Baobab Terminal,,1-3-----,901.0,0457N 00433W
CI,DAB,Dabou,,1-3-----,407.0,0519N 00422W
CI,ESP,Espoir,,1-------,907.0,0504N 00423W
CI,FRE,Fresco,,1-3-----,701.0,0505N 00534W
CI,GBA,Gbabam,,1-------,212.0,0528N 00535W
CI,GLU,Grand Lahou,,1-3-----,701.0,0508N 00501W
CI,JAC,Jacqueville,,1-------,212.0,0512N 00425W
CI,KOS,Kosagi,,1-------,212.0,0813N 00806W
CI,PBT,Port-Bouet,,1-------,212.0,0515N 00358W
CI,SPY,San-Pedro,09,1-34----,1401.0,0444N 00637W
CI,ZSS,Sassandra,,1--4----,9601.0,
CK,AIT,Aitutaki,,1--45---,9601.0,
CK,ARU,Arutunga,,1-------,9506.0,
CK,AIU,Atiu,,1--4----,9601.0,
CK,MGS,Mangaia,,1--4----,9601.0,
CK,MOI,Mitiaro Island,,1--4----,9601.0,
CK,RAR,Rarotonga,,1--45---,9601.0,
CL,ACH,Achao,LL,1-------,501.0,4227S 07331W
CL,ZUD,Ancud,LL,1-34----,501.0,4151S 07350W
CL,ANF,Antofagasta,AN,1--4----,201.0,2338S 07023W
CL,ARA,Arauco,BI,1-3-----,501.0,3715S 07319W
CL,ARI,Arica,AP,1-34----,1207.0,1829S 07019W
CL,AYA,Ayacara,LL,1-------,501.0,4218S 07247W
CL,BLR,Bahia Laredo,MA,1-3-----,2101.0,5258S 07048W
CL,BAG,Bahia San Gregorio,MA,1-------,501.0,5237S 07008W
CL,BAR,Barquito,AT,1-------,201.0,2621S 07038W
CL,CHR,Cabo de Hornos,MA,1-------,501.0,5558S 06712W
CL,CNX,Cabo Negro,MA,1-------,207.0,5258S 07051W
CL,CBC,Calbuco,LL,1-3-----,501.0,4145S 07308W
CL,CLD,Caldera,AT,1-------,201.0,2702S 07048W
CL,CAA,Calderilla,AT,123-----,501.0,2705S 07051W
CL,CLR,Caleta Clarencia,MA,1-------,201.0,5253S 07006W
CL,COL,Caleta Coloso,AN,1-------,207.0,2345S 07028W
CL,CAL,Caleta Patillos,,1-------,1207.0,2045S 07012W
CL,CRH,Carahue,LL,1-3-----,501.0,4300S 07333W
CL,WCA,Castro,LL,1-34----,501.0,4228S 07346W
CL,CHB,Chacabuco,AI,1-------,201.0,4529S 07249W
CL,CCA,Chacao,LL,1-3-----,501.0,4150S 07332W
CL,WCH,Chaiten,LL,1--4----,501.0,4255S 07242W
CL,CNR,Chanaral,AT,1234----,307.0,2621S 07037W
CL,CHI,Chiguayante,BI,123-----,501.0,3655S 07301W
CL,CHO,Chonchi,LL,1-3-----,501.0,4236S 07348W
CL,CCP,Concepcion,BI,12345---,501.0,3649S 07303W
CL,CST,Constitucion,ML,1-3-----,501.0,3520S 07225W
CL,CPO,Copiapo,AT,1--4----,201.0,2721S 07020W
CL,CQQ,Coquimbo,CO,1-------,201.0,2958S 07120W
CL,CNL,Coronel,BI,123-----,501.0,3701S 07309W
CL,CRR,Corral,LL,1-34----,501.0,3952S 07326W
CL,CGR,Cruz Grande,CO,1-------,207.0,2927S 07118W
CL,CDV,Curaco de Velez,LL,1-------,501.0,4226S 07334W
CL,DCH,Dalcahue,LL,1-3-----,201.0,4223S 07340W
CL,GUA,Guaitecas,AI,1-------,501.0,4344S 07354W
CL,GYC,Guayacan,CO,1-------,201.0,2959S 07122W
CL,HUH,Hualaihue,LL,1-3-----,501.0,4201S 07241W
CL,HSO,Huasco,AT,1-------,201.0,2827S 07113W
CL,IQQ,Iquique,TA,1--4----,201.0,2013S 07008W
CL,IPC,Isla de Pascua,VS,1--4----,201.0,2709S 10925W
CL,ISG,Isla Guarello,MA,1-------,701.0,5240S 07341W
CL,JFZ,Juan Fernandez,VS,1-------,501.0,3340S 07947W
CL,LSC,La Serena,CO,1--4----,201.0,2953S 07114W
CL,LEB,Lebu,BI,123-----,501.0,3736S 07339W
CL,LQN,Lirquen,BI,123-----,501.0,3642S 07259W
CL,LIA,Llanquihue,LL,123-----,501.0,4115S 07300W
CL,LLI,Llico,BI,1-3-----,501.0,3712S 07334W
CL,LVT,Los Vientos,AN,123-----,207.0,2441S 06946W
CL,LOS,Los Vilos,CO,1-------,201.0,3154S 07130W
CL,LTA,Lota,BI,1-3-----,501.0,3705S 07309W
CL,MLL,Maullin,LL,1-3-----,501.0,4137S 07335W
CL,MJS,Mejillones,AN,1-------,201.0,2306S 07027W
CL,MLI,Melinka,LL,1-3-----,501.0,4352S 07345W
CL,MIC,Michilla,AN,1-3-----,501.0,2244S 07016W
CL,NAL,Nueva Aldea,BI,1-3-----,1207.0,3639S 07227W
CL,OHI,O'Higgins,AI,1-------,1207.0,4828S 07234W
CL,ZOS,Osorno,LL,1234----,501.0,4034S 07309W
CL,OVL,Ovalle,CO,1--4----,201.0,3035S 07112W
CL,PAN,Panguipulli,LL,123-----,501.0,3938S 07220W
CL,PGA,Pargua,LL,1-3-----,501.0,4148S 07326W
CL,LOH,Paso Lago O'Higgins/O'Higgins,AI,1-3----B,1207.0,4852S 07240W
CL,PTI,Patillos,TA,1-------,701.0,2045S 07011W
CL,PCK,Pecket,MA,1-------,1207.0,5257S 07111W
CL,PEO,Penco,BI,123-----,501.0,3643S 07259W
CL,PIS,Pisagua,TA,1-------,201.0,1936S 07012W
CL,POS,Posesion,CO,1-3-----,501.0,2954S 07004W
CL,WPA,Puerto Aisen,AI,1--4----,201.0,4523S 07242W
CL,PAG,Puerto Angamos,AN,123-----,507.0,2305S 07027W
CL,PCH,Puerto Chacabuco,AI,1-3-----,201.0,4529S 07250W
CL,CIS,Puerto Cisnes,AI,1-3-----,501.0,4444S 07242W
CL,EDE,Puerto Eden,MA,1-------,507.0,4909S 07427W
CL,PMC,Puerto Montt,LL,1234----,501.0,4128S 07257W
CL,PNT,Puerto Natales,MA,1-34----,501.0,5143S 07230W
CL,POC,Puerto Octay,LL,1-3-----,501.0,4058S 07254W
CL,PAT,Puerto Patache,TA,1-------,407.0,2048S 07012W
CL,PPY,Puerto Percy,MA,1-------,207.0,5254S 07016W
CL,PVS,Puerto Varas,LL,123-----,501.0,4119S 07259W
CL,WPU,Puerto Williams,MA,1--4----,201.0,5455S 06737W
CL,PUQ,Punta Arenas,MA,1-34----,501.0,5308S 07056W
CL,PTC,Punta Chungo,CO,123-----,207.0,3152S 07130W
CL,PPD,Punta Padrones,,1----6--,1107.0,
CL,PQD,Puqueldon,LL,1-------,501.0,4235S 07338W
CL,QLN,Queilen,LL,1-3-----,501.0,4252S 07328W
CL,PTE,Quellon (Puerto Quellon),LL,1-3-----,501.0,4306S 07337W
CL,QUV,Quellon Viejo,LL,1-3-----,201.0,4308S 07340W
CL,QMC,Quemchi,LL,1-3-----,501.0,4208S 07329W
CL,QCO,Quinchao,LL,1-------,501.0,4231S 07324W
CL,QTV,Quintero,VS,1-3-----,501.0,3246S 07132W
CL,RAF,Rauco,LL,1-3-----,501.0,4232S 07347W
CL,SAA,Saavedra,AR,1-3-----,501.0,3847S 07324W
CL,SAI,San Antonio,VS,123-----,501.0,3336S 07136W
CL,SVE,San Vicente,BI,1-3-----,501.0,3642S 07308W
CL,TLX,Talca,ML,1234----,212.0,3525S 07139W
CL,TAL,Talcahuano,BI,123-----,501.0,3644S 07307W
CL,TTC,Taltal,AN,1--4----,201.0,2524S 07028W
CL,TOQ,Tocopilla,AN,1--4----,201.0,2205S 07011W
CL,TOM,Tome,BI,123-----,501.0,3636S 07257W
CL,TON,Tongoy,CO,1-3-----,501.0,3015S 07129W
CL,TOR,Tortel,AI,1-------,501.0,4750S 07334W
CL,TPT,Tres Puentes,MA,1-3-----,501.0,5307S 07053W
CL,ZAL,Valdivia,LL,1234----,1101.0,3949S 07313W
CL,VAP,Valparaiso,VS,1234----,501.0,3302S 07138W
CL,VNT,Ventanas,VS,1-3-----,501.0,3244S 07129W
CL,VIL,Villarrica,AR,123-----,501.0,3916S 07213W
CL,KNA,Vina del Mar,VS,1234----,501.0,3259S 07133W
CM,DLA,Douala,,1--45---,9601.0,
CM,GOU,Garoua,NO,1-34----,1301.0,0918N 01324E
CM,KOL,Kole Terminal,,1-------,9012.0,
CM,KBI,Kribi,,1--4----,9601.0,
CM,KUM,Kumba,SW,1----6--,1201.0,0438N 00926E
CM,LIM,Limbe,,123-----,701.0,0401N 00913E
CM,LIT,Limboh Terminal,,1-------,9506.0,
CM,MOU,Moudi Terminal,,1-3-----,307.0,0407N 00829E
CM,TKC,Tiko,,1--4----,9601.0,
CN,APP,Anpu,GD,1-------,1401.0,2123N 10950E
CN,AQG,Anqing,AH,123-----,2107.0,3031N 11702E
CN,ANQ,Anqiu,SD,1-3-----,601.0,3625N 11911E
CN,ANT,Anting,SH,1----6--,1107.0,3118N 12109E
CN,AJG,Aojiang Pt,ZJ,1-------,1401.0,2735N 12027E
CN,ASW,Aoshanwei,SD,1----6--,1001.0,3621N 12040E
CN,BCO,Bacao,GZ,1-------,1401.0,2528N 10547E
CN,BDG,Badong,HB,1-------,1401.0,3102N 11023E
CN,BAH,Bahe,HB,1-------,1401.0,
CN,BCG,Baiceng,GZ,1-------,1401.0,2526N 10548E
CN,BLO,Bailuo,HB,1-------,1401.0,
CN,BMJ,Baimajing,HI,1-3-----,1401.0,1942N 10913E
CN,IMA,Baimao,SD,1-------,1401.0,3501N 11836E
CN,BSE,Baise,GX,1-------,1401.0,
CN,BSI,Baishi,HL,1-------,1401.0,
CN,BYG,Baiyang,HB,1-------,1401.0,3026N 11131E
CN,BLI,Bali,HB,1-------,1401.0,
CN,BSD,Baoshan Pt,SH,1-------,1601.0,3125N 12129E
CN,BSP,Basuo Pt,HI,1-------,1407.0,1900N 10837E
CN,BAU,Baxu,JS,1-------,1401.0,
CN,BYA,Bayan,HL,1-------,1401.0,4605N 12724E
CN,BYQ,Bayuquan,LN,1-------,1407.0,
CN,BIC,Beicun,GD,1-------,1401.0,
CN,BIH,Beihai Pt,GX,1-------,1601.0,2128N 10907E
CN,BIJ,Beijiao,GD,1-------,1601.0,2255N 11312E
CN,BEI,Beilun,ZJ,1-3-----,407.0,2956N 12153E
CN,BLG,Beilun Pt,ZJ,1-------,1407.0,
CN,SXB,Beitan,GD,1-------,1407.0,2122N 11015E
CN,BIY,Beiyao,GD,1-------,1401.0,
CN,PHB,Bijia,GD,1-------,1407.0,2237N 11451E
CN,BHX,Binhai,JS,1-------,1601.0,3343N 11937E
CN,BYN,Binyang,FJ,123-----,1401.0,2715N 12020E
CN,BOA,Boao,HI,1-------,1401.0,
CN,DBX,Bohe,GD,1-------,1407.0,2131N 11100E
CN,BZG,Bozhong,TJ,1-----7-,1401.0,3827N 11826E
CN,BHE,Buhe,HB,1-------,1401.0,
CN,GSA,Cangshan,SD,1-3-----,601.0,3451N 11803E
CN,CGW,Cangwu,GX,1-3-----,1401.0,2329N 11119E
CN,CFD,Caofeidian Pt,HE,1-------,1401.0,3857N 11832E
CN,CJG,Caojing,SH,1-3-----,401.0,3047N 12124E
CN,CDH,Changdianhekou,LN,1-------,1401.0,4025N 12448E
CN,CAH,Changhua,HI,1-------,1401.0,
CN,CGJ,Changjing,JS,1-------,1401.0,
CN,CSH,Changsha,HN,12-45---,1701.0,2812N 11259E
CN,CSO,Changshou,CQ,1-------,1401.0,
CN,CSJ,Changshou,JS,1-------,1401.0,
CN,CGS,Changshu Pt,JS,1-------,1601.0,3139N 12043E
CN,CZX,Changzhou,JS,1234----,2107.0,3147N 11958E
CN,CHU,Chaohu,AH,123-----,601.0,3136N 11751E
CN,CHY,Chaoyang Pt,GD,1-------,1601.0,2316N 11636E
CN,COZ,Chaozhou,GD,123-----,2107.0,2340N 11638E
CN,CBG,Chen Barag,NM,1-------,1401.0,
CN,CUN,Chencun,GD,1-3-----,601.0,2257N 11314E
CN,CHE,Chengaogang,FJ,1-------,1407.0,
CN,CNG,Chengde,HE,123-----,907.0,4058N 11756E
CN,CJI,Chengjiang,JS,1-------,1401.0,
CN,CLJ,Chenglingji Pt,HN,1-------,1407.0,2926N 11309E
CN,CHX,Chengxi,SH,1-------,1401.0,3155N 12014E
CN,CIG,Chenjiagang,JS,1-------,1401.0,
CN,CBI,Chibi,HB,1-------,1401.0,
CN,CWN,Chiwan Pt,GD,1-------,1601.0,2229N 11353E
CN,CHI,Chizhou,AH,123-----,2107.0,3039N 11728E
CN,CGM,Chongming,SH,1-------,1401.0,3138N 12124E
CN,CQI,Chongqing,CQ,12-45---,1601.0,2935N 10633E
CN,CHQ,Chongqing Pt,CQ,1-------,1401.0,
CN,QZC,Chongwu,FJ,1-------,1407.0,
CN,CGZ,Chongzuo,GX,1-------,1401.0,
CN,CHS,Chuanshan,ZJ,1-------,1401.0,
CN,CUM,Chumen,ZJ,1-3-----,1401.0,
CN,CHZ,Chuzhou,AH,123-----,507.0,3219N 11817E
CN,CIV,Civet / Guandong,GD,1----6--,1001.0,2216N 11304E
CN,CIX,Cixi,ZJ,1-3--6--,407.0,3010N 12114E
CN,CJA,Congjiang,GZ,1-------,1401.0,
CN,DCB,DA CHAN BAY,GD,1----6--,1701.0,2232N 11352E
CN,DAN,Daan,JL,1-------,1401.0,4357N 12951E
CN,DDD,Dadeng I.,FJ,1-------,1401.0,2432N 11819E
CN,DIZ,Dadingzi,HL,1-------,1401.0,
CN,DDK,Dadukou,AH,1-------,1401.0,
CN,DFG,Dafeng,JS,123-----,2107.0,3311N 12028E
CN,DAA,Dagang,JS,1-3-----,9901.0,
CN,DHP,Dahuangpu,GD,1-------,1401.0,
CN,DJI,Dajing,ZJ,1-------,1401.0,
CN,DAL,Dalian,LN,12-45---,2007.0,3855N 12136E
CN,DAG,Dalian Pt,LN,1-------,1601.0,
CN,DLD,Dalu Island,LN,1-------,1601.0,3944N 12343E
CN,DMY,Damaiyu,ZJ,1-------,2407.0,2805N 12109E
CN,DDG,Dandong,LN,1234----,2107.0,
CN,DDZ,Dandong,LN,123----B,1601.0,4008N 12422E
CN,FZL,Dantou,FJ,1-------,1407.0,
CN,DNT,Dantu,JS,1-------,1401.0,
CN,DZM,Danzhimatou,LN,1-------,1401.0,
CN,DHU,Danzhou,GX,123--6--,601.0,2522N 10926E
CN,DJO,Daojiao,GD,1-3-----,601.0,
CN,DPG,Dapeng,GD,1-3-----,601.0,2236N 11430E
CN,DQD,Daqindao,SD,1-------,1401.0,
CN,DSA,Dasha,HB,1-------,1401.0,
CN,DAS,Dashihuagang,21,1-------,901.0,3854N 12136E
CN,DSO,Dasong,ZJ,1-------,1401.0,
CN,DTZ,Dataizi,LN,1-------,1401.0,
CN,DWN,Dawan,SD,1-------,1401.0,
CN,DAX,Daxie Pt,ZJ,1-------,1601.0,2953N 12157E
CN,DXU,Daxu,GX,1-------,1401.0,
CN,DYW,Dayaowan,LN,1-------,1407.0,
CN,DAY,Dayawan,GD,1-------,1601.0,2240N 11440E
CN,DYI,Dayi,JS,1-------,1401.0,
CN,DEF,Defeng,GZ,1-3-----,601.0,2613N 10907E
CN,DEZ,Dezhou,SD,1-3-----,507.0,3726N 11617E
CN,DDP,Didu,GD,1-------,1401.0,
CN,DIA,Digang,AH,1-------,1401.0,
CN,DBG,Dongbang,JS,1-------,1401.0,
CN,DDW,Dongdaiwan,FJ,1-------,1401.0,2614N 11937E
CN,DFA,Dongfang,HI,123-----,1401.0,1903N 10856E
CN,DFN,Dongfeng,SD,12------,1401.0,
CN,DGN,Donggang,TJ,1-------,1601.0,3953N 12408E
CN,DGU,Donggu,FJ,1-------,1401.0,
CN,DGG,Dongguan,GD,123-----,2107.0,2302N 11345E
CN,DNG,Donghai,GD,1-3--6--,407.0,2257N 11538E
CN,DJA,Dongjiakou,SD,1-3-----,2201.0,3536N 11946E
CN,DJG,Dongjiang Port Area,TJ,1-------,1601.0,
CN,DJK,Dongjiangkou,GD,12------,2407.0,3535N 11947E
CN,DJT,Dongjiaotou Pt,GD,1-------,1601.0,2020N 11025E
CN,DOP,Donglian Port,GD,1-------,1007.0,2275N 11461E
CN,DLI,Dongliu,AH,1-------,1401.0,
CN,DGP,Dongping,GD,1-------,1401.0,2143N 11213E
CN,DSN,Dongshan Pt,FJ,1-------,1407.0,
CN,DSI,Dongshi,42,1-------,901.0,
CN,DSH,Dongshi,FJ,1-------,1601.0,2440N 11828E
CN,DSB,Dongsunba,CQ,1-------,1401.0,
CN,DOX,Dongxing,GX,1-3----B,1407.0,2129N 10759E
CN,DYN,Dongying,SD,123-----,2107.0,3725N 11841E
CN,DOZ,Dongzhang,JS,1-------,1401.0,
CN,DHD,Douhudi,HB,1-------,1401.0,
CN,DOU,Doumen Pt,GD,1-------,1601.0,2212N 11317E
CN,DCG,Ducheng,HB,1-------,1401.0,
CN,ECG,Echeng,HB,1-------,1401.0,
CN,EBA,Erba,AH,1-------,1401.0,
CN,EGN,Ergun,NM,1-3--6--,1401.0,
CN,ETK,Ertaokou,HB,1-------,1401.0,
CN,EZH,Ezhou,HB,123-----,601.0,3024N 11449E
CN,FAN,Fangcheng Pt,GX,1-------,1601.0,2146N 10821E
CN,FCH,Fengcheng,SD,1-------,1401.0,3642N 12114E
CN,FDU,Fengdu,CQ,1-------,1401.0,
CN,FEH,Fenghua,ZJ,12------,2407.0,2939N 12124E
CN,FJE,Fengjie,CQ,1-------,1401.0,
CN,FKI,Fengkai,GD,1-3-----,1401.0,2303N 11227E
CN,FRT,Foshan New Pt,GD,1-------,1401.0,
CN,FUC,Fucheng,GD,1-------,1401.0,
CN,FAG,Fugang,GD,1-------,1401.0,
CN,FUJ,Fujin,HL,1-------,1401.0,4715N 13202E
CN,FLG,Fuling,CQ,1-3-----,601.0,2942N 10720E
CN,FSA,Fushan,JS,1-------,1401.0,
CN,FSI,Fusui,GX,1-------,1401.0,
CN,FWN,Fuwan,GD,1-------,1401.0,
CN,FXG,Fuxing,AH,1-------,1401.0,
CN,FNG,Fuyong,GD,1-3-----,207.0,2239N 11347E
CN,FUY,Fuyuan,HL,1-------,1601.0,4821N 13418E
CN,FZH,Fuzhou,FJ,1--45---,1401.0,2605N 11918E
CN,ZZU,Fuzhou,FJ,123-----,2107.0,2431N 11739E
CN,FZG,Fuzhou Pt,FJ,1-------,1401.0,
CN,FZX,Fuzhouxingang,FJ,1-------,1407.0,
CN,GUL,Gangluan,SD,1-------,1401.0,
CN,GAO,Gaogang,JS,1-------,1401.0,3218N 11951E
CN,GON,Gaolan,GD,1-3-----,1401.0,2155N 11315E
CN,GLN,Gaolan,GS,123-----,601.0,3619N 10356E
CN,GLG,Gaoleng,HL,1-------,1401.0,
CN,GOM,Gaoming Pt,GD,1-------,1601.0,2253N 11250E
CN,GSH,Gaosha,GD,1-------,1401.0,
CN,GDI,Gedian,HB,1-------,1401.0,
CN,GGN,Gongan,HB,1-------,1401.0,
CN,GGU,Gongguan,GX,1-------,1401.0,
CN,GGK,Gongkou,FJ,1-------,1401.0,2338N 11714E
CN,GOG,Gongming,GD,1-3-----,507.0,2247N 11352E
CN,TSG,Gongyi,GD,1-------,1407.0,2215N 11248E
CN,GBG,Guanbu Pt,GD,1-------,1401.0,
CN,GCH,Guancheng,GD,1-------,1601.0,
CN,GNA,Guang'ao,GD,1-3-----,2407.0,2314N 11646E
CN,GBT,Guangbaotong,GD,1-------,1401.0,
CN,GUT,Guangdong Terminal,GD,1-------,1007.0,2234N 11426E
CN,GHI,Guanghai Pt,GD,1-------,1407.0,2158N 11248E
CN,GLI,Guangli,GD,1-------,1401.0,
CN,GNG,Guangning,GD,1-------,1401.0,
CN,GNI,Guangning,LN,1-------,1401.0,
CN,GGZ,Guangzhou,GD,12345---,1401.0,2308N 11314E
CN,GZG,Guangzhou Pt,GD,1-------,2407.0,2308N 11314E
CN,GZC,Guangzhouchuanchang,GD,1-------,1401.0,
CN,GYO,Guanyao,HB,1-------,1401.0,
CN,GUG,Guigang,GX,1-------,1401.0,2306N 10936E
CN,GUI,Guilin,GX,123-----,1701.0,2516N 11017E
CN,GPG,Guiping,GX,1-------,1401.0,
CN,GIS,Guishan,GD,1-------,1401.0,2208N 11349E
CN,GZE,Guzhen,GD,1-3--6--,607.0,2236N 11310E
CN,XWH,Haian,GD,1-------,1407.0,
CN,XMH,"Haicang, Xiamen",FJ,1----6--,2207.0,
CN,HDN,Haidian,HI,1-------,1401.0,
CN,HGN,Haigeng,AH,1-------,1401.0,
CN,HKO,Haikou,HI,1--45---,1401.0,2002N 11020E
CN,HXG,Haikou New Pt,HI,1-------,1407.0,2015N 10850E
CN,HIG,Haikou Pt,HI,1-------,1401.0,2002N 11010E
CN,CYH,Haimen,GD,1-------,1407.0,
CN,HME,Haimen,ZJ,1-------,1707.0,2840N 12126E
CN,HIM,Haimiao,SD,1-------,1401.0,
CN,HHT,Haitian Terminal/ Xiamen,FJ,1-3--6--,907.0,2706N 12018E
CN,HTO,Haitou,JS,1-------,1401.0,
CN,HXE,Haoxue,HB,1-------,1401.0,
CN,HRN,Harbin,HL,12-45---,1401.0,4544N 12636E
CN,HBG,Harbin Pt,HL,1-------,1401.0,
CN,HEB,Hebei,HE,1-3-----,2407.0,3953N 11517E
CN,HEK,Heihe,HL,1-----7-,1601.0,5014N 12729E
CN,HST,Heishantou,NM,1-------,1601.0,5012N 11923E
CN,XHH,Hekou,GD,1-------,1407.0,
CN,HLW,Heliwei,GD,1-------,1401.0,
CN,ENP,Hengban,GD,1-------,1601.0,2212N 11219E
CN,HNI,Hengli,GD,1-3--6--,601.0,2310N 11437E
CN,HXA,Hengxian,GX,1-------,1401.0,
CN,HAS,Heshan,GX,12------,1401.0,
CN,HSN,Heshan Pt,GD,1-------,1601.0,2246N 11257E
CN,HTG,Hetang,GD,1-------,1401.0,2239N 11308E
CN,HOD,Hongdu,GX,1-------,1401.0,
CN,HGG,Hongguang Pt,ZJ,1-------,1407.0,
CN,BLX,Honghai Pt,GD,1-------,1407.0,2310N 11416E
CN,HOH,Honghu,HB,1-------,1401.0,
CN,HGA,Honghua,HB,1-------,1401.0,
CN,HOQ,Hongqi,GD,1-------,1401.0,
CN,HOU,Houjie,GD,1-3-----,407.0,2256N 11338E
CN,HZU,Houzhu,FJ,1-3--6--,407.0,2453N 11840E
CN,HCN,Huachuan,HL,1-------,1401.0,4701N 13042E
CN,HDG,Huadu Pt,GD,1-------,1401.0,
CN,HIJ,Huaiji,GD,1-3-----,1401.0,2303N 11227E
CN,HLI,Huailai,HE,123-----,907.0,4022N 11530E
CN,AIN,Huaiyin,JS,1-3--6--,407.0,3338N 11901E
CN,HNH,Huanghua,ZJ,1-------,1407.0,
CN,HUH,Huanghua Pt,HE,1-------,1601.0,3821N 11721E
CN,HJI,Huangjiang,GD,1-------,1401.0,
CN,HGJ,Huangjiang,GX,1-3-----,601.0,2506N 10720E
CN,WCH,Huangpo,GD,1-------,1407.0,
CN,HUN,Huangpu New Port,GD,1-------,1901.0,2305N 11330E
CN,HUA,Huangpu Pt,GD,1-------,1601.0,
CN,HAQ,Huangqi/Nanhai,GD,1-------,1401.0,
CN,HSK,Huangsangkou,HB,1-------,1401.0,
CN,HSI,Huangshi Pt,HB,1-------,1407.0,3012N 11506E
CN,ANG,Huangxian,33,1----6--,901.0,2933N 12134E
CN,HYN,Huangyan,ZJ,1-34-6--,401.0,2838N 12115E
CN,HZO,Huangzhou,HB,1-------,1401.0,
CN,HNS,Huanshi,HB,1-------,1401.0,
CN,HUS,Huashi,JS,1-------,1401.0,
CN,HUY,Huayang,AH,1-------,1401.0,
CN,HUE,Huchen,ZJ,1-------,1401.0,
CN,UIA,"Hui'an,Quanzhou",FJ,123--6--,2307.0,2502N 11856E
CN,HID,Huidong Pt,GD,1-------,1407.0,2259N 11442E
CN,HIK,Huikou,AH,1-------,1401.0,
CN,HUI,Huizhou,GD,123-----,2107.0,2305N 11422E
CN,HKU,Hukou,JX,1-------,1401.0,
CN,HLE,Hulan Ergi,HL,1-------,1401.0,
CN,HUL,Hulin,HL,1------B,1407.0,4547N 13257E
CN,HUD,Huludao,LN,1234----,2107.0,4045N 12051E
CN,HUM,Huma,HL,1-------,1601.0,5142N 12639E
CN,HMN,Humen Pt,GD,1-------,1601.0,2250N 11340E
CN,HUP,Huo Pt,AH,1-------,1401.0,
CN,HZH,Huzhou,ZJ,123-----,2107.0,3052N 12006E
CN,JMS,Jiamusi Pt,HL,1-------,1401.0,
CN,JBI,Jianbi,JS,1-------,1401.0,
CN,JAA,Jiang'an,SC,1-------,1401.0,
CN,JCH,Jiangcheng,GD,1-------,1401.0,
CN,JCN,Jiangchuan,YN,1-------,1401.0,
CN,JGJ,Jiangjin,CQ,1-------,1401.0,
CN,FKJ,Jiangkou,GD,1-------,1407.0,2327N 11130E
CN,JKO,Jiangkou,HB,1-------,1401.0,
CN,JMN,Jiangmen,GD,123-----,2107.0,2235N 11304E
CN,JIP,Jiangping,GX,1-3-----,1401.0,
CN,JPU,Jiangpu,JS,1-------,1401.0,
CN,JIS,Jiangshan Pt,GX,1-------,1407.0,2138N 10816E
CN,JGY,Jiangyin,FJ,1-3-----,601.0,2528N 11918E
CN,JIA,Jiangyin Pt,JS,1-------,1601.0,3154N 12017E
CN,JLI,Jianli,HB,1-------,1401.0,
CN,JTO,Jiantiao,ZJ,1-------,1401.0,
CN,JXN,Jiao Xin,GD,1-3-----,101.0,
CN,JOK,Jiaokou,GD,1-------,1601.0,
CN,JSG,Jiaoshan Pt,ZJ,1-------,1401.0,
CN,JAX,Jiaxing,ZJ,1-------,1907.0,3046N 12045E
CN,JAY,Jiayin,HL,1-------,1601.0,4852N 13022E
CN,JIZ,Jiazi,GD,1-------,1601.0,2252N 11603E
CN,JES,Jieshi,GD,1-------,1401.0,
CN,JMY,Jimiya,SD,1-------,1401.0,
CN,JMU,Jimusi,HL,1234----,2107.0,
CN,DMJ,Jingan,GD,1-------,1407.0,
CN,HLJ,Jinghai,GD,1-------,1407.0,2302N 11618E
CN,JOG,Jinghong,YN,1-------,1401.0,2201N 10048E
CN,JIJ,Jingjiang,JS,123-----,2107.0,3202N 12017E
CN,JTG,Jingtang Pt,HE,1-------,1401.0,
CN,JGU,Jinguzhou,GD,1-3-----,407.0,2231N 11301E
CN,JZK,Jingzhou Pt,HB,1-------,1407.0,3018N 11216E
CN,JNH,Jinhaian,GD,1-------,1401.0,
CN,JHK,Jinhekou,AH,1-------,1401.0,
CN,PTJ,Jinjing,FJ,1-------,1407.0,2530N 11947E
CN,JNL,Jinli,GD,1-------,1401.0,
CN,JPI,Jinpai,HI,1-------,1401.0,
CN,JNZ,Jinzhou Pt,LN,1-------,1601.0,4107N 12109E
CN,JUJ,Jiujiang,GD,1-------,1401.0,2250N 11300E
CN,JIU,Jiujiang,JX,1234----,2107.0,2943N 11558E
CN,JUL,Jiuli,JS,1-------,1401.0,
CN,JLP,Jiulongpo Pt,CQ,1-------,1601.0,
CN,JUZ,Jiuzhen,FJ,1-------,1601.0,2402N 11742E
CN,JZU,Jiuzhou Pt,GD,1-------,1601.0,
CN,JRG,Jurong,JS,1-34----,1401.0,3155N 11910E
CN,KFG,Kaifeng,HA,123-----,907.0,3447N 11420E
CN,KZG,Kangzhou Pt,GD,1-------,1401.0,
CN,KMN,Kanmen,ZJ,1-------,1401.0,
CN,CSL,Laiwu,GD,1-------,1407.0,
CN,LZO,Laizhou Pt,SD,1-------,1601.0,3710N 11957E
CN,LSN,Lanshan Pt,SD,1-------,1407.0,3504N 11922E
CN,LNS,Lanshi,GD,1-------,1401.0,
CN,LXI,Lanxi,ZJ,123-----,907.0,2912N 11928E
CN,LDK,Laodukou,HB,1-------,1401.0,
CN,LAL,Laolong,GD,1-------,1401.0,
CN,LXH,Laoxiahe,AH,1-------,1401.0,
CN,LTP,Letianxi Pt,HB,1-------,1401.0,
CN,LIH,Lianhuashan Pt,GD,1-------,1601.0,2301N 11516E
CN,LYG,Lianyungang,JS,1-------,1601.0,3443N 11926E
CN,LIZ,Lianzhou,GD,1-3-----,1401.0,2446N 11221E
CN,LID,Lidao,SD,1-------,1401.0,
CN,LIJ,Lijiang,SD,1-------,1401.0,
CN,LLI,Liling,HN,123-----,601.0,2740N 11329E
CN,LNH,Linhai,ZJ,1-3--6--,407.0,2851N 12107E
CN,TNC,Lintao,GS,1-------,1401.0,
CN,LUI,Lisui,BJ,1-3-----,601.0,4004N 11645E
CN,LUD,Liudu,GD,1-------,1601.0,2304N 11200E
CN,LJP,Liujia Pt,HB,1-------,1401.0,
CN,LJD,Liujiadu,AH,1-------,1401.0,
CN,LJN,Liujing,GX,1-------,1401.0,
CN,LKP,Liukou Pt,HB,1-------,1401.0,
CN,LZL,Liusha,GD,1-------,1407.0,2054N 11004E
CN,XML,Liuwudian,FJ,1-------,1407.0,
CN,LIU,Liuyang,HN,1-------,1401.0,
CN,LZH,Liuzhou,GX,123-----,2107.0,2319N 10924E
CN,LZP,Liuzuo Pt,HB,1-------,1401.0,
CN,LYP,Liying Pt,HB,1-------,1401.0,
CN,LGA,Long'an,GX,1-------,1401.0,
CN,LGU,Longguan,HE,1-3-----,601.0,4046N 11534E
CN,LGI,Longhai,HN,1-3-----,601.0,2628N 11316E
CN,LKU,Longkou Pt,SD,1-------,1601.0,3739N 12021E
CN,LMN,Longmen,GX,1-------,1401.0,
CN,LPP,Longping Pt,HB,1-------,1401.0,
CN,LGW,Longwu,SH,1-------,1601.0,
CN,LGY,Longyan Pt,SD,1-------,1407.0,3726N 12238E
CN,LOZ,Longzhou,GX,1-------,1401.0,
CN,LUN,Lu'an,AH,1-3-----,607.0,3144N 11629E
CN,LJK,Luanjiakou,SD,1-------,1401.0,
CN,UBU,Lubu,GD,1-------,1401.0,
CN,LCP,Lucheng Pt,HB,1-------,1401.0,
CN,LFN,Lufeng,GD,1-3-----,601.0,2257N 11538E
CN,LUH,Lu-hua Shan,ZJ,1-------,401.0,3049N 12237E
CN,LNN,Lunan,AH,1-------,1401.0,
CN,LUB,Luobei,HL,1-------,1601.0,4734N 13049E
CN,LOH,Luohuang,CQ,1-------,1401.0,
CN,LJT,Luojingtan,HB,1-------,1401.0,
CN,LQI,Luoqi,CQ,1-------,1401.0,
CN,LSH,Lushun New Pt,LN,1-------,1407.0,3841N 12111E
CN,LUS,Lusi,JS,1-------,1601.0,3203N 12137E
CN,LXP,Luxikou Pt,HB,1-------,1401.0,
CN,LZI,Luzhai,GX,1-------,1401.0,
CN,LUZ,Luzhou,SC,1-------,1601.0,2854N 10524E
CN,MAA,Ma'anshan,AH,123-----,2107.0,3143N 11828E
CN,MBI,Mabian Island,GD,1-------,1007.0,2267N 11465E
CN,MAC,Macun,HI,1-------,1401.0,1957N 11001E
CN,SHM,Mafang,GD,1-------,1407.0,2321N 11241E
CN,MJS,Maji Shan,ZJ,1-------,407.0,3040N 12224E
CN,MJD,Majiadian,HB,1-------,1401.0,
CN,MAJ,Majistan/Zhoushan,ZJ,1-------,407.0,3001N 12206E
CN,MOG,Maogang,GD,1-3-----,1001.0,2303N 11244E
CN,MLG,Maoling,GX,1-------,1401.0,
CN,MPP,Maoping Pt,HB,1-------,1401.0,
CN,MSP,Maoshan Pt,HB,1-------,1401.0,
CN,MTZ,Matouzhen,JX,1-------,1401.0,
CN,MWN,Mawan Pt,GD,1-------,1407.0,2227N 11353E
CN,MAW,Mawei Pt,FJ,1-------,1407.0,2559N 11927E
CN,MAY,Mayong,GD,1-------,1401.0,
CN,MIO,Meiao,ZJ,1-------,1401.0,
CN,MGG,Meigeng,AH,1-------,1401.0,
CN,MLI,Meilin,FJ,1-------,1401.0,
CN,MSA,Meisha Pt,GD,1-------,1601.0,2442N 11704E
CN,MSN,Meishan,ZJ,1-------,1407.0,
CN,MSG,Meishan Pt,ZJ,1-------,1407.0,
CN,MZW,Meizhouwan,FJ,1-------,1401.0,
CN,MOT,Miaotou,GD,1-------,1401.0,
CN,MHG,Minxing,SH,1-3--6--,1401.0,
CN,MIY,Miyun,11,1----6--,901.0,4022N 11650E
CN,MOH,Mohe,HL,1-------,1601.0,5301N 12227E
CN,LPG,Mouping,SD,1-------,1401.0,
CN,MYM,Moupingyangmadao,SD,1-------,1401.0,
CN,MZU,Muzhou,GD,1-------,1401.0,
CN,GYN,Nanan,GD,1-------,1601.0,
CN,NAN,Nanao Pt,GD,1-------,1407.0,2326N 11741E
CN,NAD,Nandu,GX,1-------,1401.0,
CN,NAH,Nanhai Pt,GD,1-------,1407.0,2301N 11309E
CN,NJK,Nanjiangkou,GD,1-------,1401.0,2307N 11148E
CN,NJI,Nanjing,JS,1--45---,1401.0,3203N 11846E
CN,NJG,Nanjing Pt,JS,1-------,1601.0,
CN,NIN,Nanning,GX,1-345---,1601.0,2248N 10819E
CN,NIG,Nanning Pt,GX,1-------,1601.0,
CN,NSA,Nansha Pt,GD,1-------,1407.0,2245N 11335E
CN,NTG,Nantong,JS,1234----,2107.0,3201N 12051E
CN,NNX,Nanxi,SC,1-------,1401.0,
CN,NXI,Nanxiang,GX,1-------,1401.0,
CN,ZNZ,Naozhou,GD,1-------,1407.0,2055N 11035E
CN,NEG,Neigang,GD,1-------,507.0,2306N 11325E
CN,NSY,Nianshanyapojiao,GD,1-------,1401.0,
CN,NCA,Nicha,AH,1-------,1401.0,
CN,NBO,Ningbo,ZJ,12-4----,2007.0,2952N 12133E
CN,NBG,Ningbo Pt,ZJ,1-------,1401.0,2955N 12140E
CN,NDE,Ningde,FJ,1-------,1401.0,
CN,NMI,Ningming,GX,1-------,1401.0,
CN,NKL,Niuguling,GD,1-------,1401.0,
CN,NTN,Niutoushan,AH,1-------,1401.0,
CN,NUD,Nudao,SD,1-------,1401.0,3623N 12052E
CN,PZO,Paizhou,HB,1-------,1401.0,
CN,PAJ,Panjin,LN,1-------,1401.0,4107N 12203E
CN,PNT,Pantang,HB,1-------,1401.0,
CN,PLI,Penglai Pt,SD,1-------,1407.0,3748N 12045E
CN,PZE,Pengze,JX,1-------,1401.0,
CN,PKO,Pikou,LN,1-------,1401.0,
CN,PIL,Pingle,GX,1-------,1401.0,
CN,PGN,Pingnan,GX,1-------,1401.0,
CN,PSH,Pingsha,GD,1-------,1401.0,
CN,PXM,Pingshaxinmatou,GD,1-------,1401.0,2206N 11310E
CN,PTN,Pingtan,FJ,123-----,2301.0,2530N 11943E
CN,PGZ,Pingzhou,GD,1-------,1401.0,2302N 11312E
CN,PJS,Pizhou,JS,1-------,2407.0,3420N 11801E
CN,PJO,Pojiao,GZ,1-------,1401.0,
CN,PDG,Pudong/Shanghai,SH,1-3-----,607.0,3114N 12130E
CN,PDX,Pudongxinqu Pt,SH,1-------,1401.0,
CN,PQI,Puqi,ZJ,1-------,1401.0,
CN,PQA,Puqian,HI,1-------,1401.0,
CN,PUT,Putian,FJ,1----6--,1601.0,2426N 11901E
CN,PXI,Puxi,ZJ,1-------,1401.0,
CN,PYG,Puyang,41,123--6--,901.0,3542N 11500E
CN,QJO,Qiangjiao,ZJ,1-------,1401.0,
CN,QSN,Qianshan/Zhuhai,GD,1-3--6--,1401.0,2214N 11331E
CN,QAW,Qianwan,SD,1-3-----,401.0,3603N 12013E
CN,LJQ,Qianyu,FJ,1-------,1407.0,2612N 11931E
CN,QKE,Qike,HL,1-------,1401.0,
CN,QMN,Qimen,ZJ,1-------,1401.0,
CN,QDL,Qindeli,HL,1-------,1401.0,
CN,QIN,Qingdao,SD,12-45---,2007.0,3603N 12019E
CN,QDG,Qingdao Pt,SD,1-------,1601.0,
CN,QGG,Qingge,HI,1-------,1401.0,
CN,QIG,Qingguji / Shangqiu,41,1----6--,901.0,3441N 11546E
CN,QHE,Qinghe,HL,1-------,1401.0,
CN,QJI,Qingjiang,ZJ,1-------,1401.0,
CN,QLN,Qinglan Pt,HI,1-------,1407.0,1933N 11049E
CN,QGS,Qingshi,JL,1-------,1401.0,4122N 12631E
CN,QSE,Qingshuihe/Shenzhen,GD,1----6--,1401.0,
CN,QYA,Qingyang,JS,1-------,1401.0,
CN,QGY,Qingyuan,GD,1-------,1401.0,2342N 11301E
CN,SHP,Qinhuangdao Pt,HE,1-------,1601.0,3955N 11935E
CN,QJG,Qinjiang,GX,1-------,1401.0,
CN,QZH,Qinzhou,GX,123-----,2107.0,
CN,SAJ,Qinzhoushajing,GX,1-------,1401.0,
CN,QSA,Qisha Pt,GX,1-------,1407.0,2135N 10828E
CN,QXT,Qixingtai,HB,1-------,1401.0,
CN,QZO,Qizhou,HB,1-------,1401.0,
CN,QUG,"Quangang,Quanzhou",FJ,123--6--,2307.0,2508N 11855E
CN,QZL,Quanzhou,FJ,1-------,1401.0,2456N 11836E
CN,QKU,Qukou,HI,1-------,1401.0,
CN,JDR,Quxi,GD,1-------,1407.0,2335N 11626E
CN,ROH,Raohe,HL,1-------,1601.0,4648N 13400E
CN,RPG,Raoping,GD,1-3-----,401.0,2340N 11700E
CN,RZH,Rizhao,SD,123-----,2107.0,3523N 11932E
CN,RGA,Rong'an,GX,1-------,1401.0,
CN,RGC,Rongcheng,GD,1-------,1401.0,
CN,RCH,Rongcheng,HB,1-------,1401.0,
CN,RCG,Rongcheng,SD,1-3-----,1401.0,3709N 12223E
CN,RJG,Rongjiang,GZ,1-------,1401.0,
CN,ROQ,Rongqi Pt,GD,1-------,1601.0,2247N 11316E
CN,RSI,Rongshui,GX,1-------,1401.0,
CN,RUG,Rugao,JS,123-----,2107.0,
CN,RIA,Ruian,ZJ,1----6--,1401.0,
CN,RAG,Ruichang,JX,1-------,1401.0,
CN,RJN,Runjiang,JS,1-------,1401.0,
CN,WHR,Rushan,SD,1-------,1407.0,
CN,RSN,Rushankou,SD,1-------,1401.0,
CN,SIQ,Saiqi,FJ,1-------,1401.0,2658N 11941E
CN,SBM,Sanbaimen,,1-------,1601.0,
CN,SBU,Sanbu Pt,GD,1-------,1601.0,
CN,SDP,Sandouping,HB,1-------,1401.0,
CN,SAA,Sanhua,HB,1-------,1401.0,
CN,SIG,Sanjiang,JS,1-------,1401.0,
CN,PTS,Sanjiangkou,FJ,1-------,1407.0,
CN,SAM,Sanming / Shanming Shi,35,1----6--,901.0,2614N 11737E
CN,SRG,Sanrong,GD,1----6--,407.0,
CN,SNS,Sansha,FJ,1-------,1601.0,2656N 12013E
CN,NHS,Sanshan pt,GD,1-------,1407.0,
CN,SJQ,Sanshui,GD,1-------,1601.0,2310N 11252E
CN,SYA,Sanya Pt,HI,1-------,1601.0,3347N 12015E
CN,SNA,Sanyang,JS,1-------,1401.0,
CN,SZA,Sanzao,GD,1-3-----,1401.0,2203N 11321E
CN,SZO,Sanzhou,HB,1-------,1401.0,
CN,NDS,Shacheng,FJ,1-------,1407.0,2639N 11931E
CN,SAT,Shadi,GD,1-------,1401.0,2136N 11247E
CN,SEZ,Shahezi,HL,1-------,1401.0,
CN,SHO,Shajiao,GD,1-------,9901.0,
CN,SGH,Shanghai,SH,12345---,1401.0,3114N 12129E
CN,SHG,Shanghai Pt,SH,1-------,2407.0,3038N 12204E
CN,SGU,Shangyu,ZJ,1-3--6--,1401.0,3000N 12052E
CN,SXJ,Shanshan,XJ,1-34----,1401.0,4252N 09010E
CN,STG,Shantou,GD,123-----,2107.0,2325N 11646E
CN,SAW,Shanwai,ZJ,1----6--,1401.0,2803N 12112E
CN,SWE,Shanwei,GD,123-----,2107.0,2247N 11521E
CN,HSC,Shaoguan New Pt,GD,1-------,1601.0,2448N 11337E
CN,SPA,Shapa,GD,1-------,1401.0,2130N 11129E
CN,SAP,Shaping,GX,1-------,1401.0,
CN,SSN,Shashan,ZJ,1-------,1401.0,
CN,SSG,Shashangang,44,1-3-----,901.0,
CN,STI,Shatian,GD,1-------,2407.0,2255N 11336E
CN,SHT,Shating,GD,1-3--6--,407.0,2303N 11326E
CN,SYC,Shayuchong,GD,1-------,1401.0,
CN,SHK,Shekou Pt,GD,1-------,1601.0,2229N 11355E
CN,SNH,Shenhu,FJ,1-------,1401.0,2437N 11840E
CN,SQN,Shenquan,GD,1-------,1401.0,
CN,SNW,Shenwan,GD,1-------,1601.0,
CN,SNZ,Shenzhen,GD,12345---,1401.0,2233N 11407E
CN,SZP,Shenzhen Pt,GD,1-------,2407.0,2230N 11353E
CN,SEY,Sheyang,JS,1-------,1401.0,3346N 12015E
CN,SBH,Shibahe,AH,1-------,1401.0,
CN,SHD,Shidao Pt,SD,1-------,1407.0,3652N 12226E
CN,SIJ,Shijing,FJ,1-------,1401.0,2437N 11826E
CN,SJJ,Shijingjiaoxin,GD,1-------,1401.0,
CN,SJO,Shijitou,HB,1-------,1401.0,
CN,SJU,Shijiu Pt,SD,1-------,1407.0,3622N 11933E
CN,SLG,Shiliugang,GD,1-------,1407.0,
CN,SLO,Shilou,GD,1-3--6--,607.0,2301N 11330E
CN,ZSM,Shima,FJ,1-------,1407.0,
CN,SPI,Shipai,AH,1-3-----,607.0,3019N 11639E
CN,XSP,Shipu,ZJ,1-------,1407.0,2929N 12151E
CN,SHQ,Shiqi,GD,1-------,1601.0,
CN,PNY,Shiqiao,GD,1-------,1601.0,2257N 11322E
CN,SIP,Shiqu Pt,SH,1-------,1401.0,
CN,SHH,Shishi,FJ,1-3-----,1601.0,2444N 11838E
CN,STB,Shitoubu Pt,GX,1-------,1407.0,2135N 10933E
CN,SAN,Shiwan,GD,1-3-----,1401.0,2300N 11305E
CN,SWI,Shiwei,NM,1-------,1401.0,5118N 11955E
CN,SYG,Shiyang,AH,1-------,1401.0,
CN,SIU,Shizhu,CQ,1-------,1401.0,
CN,SSP,Shuangshui,GD,1-------,1401.0,
CN,SDG,Shuidong Pt,GD,1-------,1407.0,2131N 11100E
CN,SIK,Shuikou,GD,1-------,1401.0,2214N 11056E
CN,SUD,Shunde Pt,GD,1-------,1601.0,2250N 11315E
CN,SHL,Shuolong,GX,1-------,1601.0,2248N 10648E
CN,SJT,Sijitun,23,1-------,901.0,
CN,SKS,Sikuaishi,LN,1-------,1401.0,3917N 12234E
CN,SYM,Simao,YN,1-------,1401.0,2248N 10058E
CN,SOG,Songgai,CQ,1-------,1401.0,
CN,SGJ,Songjiang,SH,1-------,1401.0,3101N 12114E
CN,SMN,Songmen,ZJ,1-------,1401.0,
CN,SON,Songxia Pt,FJ,1-------,1407.0,2541N 11935E
CN,SZK,Songzikou,HB,1-------,1401.0,
CN,SBN,Suibin,HL,1-------,1401.0,4718N 13151E
CN,CFF,Suidong,HL,1-------,1401.0,
CN,SNN,Suining,SC,1-------,1801.0,3032N 10532E
CN,SIZ,Suizhong,LN,1-------,1401.0,
CN,SUW,Sunwu,HL,1------B,1401.0,4925N 12719E
CN,SZH,Suzhou,JS,1---56--,1601.0,3119N 12037E
CN,SZG,Suzhou Pt,JS,1-------,1407.0,
CN,TAC,Taicang Pt,JS,1-------,1407.0,3127N 12106E
CN,TJG,Taijiang,FJ,1-3--6--,407.0,2605N 11930E
CN,TAP,Taiping,GD,1-------,1601.0,2102N 11010E
CN,TPK,Taipingkou,HB,1-------,1401.0,
CN,TPW,Taipingwan,LN,1-------,1401.0,3716N 11950E
CN,TIS,Taishan,GD,1-------,1401.0,
CN,TZU,Taizhou,JS,123-----,2107.0,3230N 11954E
CN,TZO,Taizhou,JS,1-3-----,907.0,3229N 11954E
CN,TAZ,Taizhou Pt,ZJ,1-------,1407.0,
CN,TNO,Tanggou,AH,1-------,1401.0,
CN,TGG,Tanggu,TJ,1-------,1601.0,3901N 11739E
CN,TJA,Tangjia,GD,1-------,1401.0,
CN,TGS,Tangshan Pt,HE,1-------,1407.0,3936N 11811E
CN,QNH,Tanmen,HI,1-------,1407.0,1914N 11028E
CN,YKU,Taokou,AH,1-------,1401.0,
CN,TXI,Tengxian,GX,1-------,1401.0,
CN,TID,Tiandong,GX,1-------,1401.0,
CN,TNJ,Tianjin,TJ,12345---,1401.0,3902N 11712E
CN,TNG,Tianjin Pt,TJ,1-------,1601.0,3859N 11745E
CN,TXG,Tianjin Xingang Pt,TJ,1-------,1607.0,3859N 11742E
CN,TBS,Tianjinbaoshuiqu,TJ,1-------,1401.0,
CN,TIY,Tianyang,GX,1-------,1401.0,
CN,TZE,Tianzhen,HB,1-------,1401.0,
CN,BHT,Tieshan,GX,1-------,1401.0,
CN,TOH,Tonghe,HL,1-------,1401.0,
CN,TOJ,Tongjiang,HL,1-------,1601.0,4739N 13230E
CN,TOL,Tongling,AH,123-----,2107.0,3056N 11748E
CN,TXZ,Tongxiang,ZJ,1-3-----,1401.0,3038N 12034E
CN,TOX,Tongxing,AH,1-------,1401.0,
CN,TOZ,Tongzhao,ZJ,1-------,1401.0,
CN,TFG,Tuanfeng,HB,1-------,1401.0,
CN,TJD,Tuojidao,SD,1-------,1401.0,
CN,TQO,Tuqiao,AH,1-------,1401.0,
CN,WIG,Waigang,SH,1-------,1401.0,
CN,WGQ,Waigaoqiao Pt,SH,1-------,1601.0,
CN,WIH,Waihai,GD,1-------,1401.0,2235N 11308E
CN,WJG,Wangjiang,AH,1-------,1401.0,
CN,WAS,Wanshan Pt,GD,1-------,1407.0,2156N 11343E
CN,WAX,Wanxian,CQ,1-------,1401.0,
CN,WAZ,Wanzai,GD,1-------,1401.0,2211N 11331E
CN,WZH,Wanzhou,CQ,1-------,1401.0,
CN,WEF,Weifang,SD,1234----,2107.0,3643N 11906E
CN,WEI,Weihai,SD,1--45---,1601.0,3731N 12207E
CN,WEH,Weihai Dashuipo Apt,SD,1--45---,1601.0,
CN,WEG,Weihai Pt,SD,1-------,1401.0,3730N 12210E
CN,WIT,Weitou,FJ,1-------,1401.0,2432N 11836E
CN,WYK,Weiyuankou,HB,1-------,1401.0,
CN,LMG,Wenling Longmen Port,ZJ,1----6--,1801.0,2825N 12159E
CN,WSH,Wenshan,YN,1-3-----,601.0,2322N 10415E
CN,WNZ,Wenzhou,ZJ,1234----,2107.0,
CN,WZO,Wenzhou Pt,ZJ,1-------,1407.0,2801N 12039E
CN,WUC,Wu Chong Kou,GD,1-3-----,2007.0,2305N 11325E
CN,WHU,Wuchuan,GD,1-3-----,607.0,2127N 11045E
CN,NHN,Wuhan,HB,12-45---,1601.0,3035N 11417E
CN,WHG,Wuhan Pt,HB,1-------,1401.0,
CN,WHE,Wuhe,GD,1-------,1401.0,
CN,WHI,Wuhu,AH,123-----,2107.0,3119N 11822E
CN,WJI,Wujin,JS,1-------,1401.0,
CN,WUK,Wukan,GD,1-------,1401.0,2251N 11539E
CN,WSA,Wusha,AH,1-------,1401.0,
CN,WSN,Wushan,CQ,1-------,1401.0,
CN,WUG,Wusong Pt,SH,1-------,1407.0,0312N 12129E
CN,WXS,Wuxi,JS,1--4-6--,1407.0,3134N 12018E
CN,WXA,Wuxuan,GX,1-3-----,1401.0,
CN,WXP,Wuxue Pt,HB,1-------,1401.0,
CN,WYP,Wuyapao,HL,1-------,1401.0,
CN,WUZ,Wuzhou,GX,123-----,2107.0,2329N 11120E
CN,XDJ,Xiadaiji,JL,1-------,1401.0,
CN,XIH,Xiahai,GD,1-------,1401.0,
CN,XUA,Xiahua,GD,1-3-----,1401.0,
CN,FQX,Xialong,FJ,1-------,1407.0,2542N 11923E
CN,XAM,Xiamen,FJ,12-45---,2001.0,2427N 11806E
CN,XMG,Xiamen Pt,FJ,1-------,1401.0,2421N 11812E
CN,XIA,Xian,SN,12-456--,1601.0,3417N 10857E
CN,XAN,"Xiang'an, Xiamen",FJ,1----6--,2207.0,2438N 11815E
CN,XGK,Xiangkou,AH,1-------,1401.0,
CN,XSI,Xiangshui,JS,1-3-----,1401.0,
CN,XTA,Xiangtan,HN,1-3-----,507.0,2751N 11254E
CN,XAG,Xianguojilugang,SN,123-56--,1601.0,
CN,XXY,Xiangyu Terminal/ Xiamen,FJ,1-3--6--,907.0,2706N 12019E
CN,XZI,Xiangzhi,FJ,1-------,1401.0,2446N 11846E
CN,XGZ,Xiangzhou,GD,1-3-----,1407.0,
CN,XZU,Xiangzhou,GX,1-------,1401.0,
CN,XNG,Xianing,HN,1-------,1601.0,
CN,XTN,Xiantan,SC,1-3-----,601.0,2920N 10453E
CN,XCI,Xiaochi,HB,1-------,1401.0,
CN,XCU,Xiaocuo Pt,FJ,1-------,1407.0,2512N 11957E
CN,XHO,Xiaohudao,GD,1-------,401.0,2305N 11326E
CN,XJB,Xiaojiangba,AH,1-------,1401.0,
CN,XAO,Xiaolan,GD,1-------,1401.0,2240N 11313E
CN,XOT,Xiaotang,GD,123-----,607.0,2305N 11259E
CN,XAS,Xiashan,GD,1-------,1401.0,
CN,XYN,Xiaying,SD,1-------,1401.0,
CN,ZXZ,Xiazhai,FJ,1-------,1407.0,
CN,XCG,Xichong Pt,GD,1-------,1407.0,
CN,XTI,Xidi,GD,1-------,1601.0,
CN,XEX,Xiexu,GX,1-------,1401.0,
CN,XIJ,Xijiang,GX,1-------,1401.0,2117N 11452E
CN,XLS,Xiliangshan,AH,1-------,1401.0,
CN,XHT,Xilin Hot,NM,1-------,1401.0,4358N 11602E
CN,SHX,Xinan,GD,1-------,1601.0,
CN,LSX,Xincun,SD,1-------,1407.0,1830N 11001E
CN,XID,Xindi,HB,1-------,1401.0,
CN,XDI,Xindian,HL,1-------,1401.0,
CN,XDU,Xindu,GX,1-------,1401.0,
CN,XIP,Xingang,AH,1-------,1401.0,
CN,XGA,Xingang,GD,1-------,1601.0,2302N 11306E
CN,XCE,Xingcheng,LN,1-------,1401.0,
CN,XGD,Xingdong,HL,1-3--6-B,501.0,4755N 13051E
CN,XHK,Xinhekou,HB,1-------,1401.0,
CN,DMX,Xinhuan,GD,1-------,1407.0,
CN,XIN,Xinhui Pt,GD,1-------,1601.0,2232N 11301E
CN,XIK,Xinkai,HB,1-------,1401.0,
CN,XNA,Xinsha,GD,1-3-----,401.0,2259N 11332E
CN,XIT,Xintang Pt,GD,1-------,1601.0,2307N 11337E
CN,XNI,Xinxing,JS,1-------,1401.0,
CN,CNX,Xinxu,GD,1-------,1401.0,
CN,ING,Xinyang,HA,1-------,1107.0,3208N 11403E
CN,XYI,Xinying,HI,1-3-----,1401.0,1944N 10917E
CN,XTO,Xitou,GD,1-------,1601.0,2139N 11147E
CN,XUL,Xiulin,HB,1-------,1401.0,
CN,XYG,Xiuyu Pt,FJ,1-------,1601.0,2514N 11857E
CN,XUM,Xuanmen,ZJ,1-------,1401.0,
CN,XEO,Xueao,ZJ,1-------,1401.0,
CN,XJD,Xuejiadao,SD,1-------,1401.0,
CN,XTZ,Xuetangzhou,HB,1-------,1401.0,
CN,XUK,Xunke,HL,1-------,1601.0,4933N 12828E
CN,YBG,Yabagou,LN,1-------,1401.0,
CN,YJC,Yangjiachang,HB,1-------,1401.0,
CN,YJI,Yangjiang,GD,123-----,2107.0,2150N 11158E
CN,YGK,Yangkou,SD,1-------,1601.0,
CN,YKG,Yangkou Pt,JS,1-------,1607.0,3233N 12124E
CN,YLI,Yangli,GZ,1-------,1401.0,
CN,YMD,Yangmadao,SD,1-------,1401.0,
CN,YPE,Yangpeng,AH,1-------,1401.0,
CN,YPG,Yangpu Pt,HI,1-------,1407.0,1942N 10912E
CN,YSN,Yangshan,GD,1-------,1401.0,
CN,YSA,Yangshan,ZJ,1-------,2301.0,
CN,YSO,Yangshuo,GX,1-------,1401.0,
CN,YGX,Yangxi,HB,1-------,1401.0,
CN,YXT,Yangxifengtou,GD,1-------,1401.0,
CN,YNG,Yangzhong,JS,1-3-----,1401.0,3213N 11949E
CN,YZH,Yangzhou,JS,1234----,2107.0,3223N 11926E
CN,YJA,Yanjia,GZ,1-------,1401.0,
CN,YAT,Yantai,SD,123456--,2407.0,3728N 12123E
CN,YTG,Yantai Pt,SD,1-------,1401.0,3733N 12125E
CN,YTN,Yantian,GD,123--6--,2407.0,2236N 11418E
CN,YGO,Yaogou,AH,1-------,1401.0,
CN,YJP,Yaojia Pt,HB,1-------,1401.0,
CN,YIB,Yibin,SC,1-------,1407.0,
CN,YCG,Yichang Pt,HB,1-------,1601.0,
CN,YCA,Yingchuan,JS,1-------,1401.0,
CN,YGD,Yingde,GD,1-------,1401.0,
CN,LJY,Yingzai,GD,1-------,1407.0,2137N 11017E
CN,YIK,Yinkou,LN,1234----,2107.0,4039N 12213E
CN,YXS,Yixing,JS,1-3-----,1407.0,
CN,YIZ,Yizheng,JS,1-3-----,407.0,3216N 11910E
CN,YGN,Yongan,ZJ,1-------,1401.0,
CN,YFU,Yongfu,GX,1-3-----,1401.0,2459N 10959E
CN,YLO,Yonglong,JS,1-------,1401.0,
CN,YNN,Yongning,GX,1-------,1401.0,
CN,YTI,Yongtai,GD,1-------,1401.0,
CN,YSH,Yuanshi,HB,1-------,1401.0,
CN,YHG,Yuecheng,GD,1-------,1401.0,
CN,YLA,Yuelai,HL,1-------,1401.0,
CN,YYA,Yueyang,HN,1-3--6--,1601.0,2922N 11306E
CN,YUH,Yuhuan,ZJ,1-------,1107.0,2808N 12114E
CN,YYP,Yuyue Pt,HB,1-------,1401.0,
CN,YZU,Yuzhu,GD,1-3-----,601.0,2306N 11325E
CN,ZAG,Zhanghu,AH,1-------,1401.0,
CN,ZJB,Zhangjiabian,GD,1-3--6--,601.0,2233N 11327E
CN,WHZ,Zhangjiabu,SD,1-------,1407.0,
CN,ZJG,Zhangjiagang,JS,1-------,1401.0,3152N 12032E
CN,ZGS,Zhangshan,JS,1-3-----,607.0,3407N 11819E
CN,ZGW,Zhangwan,FJ,1-------,1401.0,2642N 11935E
CN,ZZH,Zhangzhou,FJ,123-----,2207.0,2431N 11739E
CN,ZNG,Zhanjiang Pt,GD,1-------,1601.0,2105N 11030E
CN,ZDO,Zhaodong,HL,123--6--,601.0,4604N 12559E
CN,ZHG,Zhaogang,AH,1-3-----,607.0,3233N 11638E
CN,ZPI,Zhaoping,GD,1-------,1401.0,
CN,ZQG,Zhaoqing,GD,123-----,2107.0,2303N 11227E
CN,ZHY,Zhaoyuan,HL,1-3-----,1401.0,
CN,ZPO,Zhapo,GD,1-------,1401.0,2134N 11151E
CN,ZPK,Zhapoyouku,GD,1-------,1401.0,
CN,ZPU,Zhapu Pt,ZJ,1-------,1407.0,3035N 12105E
CN,ZEL,Zhelin,GD,1-------,1401.0,2335N 11706E
CN,ZPG,zhengpugang Pt,AH,1-------,1607.0,3138N 11823E
CN,ZHI,Zhenhai Pt,ZJ,1-------,1601.0,
CN,ZHE,Zhenjiang,JS,1234----,2107.0,3211N 11927E
CN,ZXI,Zhexiang,GZ,1-------,1401.0,
CN,ZCG,Zhicheng,HB,1-------,1401.0,
CN,ZSN,Zhongshan,GD,123-----,2107.0,2231N 11322E
CN,ZGT,Zhongtang,GD,1-------,1601.0,2305N 11339E
CN,ZXN,Zhongxian,CQ,1-------,1401.0,
CN,ZQJ,Zhouqujia,AH,1-------,1401.0,
CN,ZOS,Zhoushan,ZJ,123-----,2107.0,
CN,ZZG,Zhouzhuang,JS,1-------,1401.0,
CN,ZHH,Zhuanghe Pt,LN,1-------,1601.0,3941N 12258E
CN,ZYO,Zhuangyuanao,ZJ,1-------,1007.0,2753N 12107E
CN,ZUH,Zhuhai,GD,123-----,2107.0,2217N 11334E
CN,ZLO,Zhuliao,GD,1-3--6--,601.0,2322N 11320E
CN,ZUS,Zhushan,GX,1-------,1401.0,
CN,ZUY,Zhuyang,CQ,1-------,1401.0,
CN,ZIY,Ziyuan Pt,GX,1-------,1401.0,
CN,ZYG,Zongyang,AH,1-------,1401.0,
CO,ACM,Arica,,1-3-----,601.0,0207S 07144W
CO,BAL,Balboa,CAU,1-------,901.0,0202N 07713W
CO,EJA,Barrancabermeja,,1--4----,9601.0,
CO,BAQ,Barranquilla,,1--45---,9601.0,
CO,BUN,Buenaventura,,1--4----,9601.0,
CO,CTG,Cartagena,,1--4----,9601.0,
CO,CRC,Cartago,,1--4----,9601.0,
CO,CNR,Contecar,BOL,1-3--6--,1607.0,1023N 07531W
CO,COV,Covenas Offshore Terminal,SUC,1-------,1207.0,0930N 07544W
CO,EBQ,El Bosque,,1-------,1.0,
CO,ENV,Envigado,ANT,1-3-----,901.0,
CO,LET,Leticia,AMA,1--4----,1307.0,0413S 06956W
CO,MAM,Mamonal,BOL,1-------,1307.0,1019N 07530W
CO,MAU,Manaure,LAG,1-3-----,501.0,1146N 07226W
CO,MIN,Mingueo,LAG,1-3--6--,2101.0,1112N 07324W
CO,POC,Pozos Colorados,,1-------,9506.0,
CO,PUU,Puerto Asis,PUT,1-34----,212.0,0031N 07630W
CO,PBE,Puerto Berrio,,1--4----,9601.0,
CO,PBO,Puerto Bolivar,LAG,1-------,212.0,1041N 07444W
CO,PYA,Puerto Boyaca,BOY,1-34----,907.0,0545N 07424W
CO,PCR,Puerto Carreno,VID,1-34----,401.0,0611N 06729W
CO,PUC,Puerto Colombia,,1-3-----,701.0,1100N 07457W
CO,PNM,Puerto Limon,,1-3-----,201.0,0103N 07630W
CO,PUL,Puerto Limon,,1-3-----,201.0,0923N 07611W
CO,RCO,Rio Cordoba,,1-------,901.0,0855N 07622W
CO,RCH,Riohacha,,1--4----,9601.0,
CO,SMR,Santa Marta,,1--4----,9601.0,
CO,PSB,Simon Bolivar,,1----6--,607.0,0408S 06958W
CO,SPC,Sociedad Portuaria Regional Cartagena,BOL,1-3--6--,1607.0,1024N 07532W
CO,TLU,Tolu,SUC,1--4----,212.0,0932N 07535W
CO,TCO,Tumaco,,1--4----,9601.0,
CO,TRB,Turbo,ANT,1--4----,1307.0,0805N 07643W
CO,YMB,Yumbo,,1-3-----,601.0,0335N 07628W
CR,ABG,Abangares,G,1----6--,901.0,1017N 08457W
CR,BAT,Batan,L,1-------,901.0,
CR,CAB,Cabo Blanco,P,1-3--6--,307.0,0956N 08500W
CR,CAI,Caimital,G,1-3--6--,307.0,1004N 08528W
CR,CAL,Caldera,P,123-----,407.0,0957N 08443W
CR,COM,Chomes,P,1-3--6--,307.0,1003N 08455W
CR,CIR,Ciruelas,A,1-3--6--,307.0,1030N 08521W
CR,CYL,Coyol,A,123--6--,307.0,1000N 08415W
CR,CRR,Curridabat,SJ,1----6--,901.0,0955N 08402W
CR,CUT,Cutris,A,1-3-----,1307.0,1041N 08422W
CR,FIL,Filadelfia,G,1-3--6--,401.0,1027N 08534W
CR,FPN,Fraijanes,A,1-3--6--,401.0,1009N 08412W
CR,GLF,Golfito,P,1-34----,407.0,0839N 08309W
CR,GDP,Golfo de Papagayo,G,1-3-----,407.0,1036N 08541W
CR,GDA,Guardia,G,1-3--6--,401.0,1034N 08536W
CR,GUA,Guatuso,C,1-3--6--,1101.0,1040N 08449W
CR,HSA,Horluetas/Sarapiqui,H,1----6--,901.0,1029N 08401W
CR,JIC,Jicaral,P,1-3-----,401.0,0958N 08507W
CR,LAF,La Fortuna,A,1-3--6--,401.0,1029N 08439W
CR,TIG,La Tigra,P,1-3--6--,401.0,0956N 08509W
CR,MAT,Matina,L,1-------,901.0,
CR,MOB,Moin,L,1-3-----,407.0,1000N 08305W
CR,CTC,Moravia,C,1----6--,1001.0,0951N 08326W
CR,MUE,Muelle de San Carlos,A,1-3--6--,401.0,1028N 08428W
CR,NAN,Nandayure,G,1-3--6--,401.0,1002N 08512W
CR,NAR,Naranjo,SJ,1-3--6--,401.0,1006N 08423W
CR,CDN,Neily,P,1-3--6--,1101.0,0839N 08256W
CR,ORO,Orotina,A,1-3--6--,401.0,0954N 08432W
CR,PAN,Palmar Norte,P,1-3--6--,401.0,0858N 08328W
CR,PAR,Parrita,P,123-----,507.0,0931N 08419W
CR,PEN,Penshurst,L,1-------,901.0,
CR,PIT,Pital,P,1-3--6--,1001.0,0944N 08527W
CR,POA,Poas,A,1----6--,901.0,1002N 08420W
CR,PTC,Puerto Caldera,P,1-------,1607.0,0957N 08443W
CR,LIO,Puerto Limon,L,1-3-----,407.0,1000N 08302W
CR,PMN,Puerto Moin,L,1-------,1101.0,
CR,VDT,Puerto Viejo,L,1-3-----,507.0,0939N 08246W
CR,PUM,Punta Morales,P,1-------,212.0,1004N 08458W
CR,PAS,Puntarenas,P,123-----,407.0,0958N 08450W
CR,QGG,Quebrada Grande,G,1-3-----,1401.0,1026N 08457W
CR,XQP,Quepos (Puerto Quepos),,1--4----,9601.0,
CR,RCD,Rio Cuarto,A,1-3--6--,401.0,1021N 08414W
CR,RIO,Rio Frio,P,1-3--6--,401.0,0947N 08511W
CR,RJI,Rio Jimenez,L,1----6--,901.0,1015N 08336W
CR,ROX,Roxana,L,1----6--,907.0,1016N 08345W
CR,SAM,Samara,G,1-3--6--,401.0,0953N 08532W
CR,SAN,San Ignacio de Acosta,SJ,1-3--6--,401.0,0948N 08410W
CR,SJO,San Jose,SJ,12345---,407.0,0956N 08405W
CR,MTZ,San Marcos de Tarrazu,SJ,1----6--,901.0,0940N 08402W
CR,SSP,San Pedro de Poas,A,1-3--6--,401.0,1005N 08415W
CR,SRG,San Rafael Guatuso,A,1----6--,607.0,1040N 08449W
CR,SMP,Santa Maria/Pocosol,A,1-------,1707.0,1037N 08431W
CR,SRP,Santa Rosa/Pocosol,A,1----6--,901.0,1022N 08437W
CR,SPI,Sarapiqui,H,1-3--6--,401.0,1029N 08401W
CR,SRI,Sarchi,A,1-3--6--,307.0,1005N 08421W
CR,SIX,Sixaola/Talamanca,L,1----6--,901.0,0931N 08237W
CR,TRE,Tres Rios,C,1-3--6--,307.0,0954N 08511W
CR,TUA,Turrubares,A,1----6--,901.0,0937N 08431W
CR,ZAR,Zarcero / Naranjo,A,1----6--,901.0,1011N 08424W
CU,BHO,Bahia Honda,,1-------,212.0,2254N 08310W
CU,BAN,Banes,,123-----,701.0,2058N 07543W
CU,BCA,Baracoa,,1--4----,9601.0,
CU,BOG,Boca Grande,,1-------,701.0,2135N 07840W
CU,BUF,Bufadero,,123-----,701.0,2134N 07714W
CU,CAB,Cabanas,,1-------,212.0,2259N 08255W
CU,CAI,Caibarien,,1-------,212.0,2231N 07928W
CU,CMW,Camaguey,,1--4----,212.0,2123N 07755W
CU,CAR,Cardenas,,123-----,701.0,2302N 08112W
CU,CAS,Casilda,,1-3-----,701.0,2146N 08000W
CU,CEI,Ceiba Hueca,,1-3-----,701.0,2013N 07720W
CU,CFG,Cienfuegos,,1--4----,9601.0,
CU,QCO,Colon,,1-34----,9805.0,
CU,GIB,Gibara,,123--6--,701.0,2106N 07608W
CU,GUB,Guantanamo Bay,,1-3-----,9506.0,
CU,GYB,Guayabal,,1-------,9401.0,
CU,IDS,Isabela de Sagua,,1-------,9506.0,
CU,JUC,Jucaro,,123-----,701.0,2138N 07851W
CU,HAV,La Habana,03,12345---,501.0,2307N 08221W
CU,MZO,Manzanillo,,1--4----,9601.0,
CU,MAR,Mariel,,1234----,701.0,2300N 08245W
CU,QMA,Matanzas,,1--4----,9601.0,
CU,MEL,Media Luna,,1-3-----,701.0,2009N 07726W
CU,ICR,Nicaro,,1--4----,9506.0,
CU,NIQ,Niquero,,123-----,701.0,2003N 07735W
CU,GER,Nueva Gerona,,1--4----,9601.0,
CU,NVT,Nuevitas,,123-----,701.0,2133N 07716W
CU,PAL,Palo Alto,,1-3-----,307.0,2136N 07858W
CU,VIT,Puerto da Vita,,123-----,701.0,2105N 07558W
CU,PAS,Puerto de Pastelillo,,1-3-----,701.0,2133N 07713W
CU,MNT,Puerto Manati,,123-----,701.0,2122N 07650W
CU,PPA,Puerto Padre,,123-----,701.0,2112N 07636W
CU,PTA,Puerto Tarafa,,123-----,701.0,2134N 07715W
CU,SDT,Sagua de Tanamo,11,1-------,212.0,2035N 07514W
CU,RSL,Sagua la Grande,,1234----,701.0,2248N 08004W
CU,SNU,Santa Clara,,1-------,9601.0,
CU,SCS,Santa Cruz del Sur,,1-------,9401.0,
CU,SCU,Santiago de Cuba,,1--4----,9601.0,
CU,TDZ,Tunas de Zaza,,123-----,701.0,2138N 07933W
CV,MIN,Mindelo,SV,1-3-----,1307.0,1653N 02500W
CV,GRA,Porto Grande,SV,1-------,1307.0,1652N 02500W
CV,RAI,Praia,,1--4----,9601.0,
CV,VXE,Sao Vicente,,1--45---,9601.0,
CW,BUB,Bullenbaai,,1-------,1101.0,1210N 06900W
CW,CRB,Caracas Baai,,1-------,1101.0,1204N 06851W
CW,CUR,Curacao,,1--45---,1101.0,1210N 06900W
CW,FUI,Fuikbaai,,1-------,1101.0,1203N 06849W
CW,SMB,Sint Michielsbaai,,1-------,1101.0,1209N 06859W
CW,WIL,Willemstad,,1-------,1101.0,1206N 06855W
CX,FFC,Flying Fish Cove,,1-------,1207.0,1025S 10543E
CY,AKT,Akrotiri,02,1--4----,1801.0,3436N 03257E
CY,ANM,Ayia Napa,04,1-3-----,2107.0,3459N 03400E
CY,DHK,Dhekelia,03,1-3-----,1801.0,3459N 03345E
CY,FMG,Famagusta,04,1-3-----,1801.0,3506N 03357E
CY,KAR,Karavostasi,01,1-------,1801.0,3508N 03250E
CY,KYR,Kyrenia,06,1-------,1801.0,3520N 03320E
CY,LCA,Larnaca,03,1--45---,1801.0,3455N 03337E
CY,LAT,Latchi,05,1-3-----,1801.0,3502N 03224E
CY,LMS,Limassol,02,1-3-5---,1801.0,3441N 03303E
CY,MOI,Moni,02,1-3-----,1801.0,3444N 03312E
CY,NIC,Nicosia,01,1---5---,1801.0,3510N 03322E
CY,PFO,Paphos,05,1--4----,1801.0,3446N 03225E
CY,VAS,Vasilikos,03,1-------,1801.0,3443N 03319E
CY,ZYY,Zyyi,03,1-------,1801.0,3444N 03320E
CZ,BBC,Babice,JM,1-3-----,901.0,4859N 01624E
CZ,BAR,Bartosovice,MO,1-3-----,1401.0,4940N 01803E
CZ,BLN,Bilina,,123-----,601.0,5033N 01346E
CZ,TNN,Blatna,JC,1-------,901.0,
CZ,BDC,Bohdalice,JM,1-------,901.0,
CZ,BOL,Bolatice,,1-3-----,607.0,
CZ,BTC,Boretice,,1-3-----,607.0,
CZ,BUB,Bubovice,ST,1-------,901.0,
CZ,BYS,Bysice,PR,1-------,901.0,
CZ,CEP,Cepi,PR,123-----,901.0,4959N 01542E
CZ,C7V,Cervena Voda,PA,1-------,1407.0,5002N 01645E
CZ,CEV,Ceska Ves,OL,1-3-----,1401.0,5015N 01714E
CZ,CCN,Chocen,,123-----,501.0,5000N 01614E
CZ,CUL,Chrastava,,123-----,601.0,5049N 01458E
CZ,CHZ,Chrustenice,OL,1-------,901.0,
CZ,CHU,Chudobin,,1-3-----,601.0,4934N 01616E
CZ,G44,Chvalatice,JM,1----6--,1001.0,4857N 15450W
CZ,MCE,Cimelice,JM,1-------,901.0,
CZ,DCB,Decin,,123-5---,212.0,5047N 01413E
CZ,SKJ,Dehtary,ST,1----6--,1107.0,5009N 14038E
CZ,DOH,Destne v Orlickych Horach,KR,1-------,901.0,
CZ,DIV,Divisov,,1-3--6--,307.0,4947N 01453E
CZ,DIS,Divisov,PR,123-----,901.0,
CZ,DRS,Dobris,,123--6--,601.0,4947N 01410E
CZ,DRO,Dobromerice,US,1----6--,1107.0,5022N 01348E
CZ,DDD,Dobroviz,ST,1----6--,901.0,5070N 14130E
CZ,KRB,Dobruska,KR,1-------,901.0,
CZ,DOB,Dolni Benesov,,123-----,601.0,4955N 01807E
CZ,BBE,Dolni Berkovice,,123-----,601.0,5023N 01426E
CZ,SK5,Dolni Jircany,ST,1-3-----,1401.0,4957N 01432E
CZ,DOL,Dolni Lhota,,1-3-----,601.0,4908N 01749E
CZ,DRN,Drnholec,JM,1----6--,901.0,4851N 01630E
CZ,DKV,Drzkov,,123-----,601.0,5041N 01519E
CZ,HLP,Hlubocepy,ST,1-------,901.0,
CZ,HLU,Hluk,ZL,123-----,901.0,4859N 01731E
CZ,HTV,Horni Tresnovec,PA,1-------,901.0,
CZ,HST,Hostinne,JC,1-------,901.0,
CZ,HOT,Hostomice,ZL,1-------,901.0,
CZ,DEK,Hradek,PL,1----6--,901.0,4943N 01339E
CZ,HRN,Hradesin,ST,123-----,901.0,5002N 01445E
CZ,HSA,Hrensko,,1-3----B,9701.0,
CZ,HRU,Hrusky/Breclav,JM,1----6--,901.0,4847N 01659E
CZ,JAB,Jablonne nad Orlici,,123-----,601.0,5002N 01636E
CZ,JEN,Jencice,US,1----6--,901.0,5029N 01401E
CZ,JIE,Jevisovice,JM,1-3-----,701.0,4859N 01600E
CZ,KAD,Kadan,US,123-----,1207.0,5023N 01316E
CZ,KUV,Karolinka,,123-----,601.0,4921N 01815E
CZ,KOR,Korycany,JM,123-----,901.0,
CZ,KOQ,Kosor,ST,1----6--,1107.0,4959N 14020E
CZ,KSL,Kostelec nad Labem,ST,123-----,501.0,5014N 01436E
CZ,RNH,Kralice na Hane,,1-3-----,601.0,4927N 01711E
CZ,KNV,Kralupy nad Vltavou,,123-----,401.0,5014N 01419E
CZ,ZLY,Kvasice,ZL,1-3-----,1401.0,4915N 01728E
CZ,KKA,Kyselka,KA,1----6--,901.0,5004N 01247E
CZ,LEC,Lechovice,,1-3-----,607.0,
CZ,LOE,Letovice,,1-3-----,607.0,
CZ,LOB,Lobodice,OL,1----6--,901.0,4924N 01717E
CZ,LUK,Lochovice,,123-----,601.0,4951N 01359E
CZ,LOD,Lodenice,,1-------,212.0,
CZ,LBC,Lubenec,,1-3-----,607.0,
CZ,LCC,Lulec,JC,1-------,901.0,
CZ,MNV,Michnov,JM,123--6--,307.0,4936N 01653E
CZ,MIB,Milotice nad Becvou,OL,123-5---,1001.0,4932N 01750E
CZ,MOR,Moravicany,OL,1-3-----,901.0,
CZ,MRA,Moravsky Pisek,JM,1-3-----,901.0,
CZ,MYT,Myto/Cesky Krumlov,JC,1----6--,901.0,4847N 01410E
CZ,NEH,Nehvizdy,ST,1----6--,901.0,5008N 01444E
CZ,NRT,Neratovice,ST,123-----,501.0,5016N 01431E
CZ,NET,Netolice,JC,1-3-----,1401.0,4903N 01412E
CZ,OVV,Novy Knin,ST,1----6--,1201.0,4947N 14180E
CZ,NVV,Novy Vestec,,1-3-----,601.0,5011N 01443E
CZ,ODO,Odolena Voda,,1-3-----,607.0,
CZ,OCX,Opocno,KR,1----6--,1201.0,5016N 01607E
CZ,OSI,Osice,KR,1----6--,901.0,5009N 01541E
CZ,PAO,Osik,PA,1-------,901.0,
CZ,PAU,Plana u Marianskych Lazni,PL,123-----,901.0,4952N 01245E
CZ,PNJ,Police nad Metuji,,123-----,601.0,5032N 01614E
CZ,PNA,Polna,VY,1----6--,907.0,4920N 01543E
CZ,POP,Popuvky,OL,1-3-----,1401.0,4920N 01718E
CZ,XUY,Prague-Vinohrady,ST,1-3-----,1401.0,5004N 01427E
CZ,RDN,Radonice,ST,1-------,901.0,
CZ,RAU,Radonice,US,1-------,901.0,
CZ,RAJ,Rajhrad,JM,123-----,901.0,
CZ,XXX,RIS Inland waterways,,1-------,1101.0,
CZ,JK6,Sakvice,JM,1-3-----,1401.0,4854N 01642E
CZ,NKN,Sedlec,JC,1-3-----,1401.0,4910N 01420E
CZ,SEM,Semcice,,1----6--,901.0,5022N 15000E
CZ,STA,Slatina,,1-3-----,607.0,
CZ,SMO,Smichov,,1-3-----,601.0,5004N 01424E
CZ,CRS,Smilovice,MO,1----6--,1001.0,4940N 01835E
CZ,OVK,Smrzovka,,123-----,601.0,5044N 01515E
CZ,SPC,Stary Plzenec,,1-3-----,607.0,
CZ,STE,Stechovice,ST,1-3-----,501.0,4951N 01424E
CZ,STT,Steti,,123--6--,501.0,5027N 01423E
CZ,BRA,Stribrna Skalice,ST,1----6--,901.0,4954N 01451E
CZ,SDO,Sviadnov,,123--6--,601.0,4942N 01821E
CZ,TVA,Tanvald,,123--6--,601.0,5044N 01518E
CZ,TIS,Tisnov,JM,123-----,507.0,4921N 01626E
CZ,TOM,Touzim,,123-----,601.0,5004N 01259E
CZ,VKA,Trnavka,PA,1----6--,907.0,5002N 01528E
CZ,TUC,Tuchomerice,PR,1----6--,901.0,5008N 01417E
CZ,ULN,Usti nad Labem,,123-5---,212.0,5040N 01402E
CZ,VES,Velika Ves,JC,1-------,1101.0,
CZ,VAA,Veverska Bityska,,123-----,607.0,4917N 01627E
CZ,VRY,Volary,,1-3-----,607.0,
DE,AAH,Aachen,NW,1234-6--,2107.0,5046N 00605E
DE,ABH,Abbehausen,NI,1-3-----,307.0,5329N 00826E
DE,ABF,Abbenfleth,NI,1-3-----,307.0,5340N 00929E
DE,ABL,Abbesbuttel,NI,123-----,601.0,5221N 01034E
DE,ABR,Abenberg,BY,1-3-----,901.0,
DE,AMR,Achmer,NI,123-----,601.0,5224N 00756E
DE,AWR,Achterwehr,SH,1-3-----,212.0,5419N 00958E
DE,AHC,Ahlbeck,MV,1-3-----,1807.0,5340N 01412E
DE,AHO,Ahlhorn,NI,1-3-----,901.0,
DE,AIT,Aitrach,BW,123-----,601.0,4757N 01005E
DE,ILE,Albersweiler,RP,1----6--,907.0,4913N 00801E
DE,TSH,Albertshofen,BY,123-----,901.0,
DE,AQF,Alf,RP,123-----,601.0,5003N 00707E
DE,ALF,Alfeld/Leine,NI,123-----,9501.0,
DE,AXB,Alsleben,ST,1-3-----,1201.0,5142N 01140E
DE,ABO,Alt Bork,BB,1-3-----,1307.0,5211N 01252E
DE,ALT,Altena,NW,123-----,9501.0,
DE,ANR,Altenbruch Reede,NI,1-------,1201.0,5351N 00848E
DE,SH4,Altengors,SH,1----6--,1201.0,5354N 01012E
DE,ATL,Altenlingen,NI,1-3-----,601.0,5233N 00718E
DE,HHV,Altenwerder,HH,1-3-----,1101.0,5331N 00955E
DE,AHU,Am Hund,RP,1-------,901.0,5010N 00741E
DE,AMB,Amberg,BY,123-----,212.0,4926N 01152E
DE,AML,Amelsburen,NW,123-----,601.0,5153N 00736E
DE,ARL,Ammerland,BY,1-3--6--,601.0,4754N 01120E
DE,IAM,Amrum,SH,1-------,2301.0,5439N 00821E
DE,AND,Andernach,RP,123-----,207.0,5026N 00724E
DE,ANK,Anklam,MV,123-----,9506.0,
DE,APE,Apen,NI,123-----,307.0,5313N 00748E
DE,APN,Apensen,NI,1-3-----,901.0,
DE,ASE,Arendsee,ST,123-----,601.0,5253N 01129E
DE,ARN,Arnsberg,NW,123-----,212.0,5123N 00805E
DE,ASC,Aschaffenburg,BY,123-----,9501.0,
DE,ASS,Assel,NI,1-3-----,9501.0,
DE,AUO,Audorf,SH,1-------,1201.0,5419N 00943E
DE,AGB,Augsburg,BY,123-----,9501.0,
DE,AUG,Augustfehn,NI,1-3-----,307.0,5313N 00746E
DE,AUL,Aulendorf,BW,123-----,9501.0,
DE,AUR,Aurich,NI,123-----,307.0,5328N 00729E
DE,AEB,Babelsberg,BB,1-3-----,1307.0,5223N 01307E
DE,ASR,Babelsberg,BY,1-3-----,901.0,4905N 01154E
DE,DCH,Bacharach,RP,123-----,607.0,5003N 00746E
DE,BBV,Bad Bevensen,NI,123-----,307.0,5305N 01035E
DE,UBG,Bad Durrenberg,ST,123-----,507.0,5117N 01203E
DE,RHX,Bad Durrheim,BW,1----6--,2007.0,4801N 00832E
DE,BES,Bad Essen,NI,1-3-----,307.0,5219N 00820E
DE,BFH,Bad Friedrichshall,BW,1-3-----,9501.0,
DE,BGO,Bad Godesberg,NW,123-----,9501.0,
DE,BHE,Bad Hersfeld,HE,123-----,9501.0,
DE,BOY,Bad Oeynhausen,NW,123-----,9501.0,
DE,BSA,Bad Sackingen,BW,123-----,9501.0,
DE,BDS,Bad Schandau,SN,123-----,9501.0,
DE,BEZ,Bahlingen,BW,123-----,601.0,4807N 00744E
DE,TEJ,Ballrechten,BW,1----6--,1001.0,4752N 00742E
DE,BMR,Baltrum,NI,1-34----,212.0,5344N 00722E
DE,BAM,Bamberg,BY,123-----,9501.0,
DE,GBX,Barbing,BY,1----6--,901.0,4900N 01212E
DE,BRK,Barnkrug,NI,1-3-----,307.0,5341N 00928E
DE,BBH,Barth,MV,1-3-----,1807.0,
DE,BAS,Basbeck,NI,1-3-----,307.0,5341N 00911E
DE,BZS,Beddingen,NI,123-----,212.0,5211N 01025E
DE,BKW,Beeskow,BB,123-----,1307.0,5210N 01414E
DE,BEI,Beidenfleth,SH,1-3-----,9501.0,
DE,ELG,Belgern,SN,123-----,601.0,5129N 01307E
DE,BDF,Bendorf/Rhein,RP,123-----,212.0,5025N 00734E
DE,BEN,Bensersiel,NI,1-3-----,307.0,5341N 00735E
DE,HUB,Berggiesshubel,SN,123-----,601.0,5052N 01356E
DE,BGL,Bergisch Gladbach,NW,123-----,212.0,5059N 00708E
DE,BER,Berlin,BE,12345---,207.0,5231N 01323E
DE,BMN,Bermatingen,BW,123-----,601.0,4744N 00920E
DE,BOF,Berndshof,MV,1-------,201.0,
DE,BEK,Bernkastel-Kues,RP,1-3-----,9501.0,
DE,BTI,Bertingen,ST,1-3-----,601.0,5221N 01150E
DE,BEV,Beverungen,NW,123-----,9506.0,
DE,BKF,Biedenkopf,HE,123-----,9501.0,
DE,IEN,Biene,NI,1-3-----,601.0,5234N 00717E
DE,ERX,Biere,ST,1----6--,901.0,5158N 01139E
DE,BBI,Bietigheim-Bissingen,BW,123-----,9501.0,
DE,BIW,Bindow,BB,1-3-----,1307.0,5217N 01345E
DE,BIN,Bingen am Rhein,RP,123-----,1101.0,4958N 00753E
DE,BZR,Binz,MV,1-------,901.0,5424N 01336E
DE,BQ2,Birklar,HE,1-3-----,1401.0,5030N 00849E
DE,BWQ,Birkweiler,RP,1----6--,901.0,4912N 00802E
DE,CKH,Blankenheim,NW,1-3-----,601.0,5026N 00639E
DE,OIN,Blossin,BB,1-3-----,1307.0,5215N 01347E
DE,BLM,Blumenthal/Bremen,HB,1-3-----,1301.0,5311N 00835E
DE,BOE,Boblingen,BW,123-----,9501.0,
DE,CKK,Bockenem,NI,123-----,701.0,5201N 01008E
DE,BCO,Bockholdt,NI,123-----,601.0,5253N 01007E
DE,BOC,Bockhorst,NW,1-3-----,9501.0,
DE,BTC,Bodenteich,NI,123-----,601.0,5251N 01040E
DE,BFF,Boffzen,NI,123--6--,501.0,5145N 00923E
DE,BOI,Boizenburg,MV,1----6--,901.0,5323N 01043E
DE,BOK,Bokel,NI,1-3-----,307.0,5323N 00846E
DE,BON,Bonn,NW,1234----,9501.0,
DE,BMO,Borgemoor,NI,1-3-----,601.0,5301N 00730E
DE,BYT,Borgstedt,SH,1-3--6--,901.0,5420N 00943E
DE,BMK,Borkum,NI,1--4----,307.0,5335N 00640E
DE,BRN,Bornsen,SH,1-3-----,9501.0,
DE,BCT,Borschutz,BB,1-3-----,1307.0,5624N 01313E
DE,BFL,Borsfleth,SH,1-3-----,9501.0,
DE,BTA,Bortfeld,NI,1-3-----,601.0,5218N 01024E
DE,BOT,Bottrop,NW,123-----,9501.0,
DE,BXB,Boxberg,BW,1-3-----,601.0,4929N 00938E
DE,BCW,Brachwitz,ST,1-3-----,601.0,5132N 01152E
DE,BTF,Brahlstorf,MV,1-3-----,501.0,5342N 01133E
DE,BKE,Brake,NI,123-----,212.0,5320N 00829E
DE,RLZ,Bralitz,BB,1-3-----,1307.0,5250N 01400E
DE,BRA,Bramel,NI,1-3-----,307.0,5333N 00842E
DE,BRM,Bramsche,NI,1-3-----,9501.0,
DE,BBG,Brandenburg,BB,123-----,1307.0,5225N 01233E
DE,BWE,Braunschweig,NI,123-----,207.0,5216N 01030E
DE,UDF,Braunsdorf,BB,1-3-----,1307.0,5222N 01357E
DE,BSH,Breisach,BW,123-----,9501.0,
DE,BRT,Breitenberg,BY,1-3-----,9501.0,
DE,BRE,Bremen,HB,12345---,9501.0,
DE,BRV,Bremerhaven,HB,1234----,2407.0,5332N 00836E
DE,BMV,Bremervorde,NI,123-----,307.0,5329N 00908E
DE,TLD,Bresteland,BE,1-------,901.0,
DE,BRI,Brilon,NW,1-3-----,9501.0,
DE,BNK,Brink,NI,123-----,601.0,5226N 00944E
DE,RIZ,Britz,BE,1-3-----,601.0,5227N 01326E
DE,BDA,Brodenbach,RP,123-----,601.0,5013N 00727E
DE,BRO,Brohl-Lutzing,RP,123-----,9501.0,
DE,BRB,Brunsbuttel,SH,123-----,9501.0,
DE,BSI,Bubsheim,BW,1-3-----,601.0,4807N 00849E
DE,USF,Budelsdorf,SH,123-----,701.0,5418N 00939E
DE,BUL,Buhl,BW,123-----,1607.0,4841N 00808E
DE,LYY,Bullay,RP,1-------,901.0,
DE,BEU,Bullenhausen,NI,1-3-----,601.0,5327N 01005E
DE,BRG,Burg/Dithmarschen,SH,1-3-----,9501.0,
DE,BLD,Burglengenfeld,BY,123-----,601.0,4912N 01202E
DE,BSK,Burgstaaken/Fehmarn,SH,123-----,9501.0,
DE,BZQ,Burgstadt,SN,123--6--,1001.0,5055N 01249E
DE,URR,Burladingen,BW,1----6--,901.0,4817N 00907E
DE,BUM,Busum,SH,123-----,9501.0,
DE,BUT,Butjadingen,NI,1-3-----,212.0,5335N 00822E
DE,BUZ,Butzfleth,NI,1-3-----,307.0,5340N 00929E
DE,BUX,Buxtehude,NI,123-----,307.0,5327N 00942E
DE,CAR,Carolinensiel,NI,123-----,307.0,5342N 00748E
DE,CYN,Castell,BY,1-------,901.0,
DE,CRL,Castrop-Rauxel,NW,123-----,212.0,5133N 00718E
DE,CHI,Chiemsee,BY,1-3-----,9506.0,
DE,COC,Cochem,RP,123-----,9501.0,
DE,CPZ,Copitz,SN,123-----,601.0,5058N 01356E
DE,CRR,Crossen an der Elster,TH,123-----,701.0,5058N 01158E
DE,CUM,Cumlosen,BB,1-------,1501.0,5301N 01139E
DE,CUX,Cuxhaven,NI,123-----,1701.0,5353N 00842E
DE,DAD,Daaden,RP,1-------,901.0,
DE,DAG,Dagebull,SH,123-----,9501.0,
DE,DAP,Damp,SH,1-3-----,9506.0,
DE,DAN,Dangast,NI,1-3-----,307.0,5327N 00807E
DE,DWD,Dannenwalde,BB,1-3-----,1307.0,5305N 01311E
DE,MVD,Dassow,MV,1-3-----,901.0,5355N 01059E
DE,DAT,Datteln,NW,1-3-----,9506.0,
DE,DGA,Deggenau,BY,123-----,601.0,4849N 01259E
DE,DEG,Deggendorf,BY,123-----,9501.0,
DE,DMN,Demmin,MV,1-------,212.0,5354N 01302E
DE,DNR,Derenburg,ST,1-3-----,601.0,5152N 01055E
DE,DEU,Dernau,RP,123-----,601.0,5032N 00702E
DE,RPD,Derschen,RP,1-------,901.0,5043N 00759E
DE,DSU,Dersum,NI,1----6--,901.0,5258N 00717E
DE,DFN,Dettighofen,BW,1-------,901.0,
DE,DEB,Deuben,ST,1-------,1207.0,5107N 01204E
DE,DIA,Dierhagen,MV,1-3-----,1201.0,5418N 01222E
DE,DHM,Diersheim,BW,1-3-----,1201.0,4839N 00753E
DE,DSB,Diesbar,SN,1-3-----,901.0,5115N 01325E
DE,DSC,Dinkelscherben,BY,123-----,601.0,4821N 01035E
DE,DIN,Dinslaken,NW,123-----,9501.0,
DE,DT8,Dittersdorf,TH,1-3-----,1401.0,5045N 01207E
DE,DIT,Ditzum,NI,1-3-----,307.0,5319N 00717E
DE,LZ6,Dolzig,SN,1----6--,1201.0,5121N 01213E
DE,DE3,Dombuhl,BY,1-3-----,1401.0,4915N 01017E
DE,DOW,Donauworth,BY,123-----,9501.0,
DE,DNT,Dorenthe,NW,1-3-----,601.0,5213N 00741E
DE,DMG,Dormagen,NW,123-----,212.0,5105N 00649E
DE,RKQ,Dornach,BY,1----6--,1201.0,4809N 01141E
DE,DOB,Dornbusch,NI,1-3-----,9501.0,
DE,DRP,Dorpen,NI,1-3-----,307.0,5257N 00719E
DE,DON,Dorsten,NW,123-----,207.0,5140N 00658E
DE,DTM,Dortmund,NW,1234----,207.0,5130N 00729E
DE,DVE,Dorverden,NI,123-----,601.0,5251N 00914E
DE,DRA,Dranske,MV,1-3-----,9506.0,
DE,DR5,Drebber,NI,1-3-----,1401.0,5239N 00826E
DE,NDQ,Dreisbach,RP,1----6--,1201.0,5037N 00756E
DE,DRS,Dresden,SN,12345---,9501.0,
DE,DRO,Drochtersen,NI,1-3-----,307.0,5342N 00923E
DE,DUI,Duisburg,NW,1234----,207.0,5128N 00645E
DE,DUS,Dusseldorf,NW,12345---,207.0,5114N 00647E
DE,DUL,Dusslingen,BW,123-----,601.0,4827N 00903E
DE,DYK,Dyckhausen,NI,1-3-----,9501.0,
DE,EBB,Eberbach,BW,123-----,307.0,4928N 00859E
DE,EGC,Eching/Landshut,BY,1-3-----,701.0,4831N 01204E
DE,ECK,Eckernforde,SH,123-----,9501.0,
DE,EDI,Edingen,BW,1-3-----,601.0,4926N 00836E
DE,EAX,Effeldorf,BY,1-3-----,1401.0,4948N 01005E
DE,EGL,Eggenstein-Leopoldshafen,BW,123-----,9506.0,
DE,EGJ,Eggermuhlen,NI,1----6--,1201.0,5234N 00749E
DE,EOM,Eggolsheim,BY,123-----,701.0,4946N 01103E
DE,EHI,Ehingen,BW,123-----,307.0,4817N 00944E
DE,EBI,Ehrenbreitstein,RP,1-3-----,901.0,5021N 00737E
DE,EDD,Eiderdeich,SH,1-3-----,307.0,5417N 00924E
DE,EHS,Eisenhuttenstadt,BB,123-----,1307.0,5209N 01439E
DE,ELB,Ellerbek,SH,1-3-----,407.0,5420N 01011E
DE,ELM,Elmshorn,SH,123-----,9501.0,
DE,ELF,Elsenfeld,BY,123-----,307.0,4950N 00909E
DE,ELS,Elsfleth,NI,123-----,307.0,5314N 00828E
DE,LER,Elster,ST,1-3-----,1201.0,5150N 01250E
DE,ETN,Elten,NW,123-----,307.0,5152N 00609E
DE,EZH,Elzach,BW,123-----,601.0,4810N 00804E
DE,EME,Emden,NI,1234----,307.0,5322N 00713E
DE,EM4,Emersacker,BY,1----6--,1201.0,4830N 01040E
DE,ESU,Emmelsum,NW,1-------,207.0,5136N 00636E
DE,EMM,Emmerich,NW,123-----,9501.0,
DE,ERY,Ering,BY,1-------,901.0,4818N 01391E
DE,EAU,Erlau,SN,1----6--,901.0,5101N 01256E
DE,EAM,Erlenbach am Main,BY,123-----,601.0,4948N 00910E
DE,ESS,Essen,NW,1234----,9501.0,
DE,ESF,Estorf/Weser,NI,123-----,9506.0,
DE,ETY,Ettal,BY,1----6--,1201.0,4734N 01106E
DE,XAX,Euerfeld,BY,1-3-----,1401.0,4949N 01007E
DE,EUT,Eutin,SH,123-----,9501.0,
DE,FBR,Falkenberg,BB,1----6--,1307.0,5134N 13013W
DE,FHM,Fellheim,BY,123-----,601.0,4804N 01009E
DE,MV5,Ferdinandshof,MV,1-3-----,1401.0,5340N 01353E
DE,XFW,Finkenwerder,HH,1-34----,2301.0,5332N 00951E
DE,RP7,Flemlingen,RP,1----6--,1201.0,4914N 00805E
DE,FLF,Flensburg,SH,1234----,9501.0,
DE,FSH,Framersheim,RP,1----6--,1201.0,4945N 00810E
DE,FRA,Frankfurt am Main,HE,12345---,212.0,5007N 00841E
DE,FFO,Frankfurt/Oder,BB,123-----,1307.0,5221N 01433E
DE,FRR,Frauenau,BY,123-----,601.0,4859N 01318E
DE,FES,Freistett,BW,1-3-----,1201.0,4840N 00757E
DE,FRE,Fresenburg,NI,1-3-----,307.0,5253N 00718E
DE,FHL,Friedrichsfeld,NW,123-----,901.0,5138N 00639E
DE,FDH,Friedrichshafen,BW,1234----,9501.0,
DE,FRI,Friedrichstadt,SH,1-3-----,9501.0,
DE,FWH,Friedrich-Wilhelmshutte,NW,1-3-----,901.0,5048N 00709E
DE,FHE,Frielendorf,HE,1----6--,907.0,5059N 00920E
DE,FYE,Friesoythe,NI,1-3-----,307.0,5301N 00751E
DE,FNW,Fritzdorf,NW,1----6--,1201.0,5036N 00706E
DE,GXG,Gager,MV,1-3-----,1201.0,5418N 01341E
DE,LLI,Gallin,ST,1-3-----,901.0,5150N 01245E
DE,GAO,Gau Odernheim,RP,123-----,601.0,4947N 00811E
DE,GXS,Gaussig,SN,1----6--,901.0,5107N 01419E
DE,GST,Geeste,NI,1-3-----,307.0,5236N 00716E
DE,GNL,Gelbensande,MV,1-------,2301.0,5412N 01218E
DE,GEK,Gelsenkirchen,NW,123-----,207.0,5131N 00707E
DE,GEL,Gelting,SH,1-3-----,9501.0,
DE,GEM,Gemunden,BY,123-----,9501.0,
DE,GER,Germersheim,RP,123-----,9501.0,
DE,GHM,Gernsheim,HE,123-----,9501.0,
DE,GFD,Gersfeld,HE,1-3-----,501.0,5027N 00957E
DE,GHZ,Gersheim,SL,123-----,601.0,4909N 00713E
DE,GEV,Geversdorf,NI,1-3-----,9501.0,
DE,GS5,Gilserberg,HE,1----6--,1607.0,5057N 00904E
DE,GXN,Gimmeldingen,RP,1----6--,901.0,4922N 00809E
DE,GNP,Ginepp,SN,1-3-----,901.0,5035N 01209E
DE,GIG,Ginsheim-Gustavsburg,HE,123-----,9501.0,
DE,GIT,Gittelde,NI,123-----,9501.0,
DE,GLK,Glucksburg,SH,1-------,2301.0,5450N 00933E
DE,GLU,Gluckstadt,SH,123-----,9501.0,
DE,UND,Gmund am Tegernsee,BY,123-----,901.0,4745N 01144E
DE,GDO,Godorf,NW,123-----,601.0,5051N 00658E
DE,GTR,Gohlis,SN,1-3-----,1201.0,5121N 01317E
DE,GKR,Goldkronach,BY,1----6--,901.0,5001N 01141E
DE,GO4,Gossenheim,BY,1----6--,1201.0,5001N 00947E
DE,GMV,Graal-Muritz,MV,1-------,1501.0,5415N 01214E
DE,EFE,Grafenhainichen,ST,1----6--,1201.0,5143N 01227E
DE,GFF,Grafschaft,RP,1----6--,407.0,5035N 00704E
DE,RBI,Grambin,MV,1-3-----,1201.0,5346N 01401E
DE,GNR,Grau Rheindorf,NW,1-3-----,1107.0,5045N 00704E
DE,RLB,Grauelsbaum,BW,1-3-----,1201.0,4844N 00759E
DE,GRE,Greetsiel,NI,1-3-----,307.0,5330N 00706E
DE,GRD,Greifswald,MV,123-----,9501.0,
DE,ITH,Grieth,NW,1-3-----,1201.0,5147N 00619E
DE,GMR,Grimberg,NW,1-3-----,601.0,5103N 00709E
DE,GMN,Grimmen,MV,123-----,601.0,5407N 01303E
DE,GXR,Grode,SH,1-------,1501.0,5438N 00843E
DE,GNU,Gronau,NW,123-----,701.0,5213N 00702E
DE,GPR,Groppenbruch,NW,123-----,601.0,5134N 00722E
DE,GKG,Gross Krotzenburg,HE,123-----,212.0,5005N 00859E
DE,HHO,Grosseichholzheim,BW,1----6--,901.0,4927N 00917E
DE,GRO,Grossenbrode,SH,123-----,212.0,5423N 01105E
DE,GSI,Grossensiel,NI,123-----,601.0,5328N 00829E
DE,GSA,Grosslehna,ST,123-----,601.0,5117N 01209E
DE,GZG,Grosszerlang,BB,1-3-----,1307.0,5311N 01257E
DE,GDZ,Gudderath,NW,1----6--,901.0,5107N 00626E
DE,GUG,Gunzburg,BY,123-----,9501.0,
DE,GUE,Gusen,ST,1-3-----,901.0,5221N 01158E
DE,GNX,Gutenberg,RP,1-------,1201.0,4953N 00748E
DE,HAF,Hafenlohr,BY,1-3-----,9506.0,
DE,HLH,Haldensleben,ST,123-----,9506.0,
DE,HRX,Hallig,SH,1-------,1501.0,5432N 00940E
DE,HAM,Hamburg,HH,12345---,2001.0,5331N 00956E
DE,HTJ,Hamburg-Mitte,HH,1-3-----,1407.0,5333N 01001E
DE,HAN,Hameln,NI,123-----,307.0,5206N 00921E
DE,HMM,Hamm,NW,123-----,212.0,5141N 00748E
DE,HAU,Hanau,HE,123-----,207.0,5008N 00854E
DE,XZS,Handeloh,NI,1----6--,1001.0,5315N 00950E
DE,HAJ,Hannover,NI,12345---,307.0,5222N 00943E
DE,HBU,Harburg,HH,1-------,2301.0,5328N 00959E
DE,HRN,Haren/Ems,NI,123-----,9501.0,
DE,HSX,Harlesiel,NI,123-----,601.0,5342N 00748E
DE,NIH,Hasbergen,NI,1-------,901.0,
DE,HLO,Haseldorf,SH,1-3-----,601.0,5338N 00936E
DE,HAO,Hasloch,BY,123-----,601.0,4947N 00929E
DE,HAS,Hassfurt,BY,1234----,9501.0,
DE,HME,Hattenheim,HE,123-----,601.0,5001N 00803E
DE,HH7,Hauneck,HE,1----6--,1001.0,5049N 00944E
DE,HHL,Hehlen,NI,123-----,601.0,5159N 00928E
DE,HEI,Heidelberg,BW,123-----,212.0,4925N 00842E
DE,HSI,Heidesheim,RP,123-----,212.0,5000N 00808E
DE,HED,Heikendorf,SH,1-3-----,9501.0,
DE,HEN,Heilbronn,BW,123-----,9501.0,
DE,HHF,Heiligenhafen,SH,123-----,9501.0,
DE,HE5,Heimersheim,RP,1----6--,1201.0,4946N 00805E
DE,HRC,Heinrichsberg,ST,1-3-----,1201.0,5216N 01144E
DE,HGL,Helgoland,SH,1--4----,212.0,5410N 00753E
DE,HML,Helmlingen,BW,1-3-----,901.0,4842N 00758E
DE,HMO,Hemmoor,NI,123-----,307.0,5342N 00907E
DE,HNF,Hennigsdorf,BB,123-----,1307.0,5238N 01313E
DE,XRT,Herbertingen,BW,1----6--,901.0,4804N 00926E
DE,HBR,Herbrum,NI,123-----,307.0,5302N 00719E
DE,HGZ,Hergatz,BY,123-----,601.0,4739N 00950E
DE,HEE,Herne,NW,123--6--,407.0,5133N 00713E
DE,HRT,Herten,NW,123-----,501.0,5136N 00708E
DE,SSL,Hesselte,NI,1-3-----,601.0,5225N 00723E
DE,HDI,Hiddingsel,NW,1-3-----,601.0,5150N 00724E
DE,HIE,Hille,NW,1-3-----,9506.0,
DE,HLP,Hiltrup,NW,123-----,601.0,5154N 00738E
DE,HRE,Hirzenhain,HE,123-----,1207.0,5024N 00908E
DE,HD8,Hitdorf,NW,1-3-----,1201.0,5104N 00656E
DE,HOD,Hochdonn,SH,1-3-----,9501.0,
DE,HCS,Hochst,HE,123-----,1101.0,5006N 00833E
DE,HO4,Hochstadt,RP,1-3-----,1401.0,4914N 00812E
DE,JUY,Hohenau,BY,1-------,1107.0,
DE,HOJ,Hohenhameln,NI,1----6--,907.0,5216N 01004E
DE,HHS,Hohenhorn,SH,1-3-----,9501.0,
DE,HSA,Hohensaaten,BB,1-3-----,1307.0,5252N 01409E
DE,OWH,Hohenwarthe,ST,1-3-----,1201.0,5214N 01143E
DE,VVH,Hohn,RP,1----6--,1007.0,5037N 00759E
DE,HLN,Hollenstedt,NI,123-----,601.0,5144N 00957E
DE,HTU,Holtenau,SH,1-3-----,1601.0,
DE,HZN,Holzminden,NI,123-----,307.0,5149N 00927E
DE,HBO,Homberg,NW,123-----,207.0,5127N 00641E
DE,HGE,Hooge,SH,1-3-----,212.0,5434N 00833E
DE,HOO,Hooksiel,NI,1-3-----,307.0,5338N 00801E
DE,HPE,Hoopte,NI,1-3-----,601.0,5324N 01010E
DE,3L4,Hoppegarten,BB,1-3-----,1401.0,5231N 01340E
DE,HOB,Horb,BW,123-----,9501.0,
DE,HRB,Horneburg,NI,123-----,9501.0,
DE,HRM,Hornum/Sylt,SH,1-3-----,9501.0,
DE,HSB,Horselberg,TH,123--6--,601.0,5058N 01025E
DE,HOS,Horumersiel,NI,1-3-----,307.0,5341N 00801E
DE,HOX,Hoxter,NW,123-----,9501.0,
DE,HRO,Hubertushohe,BB,1-3-----,1307.0,5214N 01358E
DE,HSU,Hundsmuhlen,NI,1-3-----,601.0,5306N 00811E
DE,HUX,Hunsborn,NW,1----6--,1601.0,5056N 00753E
DE,HUS,Husum,SH,123-----,9501.0,
DE,HZZ,Huttingen,BW,123-----,601.0,4740N 00732E
DE,IGH,Igersheim,BW,123-----,601.0,4930N 00949E
DE,IHL,Ihlow,BB,1-------,1307.0,
DE,ZVE,Ihrlerstein,BY,1----6--,1601.0,4856N 11520E
DE,INM,Ingelheim,RP,123-----,9501.0,
DE,ING,Ingolstadt,BY,123-----,307.0,4846N 01126E
DE,ISP,Ispringen,BW,1----6--,901.0,4855N 00840E
DE,ISU,Issum,NW,1-3-----,601.0,5132N 00625E
DE,ITZ,Itzehoe,SH,123-----,9501.0,
DE,JEM,Jemgum,NI,1-3-----,307.0,5316N 00723E
DE,JTN,Jettingen,BY,123-----,601.0,4823N 01025E
DE,JSN,Jossen,NW,123-----,601.0,5224N 00900E
DE,JUI,Juist,NI,1--4----,307.0,5341N 00700E
DE,KAM,Kahl am Main,BY,123-----,9506.0,
DE,KMT,Kaimt,RP,1-3-----,601.0,5001N 00710E
DE,KDT,Kallstadt,RP,1----6--,1201.0,4929N 00810E
DE,KPE,Kampe,NI,1-3-----,9501.0,
DE,KAP,Kappeln,SH,123-----,9501.0,
DE,KBN,Karben,HE,1-3-----,9506.0,
DE,KAE,Karlsruhe,BW,1234----,9501.0,
DE,KAR,Karnin,MV,1-3-----,212.0,5418N 01248E
DE,KHU,Karthaus,NW,1-3-----,601.0,5152N 00718E
DE,KEH,Kehl,BW,123-----,9501.0,
DE,KEM,Kelheim,BY,1-3-----,9501.0,
DE,KHN,Kellinghusen,SH,1-3-----,9501.0,
DE,KEZ,Kellmunz,BY,123-----,9506.0,
DE,KEB,Kelsterbach,HE,123-----,9501.0,
DE,NNP,Kenn,RP,1-3-----,601.0,4948N 00643E
DE,KLS,Kesselstadt,HE,123-----,601.0,5007N 00853E
DE,JIV,Kettenheim,RP,1----6--,1307.0,4943N 00806E
DE,KEL,Kiel,SH,1234----,212.0,5420N 01008E
DE,CKL,Kiel Canal,SH,1----6--,2101.0,5353N 00908E
DE,KIE,Kietz,BB,123-----,1307.0,5234N 01437E
DE,KBR,Kinderbeuern,RP,123-----,401.0,5000N 00701E
DE,KPF,Kipfenberg,BY,1-3-----,701.0,4857N 01123E
DE,NWC,Kirchhellen,NW,1----6--,1201.0,5136N 00656E
DE,KCO,Kirchmoser,BB,123-----,1307.0,5222N 01225E
DE,RFT,Kirschfurt,BY,1-------,1501.0,5010N 01022E
DE,KIT,Kitzingen,BY,123-----,9501.0,
DE,KLX,Klusserath,RP,1-------,901.0,
DE,KOB,Koblenz am Rhein,RP,123-----,9501.0,
DE,KHO,Kochendorf,BW,1-3-----,901.0,4912N 00912E
DE,KOF,Kolenfeld,NI,1-3-----,601.0,5223N 00927E
DE,KOL,Kollmar,SH,1-3-----,9501.0,
DE,CGN,Koln,NW,12345---,207.0,5057N 00656E
DE,KWH,Konigs Wusterhausen,BB,123-----,1307.0,5217N 01337E
DE,KGM,Konigsmoor,NI,1-3-----,307.0,5340N 00921E
DE,KOW,Konigswinter,NW,123-----,9501.0,
DE,KON,Konstanz,BW,123-----,9501.0,
DE,KB6,Kosbach,BY,1----6--,1201.0,4936N 01056E
DE,KTN,Kosten,BY,1-3-----,601.0,5009N 01101E
DE,KVG,Kovenig,RP,1-3-----,1401.0,4959N 00707E
DE,KZB,Kranzberg,BY,1-3-----,601.0,4824N 01137E
DE,KRA,Krautsand,NI,1-3-----,307.0,5345N 00923E
DE,KRE,Krefeld,NW,123-----,207.0,5120N 00634E
DE,KNT,Kreinitz,SN,1-3-----,901.0,5122N 01314E
DE,KGU,Kriegenbrunn,BY,123-----,601.0,4933N 01057E
DE,KR9,Kronskamp,MV,1----6--,1201.0,5356N 01219E
DE,KRV,Krov,RP,1-3-----,9506.0,
DE,KKU,Kunkemuhle,NI,1-3-----,601.0,5224N 00722E
DE,KUP,Kuppenheim,BW,123-----,901.0,4849N 00815E
DE,KUT,Kurten,NW,1-3-----,901.0,
DE,LAB,Laboe,SH,1-3-----,9501.0,
DE,LAE,Lagerdorf,SH,1-3-----,9501.0,
DE,LHD,Lahde,NW,123-----,601.0,5222N 00900E
DE,LAM,Lampertheim,HE,123-----,9501.0,
DE,LAD,Landau in der Pfalz,RP,123-----,212.0,4912N 00807E
DE,AAD,Landkreis Ammerland,NI,1----6--,1201.0,5313N 00801E
DE,LDH,Landshut,BY,123-----,9501.0,
DE,73A,Langballig,SH,1-3-----,2001.0,5448N 00938E
DE,LGB,Langenbach,BW,1-3-----,601.0,4803N 00817E
DE,LDM,Langendamm,MV,1-3-----,1201.0,5418N 01228E
DE,LGO,Langeoog,NI,1-34----,307.0,5345N 00729E
DE,LAW,Langewiesen,TH,123-----,601.0,5040N 01059E
DE,6NK,Langsur,RP,1-3-----,1501.0,4943N 00630E
DE,LKI,Lankwitz,BE,123-----,601.0,5226N 01321E
DE,LSA,Lassan,MV,1-3-----,901.0,5357N 01350E
DE,LAT,Lathen,NI,123-----,307.0,5252N 00719E
DE,UBT,Laubegast,SN,1-3-----,1201.0,5102N 01350E
DE,DE8,Laubenheim,RP,1----6--,1201.0,4955N 00754E
DE,LNU,Lauenburg/Elbe,SH,123-----,212.0,5322N 01034E
DE,LS4,Laussig,SN,1----6--,1201.0,5133N 01238E
DE,UTA,Lauta,SN,1----6--,907.0,5040N 01309E
DE,LEE,Leer,NI,123-----,9501.0,
DE,CCC,Leimbach,NI,1-------,901.0,
DE,EEM,Leimersheim,RP,1-------,901.0,
DE,LIA,Leina,TH,123-----,601.0,5054N 01037E
DE,23A,Leinatal,TH,1----6--,1601.0,5054N 01038E
DE,LPH,Leipheim,BY,123-----,601.0,4826N 01014E
DE,LIZ,Leissnitz,BB,1-3-----,1307.0,5207N 01413E
DE,LRC,Lembruch,NI,123-----,901.0,5232N 00821E
DE,LEW,Lemwerder,NI,1-34----,307.0,5310N 00837E
DE,EZN,Lenzen,MV,1-3-----,901.0,5305N 01126E
DE,DDD,Letmathe,NW,123-----,601.0,5122N 00736E
DE,LEV,Leverkusen,NW,123-----,212.0,5102N 00700E
DE,ILH,Lich,HE,123-----,601.0,5031N 00849E
DE,LTF,Lichterfelde,BB,1-3-----,1307.0,5252N 01345E
DE,LIB,Liebenau,NI,123-----,601.0,5236N 00906E
DE,LPQ,Liepgarten,MV,1-3-----,1401.0,5343N 01401E
DE,LSR,Lieser,RP,1-3-----,701.0,4955N 00701E
DE,LSH,Limeshain,HE,1----6--,901.0,5015N 08592E
DE,LIU,Lindau,BY,123-----,212.0,4733N 00941E
DE,LIG,Lingen,NI,123-----,9501.0,
DE,LIN,Lintelermarsch,NI,1-3-----,9501.0,
DE,LRN,Linz am Rhein,RP,123--6--,907.0,5034N 00717E
DE,LIS,List/Sylt,SH,1-3-----,9501.0,
DE,LNH,Lohnerheide,NW,123-----,601.0,5211N 00841E
DE,SCJ,Lommatzsch,SN,1----6--,907.0,5112N 01318E
DE,ONG,Longen,RP,1-3-----,701.0,4948N 00647E
DE,LON,Longuich,RP,1-3-----,9506.0,
DE,RPL,Lonsheim,RP,1-------,901.0,
DE,LCW,Loschwitz,SN,1-3-----,1201.0,5103N 01349E
DE,LBC,Lubeck,SH,12345---,9501.0,
DE,LBM,Lubmin,MV,123-----,1007.0,5408N 01336E
DE,LSU,Ludwigsau,HE,123-----,601.0,5053N 00944E
DE,LUH,Ludwigshafen,RP,123-----,401.0,4928N 00826E
DE,LGX,Ludwigshohe,RP,123-----,601.0,4949N 00821E
DE,LLS,Lulsdorf,NW,1-3-----,212.0,5050N 00659E
DE,LOW,Lunow,BB,1-------,1307.0,5255N 01407E
DE,LT9,Lutgenrode,NI,1-3-----,1401.0,5138N 00955E
DE,TJE,Lutjenburg,SH,1----6--,901.0,5418N 01036E
DE,MAO,Maasholm,SH,1-------,2107.0,5641N 01000E
DE,MAG,Magdeburg,ST,123-----,9501.0,
DE,MAI,Mainz,RP,123-----,9501.0,
DE,GYM,Mainzlar,HE,1-3-----,1301.0,5040N 00844W
DE,MAM,Malente,SH,123-----,601.0,5410N 01033E
DE,MFL,Malsfeld,HE,123-----,601.0,5105N 00932E
DE,MMF,Mammendorf,BY,1----6--,1201.0,4812N 01109E
DE,MMI,Mamming,BY,1-3-----,701.0,4839N 01236E
DE,MHG,Mannheim,BW,1234----,1101.0,4929N 00827E
DE,MRM,Marcardsmoor,NI,1-3-----,307.0,5327N 00743E
DE,MRS,Mariensiel,NI,1-3-----,307.0,5330N 00803E
DE,MTD,Marktrodach,BY,1-------,901.0,
DE,MLO,Marlow,MV,1-3-----,1201.0,5432N 01333E
DE,MSK,Martinskirchen,BB,1-3-----,1307.0,5128N 01311E
DE,MXA,Maxau,BW,123-----,601.0,4902N 00819E
DE,MXM,Maximiliansau,RP,123-----,601.0,4902N 00818E
DE,MHR,Mehring,RP,1-3-----,601.0,4948N 00649E
DE,MRU,Mehrum,NI,1-3-----,601.0,5218N 01006E
DE,MDI,Meiderich,NW,123-----,601.0,5128N 00646E
DE,ME8,Meineweh,ST,1----6--,1201.0,5105N 01159E
DE,MIM,Meisenheim,RP,1-3-----,901.0,
DE,MEI,Meissen,SN,123-----,307.0,5109N 01329E
DE,MEL,Meldorf,SH,123-----,9501.0,
DE,MZE,Mellensee,BB,1-3-----,1307.0,5211N 01324E
DE,MEM,Memmert,NI,1-------,212.0,5338N 00654E
DE,GJ9,Mengkofen,BY,1----6--,1001.0,4843N 12260W
DE,MSH,Mescherin,BB,1-3-----,1307.0,5315N 01426E
DE,Z4Z,Michelbach am Heuchelberg,BW,1-3-----,1401.0,4904N 00856E
DE,MIL,Miltenberg,BY,123-----,9501.0,
DE,MID,Minden,NW,123-----,207.0,5217N 00854E
DE,MNM,Minheim,RP,1-3-----,701.0,4952N 00656E
DE,MIN,Minsen,NI,1-3-----,307.0,5342N 00758E
DE,MIB,Misburg,NI,1-3-----,601.0,5222N 00951E
DE,MWF,Mittelherwigsdorf,SN,123-----,601.0,5055N 01446E
DE,MSB,Mittelsburen,HB,1-3-----,601.0,5308N 00840E
DE,MGW,Mogglingen,BW,1----6--,901.0,4849N 00958E
DE,MOE,Molln,SH,123-----,9501.0,
DE,MMM,Mommenheim,RP,123-----,407.0,4952N 00815E
DE,MWW,Monchweiler,BW,1----6--,901.0,4806N 00826E
DE,MNF,Mondorf,NW,1-3-----,1301.0,5047N 00704E
DE,XMP,Monheim,BY,1-3-----,1401.0,4850N 01050E
DE,MHM,Monheim,NW,1-3-----,9501.0,
DE,MOZ,Motzen,NI,1-3-----,1601.0,5310N 00834E
DE,GL3,Muglitztal,SN,1-3-----,1401.0,5056N 01350E
DE,MXB,Muhlberg,BB,1-------,1501.0,5126N 01313E
DE,MUK,Mukran,MV,123-----,9501.0,
DE,MMO,Mulheim,RP,1-3-----,601.0,4954N 00700E
DE,MUH,Mulheim an der Ruhr,NW,123-----,212.0,5126N 00653E
DE,ULS,Mulsen,SN,1----6--,901.0,5045N 01234E
DE,M5B,Munchsdorf,BY,1----6--,1501.0,4835N 01254E
DE,MUN,Munster,NI,123-----,307.0,5259N 01005E
DE,MSR,Munster,NW,1234----,1101.0,5158N 00738E
DE,MNQ,Munster-Sarmsheim,RP,123-----,601.0,4957N 00753E
DE,NZM,Nahmitz,BB,1-3-----,1307.0,5220N 01244E
DE,NST,Neckarsteinach,HE,123-----,9506.0,
DE,NTA,Neckartailfingen,BW,1-3-----,601.0,4837N 00915E
DE,NZE,Neckarzimmern,BW,123-----,701.0,4919N 00909E
DE,NFE,Neef,RP,123-----,701.0,5006N 00708E
DE,NSY,Nersingen,BY,1-------,901.0,
DE,NES,Nessmersiel,NI,1-3-----,212.0,5340N 00721E
DE,NNH,Neuendorf-Hiddensee,MV,1-------,1501.0,5455N 01331E
DE,NSC,Neuenschleuse,NI,1-3-----,9501.0,
DE,NSE,Neuessen,NW,1-3-----,601.0,5130N 00700E
DE,NEF,Neufeld,SH,1-3-----,9501.0,
DE,NHS,Neuharlingersiel,NI,1-3-----,401.0,5342N 00742E
DE,NEH,Neuhaus an der Oste,NI,123-----,401.0,5348N 00902E
DE,UKI,Neukieritzsch,SN,1----6--,901.0,5110N 01226E
DE,FER,Neu-Kupfer,BW,1-------,901.0,
DE,NEL,Neuland/Elbe,NI,1-3-----,212.0,5345N 00920E
DE,NN4,Neuleiningen,RP,1-3-----,1401.0,4932N 00808E
DE,NMN,Neumagen-Dhron,RP,1-3-----,1101.0,4951N 00653E
DE,NSV,Neumarkt-Sankt Veit,BY,123-----,601.0,4822N 01230E
DE,NBD,Neunkirchen am Brand,BY,1-------,901.0,
DE,NCA,Neuscharrel,NI,123-----,601.0,5301N 00747E
DE,NSS,Neuss,NW,123-----,207.0,5111N 00641E
DE,NHO,Neustadt in Holstein,SH,123-----,212.0,5406N 01049E
DE,NGL,Neustadt-Glewe,MV,123--6--,601.0,5323N 01135E
DE,NED,Neuwied,RP,123-----,9501.0,
DE,BWJ,Niebelsbach,BW,1-3-----,1301.0,4853N 00834E
DE,DFX,Niederdollendorf,NW,123-----,607.0,5042N 00711E
DE,CH5,Niederkaina,SN,1-3-----,1401.0,5112N 01429E
DE,NGH,Niederneuching,BY,1-3-----,701.0,4815N 01151E
DE,NHL,Niehl/Koln,NW,123-----,401.0,5100N 00658E
DE,NIE,Nienburg,NI,123-----,9501.0,
DE,64Z,Niendorf Ostsee,SH,1-3-----,2201.0,5400N 01049E
DE,NCZ,Nieschutz,SN,1-3-----,601.0,5114N 01326E
DE,NO9,Nobdenitz,TH,1-3-----,1401.0,5052N 01217E
DE,NOE,Norddeich,NI,1234----,307.0,5337N 00709E
DE,NOD,Norden,NI,1234----,9501.0,
DE,NHA,Nordenham,NI,123-----,307.0,5330N 00829E
DE,NRD,Norderney,NI,1-34----,9501.0,
DE,NHE,Nordheim,BW,123-----,601.0,4906N 00908E
DE,NHN,Nordhorn,NI,123-----,307.0,5226N 00705E
DE,NOR,Nordstrand,SH,1-3-----,212.0,5430N 00853E
DE,NUE,Nurnberg,BY,1234----,407.0,4926N 01104E
DE,PJQ,Nusplingen,BW,1----6--,1201.0,4808N 00852E
DE,OAB,Ober-Abtsteinach,HE,1----6--,901.0,4932N 00847E
DE,OEX,Obereiderhafen,SH,1-------,1801.0,5418N 00940E
DE,OBE,Oberhausen,NW,123-5---,212.0,5128N 00651E
DE,OAN,Oberhausen an der Nahe,RP,123-----,907.0,4947N 00745E
DE,OKY,Oberkotzau,BY,123-----,601.0,5016N 01156E
DE,ORM,Ober-Morlen,HE,1-3--6--,1801.0,5022N 00841E
DE,OLM,Ober-Olm,RP,1-------,901.0,
DE,DEO,Oberthal,SL,1-3-----,1401.0,4931N 00706E
DE,OEE,Oberwesel,RP,123-----,701.0,5007N 00743E
DE,OWT,Oberwinter,RP,123-----,601.0,5036N 00712E
DE,OSW,Oestrich-Winkel,HE,123-----,407.0,5000N 00800E
DE,OFF,Offenbach,HE,123-----,212.0,5006N 00846E
DE,OLO,Oldenburg,NI,123-----,212.0,5310N 00812E
DE,OLB,Oldenbuttel,SH,1-3-----,9501.0,
DE,OLD,Oldendorf,NI,1-3-----,601.0,5327N 00831E
DE,OLU,Oldersum,NI,1-------,1201.0,5320N 00720E
DE,OLP,Olpenitz,SH,123-----,9501.0,
DE,OTK,Oortkaten,HH,1-3-----,601.0,5326N 01006E
DE,OPP,Oppenheim,RP,123-----,9506.0,
DE,ORS,Orsoy,NW,1-3-----,207.0,5131N 00641E
DE,ORT,Orth/Fehmarn,SH,1-3-----,9501.0,
DE,OSL,Osloss,NI,1-3-----,601.0,5228N 01041E
DE,OSN,Osnabruck,NI,123-----,307.0,5216N 00803E
DE,OSB,Ossenberg,NW,1-3-----,601.0,5134N 00634E
DE,OSR,Ostermoor,SH,1-3-----,212.0,5354N 00911E
DE,TRD,Osterronfeld,SH,123-----,1501.0,5417N 00942E
DE,TER,Osterwald,NI,123-----,1701.0,5207N 00937E
DE,OGO,Ostseebad Goehren,MV,1-3-----,2307.0,5420N 01344E
DE,OKG,Ostseebad Kuhlungsborn,MV,1-3-----,2001.0,5409N 01145E
DE,SXD,Ottendorf,BY,1-------,1501.0,4958N 01043E
DE,OTT,Otterndorf,NI,123-----,307.0,5348N 00854E
DE,PAH,Pahlhude,SH,1-------,201.0,5416N 00919E
DE,PAP,Papenburg,NI,123-----,307.0,5304N 00724E
DE,PRY,Parey,BB,1-3-----,1307.0,5241N 01215E
DE,PTN,Parkentin,MV,123-----,601.0,5405N 01159E
DE,PAS,Passau,BY,123-----,1801.0,4834N 01327E
DE,PZI,Pautzfeld,BY,123-----,507.0,4946N 01101E
DE,PEF,Peenemunde,MV,1-34----,1101.0,5408N 01347E
DE,PEI,Peine,NI,123-----,207.0,5219N 01014E
DE,PEL,Pellworm,SH,1-3-----,212.0,5431N 00838E
DE,PEN,Pente,NI,1-3-----,307.0,5223N 00758E
DE,PRC,Perrich,NW,1-3-----,1201.0,5139N 00633E
DE,PTD,Petersdorf,BY,1-3-----,307.0,5413N 01226E
DE,PSW,Petershagen/Weser,NW,123-----,9506.0,
DE,AQ2,Pforring,BY,1-3-----,1401.0,4849N 01141E
DE,PFR,Pfronten,BY,123-----,601.0,4735N 01033E
DE,PSB,Piesberger,NI,123-----,601.0,5219N 00801E
DE,PPT,Piesport,RP,1-3-----,601.0,4953N 00655E
DE,PSR,Piesteritz,ST,123-----,601.0,5152N 01236E
DE,PIN,Pinneberg,SH,123-----,9501.0,
DE,PRA,Pirna,SN,123-----,9501.0,
DE,TTP,Platten,RP,1----6--,901.0,4957N 00658E
DE,PSA,Plessa,BB,123-----,1307.0,5127N 01337E
DE,PLS,Pliezhausen,BW,1-3-----,601.0,4833N 00912E
DE,PLL,Pollhagen,NI,1-3-----,601.0,5223N 00912E
DE,POT,Potsdam,BB,123-----,1307.0,5224N 01304E
DE,PRW,Prerow,MV,1-3-----,9506.0,
DE,PRN,Prettin,ST,1-3-----,1201.0,5140N 01255E
DE,PCE,Pruchten,MV,1-3-----,1201.0,5423N 01240E
DE,PUT,Puttgarden,SH,123-----,9501.0,
DE,PKU,Putzkau,SN,123-----,601.0,5106N 01413E
DE,RDU,Radeburg,SN,123-----,601.0,5113N 01343E
DE,RAD,Radolfzell,BW,123-----,9501.0,
DE,RE5,Rech,RP,1----6--,1201.0,5031N 00702E
DE,RCI,Rechlin,MV,1-34----,701.0,5320N 01243E
DE,RCK,Recke,NW,1-3-----,601.0,5223N 00743E
DE,REE,Reepsholt,NI,1-3-----,307.0,5329N 00750E
DE,REG,Regensburg,BY,123-----,9501.0,
DE,RTJ,Reichartshausen,BW,1----6--,1201.0,4921N 00856E
DE,RFI,Reichenbach an der Fils,BW,123-----,601.0,4843N 00928E
DE,REM,Remagen,RP,123-----,9501.0,
DE,REN,Rendsburg,SH,123-----,9501.0,
DE,RRE,Rerik,MV,1-3-----,2307.0,5406N 01137E
DE,RET,Rethem,NI,123-----,601.0,5247N 00923E
DE,RZB,Rettenbach / Gunzburg,BY,1-3-----,901.0,
DE,RHB,Rheinberg,NW,123-----,207.0,5133N 00635E
DE,RHL,Rheinbrohl,RP,123-----,9506.0,
DE,RHE,Rheine,NW,123-----,9501.0,
DE,RRG,Rheinsberg,BB,1-3-----,1307.0,5306N 01253E
DE,RDL,Riedlhutte,BY,123-----,601.0,4854N 01321E
DE,RIK,Rieneck,BY,123-----,601.0,5005N 00938E
DE,RBK,Riesenbeck,NW,1-3-----,601.0,5216N 00737E
DE,XXX,RIS Inland waterways,,1-------,1101.0,
DE,2RO,Rodersheim,RP,1----6--,1201.0,4926N 00815E
DE,HJK,Roschbach,RP,1----6--,1001.0,4914N 00807E
DE,ROS,Rosenheim,BY,123-5---,9501.0,
DE,RSK,Rostock,MV,12345---,1101.0,5405N 01208E
DE,RDT,Rot an der Rot,BW,1-3-----,601.0,4800N 01001E
DE,RBF,Rotenburg an der Fulda,HE,123-----,601.0,5100N 00944E
DE,OHE,Rothensee,ST,1-3-----,1201.0,5211N 01140E
DE,RU7,Rudesheim,RP,1----6--,1201.0,4951N 00749E
DE,RUE,Rudesheim am Rhein,HE,123-----,907.0,4959N 00755E
DE,RDW,Rudow,BE,123-----,601.0,5225N 01329E
DE,RAR,Ruhstorf an der Rott,BY,1-3--6--,501.0,4826N 01320E
DE,RNT,Runthe,NW,123-----,601.0,5138N 00739E
DE,RUB,Rusbend,NI,1-3-----,601.0,5219N 00904E
DE,RUM,Russelsheim,HE,123-----,1207.0,4959N 00826E
DE,SCN,Saarbrucken,SL,12345---,9501.0,
DE,SAG,Saarburg,RP,123-----,9501.0,
DE,SAA,Saarlouis,SL,123-----,9501.0,
DE,SKS,Salbke,ST,1-3-----,1201.0,5205N 01140E
DE,SAR,Salzgitter,NI,123-----,207.0,5209N 01019E
DE,ZMU,Salzmunde,ST,1-3-----,1201.0,5132N 01150E
DE,SDE,"Sande, Friesland",NI,123-----,9501.0,
DE,SMA,Sankt Margarethen,SH,1-3-----,1101.0,5354N 00915E
DE,PSH,Sankt Peter-Ording,SH,123-----,1101.0,
DE,SAS,Sassnitz,MV,123-----,9501.0,
DE,SAU,Schacht-Audorf,SH,123-----,9501.0,
DE,SDI,Schalding,BY,123-----,601.0,4836N 01321E
DE,SH2,Schaprode,MV,1-3-----,2307.0,5431N 01310E
DE,S3B,Schechingen,BW,1-3-----,1401.0,4852N 00955E
DE,SEF,Schelldorf,ST,1-3-----,601.0,5228N 01159E
DE,SCV,Schleiden,NW,123-----,601.0,5031N 00628E
DE,SLS,Schleswig,SH,123-----,9501.0,
DE,SLQ,Schluettsiel,SH,1-------,2107.0,5441N 00845E
DE,MHA,Schmedehausen,NW,1-3-----,901.0,5206N 00743E
DE,SNR,Schnackenburg,NI,1-3-----,601.0,5302N 01134E
DE,OKE,Schonebeck,ST,123-----,701.0,5201N 01144E
DE,SFL,Schonfeld,SN,123-----,601.0,5118N 01342E
DE,SPD,Schopsdorf,ST,1-3-----,601.0,5214N 01213E
DE,SZ8,Schozach,BW,1----6--,1107.0,4904N 00912E
DE,CHL,Schulau,SH,123-----,901.0,5335N 00942E
DE,SPS,Schulper Neuensiel,SH,1-3-----,212.0,5416N 00856E
DE,UTT,Schuttertal,BW,1-3-----,701.0,4816N 00758E
DE,CWN,Schwaan,MV,1-3-----,1301.0,5357N 01207E
DE,SWF,Schwaigern,BW,123-----,701.0,4909N 00904E
DE,SWQ,Schwanfeld,BY,1-3-----,1301.0,4955N 01008E
DE,SWZ,Schwarzenbruck,BY,123--6--,901.0,4921N 01115E
DE,SDT,Schwedt,BB,123-----,1307.0,5304N 01416E
DE,SCW,Schweinfurt,BY,123-----,1607.0,5003N 01013E
DE,SGW,Schwelgern,NW,1-3-----,1201.0,5130N 00644E
DE,SWT,Schwentinental,SH,1----6--,907.0,5416N 01013E
DE,SRI,Schweringen,NI,1-3-----,307.0,5245N 00911E
DE,IEW,Schwielowsee,BB,123-----,1307.0,5220N 01258E
DE,B85,Schwindegg,BY,1-3-----,1401.0,4816N 01215E
DE,SXE,Seelbach,BW,1----6--,901.0,4819N 00757E
DE,SE8,Seeshaupt,BY,1----6--,1007.0,4750N 01118E
DE,KFT,Segnitz,BY,1-------,1501.0,4944N 00919E
DE,SEH,Sehestedt/Eider,SH,123-----,9501.0,
DE,SNE,Sehnde,NI,123-----,207.0,5219N 00956E
DE,YSF,Seifhennersdorf,SN,123-----,601.0,5056N 01436E
DE,DEE,Senden,NW,1-------,901.0,
DE,EHM,Senheim,RP,1-3-----,601.0,5005N 00712E
DE,SRA,Serrig,SL,123-----,701.0,4935N 00634E
DE,SQJ,Sesslach,BY,1-3-----,1301.0,5011N 01051E
DE,SEP,Sostrop,SH,123-----,901.0,
DE,SPE,Speyer,RP,123-----,9501.0,
DE,SPI,Spiekeroog,NI,1-3-----,212.0,5346N 00742E
DE,PYK,Spyck,NW,1-3-----,901.0,5148N 00608E
DE,STA,Stade,NI,123-----,307.0,5336N 00929E
DE,STS,Stader Sand,NI,1-3-----,212.0,5338N 00931E
DE,SL5,Stahlbrode,MV,1-------,1501.0,5414N 01317E
DE,SDD,"Steenodde, Amrum",SH,1-------,401.0,
DE,SN2,Stein,BY,1----6--,1007.0,4931N 01214E
DE,HSJ,Steinhorst,NI,1----6--,1201.0,5241N 01024E
DE,SWS,Steinwiesen,BY,1----6--,901.0,5018N 01128E
DE,SKN,Stephanskirchen,BY,123-----,601.0,4751N 01211E
DE,SRP,Stockhausen-Illfurth,RP,1----6--,901.0,5039N 00759E
DE,SOC,Stollhofen,BW,1-3-----,607.0,4845N 00802E
DE,SNP,Stolpe,MV,1-3-----,1201.0,5352N 01334E
DE,STL,Stralsund,MV,123-----,9501.0,
DE,STD,Strande,SH,1-3-----,9501.0,
DE,STB,Straubing,BY,123-----,9501.0,
DE,TLB,Strehla/Elbe,SN,1-3-----,901.0,5121N 01313E
DE,SUD,Suderstapel,SH,1-3-----,9501.0,
DE,UHF,Suhrendorf,MV,1-3-----,1201.0,5428N 01308E
DE,SLZ,Sulzbach-Laufen,BW,123-----,601.0,4856N 00951E
DE,ZB4,Sulzberg,BY,1-------,1107.0,4740N 01021E
DE,SNC,Sunching,BY,123-----,401.0,4853N 01221E
DE,TAR,Taben,RP,123-----,601.0,4933N 00635E
DE,TAE,Tangermunde,ST,123--6--,907.0,5233N 01157E
DE,TLT,Teltow,BB,123-----,1307.0,5224N 01316E
DE,TMM,Temmels,RP,123-----,701.0,4941N 00628E
DE,TCN,Teuchern,ST,1-------,1207.0,5107N 01201E
DE,TWZ,Thallwitz,SN,123-----,601.0,5126N 01240E
DE,THR,Thierhaupten,BY,1----6--,901.0,4834N 01055E
DE,TOY,Tholey,SL,1-------,901.0,
DE,RRT,Thornich,RP,1-------,901.0,
DE,THU,Thune,NI,1-3-----,601.0,5219N 01030E
DE,TGM,Thungersheim,BY,123-----,701.0,4952N 00950E
DE,TYN,Thurnau,BY,1-------,901.0,
DE,TSU,Tiessau,NI,1-3-----,601.0,5311N 01059E
DE,TCH,Toepchin,BE,1-------,901.0,
DE,TOE,Tonning,SH,1-------,9501.0,
DE,TMH,Torfmoorholle,BY,1-3-----,401.0,5006N 01149E
DE,TOS,Tossens,NI,1-3-----,307.0,5334N 00817E
DE,TRT,Traben-Trarbach,RP,123-----,9501.0,
DE,TRV,Travemunde,SH,123-----,9501.0,
DE,TBN,Trebbin,BB,123-----,1307.0,5213N 01313E
DE,TRH,Trechtingshausen,RP,123-----,601.0,5000N 00750E
DE,TKD,Treis-Karden,RP,123-----,701.0,5011N 00718E
DE,TRI,Trier,RP,123-5---,9501.0,
DE,TRF,Trochtelfingen,BW,1-3-----,901.0,
DE,UEB,Uberlingen,BW,123-----,9501.0,
DE,UH7,Udenheim,RP,1----6--,1201.0,4952N 00810E
DE,UCK,Ueckermunde,MV,123-----,212.0,5344N 01403E
DE,UEL,Uelzen,NI,123-----,207.0,5258N 01033E
DE,UES,Uesen,NI,123-----,601.0,5300N 00904E
DE,UET,Uetersen,SH,123-----,9501.0,
DE,ULM,Ulm,BW,123-----,307.0,4824N 01000E
DE,UPS,Upschort,NI,1-3-----,201.0,5328N 00744E
DE,GUZ,Urmitz,RP,123-----,607.0,5024N 00731E
DE,USD,Usedom,MV,1-3-----,2307.0,5352N 01355E
DE,VAR,Varel,NI,123-----,212.0,5324N 00808E
DE,VNA,Venhaus,NI,1-3-----,601.0,5221N 00727E
DE,VEN,Venne,NI,1-3-----,307.0,5224N 00810E
DE,VEJ,Vetschau,BB,123-----,1307.0,5147N 01405E
DE,VTZ,Vielitz,BB,1-3-----,1307.0,5256N 01300E
DE,VIU,Vienenburg,NI,1----6--,901.0,5157N 01034E
DE,VIW,Vierow,MV,1-------,901.0,5418N 01347E
DE,VRW,Viewrow,MV,1-------,2301.0,5407N 01335E
DE,VGF,Vilgertshofen,BY,1-3-----,1401.0,4757N 01055E
DE,VBS,Vilsbiburg,BY,123-----,501.0,4827N 01221E
DE,V44,Vinn,NW,1-3-----,1401.0,5126N 00638E
DE,VTT,Vitte (Hiddensee),MV,1-------,2301.0,5434N 01306E
DE,VOC,Vockfey,NI,1-3-----,601.0,5314N 01056E
DE,VRD,Voerde,NW,123-----,9601.0,
DE,VOL,Volkach,BY,123-----,601.0,4952N 01014E
DE,VOE,Volklingen,SL,123-----,9501.0,
DE,WAZ,Wabern,HE,123-----,601.0,5106N 00920E
DE,AHH,Walderbach,BY,1-------,901.0,
DE,WLE,Walheim,BW,123-----,601.0,4901N 00909E
DE,WLM,Walsum,NW,123-----,212.0,5132N 00642E
DE,WTP,Waltrop,NW,123-----,401.0,5138N 00724E
DE,WNL,Wandersleben,TH,123-----,601.0,5054N 01051E
DE,AGE,Wangerooge,NI,1-34----,307.0,5348N 00754E
DE,WKE,Wankendorf,SH,123-----,901.0,5407N 01012E
DE,ANE,Wanne-Eickel,NW,1-------,901.0,5132N 00710E
DE,WAR,Warnemunde,MV,123-----,907.0,5410N 01205E
DE,ERA,Watzerath,RP,123-----,901.0,5011N 00621E
DE,YWX,Waxweiler,RP,1-3-----,601.0,5006N 00622E
DE,WED,Wedel,SH,123-----,9501.0,
DE,WNT,Wedlenstedt,NI,1-3-----,901.0,5215N 01024W
DE,SWW,Wedtlenstedt,NI,1----6--,1201.0,5216N 01025E
DE,WEE,Weener,NI,123-----,307.0,5310N 00721E
DE,WGQ,Wehingen,BW,1----6--,1201.0,4809N 00848E
DE,WKK,Weikersheim,BW,123-----,701.0,4929N 00954E
DE,WWI,Weilerswist,NW,123-----,601.0,5046N 00650E
DE,IWN,Weinbergen,TH,1-------,901.0,
DE,ADT,Weinstadt,BW,123-----,607.0,4849N 00922E
DE,RRP,Weisenheim am Sand,RP,1----6--,1107.0,4931N 00814E
DE,BYW,Weissenbrunn,BY,1-------,901.0,
DE,WNG,Weissenburg in Bayern,BY,123--6--,601.0,4902N 01058E
DE,WNU,Weissenthurm,RP,123-----,601.0,5025N 00727E
DE,ITN,Weitnau,BY,123-----,901.0,4738N 01007E
DE,WMM,Wemmetsweiler,SL,123-----,601.0,4922N 00705E
DE,RIC,Werrich,NW,1-3-----,1201.0,5139N 00632E
DE,WTM,Wertheim,BW,123-----,9501.0,
DE,WES,Wesel,NW,123-----,207.0,5140N 00637E
DE,WAC,Westeraccumersiel,NI,1-3-----,307.0,5340N 00729E
DE,WE5,Wester-Ohrstedt,SH,1-3-----,1401.0,5431N 00911E
DE,TTR,Wettringen,RP,1-------,901.0,
DE,WEW,Wewelsfleth,SH,1-3-----,9501.0,
DE,WKZ,Wickrath,NW,1----6--,901.0,5108N 00625E
DE,WIK,Wiek,MV,1-3-----,9506.0,
DE,WIB,Wiesbaden,HE,1234----,9501.0,
DE,WIE,Wiesens,NI,1-3-----,307.0,5327N 00735E
DE,WVN,Wilhelmshaven,NI,1234----,307.0,5331N 00808E
DE,WB2,Willmersdorf,BB,1----6--,1307.0,5240N 01341E
DE,WIL,Wilster,SH,123-----,9501.0,
DE,WIM,Wimmer,NI,1-3-----,307.0,5220N 00826E
DE,WNH,Windheim,NW,123-----,601.0,5224N 00901E
DE,WWH,Windsbach,BY,1-------,901.0,4915N 01049E
DE,WNI,Winnweiler,RP,123--6--,601.0,4934N 00751E
DE,WHP,Wipperdorf,TH,1----6--,1407.0,5127N 01040E
DE,WIH,Wisch,SH,1-3-----,9501.0,
DE,WIF,Wischhafen,NI,1-3-----,307.0,5347N 00919E
DE,WIS,Wismar,MV,123-----,9501.0,
DE,69S,Wittdun,SH,1-3-----,2301.0,5438N 00824E
DE,WTG,Wittenberg,ST,123-----,9501.0,
DE,TNR,Wittenberge,BB,123-----,1307.0,5301N 01145E
DE,WTU,Wittichenau,SN,123-----,601.0,5123N 01415E
DE,WIT,Wittlage,NI,1-3-----,307.0,5219N 00822E
DE,OHL,Wohlenberg,MV,1-3-----,1201.0,5356N 01115E
DE,WOB,Wolfsburg,NI,123-----,307.0,5226N 01048E
DE,WOL,Wolgast,MV,123-----,9506.0,
DE,OLK,Wolkenstein,SN,123-----,601.0,5039N 01304E
DE,LZG,Wolzig,BB,1-3-----,1307.0,5216N 01350E
DE,WOR,Worms,RP,123-----,9501.0,
DE,WOG,Worringen,NW,123-----,601.0,5103N 00651E
DE,WOE,Worth am Rhein,RP,123-----,9501.0,
DE,WTA,Worth an der Donau,BY,1-3-----,601.0,4900N 01224E
DE,WRY,Wremen,NI,1-------,901.0,
DE,RZE,Wriezen,BB,1-3-----,1307.0,5243N 01408E
DE,WRI,Wrist,SH,123-----,607.0,5356N 00945E
DE,WUE,Wurzburg,BY,123-----,9501.0,
DE,WFA,Wutha-Farnroda,TH,1-------,901.0,
DE,WYK,Wyk auf Fohr,SH,1-3-----,9501.0,
DE,ZHA,Zahna,ST,123--6--,601.0,5155N 01247E
DE,ZIZ,Zaisenhausen,BW,1----6--,1201.0,4906N 00849E
DE,ZAI,Zaisertshofen,BY,1-------,901.0,
DE,ZRH,Zechlinerhutte,BB,1-3-----,1307.0,5309N 01253E
DE,ZHD,Zehdenick,BE,123-----,901.0,5258N 01319E
DE,ZH8,Zehren,SN,1-3-----,1201.0,5112N 01324E
DE,ZZL,Zellertal,RP,1-3-----,1401.0,4938N 00808E
DE,ZLT,Zeltingen-Rachtig,RP,1-3-----,9506.0,
DE,ZTH,Zeuthen,BB,123-----,1307.0,5221N 01338E
DE,ZIS,Zingst,MV,1-3-----,601.0,5426N 01241E
DE,ZIN,Zinnowitz,MV,123-----,507.0,5404N 01354E
DE,ZOR,Zorge,NI,1-3-----,901.0,
DE,ZZH,Zuzenhausen,BW,123-----,601.0,4917N 00849E
DE,AWI,Zwiefalten,BW,1-------,901.0,
DJ,DMJ,Damerjog,AR,1-3-----,2407.0,1129N 04311E
DJ,JIB,Djibouti,,1--45---,9601.0,
DJ,POD,Djibouti,DJ,123-----,1301.0,1135N 04308E
DJ,DCT,Doraleh Container Terminal,DJ,1-3-----,901.0,1136N 04396E
DK,AAL,Aalborg,,12345---,9606.0,
DK,ROR,Aalborg Portland Cementfabrikk,,1-------,9402.0,
DK,AAR,Aarhus,82,12345---,1301.0,5609N 01013E
DK,AAB,Abenra,83,1-3-----,1101.0,5502N 00926E
DK,KK4,Abybro,81,1-3-----,1401.0,5709N 00945E
DK,ARK,Aroskobing,,1-------,9402.0,
DK,AGO,Agerso,,1-------,9812.0,
DK,AGH,Agger Havn,,1-3-----,9606.0,
DK,ASH,Aggersund,,1-------,9402.0,
DK,AK3,Akirkeby,84,1-3-----,1401.0,5504N 01456E
DK,AGE,Allinge,,1-3-----,701.0,5516N 01448E
DK,ANH,Anholt,,1-------,9704.0,
DK,ARO,Aro,83,1-------,1301.0,5516N 00945E
DK,ARD,Arosund,,1-------,212.0,5515N 00943E
DK,ASA,Asaa,,1-3-----,307.0,5709N 01025E
DK,ASK,Asko,,1-------,9812.0,
DK,ASV,Asnasvarkets Havn,,1-------,9704.0,
DK,ASN,Assens,,12------,9606.0,
DK,AUB,Augustenborg,,1-------,9704.0,
DK,VRE,Avedore,,1-------,901.0,
DK,AVE,Avedorevarkets Havn,,1-------,9402.0,
DK,AVK,Avernak By,,1-------,212.0,5502N 01016E
DK,AVN,Avernakke Havn,83,1-------,1001.0,5518N 01047E
DK,BGO,Baago,,1-------,9812.0,
DK,BLU,Baelum,,1-3--6--,601.0,5649N 01006E
DK,BAG,Bagenkop,,1-------,9704.0,
DK,BLB,Ballebro,,1-------,9812.0,
DK,BAL,Ballen,,1-------,901.0,5549N 01039E
DK,BDX,Bandholm,,1-------,9704.0,
DK,BLA,Blavand,,1----6--,901.0,5533N 00808E
DK,BGZ,Bogense,,1-3-----,701.0,5534N 01005E
DK,BOG,Bogo By,,1-------,212.0,5456N 01203E
DK,BOS,Bojden,,1-3-----,701.0,5506N 01005E
DK,BBG,Bovlingbjerg,,1-3-----,601.0,5626N 00812E
DK,BRB,Brabrand,,1-------,9307.0,
DK,BRH,Branden Havn,,1-------,9704.0,
DK,DAN,Cementfabriken Dania,,1-------,9704.0,
DK,KON,Cementfabrikken Kongsdal Havn,,1-------,9704.0,
DK,OOT,Charlottenlund,,1-------,901.0,
DK,CSO,Christianso Havn,84,1-------,1207.0,5519N 01511E
DK,DN6,Dannemare,85,1-3-----,1401.0,5445N 01112E
DK,DAS,Dansk Salts Havn,,1-------,9402.0,
DK,DRA,Dragor,,1-------,8401.0,
DK,DYS,Dyssegard,,1----6--,1201.0,5544N 01232E
DK,EBT,Ebeltoft,,1-------,9506.0,
DK,EGN,Egense,,1-------,2.0,
DK,END,Egernsund,,1-3-----,9704.0,
DK,EDL,Endelave,,1-------,9704.0,
DK,ENS,Enstedvarket Havn,,1-------,212.0,5501N 00926E
DK,EBJ,Esbjerg,,1234----,9606.0,
DK,EK4,Eskilstrup,85,1-3-----,1401.0,5551N 01138E
DK,FAA,Faaborg,,1-------,8401.0,
DK,FAK,Fakse Ladeplads Havn,,1-------,9704.0,
DK,FGS,Feggesund,,1-------,9812.0,
DK,FEJ,Fejo,,1-------,9704.0,
DK,FMO,Femo,,1-------,9812.0,
DK,FER,Ferritslev,,1-3-----,601.0,5518N 01035E
DK,FRK,Fovling,83,1-3-----,1401.0,5527N 00857E
DK,FRC,Fredericia,,12--5---,9606.0,
DK,FDH,Frederikshavn,,12------,9606.0,
DK,FDS,Frederikssund,84,123-----,1301.0,5550N 01204E
DK,FDV,Frederiksvark,,12------,9606.0,
DK,FUH,Fur,,1-------,9704.0,
DK,FYH,Fynshav,,1-3-----,207.0,5458N 00958E
DK,GED,Gedser,,12------,8401.0,
DK,GTS,Glatved Strand,82,1-------,901.0,5618N 10519E
DK,GLY,Glyngore,,1-------,8401.0,
DK,GRA,Grasten,,1-------,9704.0,
DK,GRE,Grenaa,,123-----,9606.0,
DK,GDM,Gudhjem,,1-3-----,701.0,5513N 01458E
DK,GFH,Gulfhavn,,1-------,9704.0,
DK,HAD,Haderslev,,1-------,9704.0,
DK,HSU,Hadsund,81,1-3-----,1301.0,5643N 01006E
DK,HAS,Hals,,1-------,201.0,
DK,HHV,Hammerhavn,,1-------,901.0,5517N 01445E
DK,HAN,Hanstholm,,1-3-----,9704.0,
DK,HDH,Hardeshoj,,1-------,9812.0,
DK,HSL,Hasle,,1-------,9704.0,
DK,HNB,Havneby,,1-------,9704.0,
DK,HVN,Havnso,,1-------,9704.0,
DK,HEJ,Hejls,83,1-------,1401.0,5523N 00936E
DK,HVT,Hellebak,81,1-3-----,1301.0,5604N 01234E
DK,HLS,Helsingor,,12------,9606.0,
DK,HER,Herning,,1-------,8401.0,
DK,HIR,Hirtshals,,1-------,9704.0,
DK,HJT,Hjerting,,1-3-----,307.0,5531N 00822E
DK,HBO,Hobro,,1-------,9704.0,
DK,HJ3,Hojby,85,1-3-----,1401.0,5520N 01027E
DK,HBK,Holbak,,1-------,9704.0,
DK,HSB,Holstebro,,1-------,8401.0,
DK,HOR,Horsens,,1-------,9704.0,
DK,HOH,Hou Havn,,1-------,9704.0,
DK,HWO,Hov,,1-------,901.0,5555N 01015E
DK,HBA,Humlebak,,123-----,701.0,5558N 01231E
DK,HUN,Hundested,,123-----,9606.0,
DK,HVA,Hvalpsund,,1-------,9704.0,
DK,HVS,Hvide Sande,,1-3-----,607.0,5559N 00808E
DK,JEL,Jelling,83,1-------,1401.0,5545N 00926E
DK,JUE,Juelsminde,82,1-------,1301.0,5542N 01001E
DK,KAL,Kalundborg,,12------,9606.0,
DK,KAR,Karlslunde,85,1-3-----,1301.0,5534N 01213E
DK,KBK,Karrebaksminde,85,1-3-----,907.0,5511N 01140E
DK,KTP,Kastrup,,1-------,9704.0,
DK,KTD,Kerteminde,,1-------,9704.0,
DK,KT4,Kettinge,85,1-3-----,1401.0,5442N 01145E
DK,KLP,Kleppen,82,1-3-----,1301.0,5632N 00835E
DK,KBG,Klintebjerg,83,1-3-----,1001.0,5529N 01027E
DK,KLH,Klintholm Havn,85,1-------,1801.0,5757N 01228E
DK,KHV,Knudshoved,,1-------,407.0,
DK,CPH,Kobenhavn,84,12345---,1301.0,5540N 01235E
DK,KOG,Koge,,12------,9606.0,
DK,KOK,Kolby Kas,82,1-------,1301.0,5548N 01033E
DK,KOL,Kolding,,123-----,9606.0,
DK,KDM,Kollund Mole,,1-3-----,607.0,5420N 00927E
DK,KGL,Kongsdal Harbour,,1-------,901.0,5642N 01004E
DK,KRR,Korsor,,12------,9606.0,
DK,KRA,Kragenas,,1-------,9704.0,
DK,KVR,Kvarndrup,,1-------,9307.0,
DK,KBY,Kyndbyvaerkets Havn,,1-------,9704.0,
DK,LVG,Lemvig,,1-------,9704.0,
DK,LHH,Lindholm Havn,83,1-------,1001.0,5517N 01048E
DK,LIN,Lindo Havn,,1-------,9704.0,
DK,LGR,Logstor,,1-------,9704.0,
DK,LOH,Lohals,,1-------,9704.0,
DK,LUN,Lundeborg,83,1-3-----,1101.0,5508N 01047E
DK,LYO,Lyngs Odde Havn,,1-------,9704.0,
DK,MRB,Marbak Havn,,1-------,9704.0,
DK,MRR,Mariager,,123-----,701.0,5639N 01000E
DK,MRS,Marstal,,1-------,9704.0,
DK,MAS,Masnedo,,1-------,9704.0,
DK,MKH,Masnedovaerkets Havn/Vordingborg,85,1-3-----,1301.0,5458N 01153E
DK,MNS,Masnedsund,85,1-3-----,1301.0,5500N 01152E
DK,UNX,Masnedsund Godningshamn,85,1-------,1301.0,5500N 01155E
DK,MID,Middelfart,,12------,9606.0,
DK,MOM,Mommark,,1-------,9704.0,
DK,NUD,Nassund,,1-------,9812.0,
DK,NVD,Nastved,85,123--6--,1607.0,5514N 01146E
DK,NGB,Nagbol,,123-----,601.0,5527N 00917E
DK,NAK,Nakskov,,12------,9606.0,
DK,NEX,Nekso,,1-------,9704.0,
DK,NDB,"Nordby Havn, Fano",,1-------,9704.0,
DK,NHN,Nordhavn,84,1-------,1607.0,5542N 01236E
DK,VSV,Norjyllandsvarkets havn,,1-------,9704.0,
DK,NRE,Norre Aaby,,12------,9606.0,
DK,NSD,Norre Snede,,1-3-----,207.0,5557N 00923E
DK,NRS,Norresundby,,12------,9606.0,
DK,NBG,Nyborg,,12------,9606.0,
DK,NYB,Nyborg Lystbadehavn,83,1-------,1001.0,5518N 01047E
DK,NYF,Nykobing Falster,85,123-----,1301.0,5446N 01153E
DK,NYM,Nykobing Mors,81,1-3-----,1301.0,5647N 00851E
DK,N3S,Nykobing Sjaelland,85,1-3-----,1601.0,5555N 01140E
DK,NR4,Nyrup,85,1-3-----,1401.0,5536N 01140E
DK,NTD,Nysted,,1-------,9704.0,
DK,ODE,Odense,,1234----,9606.0,
DK,OMO,Omo,,1-------,9812.0,
DK,ORE,"Orehoved, Falster",,1-------,9704.0,
DK,ORO,Oro,,1-------,9812.0,
DK,RAN,Randers,,123-----,9606.0,
DK,ROF,Rodby,85,1-3-----,1301.0,5441N 01123E
DK,ROD,Rodbyhavn,85,123--6--,1301.0,5439N 01121E
DK,RDK,Rodekro,,123-----,601.0,5504N 00919E
DK,RDH,Rodvig Havn,85,1-------,1101.0,5515N 01222E
DK,RMO,Romo,83,1-3-----,1401.0,5508N 00831E
DK,RNN,Ronne,,1--4----,9704.0,
DK,RRV,Rorvig,,1-------,9704.0,
DK,RKE,Roskilde,,1234----,9606.0,
DK,RD4,Rude,85,1-3-----,1401.0,5600N 01014E
DK,RKB,Rudkobing,,1-------,9704.0,
DK,RYS,Ryslinge,83,1-------,1401.0,5515N 01033E
DK,SAE,Saby,,123-----,701.0,5720N 01032E
DK,SLV,Salvig Havn,,1-------,9704.0,
DK,KII,Saint Kilian,81,1-------,1401.0,
DK,SAX,Sakskobing,,1-------,9704.0,
DK,SD7,Sandved,85,1-3-----,1401.0,5516N 01132E
DK,SVG,Sandvig,,1-3-----,701.0,5517N 01447E
DK,SEO,Sejero,,1-------,9704.0,
DK,SLB,Silkeborg,,123-----,9606.0,
DK,SSK,Skalskor,,1-------,9704.0,
DK,SKA,Skagen,,12------,9606.0,
DK,SDO,Skaro/Drejo,,1-------,9812.0,
DK,SKV,Skive,,12------,9606.0,
DK,SK3,Skodsborg,84,1-3-----,1401.0,5549N 01234E
DK,SKH,Skovshoved,84,1-------,1807.0,5546N 01236E
DK,SNE,Snekkersten,,1-------,9704.0,
DK,SN2,Snertinge,85,1-3-----,1401.0,5504N 01155E
DK,SOB,Soby Havn,,1-------,9704.0,
DK,SL2,Sollested,83,1-3-----,1401.0,5518N 01003E
DK,SGD,Sonderborg,83,1234----,1301.0,5454N 00947E
DK,SPB,Spodsbjerg Havn,,1-------,9704.0,
DK,SVV,Stalvalsevarket,,1-------,9704.0,
DK,STT,Statoil-Havnen,,1-------,9606.0,
DK,STA,Stavning,,1--4----,207.0,5558N 00823E
DK,STE,Stege,,1-------,9704.0,
DK,SN7,Stensved,85,1-3-----,1401.0,5500N 01202E
DK,STP,Stevns Pier,85,1-------,901.0,5519N 01227E
DK,STG,Stignasvarkets Havn,,1-------,9704.0,
DK,STN,Stigsnas,,1-------,9812.0,
DK,SIT,Stigsnaes Inter Terminal,85,1-------,1107.0,5512N 01114E
DK,SF2,Store Fuglede,85,1-3-----,1401.0,5535N 01115E
DK,SH6,Store Heddinge,85,1-3-----,1401.0,5519N 01225E
DK,SM6,Store Merlose,85,1-3-----,1401.0,5533N 01143E
DK,STB,Strib Havn,,1-------,9704.0,
DK,SB2,Stroby,85,1-3-----,1401.0,5523N 01218E
DK,STR,Struer,,12------,9606.0,
DK,SNO,Stryno,,1-------,9812.0,
DK,SBK,Stubbekobing,85,1-------,1301.0,5453N 01203E
DK,SSV,Studstrupvarkets Havn,,1-------,9704.0,
DK,EOT,Styrtom,,1-------,1201.0,5501N 00926E
DK,SNY,Sundby/Mors,81,1-3-----,1301.0,5652N 00840E
DK,SUE,Sundsore,,1-------,9812.0,
DK,SVA,Svaneke,,1-3-----,701.0,5508N 01509E
DK,SVE,Svendborg,,12------,9606.0,
DK,SDA,Sydals,,1-3--6--,607.0,5454N 00953E
DK,TRS,Tars,,1-------,9704.0,
DK,TED,Thisted,,12-4----,9606.0,
DK,TKB,Tikob,84,1-3-----,1401.0,5601N 01228E
DK,TJL,Tjele,82,1-------,1607.0,5630N 00936E
DK,TB4,Toreby,85,1-3-----,1401.0,5445N 01148E
DK,TRG,Torrig,85,1-3-----,1401.0,5454N 01120E
DK,TMD,Torsminde,82,1-3-----,1301.0,5622N 00807E
DK,TRO,Troense,83,1-------,1307.0,5502N 01039E
DK,TUB,Tuborg,,12------,9606.0,
DK,TN3,Tune,85,1-3-----,1401.0,5536N 01211E
DK,TNO,Tuno,,1-------,9812.0,
DK,TYB,Tyboron,,12------,9606.0,
DK,VG4,Vaggerlose,85,1-3-----,1401.0,5442N 01156E
DK,VAE,Vallensbak,84,123-----,1301.0,5538N 01221E
DK,VNG,Vang Havn,,1-------,9704.0,
DK,VB2,Vejby,84,1-3-----,1401.0,5604N 01209E
DK,VEJ,Vejle,,12------,9606.0,
DK,VK7,Vekso,84,1-3-----,1401.0,5545N 01215E
DK,VM2,Vemmelev,85,1-3-----,1401.0,5522N 01116E
DK,VEN,Veno Havn,,1-------,9704.0,
DK,VT2,Vesterborg,85,1-3-----,1401.0,5451N 01117E
DK,VES,"Vestero Havn, Laso",,1-------,9704.0,
DK,VOR,Vordingborg,85,12------,1301.0,5500N 01154E
DK,VBN,Vordingborg Nordhavnen,85,1-------,1301.0,5500N 01155E
DK,VBS,Vordingborg Sydhavnen,85,1-------,1301.0,5459N 01153E
DM,ADM,Anse du Mai,,1-------,212.0,1536N 06123W
DM,BEL,Belfast,,1-------,307.0,
DM,POR,Portsmouth,,1-3-----,701.0,1534N 06127W
DM,RSU,Roseau,,1-------,9401.0,
DO,AZU,Azua,02,1-3--6--,307.0,1827N 07044W
DO,BAN,Bani,,1-3-----,701.0,1817N 07020W
DO,BRX,Barahona,,1--4----,9601.0,
DO,BQL,Barcequillo,21,1-------,1401.0,1826N 07002W
DO,BAV,Bavaro,18,1-------,1501.0,1843S 06827W
DO,BCC,Boca Chica,,1-------,9401.0,
DO,CBJ,Cabo Rojo,,1--4----,9401.0,
DO,CDC,Casa de Campo,12,1-------,1401.0,1824N 06854W
DO,CAI,Catalina Island,12,1-------,1401.0,1822N 06900W
DO,CAU,Caucedo,01,1-3--6--,401.0,1825N 06938W
DO,CAL,Cayo Levantado,20,1-------,1401.0,1912N 06919W
DO,INA,Haina,,1-------,1201.0,1825N 06959W
DO,HIG,Higuey,21,1-------,1401.0,1827N 07016W
DO,LRM,La Romana,,1-------,9601.0,
DO,MAN,Manzanillo,,123-----,701.0,1942N 07145W
DO,OCO,Ocoa Bay,,1-------,1201.0,1837N 07065W
DO,PDR,Pedernales,,1-------,9401.0,
DO,PUO,Puerto Libertador,,1-------,8103.0,
DO,PAL,Puerto Palenque,,1-3-----,701.0,1814N 07009W
DO,POP,Puerto Plata,,1-------,9601.0,
DO,PVA,Puerto Viejo de Azua,,1-------,212.0,1820N 07050W
DO,HAI,Rio Haina,,1-------,8103.0,
DO,SNX,Sabana de la Mar,,1--4----,212.0,1904N 06923W
DO,SFN,San Francisco de Macoris,,1-------,212.0,1918N 07015W
DO,SPM,San Pedro de Macoris,,1-------,212.0,1827N 06918W
DO,SNZ,Sanchez,,123-----,701.0,1914N 06937W
DO,STI,Santiago de los Caballeros,,1-3-----,9805.0,
DO,SDQ,Santo Domingo,01,1-345---,307.0,1828N 06954W
DO,VAL,Villa Altagracia,21,1-3-----,407.0,1840N 07010W
DZ,ALG,Alger (Algiers),16,123456--,1101.0,3645N 00303E
DZ,AAE,Annaba (ex Bone),,1--4----,9601.0,
DZ,AZW,Arzew,,123-----,701.0,3552N 00019W
DZ,BJA,Bejaia (ex Bougie),,1--4----,9601.0,
DZ,BSF,Benisaf,,1-------,201.0,3517N 00123W
DZ,BHA,Bethioua,31,1-------,1201.0,3548N 00016W
DZ,BTA,Bethoula,,1-------,201.0,
DZ,BIU,Bouinane,09,1-3-----,901.0,
DZ,CHE,Cherchell,,1-3-----,701.0,3636N 00212E
DZ,COL,Collo,,1-3-----,701.0,3701N 00633E
DZ,DEL,Dellys,,1-3-----,701.0,3655N 00353E
DZ,DJE,Djen-Djen,,1-------,201.0,
DZ,GHA,Ghardaia,,1-34----,401.0,3229N 00340E
DZ,GHZ,Ghazaouet,13,123-----,407.0,3506N 00151W
DZ,DJI,Jijel (ex Djidjelli),,1-------,701.0,
DZ,KHE,Kherrata,,1-3-----,601.0,3629N 00516E
DZ,MOS,Mostaganem,,1-------,701.0,
DZ,ORN,Oran,,1--4----,9601.0,
DZ,2ON,Oran Dry Port,31,1----6--,1701.0,3541N 00038W
DZ,ROU,Rouiba,16,1----6--,901.0,3644N 00317E
DZ,SKI,Skikda (ex Philippeville),,1--4----,9601.0,
DZ,TBS,Tebessa,12,1----6--,1001.0,3524N 00807E
DZ,TEN,Tenes,,1-------,212.0,3631N 00119E
DZ,TLM,Tlemcen,13,1234-6--,407.0,3452N 00118W
EC,BHA,Bahia de Caraquez,M,1--4----,212.0,0033S 08030W
EC,EBL,Balao,,1-------,9601.0,
EC,BLI,Bartolome Island,W,1-------,901.0,0017S 09033W
EC,CAT,Caleta Tagus,W,1-------,1101.0,0015S 09122W
EC,OCC,Coca,N,1-34-6--,901.0,0029S 07658W
EC,DUN,Duran,G,1-------,1101.0,0212S 07950W
EC,ESM,Esmeraldas,E,1--4----,1101.0,0059N 07942W
EC,ESP,Espanola Island,W,1-------,901.0,0123S 08941W
EC,FLO,Floreana Island,W,1-------,901.0,0118S 09026W
EC,GYE,Guayaquil,G,1--45---,1207.0,0210S 07954W
EC,GUA,Guayas,G,1----6--,901.0,0058S 07933W
EC,LLD,La Libertad,G,1-------,1101.0,0214S 08054W
EC,LPT,La Puntilla,,1-3--6--,607.0,0209S 07952W
EC,MEC,Manta,M,1--4----,1101.0,0057S 08044W
EC,CAR,Pedro Carbo,,1-3-----,601.0,
EC,PSJ,Posorja,G,1-3--6--,2001.0,0242S 08015W
EC,AYO,"Puerto Ayora, Isla Santa Cruz",W,1-------,501.0,0045S 09019W
EC,PBG,Puerto Balao Grande,G,1-------,1301.0,0254S 07950W
EC,BAQ,Puerto Baquerizo Moreno,W,1-------,212.0,0054S 08936W
EC,PBO,Puerto Bolivar,O,1-------,212.0,0316S 07959W
EC,PEG,Puerto Egas,W,1-------,1101.0,0014S 09051W
EC,PEV,Puerto Nuevo,,1----6--,1001.0,0213S 07955W
EC,VIL,"Puerto Villamil, Isla Isabela",W,1-------,1101.0,0056S 09101W
EC,PUN,Puna,G,1-3-----,1101.0,0244S 07955W
EC,RAB,Rabida Island,W,1-------,901.0,0025S 09042W
EC,SNC,Salinas,G,1-------,1101.0,0213S 08058W
EC,SLR,San Lorenzo,E,1-------,1101.0,0115N 07850W
EC,SYM,Seymour,W,1-------,501.0,0025S 09017W
EC,TEP,Tepre,,1-------,9501.0,
EC,ZTL,Zapotal,G,1----6--,901.0,0219S 08032W
EE,ABJ,Abaja Sadam,74,1-------,1801.0,5822N 02201E
EE,ABR,Abruka,74,1-------,1301.0,5810N 02232E
EE,ADV,Admirali Vaikesadam,68,1-------,1407.0,5832N 02341E
EE,AEN,Aegna,37,1-------,1007.0,5934N 02445E
EE,AHO,Ahoi Joesadam,74,1-------,1801.0,5813N 02222E
EE,AKS,Alajoe Kalasadam,45,1-------,1007.0,5900N 02726E
EE,ASE,Aseri,45,1-3-----,1301.0,5927N 02652E
EE,ASV,Aseri Vaikesadam,60,1-------,2007.0,5927N 02652E
EE,ATL,Atla,74,1-------,1007.0,5818N 02154E
EE,BEK,Bekkeri,37,1------B,1201.0,5927N 02439E
EE,DIR,Dirhami,56,1------B,1201.0,5913N 02330E
EE,EIS,Eisma,60,1-------,1501.0,5934N 02618E
EE,HAA,Haapsalu,56,123-----,1301.0,5856N 02332E
EE,HVV,Haapsalu Veskiviigi,56,1-------,1201.0,5858N 02332E
EE,HLD,Haldi,39,1-------,1401.0,5848N 02227E
EE,HRS,Hara Sadam,37,1-------,1607.0,5935N 02537E
EE,HRA,Hara Sadam,56,1-------,1607.0,5905N 02332E
EE,HLT,Heltermaa,39,1------B,1201.0,5852N 02303E
EE,HII,Hiiessaare,39,1-------,1301.0,5900N 02251E
EE,HUN,Hundipea,37,1-------,1007.0,5928N 02443E
EE,JGP,Jaagupi,68,1-------,1301.0,5802N 02428E
EE,JAP,Japsi Kalasadam,68,1-------,2101.0,5823N 02429E
EE,JEP,Joe Paadisadam,79,1-------,1601.0,5822N 02644E
EE,JKR,Joekaaru,45,1-------,1007.0,5859N 02711E
EE,JHT,Juheta,68,1-------,1007.0,5823N 02417E
EE,KVI,Kaavi Paadisadam,74,1-------,1707.0,5759N 02212E
EE,KBN,Kaberneeme Sadam,37,1-------,1407.0,5931N 02517E
EE,KAK,Kakumae,37,1-------,1007.0,5927N 02436E
EE,KAL,Kalana,39,1-------,1301.0,5855N 02203E
EE,KAS,Kalasadam,37,1-------,1007.0,5927N 02445E
EE,KLD,Kaldu,74,1-------,1601.0,5827N 02316E
EE,KJK,Kalevi Jahtklubi,37,1-------,1201.0,5928N 02450E
EE,KLE,Kallaste,74,1-3-----,1301.0,5839N 02316E
EE,KLL,Kallaste,79,1-3-----,1301.0,5839N 02709E
EE,KLR,Kallaste Rannasadam,79,1-------,1007.0,5840N 02710E
EE,KAM,Kalmakula Sadam,45,1-------,1607.0,5853N 02658E
EE,KDL,Kardla,39,1--4----,1307.0,5900N 02245E
EE,KPA,Karepa Sadam,60,1-------,1701.0,5933N 02625E
EE,KAP,Karlova Paadisadam,79,1-------,1501.0,5822N 02645E
EE,KSA,Karsa,74,1-------,1201.0,5815N 02244E
EE,KKS,Kassari Sadam,39,1-------,1801.0,5846N 02250E
EE,KSN,Kastna,68,1-------,1007.0,5820N 02355E
EE,KSP,Kaunispe,74,1-------,1007.0,5803N 02204E
EE,KVR,Kavaru,68,1-------,1301.0,5816N 02410E
EE,KLN,Kelnase,37,1-------,1107.0,5938N 02501E
EE,KEL,Kelvingi,37,1-------,1201.0,5933N 02450E
EE,KEJ,Kesse-Jaani,74,1-------,1407.0,5838N 02327E
EE,KHN,Kihnu,68,1-------,1201.0,5808N 02401E
EE,KII,Kiideva,56,1-------,2001.0,5846N 02332E
EE,KGV,Koguva,74,1-------,1201.0,5836N 02304E
EE,KGS,Koiguste,74,1-------,1407.0,5822N 02258E
EE,KLK,Koljunuki,37,1-------,1407.0,5930N 02505E
EE,KOL,Kolkja,79,1-------,1501.0,5833N 02713E
EE,KRG,Korgessaare,39,1-------,1301.0,5858N 02228E
EE,KDR,Kudrukula Sadam,45,1-------,1701.0,5927N 02905E
EE,KUI,Kuivastu,74,1------B,1201.0,5834N 02323E
EE,KND,Kunda,60,1------B,1201.0,5931N 02632E
EE,KNG,Kungla,74,1-------,1301.0,5821N 02257E
EE,URE,Kuressaare,74,1-34----,701.0,5815N 02230E
EE,KUR,Kuressaare sadam,74,1------B,1201.0,5815N 02228E
EE,KKE,Kurkse,37,1-------,1301.0,5916N 02401E
EE,LKS,Laaksaare,79,1-------,1007.0,5820N 02725E
EE,LAN,Laane,68,1-------,1407.0,5832N 02341E
EE,LAT,Laatsa,74,1-------,1007.0,5808N 02215E
EE,LHS,Lahesuu,37,1-3----B,1201.0,5927N 02442E
EE,LAO,Lao,68,1-------,1007.0,5814N 02407E
EE,LAU,Lautri,39,1-------,1401.0,5855N 02205E
EE,LHT,Lehtma,39,1------B,1201.0,5904N 02242E
EE,LHK,Lehtma Kalurisadam,39,1-------,1607.0,5904N 02242E
EE,LEN,Lennusadam,37,1-------,1201.0,5927N 02444E
EE,LEP,Leppneeme,37,1-3-----,1301.0,5932N 02451E
EE,LPN,Leppneeme Kalasadam,37,1-------,1201.0,5933N 02452E
EE,LIN,Lindi,68,1-------,601.0,5820N 02417E
EE,LIU,Liu,68,1-------,1007.0,5817N 02416E
EE,LSL,Lohusalu,37,1------B,1201.0,5924N 02413E
EE,LSA,Loksa,37,1------B,1201.0,5935N 02542E
EE,LMA,Lomala,74,1-------,1201.0,5810N 02207E
EE,LPS,Lopesuu,74,1-------,1601.0,5829N 02316E
EE,LNR,Lounaranna,74,1-------,1201.0,5832N 02319E
EE,LUI,Luige Vaikesadam,56,1-------,1407.0,5852N 02329E
EE,MAH,Mahu Sadam,60,1-------,1901.0,5931N 02343E
EE,MAN,Manilaiu,68,1-------,1201.0,5913N 02408E
EE,MNI,Manni,68,1-------,1201.0,5831N 02340E
EE,MRS,Meeruse,37,1------B,1201.0,5927N 02440E
EE,MEH,Mehikoorma Sadam,79,1-------,1607.0,5814N 02729E
EE,MRL,Merelaiu,68,1-------,1007.0,5818N 02401E
EE,MIH,Mihkli Sadam,50,1-------,1701.0,5847N 02659E
EE,MDR,Miiduranna,37,1------B,1201.0,5930N 02449E
EE,MNT,Montu,74,1------B,1201.0,5757N 02208E
EE,MNV,Montu Vaikelaevade Sadam,74,1-------,1601.0,5757N 02207E
EE,MUN,Munalaiu,68,1-------,1201.0,5814N 02407E
EE,MUR,Muratsi Sadam,74,1-------,1607.0,5814N 02235E
EE,MTV,Mustvee,50,1-------,1007.0,5851N 02657E
EE,MUG,Muuga,37,1------B,1201.0,5930N 02458E
EE,NAI,Naissaare,37,1------B,1201.0,5933N 02433E
EE,NST,Naistlaiu Sadam,39,1-------,1607.0,5849N 02302E
EE,KUG,Narva Kulgu Sadam,45,1-------,2101.0,5921N 02810E
EE,JOS,Narva Linnasadam,45,1-------,2101.0,5923N 02812E
EE,NJS,Narva-Joesuu Sadam,45,1-------,1607.0,5928N 02803E
EE,NAS,Nasva,74,1------B,1201.0,5813N 02224E
EE,NJD,Nasva Joesadam,74,1-------,1607.0,5814N 02223E
EE,NME,Neeme,37,1-------,1401.0,5932N 02510E
EE,NOB,Noblessneri,37,1-------,1401.0,5927N 02444E
EE,NVA,Nova Sadam,56,1-------,1607.0,5915N 02340E
EE,NRM,Nurme,37,1-------,1007.0,5935N 02447E
EE,OIU,Oiu,84,1-------,1201.0,5824N 02559E
EE,OMR,Omedu Rand,50,1-------,1007.0,5847N 02659E
EE,ORI,Orissaare,74,1-------,1101.0,5834N 02306E
EE,ORJ,Orjaku,39,1-------,1007.0,5847N 02246E
EE,OSM,Osmussaare Sadam,56,1-------,1701.0,5917N 02325E
EE,OST,Osterby,56,1-------,1107.0,5859N 02331E
EE,OTI,Oti,37,1-------,1007.0,5934N 02448E
EE,OTS,Otsa,79,1-------,1007.0,5839N 02710E
EE,PAA,Paatsalu,68,1-------,1407.0,5831N 02341E
EE,PSM,Pae Sadam,74,1-------,1601.0,5829N 02316E
EE,PLS,Paldiski Lounasadam,37,1------B,1201.0,5920N 02405E
EE,PLN,Paldiski Pohjasadam,37,1------B,1201.0,5921N 02403E
EE,PAS,Paljassaare,37,1------B,1201.0,5927N 02442E
EE,PAP,Papissaare Sadam,74,1-------,1701.0,5822N 02159E
EE,PRN,Parnu,68,1------B,1207.0,5823N 02430E
EE,PRV,Parnu Sadama Vaikesadam,68,1-------,1407.0,5823N 02429E
EE,PSV,Paslepa-Viigi Sadam,56,1-------,1607.0,5901N 02326E
EE,PAR,Patareisadam,37,1-3----B,1201.0,5927N 02445E
EE,PRI,Peerni,68,1-------,1007.0,5815N 02408E
EE,PHL,Pihelgalaiu,68,1-------,1601.0,5827N 02340E
EE,PRE,Piirissaare Sadam,79,1-------,1601.0,5823N 02731E
EE,PVS,Piirivalvesadam,37,1-------,1007.0,5927N 02440E
EE,PIR,Pirita,37,1------B,601.0,5928N 02449E
EE,PRL,Prangli Lounasadam,37,1-------,1601.0,5937N 02500E
EE,PUR,Purtse,45,1-3-----,1301.0,5925N 02700E
EE,PRJ,Purtse Jahisadam,45,1-------,1407.0,5926N 02659E
EE,PRK,Purtse Kalasadam,45,1-------,1601.0,5926N 02659E
EE,PUS,Pusi,79,1-------,1301.0,5838N 02709E
EE,RAJ,Raja,50,1-------,1007.0,5850N 02657E
EE,RLB,Ralby Sadam,56,1-------,1601.0,5902N 02317E
EE,RNM,Rannametsa,68,1-------,1007.0,5807N 02429E
EE,RPI,Rapina,64,1-------,1007.0,5808N 02732E
EE,RBS,Rebase Paadisadam,79,1-------,1301.0,5822N 02645E
EE,RVS,Remniku Vanasadam,45,1-------,1201.0,5901N 02733E
EE,RNG,Ringsu,74,1-3----B,1201.0,5747N 02316E
EE,RST,Ristna,37,1-3-----,1301.0,5916N 02344E
EE,RJS,Ristna Jahisadam,39,1-------,1201.0,5855N 02204E
EE,RLS,Ristna Lounasadam,39,1-------,1201.0,5855N 02204E
EE,RHK,Rohukula,56,1------B,1201.0,5854N 02326E
EE,RON,Rohuneeme,37,1-3-----,1201.0,5934N 02448E
EE,RNV,Rohuneeme Vaikesadam,37,1-------,1301.0,5934N 02448E
EE,RGR,Roograhu,39,1-------,1301.0,5900N 02249E
EE,RMS,Roomassaare,74,1------B,1207.0,5813N 02230E
EE,ROO,Roopa,74,1-------,1007.0,5816N 02152E
EE,RUV,Ruhve,74,1-------,1407.0,5823N 02302E
EE,SGS,Saaga Sadam,79,1-------,1607.0,5823N 02659E
EE,SMA,Saaremaa sadam,74,1-3----B,1201.0,5832N 02214E
EE,SRA,Saarepera,64,1-------,1007.0,5810N 02730E
EE,SVS,Saastna Vanasadam,56,1-------,1201.0,5844N 02334E
EE,SLN,Salinomme,39,1-------,1301.0,5850N 02257E
EE,SNK,Salinomme Kalasadam,39,1-------,1301.0,5850N 02257E
EE,SNP,Salinomme Paadisadam,39,1-------,1601.0,5859N 02257E
EE,SLE,Salme Joesadam,74,1-------,1107.0,5810N 02215E
EE,SAM,Salmistu,74,1-------,1007.0,5930N 02522E
EE,SAS,Sassukvere,50,1-------,1007.0,5843N 02708E
EE,SIG,Sigatsuaru Vaikesadam,68,1-------,1601.0,5809N 02400E
EE,SLM,Sillamae,45,123----B,1201.0,5925N 02744E
EE,SOE,Soela,74,1-------,1007.0,5837N 02236E
EE,SSO,Soo,50,1-------,1007.0,5843N 02707E
EE,SRU,Soru,39,1------B,1201.0,5842N 02232E
EE,SRV,Soru Vaikelaevasadam,39,1-------,1501.0,5842N 02231E
EE,SUA,Suaru,68,1-------,1601.0,5808N 02401E
EE,SUK,Suaru Kalasadam,68,1-------,1801.0,5808N 02400E
EE,SHL,Suur-Holmi,56,1-------,1007.0,5858N 02332E
EE,SUL,Suur-Lootsi,45,1-------,1501.0,5928N 02803E
EE,SUR,Suurpea,37,1-------,1407.0,5938N 02541E
EE,SUS,Suursadam,39,1-------,1301.0,5858N 02255E
EE,SVI,Sviby,56,1-------,1201.0,5858N 02319E
EE,TAL,Taaliku Sadam,74,1-------,1607.0,5836N 02259E
EE,TLL,Tallinn,37,12345---,2007.0,5926N 02444E
EE,TLV,Talvesadam,68,1-------,1401.0,5823N 02430E
EE,TMN,Tammneeme Sadam,37,1-------,1801.0,5931N 02453E
EE,TPL,Tapurla,37,1-3-----,1301.0,5936N 02534E
EE,TMA,Tarkma,39,1-------,1201.0,5841N 02236E
EE,TRV,Tarvastu,84,1-------,1601.0,5815N 02558E
EE,TIL,Tilgu,37,1-------,1107.0,5927N 02429E
EE,TOI,Toila,45,1-3-----,1201.0,5926N 02732E
EE,TJS,Tori Joesadam,74,1-------,1801.0,5815N 02228E
EE,TRE,Treimani,68,1-------,1007.0,5755N 02423E
EE,TGI,Triigi,74,1-------,1201.0,5836N 02243E
EE,TLT,Tuletorni,39,1-------,1007.0,5847N 02246E
EE,TJA,Turja Sadam,74,1-------,1607.0,5820N 02256E
EE,TRU,Turusadam,79,1-------,1607.0,5822N 02644E
EE,UIS,Uisusadam,74,1-------,2007.0,5833N 02305E
EE,URG,Urgoru Paadisadam,79,1-------,1801.0,5822N 02659E
EE,VPA,Vahtrepa Sadam,39,1-------,1901.0,5853N 02301E
EE,VTR,Vaike-Turu,79,1-------,1007.0,5823N 02644E
EE,VLR,Valmeranna,74,1-------,1601.0,5830N 02314E
EE,VAN,Vanasadam,37,1------B,1201.0,5927N 02446E
EE,VSG,Vana-Sauga Sadam,68,1-------,1607.0,5823N 02429E
EE,VRI,Varati,68,1-------,1007.0,5819N 02359E
EE,VPS,Varbla Puhkekula,68,1-------,1501.0,5826N 02341E
EE,VRS,Varese Sadam,74,1-------,1501.0,5835N 02224E
EE,VNJ,Varnja Sadam,79,1-------,1607.0,5829N 02715E
EE,VRA,Varska Sadam,87,1-------,2101.0,5757N 02737E
EE,VAR,Varssu,39,1-------,1407.0,5856N 02257E
EE,VNA,Vasknarva,45,1-3-----,701.0,5900N 02744E
EE,VVN,Vasknarva Paadisadam,45,1-------,1301.0,5900N 02744E
EE,VUS,Vasknarva Uussadam,45,1-------,1201.0,5901N 02744E
EE,VEE,Veere,74,1------B,1201.0,5828N 02203E
EE,VVM,Veere Vanasadam,74,1-------,1407.0,5828N 02203E
EE,VEB,Vene-Balti,37,1-3----B,1201.0,5927N 02439E
EE,VER,Vergi,60,1-------,1407.0,5836N 02606E
EE,VIN,Viinistu Sadam,37,1-------,1801.0,5939N 02545E
EE,VIK,Vikati Sadam,74,1-------,1701.0,5822N 02152E
EE,VIR,Virtsu,56,1------B,1201.0,5835N 02331E
EE,VIS,Virtsu Kalasadam,56,1-------,1201.0,5835N 02331E
EE,VVS,Virtsu Vanasadam,56,1-------,1201.0,5835N 02334E
EE,VDU,Voidu,68,1-------,1201.0,5819N 02401E
EE,VOI,Voiste,68,1-------,1101.0,5813N 02428E
EE,VOP,Voopsu,64,1-------,1007.0,5805N 02733E
EE,VOK,Voopsu Kulasadam,87,1-------,2101.0,5804N 02733E
EE,VRK,Vorkaia,74,1-------,1107.0,5841N 02312E
EE,VOS,Vosu,60,1-------,1501.0,5935N 02558E
EE,WST,Westmeri,56,1-------,1101.0,5858N 02331E
EE,WJS,Westmeri Jahisadam,56,1-------,1107.0,5858N 02332E
EG,AGN,Abu Ghosoun,,1-3-----,2301.0,2427N 03512E
EG,AKI,Abu Kir,,1-------,9506.0,
EG,AUE,Abu Rudeis,,1--4----,9506.0,
EG,AZA,Abu Zenimah,JS,1-------,212.0,2903N 03306E
EG,AIS,Ain Sukhna,,1-------,9506.0,
EG,ADA,Al Adabiyah,,123-----,701.0,2952N 03228E
EG,AQU,Al Qusayr,BA,1-3-----,401.0,2606N 03417E
EG,SUZ,As Suways (Suez),SUZ,1-3-----,1101.0,2958N 03231E
EG,BGB,Atakka Dry Port,SUZ,1-------,1501.0,3206N 03300E
EG,DOM,Dome Marina,SUZ,1-3-----,2301.0,2926N 03229E
EG,DAM,Dumyat (Damietta),,1234----,1401.0,3125N 03149E
EG,EDK,El Dekheila,,1-------,9506.0,
EG,ALY,El Iskandariya (Alexandria),ALX,1--45---,1601.0,3111N 02955E
EG,TOR,El Tor,SIN,1-------,1607.0,2814N 03337E
EG,GUA,El-Guna (El Gouna),BA,1-3-----,1401.0,2723N 03340E
EG,GAL,Galala Marina,SUZ,1-3-----,2301.0,2928N 03226E
EG,GEI,Geisum Terminal,,1-------,9506.0,
EG,HAM,Hamrawein,,1-------,9506.0,
EG,HRG,Hurghada,,1-------,9601.0,
EG,IKU,Idku,,123-----,2101.0,3118N 03018E
EG,EPP,Marsa Egyptian Propylene & Polypropylene,PTS,1-3-----,2301.0,3118N 03209E
EG,OPT,Marsa Oriental Petrochemicals,SUZ,1-3-----,2301.0,2941N 03221E
EG,MAH,Mersa El Hamra,,1-------,9506.0,
EG,NUW,Nuwaiba,JS,1-------,212.0,2858N 03439E
EG,GLB,Port Ghalib,BA,1-3-----,2301.0,2532N 03438E
EG,PIB,Port Ibrahim,,1-------,8103.0,
EG,PSD,Port Said,,1--4----,9601.0,
EG,PSE,Port Said East,SUZ,123--6--,1307.0,3113N 03221E
EG,PTK,Port Tewfik,,1-------,8103.0,
EG,MEA,Porto Marina El Alamein,MT,1-3-----,2301.0,3049N 02859E
EG,RAB,Ras Budran,,1-------,907.0,2856N 03307E
EG,RAG,Ras Gharib,,1-------,8103.0,
EG,RSH,Ras Shukheir,,1-------,8103.0,
EG,RSU,Ras Sudr,,1-------,1001.0,2936N 03240E
EG,SGA,Safaga,,1-------,8103.0,
EG,SSH,Sharm ash Shaykh,JS,1--4----,212.0,2752N 03417E
EG,SOK,Sokhna Port,,1-------,212.0,2939N 03221E
EG,SBY,Soma Bay Marina,BA,1-3-----,2301.0,2651N 03359E
EG,SIN,South Sinai (Ganoub Sinai),SUZ,1----6--,1007.0,2952N 03360E
EG,WAF,Wadi Feiran,,1-------,8103.0,
EH,EAI,Ejbei Uad el Aabd,,1-3-----,307.0,2709N 01312W
ER,ASA,Assab,DK,1-34----,1307.0,1300N 04244E
ER,MSW,Massawa (Mitsiwa),SK,1234----,1307.0,1536N 03927E
ES,AXO,A Baiuca,,1-3-----,601.0,4318N 00830W
ES,ABH,Abanto,,1-------,1001.0,4319N 00430W
ES,ACH,Aceuchal,BA,1-------,901.0,
ES,ADR,Adra,,1-3-----,701.0,3645N 00301W
ES,AGA,Agaete,GC,1-------,9709.0,2807N 01542W
ES,AGU,Aguilas,,1-------,212.0,3724N 00135W
ES,ADS,Alameda de La Sagra,TO,1-------,901.0,
ES,RDA,Alcala del Rio,SE,1----6--,907.0,3731N 00558W
ES,ACA,Alcanar,T,1-3-----,1001.0,4033N 00029E
ES,ADT,Alcaudete de la Jaya,,12345-7-,1001.0,3947N 00452W
ES,ALG,Algeciras,,1-------,9704.0,
ES,ALT,Algorta,BI,123-----,1301.0,4321N 00301W
ES,ALC,Alicante,,12345---,9601.0,
ES,ARZ,Allariz,,1-3-----,601.0,4211N 00748W
ES,ALX,Almendricos,MU,1----6--,901.0,3728N 00147W
ES,LEI,Almeria,AL,1234----,1207.0,3650N 00227W
ES,AMX,Almorox,,1-------,1001.0,4014N 00423W
ES,2TT,Ametlla,T,1----6--,1607.0,4134N 00115E
ES,AMP,Ampuero,,123-----,601.0,4321N 00325W
ES,ASL,Andosilla,,1-3--6--,601.0,4223N 00157W
ES,ARN,Arenys de Mar,,1-------,9703.0,
ES,AGG,Argelaguer,GI,1-------,901.0,4213N 00239E
ES,ARI,Arguineguin,,1-------,9703.0,
ES,ATQ,Ataquines,,1-------,1001.0,4111N 00448W
ES,AVS,Aviles,,1-------,9704.0,
ES,UNY,Avinyo,B,1-------,1501.0,4152N 00158E
ES,AYA,Ayamonte,,1-------,9704.0,
ES,NAA,Ayegui,,1----6--,1001.0,4239N 00202W
ES,AYR,Ayora,,1-------,1001.0,3904N 00103W
ES,B8C,Bacaicoa,,1-------,1401.0,4253N 00206W
ES,BDP,Banyeres del Penedes,T,1----6--,901.0,4106N 00131E
ES,BDF,Barbate,CA,1-3-----,2101.0,3611N 00555W
ES,BCN,Barcelona,,12345---,9601.0,4120N 00209E
ES,BLR,Begur,GI,1-------,1501.0,4157N 00312E
ES,ITE,Belchite,,1-------,1001.0,4118N 00045W
ES,UCC,Belmonte,CU,1----6--,1201.0,3934N 00242W
ES,BDA,Benegida,,1-------,1001.0,3904N 00033W
ES,BU3,Benicull,V,1-3-----,1401.0,3911N 00023W
ES,BEM,Benidorm,,1-------,9803.0,
ES,BMO,Benimodo,V,123-----,907.0,3913N 00031W
ES,BGJ,Berguenda,VI,1----6--,907.0,4247N 00303W
ES,BGG,Berlanga,BA,1----6--,907.0,3817N 00549W
ES,BRM,Bermeo,BI,123-----,1301.0,4326N 00243W
ES,BSL,Bermiyo Sallago,,1-------,1001.0,4122N 00606W
ES,BIO,Bilbao,BI,12345---,1307.0,4315N 00258W
ES,BS3,Binissalem,PM,1----6--,1201.0,3941N 00250E
ES,BLA,Blanes,,1-------,9506.0,
ES,BOA,Boadilla del Monte,M,1-------,901.0,
ES,BBJ,Brena Baja,,1-------,1001.0,2838N 01745W
ES,BVN,Buenavista del Norte,TF,1-3-----,1207.0,2822N 01654W
ES,NNN,Bunuiel,A,1-------,901.0,
ES,BRL,Burela,,1-------,9402.0,
ES,BOS,Burgo de Osma,SO,1-------,1501.0,4134N 00304W
ES,BRX,Burriana,,1-------,9704.0,
ES,JON,Burujon,,1-------,1001.0,3954N 00418W
ES,CBZ,Cabezuela,,1-------,9704.0,
ES,CBP,Cabo de Palos,MU,1-------,1201.0,3738N 00041W
ES,CRG,Cabo Roig,A,1-------,901.0,3755N 00044W
ES,AS8,Cabuenes,O,1-3-----,1401.0,4331N 00536W
ES,OOP,Cadaques,GI,1-3-----,1207.0,4217N 00317E
ES,CAD,Cadiz,,1-------,9704.0,
ES,CBS,Cala Sabina,,1-------,9704.0,
ES,LEL,Calella,B,1-3-----,1207.0,4137N 00240E
ES,CHR,Caleta de Sebo,GC,1-------,1707.0,2914N 01330W
ES,C9A,Calles,V,1-3-----,1401.0,3944N 00058W
ES,CGE,Calonge,GI,1-------,1001.0,4152N 00305E
ES,IAS,Camarinas,C,1-3--6--,1207.0,4307N 00910W
ES,CZT,Camarzana Tera,,1-------,1001.0,4200N 00601W
ES,CBD,Cambados,,1-------,9704.0,
ES,CBL,Cambrils,T,123-----,1301.0,4104N 00104E
ES,CPL,Campanillas,,1-3--6--,601.0,3643N 00432W
ES,CGG,Campllong,GI,1-------,1501.0,4153N 00249E
ES,CPA,Campoamor,A,1-------,901.0,3754N 00045W
ES,CES,Capellades,B,1----6--,901.0,4132N 00142E
ES,CRS,Carboneras,AL,1-3-----,1301.0,3659N 00153W
ES,CCX,Carcaixent,,1-------,1001.0,3904N 00024W
ES,CNO,Carino,C,1-3-----,1301.0,4345N 00752W
ES,CRP,Carpio Tajo,,1-------,1001.0,3953N 00427W
ES,CQU,Carranque,TO,1-------,1001.0,4010N 00354W
ES,CDI,Carrizal,,1-3-----,601.0,2754N 01524W
ES,CAR,Cartagena,MU,123-----,1601.0,3736N 00059W
ES,RES,Casar de Caceres,CC,1-3-----,1607.0,3934N 00625W
ES,SIO,Casasimarro,CU,123456--,1001.0,3922N 00202W
ES,CFL,Casillas Flores,SA,1-------,1001.0,4023N 00645W
ES,CAS,Castellon de la Plana,V,123-----,1207.0,3959N 00002W
ES,HHU,Castillazuelo,HU,1----6--,1201.0,4204N 00040E
ES,CSO,Castropol,O,1-3--6--,407.0,4332N 00702W
ES,CUR,Castro-Urdiales,S,1-3-----,501.0,4323N 00313W
ES,COI,Catoira,PO,123-----,701.0,4240N 00843W
ES,EBO,Cebolla,,1-------,1001.0,3957N 00434W
ES,CED,Cedeira,A,1-3-----,1301.0,4339N 00803W
ES,CEE,Cee,,1-3--6--,1001.0,
ES,CEL,Celeiro,,1-------,212.0,4242N 00703W
ES,CEU,Ceuta,,1-------,9704.0,
ES,CRI,Cierbena,AB,1-3-----,901.0,
ES,CIV,Ciervana,BI,1-------,901.0,
ES,GVA,Cigales,VA,1----6--,1201.0,4146N 00442W
ES,CSN,Cisneros,P,12------,1001.0,4213N 00451W
ES,QIU,Ciudadela,,1--4----,9402.0,
ES,CGR,Consuegra,,1-------,1001.0,3928N 00336W
ES,CCN,Corcubion,,1-------,212.0,4257N 00911W
ES,NCO,Coristanco,C,1-------,1001.0,4312N 00845W
ES,QFU,Corralejo,,1--4----,9402.0,
ES,CJE,Costa Adeje,TF,1-------,2001.0,2804N 01645W
ES,CUD,Cuarte de Huerva,Z,1-3-----,401.0,4135N 00055W
ES,DBA,Deba,SS,123-----,701.0,4318N 00221W
ES,DNA,Denia,,1-------,9704.0,
ES,DRI,Derio,,1-------,9307.0,
ES,DAG,Dos Aguas,V,1----6--,1201.0,3917N 00048W
ES,Z8R,Echarri-Aranaz,,1----6--,1807.0,4254N 00204W
ES,EJC,Ejea de los Caballeros,,123-----,601.0,4207N 00108W
ES,ATO,El Astillero,,123-----,607.0,4324N 00349W
ES,ECT,El Casar de Talamanca,GU,123-567-,1001.0,4042N 00326W
ES,GCS,El Grao,CS,123-----,701.0,3958N 00001E
ES,MED,El Medano,GC,1-3-----,1207.0,2802N 01632W
ES,EOO,El Pedernoso,CU,1----6--,1201.0,3929N 00245W
ES,SOL,El Port,PM,1-3-----,1101.0,3946N 00242E
ES,ROM,El Rompido,H,123-567-,1001.0,3713N 00707W
ES,TAL,El Tarajal,CO,1-------,901.0,
ES,ELV,Elvillar,VI,1----6--,1107.0,4234N 02032W
ES,EMP,Empuriabrava,GI,1-------,1007.0,4215N 00308E
ES,ENG,Enguera,,1-------,1001.0,3859N 00041W
ES,ENT,Entoma,OR,1-------,901.0,
ES,ESC,Escombreras,,1-------,9506.0,
ES,CC7,Escorca,PM,1----6--,1201.0,3949N 00251E
ES,EKZ,Eskoriatza,SS,1-------,901.0,
ES,EDL,Estadilla,HU,1----6--,1201.0,4203N 00015E
ES,EZC,Ezcaray,,123-----,601.0,4219N 00301W
ES,FRM,Fermoselle,,1-------,1001.0,4119N 00623W
ES,RRS,Ferreras,,1-------,1001.0,4154N 00611W
ES,FRO,Ferrol,C,123-----,1301.0,4329N 00815W
ES,GU6,Fontanar,GU,1-3-----,1401.0,4044N 00310W
ES,FLD,Formentera Island,,1-------,901.0,3839N 00135E
ES,FRA,Frades,C,1-------,1001.0,4303N 00817W
ES,FSL,Fuensalida,,1-------,1001.0,4003N 00412W
ES,FAL,Fuente-Alamo,AB,1----6--,1201.0,3842N 00126W
ES,EWE,Fuenterrabia,SS,1-3-----,1207.0,4322N 00147W
ES,GAN,Gandia,V,123-----,1207.0,3858N 00011W
ES,GRC,Garachico,TF,1-------,1807.0,2822N 01645W
ES,GGA,Garriguella,GI,1----6--,1201.0,4220N 00304E
ES,GAR,Garrucha,,1-------,9704.0,
ES,GTX,Getxo,,1-------,1001.0,4332N 00301W
ES,GIJ,Gijon,O,1234----,1207.0,4332N 00540W
ES,GDL,Godella,V,1-------,901.0,
ES,GDR,Grajal de Ribera,LE,1----6--,1201.0,4211N 00537W
ES,GTL,Gran Tarajal,GC,1-------,1301.0,2812N 01401W
ES,GYA,Granyanella,L,1-3-----,1401.0,4140N 00113E
ES,GRY,Grao,,1-------,8103.0,
ES,EGR,Grove,PO,1-3-----,307.0,4230N 00852W
ES,JUE,Guijuelo,SA,1-3-----,901.0,4033N 00540W
ES,HSN,Hermisende,,1-------,1001.0,4158N 00653W
ES,HIG,Higuera la Real,BA,1-------,1501.0,3808N 00641W
ES,HDD,Hinojosa del Duque,CO,1-------,1001.0,3830N 00509W
ES,HTY,Hontanaya,CU,12--5---,1001.0,3944N 00250W
ES,HLL,Hormilla,LO,1----6--,1201.0,4226N 00246W
ES,HDA,Horta de Avinyo,B,1-------,901.0,
ES,HUV,Huelva,,123-----,9704.0,
ES,ETH,Huete,CU,123-56--,1001.0,4008N 00241W
ES,HUR,Humilladero,MA,1-------,901.0,
ES,IBZ,Ibiza,PM,1--4----,1301.0,3854N 00126E
ES,NCA,Inca,PM,1-------,901.0,3943N 00254E
ES,ITR,Iturriotz,SS,1-------,901.0,
ES,IUA,Iurreta,BI,1-3-----,501.0,4310N 00238W
ES,JAV,Javea,A,1-3-----,1301.0,3847N 00010E
ES,KLL,La Ametlla de Mar,T,1-3-----,1207.0,4054N 00048E
ES,BAT,La Batlloria,B,123-----,407.0,4143N 00233E
ES,LCG,La Coruna (A Coruna),C,1234----,1207.0,4322N 00823W
ES,GLE,La Escala (L'Escala),GI,1-3-----,1207.0,4207N 00308E
ES,LES,La Estaca,,1-------,9704.0,
ES,FNC,La Font den Carros,,1-------,1001.0,3855N 00010W
ES,LGC,La Graciosa,GC,1-------,1601.0,2913N 01330W
ES,AGD,La Guardia,PO,1-3-----,1301.0,4154N 00853W
ES,LJO,La Llagosta,,1-------,9307.0,
ES,MAT,La Matanza,MU,1-------,901.0,
ES,LMN,La Minosa,GU,1-------,901.0,
ES,LPF,La Poble de Farnals,,1-------,1001.0,3935N 00140W
ES,LRT,La Restinga,TF,1-------,1807.0,2737N 01759W
ES,TT2,La Selva del Camp,T,1-3-----,1401.0,4112N 00108E
ES,LSL,La Seu d'Urgell,,1-3-----,601.0,4222N 00127E
ES,TJI,La Tejita,,1-------,9709.0,
ES,LZR,La Zarza,BA,1-3-----,1401.0,3849N 00613W
ES,GRT,Lagartera,,1-------,1001.0,3954N 00512W
ES,LAX,Lage,C,1-3-----,1401.0,4313N 00900W
ES,LAN,Lanciego,AV,1-------,901.0,
ES,RON,Lantaron,S,1-------,901.0,
ES,ACE,Lanzarote,GC,1--4----,1201.0,2858N 01332W
ES,LAP,Lapuebla de Labarca,,1-3-----,607.0,4230N 00234W
ES,CDK,Las Casas de Alcanar,T,1-3-----,1207.0,4033N 00032E
ES,NDD,Las Noras de Daza,AL,1-3-----,1401.0,3645N 00244W
ES,LPA,Las Palmas de Gran Canaria,GC,1-3456--,907.0,2806N 01525W
ES,LEC,Lecumberri,,123--6--,307.0,4300N 00153W
ES,LGU,Legutiano,,1-3-----,607.0,4258N 00238W
ES,LEK,Lekeitio,,1-------,9704.0,
ES,TG2,Les Borges del Camp,T,1----6--,1201.0,4110N 00101E
ES,LIT,Lizartza,SS,1----6--,901.0,4319N 00159W
ES,URI,Llauri,,1-------,1001.0,3909N 00020W
ES,LLO,Lloret de Mar,GI,1-3-----,1301.0,4142N 00251E
ES,2BL,Lloseta,PM,1----6--,1807.0,3943N 00252E
ES,L4O,Lodoso,BU,1----6--,2101.0,4226N 00349W
ES,LCR,Los Cristianos,,1-------,9704.0,
ES,LSD,Los Santos de la Humosa,M,1-3-----,901.0,
ES,LSI,Los Silos,,1-------,901.0,
ES,LUQ,Luque,CO,1-------,901.0,
ES,MRJ,Madridejos,TO,1-3-----,1501.0,3928N 00332W
ES,MGN,Magan,,1-------,1001.0,3957N 00355W
ES,MAH,"Mahon, Menorca",PM,1-34----,1207.0,3953N 00415E
ES,AGP,Malaga,MA,1--45---,1607.0,3643N 00425W
ES,MMA,Malgrat de Mar,,123--6--,601.0,4139N 00245E
ES,MLO,Maliano,,123-----,601.0,4325N 00350W
ES,MAI,Malpica (Malpica de Bergantinos),C,1-3-----,1207.0,4319N 00848W
ES,MRN,Maracena,,12--56--,1001.0,3712N 00338W
ES,MPG,"Marin, Pontevedra",,1-------,9704.0,
ES,MQU,Mascaraque,TO,1----6--,1807.0,3943N 00349W
ES,MSN,Masnou,,1-------,212.0,4129N 00219E
ES,MEC,Meco,M,1-------,901.0,
ES,MLN,Melilla,ML,1-34----,1301.0,3519N 00253W
ES,NTR,Mentrida,,1-------,1001.0,4014N 00411W
ES,MIA,Mesia,C,1-------,1001.0,4306N 00816W
ES,MET,Miguel Esteban,,1-------,1001.0,3931N 00305W
ES,MIC,Miraclamp,L,1-------,1401.0,4136N 00052E
ES,MIR,Miramar,,1-------,1001.0,3857N 00000W
ES,MIX,Miranda de Ebro,,1-------,212.0,4241N 00257W
ES,MOA,Moana,PO,1-3-----,1301.0,4217N 00844W
ES,MOG,Mogarraz,SA,1-3-----,1401.0,4029N 00603W
ES,MOJ,Mojacar,,1-3-----,601.0,3709N 00151W
ES,MBY,Mombuey,,1-------,1001.0,4202N 00620W
ES,NRT,Monserrat,,1-------,1001.0,3922N 00036W
ES,MTC,Montblanc,,123--6--,601.0,4123N 00110E
ES,MNF,Montefrio,GR,12---67-,1001.0,3719N 00401W
ES,MTQ,Montesquiu,,123-----,601.0,4206N 00212E
ES,MOI,Montiel,CR,1-------,1501.0,3842N 00252W
ES,OMR,Mora,,1-------,1001.0,3940N 00346W
ES,LTV,Moral de Calatrava,CR,1-3-----,1401.0,3850N 00335W
ES,CUT,Morro del Jable,GC,1-3-----,1807.0,2803N 01420W
ES,MTU,Motrico (Mutriku),SS,1-3-----,1207.0,4318N 00223W
ES,MOT,Motril,,1-------,9704.0,
ES,M8U,Mourente,LU,1----6--,1807.0,4334N 00716W
ES,MCZ,Mozoncillo,SG,12------,1001.0,4109N 00411W
ES,MGR,Mugardos,C,1-3-----,2101.0,4328N 00815W
ES,MGA,Mugia,C,1---56--,1001.0,4306N 00913W
ES,MUN,Munguia,,123-----,601.0,4321N 00250W
ES,MLJ,Murillo de Rio Leza,LO,1----6--,1201.0,4224N 00219W
ES,MRS,Muros,,1-------,9506.0,
ES,MUS,Musel-Arnao,O,1-3-----,207.0,4334N 00542W
ES,NJE,Najera,LO,1-3-----,907.0,4225N 00244W
ES,NBL,Noblejas,,1-------,1001.0,3959N 00326W
ES,NVS,Noves,TO,1-------,901.0,
ES,AD6,Nuevo Baztan,M,1-3-----,1401.0,4022N 00315W
ES,ONS,Obanos,,1-3-----,601.0,4241N 00147W
ES,OLZ,Olazagutia,,123-----,601.0,4252N 00212W
ES,OLY,Olias del Rey,,1-------,1001.0,3957N 00358W
ES,OND,Ondarroa,BI,1-3-----,1207.0,4319N 00225W
ES,ORJ,Orjiva,GR,1-------,1001.0,3654N 00325W
ES,OSR,Oroso,C,1-------,1501.0,4259N 00826W
ES,OTG,Ortigueira,C,1-3-----,1301.0,4340N 00751W
ES,OZL,Orzola,GC,1-------,1601.0,2913N 01327W
ES,OUT,Outes,C,1-3-----,1207.0,4251N 00854W
ES,PAF,Pajara Fuerteventura,A,1-------,901.0,
ES,PAL,Palamos,,1-------,212.0,4151N 00308E
ES,PMI,Palma de Mallorca,,12345---,207.0,3934N 00238E
ES,TO9,Palomeque,TO,1-3-----,1401.0,4007N 00357W
ES,PBU,Pancorbo,BU,1-3-----,1401.0,4238N 00306W
ES,PAN,Pantoja,,12------,1001.0,4003N 00350W
ES,PAS,Pasajes,,1-------,9704.0,
ES,PET,Petra,PM,1----6--,1201.0,3937N 00306E
ES,PCN,Picassent,,1-------,1001.0,3921N 00027W
ES,PAZ,Pilar de la Horadada,A,1-------,901.0,
ES,PIT,Pitillas,,1-3-----,901.0,4225N 00137W
ES,QLY,Playa Blanca,,1-------,9704.0,
ES,DBO,Playa Den Bossa,PM,1-------,1607.0,3853N 00125E
ES,PLI,Playa Ingles,GC,1---5---,1001.0,2746N 01535W
ES,PSJ,Playa San Juan,TF,1-------,1807.0,2810N 01648W
ES,PSO,Pola de Siero,O,123-----,907.0,4324N 00539W
ES,PLC,Polanco,S,1-------,901.0,
ES,PJC,Polina Jucar,,1-------,1001.0,3912N 00022W
ES,PEV,Pontevedra,,1-3-----,9806.0,
ES,BPM,Porreras,PM,1----6--,1201.0,3931N 00300E
ES,PRT,Portosin,C,123-56--,1301.0,4246N 00857W
ES,POR,Portugalete,,1-------,9506.0,
ES,PSL,Posada de Llanera,LU,1-------,1407.0,4326N 00551W
ES,CHZ,Puebla de Sancho Perez,BA,1----6--,1201.0,3824N 00624W
ES,LPC,Puebla del Caraminal,C,1-3-----,1207.0,4236N 00856W
ES,PRE,Puerto Calero,GC,123-56--,1001.0,2855N 01342W
ES,PCO,Puerto Colom,,1-------,9709.0,
ES,GND,Puerto de Granadilla,TF,1-------,1101.0,2803N 01629W
ES,PGU,Puerto de Guimar,TF,1-3-----,1001.0,2818N 01622W
ES,RUZ,Puerto de la Cruz,TF,1-3-----,1807.0,2825N 01633W
ES,HIE,Puerto de la Estaca,,1-3-----,701.0,2747N 01754W
ES,PD3,Puerto de la Selva,,1----6--,1107.0,4220N 00312E
ES,PPS,Puerto de Playa de Santiago,TF,1---5---,1201.0,2802N 01712W
ES,PDS,Puerto de Sagunto,V,123-----,401.0,3939N 00013W
ES,PSM,Puerto de Santa Maria,,1-------,9704.0,
ES,PVG,Puerto de Vega,O,1-3-----,1301.0,4334N 00638W
ES,PUC,Puerto del Carmen,GC,1-3-----,1001.0,2855N 01340W
ES,FUE,Puerto del Rosario-Fuerteventura,,1--4----,9601.0,
ES,PRO,Puerto Rosario,GC,1---5---,1001.0,2830N 01352W
ES,PTM,Puertomarin,LU,1-3-----,1001.0,4248N 00737W
ES,PRG,Puig-reig,,123--6--,601.0,4159N 00152E
ES,PVA,Puras,VA,1----6--,1201.0,4111N 00439W
ES,QIS,Quismondo,,1-------,1001.0,4006N 00419W
ES,RA5,Rajadell,B,1-3-----,1401.0,4143N 00142E
ES,TRY,Real de Montroy,,1-------,1001.0,3920N 00036W
ES,8TC,Rejected,MU,1-3-----,2001.0,3728N 00049W
ES,RDP,Renedo de Pielago,S,1-------,901.0,
ES,RTA,Renteria,SS,1-3-----,1301.0,4319N 00154W
ES,RIB,Ribadeo,,1-------,9704.0,
ES,RBS,Ribadesella,,1-------,9506.0,
ES,RBI,Ribeira (Santa Uxia),,1-3-----,1001.0,4233N 00900W
ES,REG,Rioseco de Guriezo,S,1-------,901.0,
ES,RPL,Ripoll,,123-----,601.0,4212N 00211E
ES,CAQ,Riudecanyes,T,1-3-----,1401.0,4107N 00057E
ES,ROS,Rosas,,1-------,9506.0,
ES,VEZ,Rossburgh,CL,1-------,901.0,
ES,ROT,Rota,,1-------,9704.0,
ES,OTO,Rotova,V,1----6--,1107.0,3856N 00015W
ES,RDE,Rubielos de Mora,TE,1----6--,1107.0,4011N 00039W
ES,RUE,Rueda,,1-3-----,607.0,4125N 00457W
ES,AAW,Sa Canal,PM,1-------,2101.0,3850N 00123E
ES,SAD,Sada,,1-------,9704.0,
ES,SAG,Sagunto,V,123-----,1301.0,3941N 00016W
ES,S9S,Salinas de Oro,,1-3-----,1401.0,4247N 00153W
ES,NRA,Salinas De Pamplona,,1-3-----,1401.0,4245N 00139W
ES,SAT,Salinetas,,1-------,9703.0,
ES,SDG,Sallent de Gallego,HU,1-------,1001.0,4246N 00020W
ES,GDM,Salvaterra de Mino,,1-------,901.0,
ES,SGT,San Agustin,,1-------,1001.0,2746N 01628W
ES,SAA,San Antonio,,1-------,9704.0,
ES,SAS,San Asensio,,1-3-----,607.0,4230N 00245W
ES,SBT,San Bartolome de Tirajana,GC,1-3-----,1207.0,2900N 01336W
ES,SCR,San Carlos de la Rapita,T,123-----,212.0,4037N 00036E
ES,SCI,San Ciprian,,1-------,9704.0,
ES,V8C,San Cristobal de Entrevinas,ZA,1----6--,1807.0,4203N 00538W
ES,SEO,San Esteban de Pravia,,1-------,9704.0,
ES,LIU,San Feliu de Buxalleu,GI,1-3-----,1401.0,4147N 00235E
ES,SFO,San Fernando,CA,123-----,1301.0,3628N 00612W
ES,SID,San Isidro de Duenas,P,1-------,901.0,
ES,SJN,San Juan de Nivea,,1-------,8103.0,
ES,JRM,San Julian de Ramis,GI,1-3-----,1501.0,4201N 00251E
ES,M8M,San Mames De Meruelo,S,1----6--,1807.0,4327N 00334W
ES,SO8,San Miguel Del Arroyo,VA,1----6--,1807.0,4126N 00427W
ES,SPQ,San Pedro Ceque,ZA,1-------,1001.0,4303N 00604W
ES,SPP,San Pedro del Pinatar,,1-------,9704.0,
ES,SAP,San Pedro Pescador,GI,123-----,1301.0,4211N 00305E
ES,SRH,San Roman de Hornija,VA,1----6--,1201.0,4129N 00517W
ES,EAS,San Sebastian,,1--4----,9601.0,
ES,SSG,San Sebastian de la Gomera,,1--4----,9704.0,
ES,SVI,San Vicente,OR,1-------,1207.0,4227N 00704W
ES,SVB,San Vicente de la Barquera,S,1-3-----,1207.0,4323N 00423W
ES,SXX,Sangenjo,PO,1-3-----,1207.0,4224N 00849W
ES,SP4,Sanguineda,PO,1----6--,1107.0,4211N 00838W
ES,PNY,Sant Antoni de Portmany,,1-------,1001.0,3859N 00118E
ES,SFU,Sant Feliu de Guixols,GI,1-------,1607.0,4147N 00302E
ES,SFL,Sant Feliu de Llobregat,,123-----,601.0,4123N 00203E
ES,SJO,Sant Joan Despi,,123-----,601.0,4122N 00204E
ES,SJ2,Sant Jordi,PM,1-3-----,2207.0,3933N 00246E
ES,SL4,Sant Lluis,PM,1----6--,1201.0,3950N 00415E
ES,SMD,Sant Miquel de Fluvia,GI,1-------,1501.0,4210N 00259E
ES,SGD,Santa Agueda,,1-------,901.0,3810N 00047W
ES,SPC,Santa Cruz de La Palma,GC,1--4----,1301.0,2841N 01746W
ES,SCT,Santa Cruz de Tenerife,,1---5---,9704.0,
ES,EUG,Santa Eugenia,C,1-3-----,1207.0,4233N 00900W
ES,STE,Santa Eulalia del Rio,PM,1-------,212.0,3859N 00131E
ES,GCR,Santa Maria de Guia de Gran Canaria,GC,1-------,901.0,
ES,NLL,Santa Olalla,TO,1-------,1001.0,4001N 00426W
ES,SPO,Santa Pola,,1-------,9704.0,
ES,SUR,Santa Ursula,TF,1----6--,901.0,2825N 01628W
ES,SDR,Santander,,1234----,9601.0,
ES,S8C,Santervas De Campos,VA,1-------,1401.0,4213N 00506W
ES,AAQ,Santiago del Campo,CC,1-3-----,1401.0,3938N 00622W
ES,RUM,Santo Angel,MU,1-3-----,1401.0,3756N 00107W
ES,SNR,Santurce,BI,123-----,1301.0,4320N 00302W
ES,4SS,Santurtz,BI,1-3-----,1501.0,4319N 00301W
ES,HVC,Sanxenxo,PO,1-3-----,1401.0,4224N 00848W
ES,RAL,Sarral,T,1-3-----,407.0,4126N 00114E
ES,ZMF,Sauzal,TF,1----6--,1207.0,2828N 01625W
ES,SEW,Sena,S,1-3-----,901.0,
ES,SER,Serra,V,1-------,1001.0,3941N 00026W
ES,SVQ,Sevilla,,12345---,9601.0,
ES,SIS,Sils,GI,1-------,1501.0,4148N 00245E
ES,SIT,Sitges,B,123-----,1301.0,4114N 00150E
ES,SL8,Sobradelo,PO,1----6--,2001.0,4235N 00847W
ES,SOV,Sollana,V,1-3-----,901.0,
ES,PTN,Son (Puerto del Son),C,123-----,1207.0,4241N 00901W
ES,SUM,Sumarcarcer,,1-------,1001.0,3906N 00038E
ES,TBR,Tabara,ZA,1-------,1001.0,4149N 00557W
ES,TBZ,Tabuenca,Z,1----6--,1107.0,4142N 00133W
ES,TRF,Tarifa,CA,1-------,1401.0,
ES,TAR,Tarragona,,1234----,9704.0,
ES,TAZ,Tazacorte,TF,1-3-----,1301.0,2838N 01756W
ES,TJQ,Tejina,TF,1----6--,1201.0,2832N 01621W
ES,TEM,Tembleque,TO,1-3-----,901.0,
ES,TJF,Tijarafe,TF,1-3-----,1207.0,2842N 01757W
ES,TDY,Tordoya,C,1-------,1001.0,4306N 00834W
ES,TVC,Tornavacas,CC,1-------,1001.0,4015N 00541W
ES,TMS,Torre de Miguel Sesmero,BA,1-------,901.0,
ES,THO,Torre Horadada,A,1-------,901.0,3752N 00045W
ES,TRR,Torredembarra,T,1-------,1301.0,4109N 00124E
ES,LE6,Torrente,V,1-3-----,1401.0,3926N 00028W
ES,TOR,Torrevieja,,1-------,9704.0,
ES,TOT,Tortosa,,1-------,8103.0,
ES,TKG,Tossa (Tossa de Mar),GI,1-3-----,1207.0,4143N 00256E
ES,TRE,Trebujena,CA,1-------,212.0,3652N 00610W
ES,TTO,Treto,,1-3-----,9806.0,
ES,TDC,Trobajo del Cerecedo,LE,1-3-----,1401.0,4234N 00535W
ES,TRU,Trubia,O,123--6--,307.0,4330N 00544W
ES,UIS,Ucieda,S,1----6--,2001.0,4315N 00414W
ES,URZ,Urroz,,123-----,601.0,4247N 00127W
ES,DEJ,Valdetorres de Jarama,M,1-3-----,1401.0,4042N 00330W
ES,VLC,Valencia,,12345---,9601.0,
ES,VJO,Valera de Abajo,CU,1----6--,907.0,3946N 00209W
ES,VCC,Vallcarca,B,1-3-----,212.0,4114N 00152E
ES,VGR,Valle Gran Rey,,1-------,9709.0,
ES,2VA,Vallecillo,LE,1----6--,2107.0,4221N 00512W
ES,CVJ,Victoria de Acentejo,A,1-------,901.0,
ES,V7N,Vidania,SS,1----6--,1807.0,4308N 00209W
ES,VGO,Vigo,,1--4----,9601.0,
ES,VBN,Villabona,SS,123-----,1101.0,4311N 00203W
ES,ZZ4,Villaflor,ZA,1-3-----,1401.0,4135N 00559W
ES,VIL,Villagarcia de Arosa,PO,1-3-----,1207.0,4236N 00845W
ES,DGS,Villandangos,A,1-------,901.0,
ES,VLG,Villanueva y Geltru (Vilanova i la Geltru),B,1-3-----,1301.0,4113N 00144E
ES,ALA,Villarreal de Alava,VI,1234-6--,212.0,4259N 00238W
ES,V8M,Villasana De Mena,BU,1----6--,1807.0,4306N 00317W
ES,VZO,Vimianzo,C,1----6--,1001.0,4307N 00902W
ES,VZR,Vinaroz,,1-3-----,9704.0,
ES,VIT,Vitoria-Gasteiz,,1234----,701.0,4251N 00240W
ES,VVR,Vivares,EX,1-------,901.0,
ES,VIV,Viveiro,LU,123-----,1301.0,4340N 00736W
ES,VZM,Vizmalo,BU,1----6--,1201.0,4210N 00406W
ES,Z8N,Zalain,,1----6--,1807.0,4317N 00142W
ES,ZAZ,Zaragoza,,1234----,9601.0,
ES,ZUE,Zuera,,123-----,601.0,4152N 00047W
FI,TKU,Abo (Turku),19,1-34----,1307.0,6027N 02217E
FI,AJO,Ajos,,1-------,1301.0,6540N 02434E
FI,AHL,Alholmen,,1-------,901.0,6342N 02242E
FI,AKK,Asikkala,04,1----6--,1307.0,6203N 02826E
FI,BAR,Baronsalmi,,1-------,1107.0,5958N 02352E
FI,POR,Bjorneborg (Pori),17,1-34----,1307.0,6129N 02148E
FI,PRV,Borga (Porvoo),18,1-------,1307.0,6024N 02540E
FI,RAA,Brahestad (Raahe),14,1-------,1307.0,6441N 02429E
FI,BRA,Brando,01,1-------,1307.0,6025N 02103E
FI,BRO,Bromarv,18,1-3-----,1307.0,5959N 02302E
FI,DLS,Dalsbruk (Taalintehdas),19,1-------,1307.0,6001N 02231E
FI,DEG,Degerby,18,1-3-----,1307.0,6006N 02411E
FI,DRA,Dragsfjard,19,1-------,1307.0,6004N 02228E
FI,ECK,Eckero,01,1------B,1307.0,6013N 01937E
FI,TAI,Ekenas (Tammisaari),18,1-------,1307.0,5958N 02326E
FI,EM2,Elamajarvi,08,1-3-----,1401.0,6329N 02540E
FI,ENK,Enonkoski,04,1-3-----,1307.0,6205N 02855E
FI,ESP,Esbo (Espoo),18,1-3--6--,1401.0,6012N 02439E
FI,ESP,Espoo (Esbo),18,1-3--6--,1401.0,6012N 02439E
FI,EJO,Euraaminne (Eurajoki),17,1-------,1307.0,6112N 02144E
FI,EJO,Eurajoki (Euraaminne),17,1-------,1307.0,6112N 02144E
FI,FAR,Farjsundet,01,1-------,1307.0,6014N 02001E
FI,SAR,Finby (Sarkisalo),18,1-3-----,1307.0,6006N 02256E
FI,FOG,Foglo,01,1-------,1307.0,6001N 02025E
FI,FOR,Forby,19,1-------,1307.0,
FI,HMN,Fredrikshamn (Hamina),09,1-------,1307.0,6034N 02712E
FI,GDB,Gottby (Godby),01,1-------,1307.0,6008N 01950E
FI,GUL,Gullo,18,1-3-----,1307.0,5957N 02325E
FI,KUS,Gustavs (Kustavi),19,1-------,1307.0,
FI,HAO,Hailuoto,14,1-------,1307.0,6500N 02450E
FI,HAK,Hakkola,03,1-3-----,1307.0,6223N 02243E
FI,HAL,Halonen,10,1-3-----,1307.0,6641N 02730E
FI,LHO,Halosenlahti,,1-------,1107.0,6514N 02519E
FI,HMN,Hamina (Fredrikshamn),09,1-------,1307.0,6034N 02712E
FI,HKO,Hango (Hanko),18,1-------,1307.0,
FI,HKO,Hanko (Hango),18,1-------,1307.0,
FI,HAR,Harvaluoto,01,1-------,1307.0,6022N 02028E
FI,HAU,Haukipudas,14,1-------,1307.0,
FI,HEL,Helsingfors (Helsinki),18,1-------,1401.0,
FI,HEL,Helsinki (Helsingfors),18,1-------,1401.0,
FI,HIT,Hiitinen,,1-------,1107.0,5953N 02230E
FI,HIM,Himanka,,1-3-----,1301.0,6404N 02339E
FI,HMA,Himankakyla,07,1-3-----,1307.0,6410N 02342E
FI,HVM,Hirvensalmi,,1-3-----,1301.0,6138N 02648E
FI,HOG,Hogsara,19,1-3-----,1307.0,5957N 02222E
FI,HOU,Houtskar (Houtskari),19,1-------,1401.0,6013N 02123E
FI,HOU,Houtskari (Houtskar),19,1-------,1401.0,6013N 02123E
FI,IIS,Idensalmi (Iisalmi),15,123-----,1307.0,6333N 02711E
FI,IIS,Iisalmi (Idensalmi),15,123-----,1307.0,6333N 02711E
FI,IMA,Imatra,02,123----B,1307.0,6110N 02845E
FI,INK,Inga (Inkoo),18,1-------,1401.0,
FI,INI,Inio,19,1-------,1401.0,6024N 02124E
FI,INK,Inkoo (Inga),18,1-------,1401.0,
FI,ISN,Isnas,18,1-------,1401.0,
FI,PRS,Jakobstad (Pietarsaari),12,123-----,1307.0,6341N 02247E
FI,JAN,Janakkala,06,1-------,1307.0,6054N 02436E
FI,JOE,Joensuu,13,1234----,1307.0,6236N 02946E
FI,JOU,Joutseno,02,123-----,1307.0,6106N 02829E
FI,JUS,Jussaro,,1-------,1107.0,5949N 02334E
FI,JUK,Juuka,13,1----6--,1307.0,6314N 02915E
FI,JYV,Jyvaskyla,08,1234----,1307.0,6215N 02544E
FI,KPL,Kaipola,04,123-----,1307.0,6149N 02513E
FI,KJO,Kalajoki,14,1-------,1401.0,6415N 02357E
FI,KK5,Kalliola,04,1-3-----,1401.0,6105N 02538E
FI,KLV,Kallviken,,1-------,1107.0,6022N 02627E
FI,KAN,Kantlax (Kaitalahti),12,1-3-----,1307.0,6145N 02343E
FI,KNT,Kantvik,18,1-------,1401.0,6005N 02423E
FI,KOK,Karleby (Kokkola),07,123-----,1307.0,6350N 02307E
FI,KAS,Kaskinen (Kasko),19,1-------,1401.0,6037N 02153E
FI,KAS,Kasko (Kaskinen),19,1-------,1401.0,6037N 02153E
FI,KSN,Kasnas,19,1-------,1801.0,5955N 02224E
FI,KEM,Kemi/Tornea (Kemi/Tornio),10,1-34----,1307.0,6544N 02434E
FI,KEM,Kemi/Tornio (Kemi/Tornea),10,1-34----,1307.0,6544N 02434E
FI,KIM,Kemio (Kimito),19,1-------,1401.0,6010N 02245E
FI,KES,Kesalahti,13,123-----,1307.0,6153N 02950E
FI,SKV,Kilpilahti (Skoldvik),18,1-------,1401.0,6018N 02533E
FI,KIM,Kimito (Kemio),19,1-------,1401.0,6010N 02245E
FI,KIR,Kirkniemi,18,1-3-----,1401.0,6010N 02357E
FI,KTQ,Kitee,13,1--4----,1307.0,6206N 03007E
FI,KLA,Klamila,09,1-3-----,1307.0,6031N 02728E
FI,KOJ,Kojonkulma,19,1-------,1401.0,6057N 02259E
FI,KKR,Kokar,01,1-------,1307.0,5956N 02053E
FI,KOK,Kokkola (Karleby),07,123-----,1307.0,6350N 02307E
FI,KOR,Korpo (Korppoo),19,1-------,1401.0,6010N 02134E
FI,KOR,Korppoo (Korpo),19,1-------,1401.0,6010N 02134E
FI,KKV,Koskenkorva,03,1----6--,1307.0,6241N 02228E
FI,KTK,Kotka,09,123----B,1401.0,6028N 02655E
FI,KVH,Koverhaara (Koverhar),18,1-------,1401.0,5952N 02313E
FI,KVH,Koverhar (Koverhaara),18,1-------,1401.0,5952N 02313E
FI,KRS,Kristiinankaupunki (Kristinestad),12,1-------,1401.0,6217N 02123E
FI,KRS,Kristinestad (Kristiinankaupunki),12,1-------,1401.0,6217N 02123E
FI,KRO,Kronvik,12,1-------,1401.0,6304N 02131E
FI,KUM,Kumlinge,01,1-------,1307.0,6016N 02047E
FI,KUO,Kuopio,15,1234----,1307.0,6253N 02741E
FI,KUR,Kuru,11,1-3-----,1307.0,6152N 02344E
FI,KUS,Kustavi (Gustavs),19,1-------,1307.0,
FI,LAK,Lakulahti,,1-------,1107.0,6031N 02710E
FI,LAN,Langnas,01,1------B,1401.0,
FI,LLO,Lapaluoto,14,1-3-----,1307.0,6440N 02426E
FI,LPJ,Lappajarvi,,1-------,1107.0,6312N 02338E
FI,LPP,Lappeenranta (Villmanstrand),02,1234---B,1307.0,6103N 02811E
FI,LAP,Lappohja (Lappvik),18,1-------,1401.0,5954N 02315E
FI,LAP,Lappvik (Lappohja),18,1-------,1401.0,5954N 02315E
FI,LUK,Laukaa,08,123--6--,1307.0,6225N 02557E
FI,LLX,Lielax,19,1-------,1307.0,6019N 02224E
FI,LSK,Lindkoski,18,1----6--,1401.0,6038N 02616E
FI,LVB,Lovbole,19,1-------,1401.0,6009N 02233E
FI,LOV,Loviisa (Lovisa),18,1-------,1401.0,6027N 02614E
FI,LOV,Lovisa (Loviisa),18,1-------,1401.0,6027N 02614E
FI,LUA,Luumaki,02,123-----,1307.0,6055N 02740E
FI,LUV,Luvia,17,1-------,1401.0,6121N 02137E
FI,MAA,Maaninka,15,1-3-----,1307.0,6309N 02718E
FI,MHQ,Maarianhamina (Mariehamn),01,1--4----,1307.0,6006N 01957E
FI,MTY,Mantyluoto,17,123-----,1307.0,6135N 02129E
FI,MHQ,Mariehamn (Maarianhamina),01,1--4----,1307.0,6006N 01957E
FI,MRS,Marsund,01,1-3-----,1307.0,6012N 01942E
FI,MER,Merikarvia (Sastmola),17,1-------,1401.0,6151N 02130E
FI,MIK,Mikkeli (Sankt Michel),04,1234----,1307.0,6141N 02716E
FI,MUL,Multia,08,1-------,1401.0,6225N 02447E
FI,MUN,Munsala,12,1-------,1307.0,6329N 02220E
FI,MUS,Mustola,02,1-------,1401.0,6104N 02818E
FI,NLI,Naantali (Nadendal),19,1-------,1401.0,6027N 02202E
FI,NLI,Nadendal (Naantali),19,1-------,1401.0,6027N 02202E
FI,NAU,Nagu (Nauvo),19,1-------,1401.0,6011N 02155E
FI,NAU,Nauvo (Nagu),19,1-------,1401.0,6011N 02155E
FI,NLS,Nilsia,15,1-------,1307.0,6312N 02850E
FI,NOU,Nousiainen (Nousis),19,1-3-----,1307.0,6036N 02205E
FI,NUR,Nurmes,13,123-----,1307.0,6332N 02910E
FI,UKP,Nykarleby (Uusikaarlepyy),12,1-------,1401.0,6332N 02232E
FI,SVL,Nyslott (Savonlinna),04,1234----,1307.0,6152N 02854E
FI,UKI,Nystad (Uusikaupunki),19,1-------,1401.0,6048N 02125E
FI,OLK,Olkiluoto,17,1-------,1307.0,6114N 02129E
FI,OUL,Oulu (Uleaborg),14,1234----,1307.0,6501N 02528E
FI,PAR,Parainen (Pargas),19,1-------,1401.0,6018N 02218E
FI,PAR,Pargas (Parainen),19,1-------,1401.0,6018N 02218E
FI,PAH,Parhalahti,14,1----6--,1307.0,6429N 02420E
FI,PRK,Parikkala,02,123-----,1401.0,6133N 02930E
FI,PAA,Parola,06,1-3-----,1401.0,6102N 02421E
FI,PNL,Pennala,13,1-------,1401.0,
FI,PER,Perna (Pernaja),18,1-------,1401.0,6027N 02603E
FI,PER,Pernaja (Perna),18,1-------,1401.0,6027N 02603E
FI,ZBQ,Perttula,18,1-3-----,1401.0,6027N 02442E
FI,PRS,Pietarsaari (Jakobstad),12,123-----,1307.0,6341N 02247E
FI,PT2,Pihtipudas,08,1-3-----,1401.0,6323N 02534E
FI,PK9,Piikkio,19,1----6--,1307.0,6026N 02231E
FI,POH,Pohjankuru (Skuru),18,1-------,1401.0,6007N 02333E
FI,PSI,Poitsila,09,123-----,1401.0,6033N 02710E
FI,POR,Pori (Bjorneborg),17,1-34----,1307.0,6129N 02148E
FI,PRV,Porvoo (Borga),18,1-------,1307.0,6024N 02540E
FI,PUH,Puhos,13,1-------,1307.0,6206N 02955E
FI,PUU,Puumala,04,1-------,1401.0,
FI,RAA,Raahe (Brahestad),14,1-------,1307.0,6441N 02429E
FI,RAU,Rauma (Raumo),17,123----B,1401.0,6108N 02130E
FI,RAU,Raumo (Rauma),17,123----B,1401.0,6108N 02130E
FI,RTR,Rautaruukki,14,1-------,1307.0,6439N 02425E
FI,REP,Reposaari,,1-3-----,1301.0,6137N 02127E
FI,RYM,Rimito (Rymattyla),19,1-------,1401.0,6022N 02157E
FI,RIS,Ristiina,04,1-------,1401.0,6130N 02716E
FI,RHU,Rouhu,,1-------,901.0,6032N 02140E
FI,RVN,Rovaniemi,10,1234----,1401.0,6630N 02543E
FI,ROY,Roytta,,1-------,901.0,6545N 02410E
FI,RUO,Ruotsinpyhtaa (Stromfors),18,1-------,1401.0,6032N 02627E
FI,RUI,Ruovesi,11,1-3-----,1401.0,6159N 02405E
FI,RYM,Rymattyla (Rimito),19,1-------,1401.0,6022N 02157E
FI,SAL,Salo,19,1-------,1401.0,
FI,SAN,Sando (Santasaari),19,1-3-----,1307.0,6013N 02230E
FI,MIK,Sankt Michel (Mikkeli),04,1234----,1307.0,6141N 02716E
FI,SSI,Sarkisalmi,02,123-----,1401.0,6136N 02929E
FI,MER,Sastmola (Merikarvia),17,1-------,1401.0,6151N 02130E
FI,SVL,Savonlinna (Nyslott),04,1234----,1307.0,6152N 02854E
FI,SIP,Sibbo (Sipoo),18,1-------,1401.0,6022N 02516E
FI,SII,Siilinjarvi,15,123-----,1307.0,6305N 02740E
FI,SLY,Siltakyla (Broby),09,1-3-----,1401.0,6030N 02645E
FI,SIP,Sipoo (Sibbo),18,1-------,1401.0,6022N 02516E
FI,SKI,Skinnarvik,19,1-3-----,1307.0,6008N 02228E
FI,SKB,Skogby,18,1-------,1401.0,
FI,SKV,Skoldvik (Kilpilahti),18,1-------,1401.0,6018N 02533E
FI,POH,Skuru (Pohjankuru),18,1-------,1401.0,6007N 02333E
FI,SKU,Skutviken,,1-------,1107.0,5956N 02323E
FI,SNA,Snappertuna,18,1-3-----,1401.0,6000N 02339E
FI,RUO,Stromfors (Ruotsinpyhtaa),18,1-------,1401.0,6032N 02627E
FI,STR,Stromma,19,1-------,1401.0,
FI,SVK,Sulkava,18,1----6--,1401.0,6045N 02512E
FI,SMA,Summa,09,1-3-----,1401.0,6032N 02707E
FI,SUL,Sunila,09,1-------,1401.0,6029N 02657E
FI,SBG,Suomenlinna (Sveaborg),18,1-------,1401.0,6008N 02459E
FI,SBG,Sveaborg (Suomenlinna),18,1-------,1401.0,6008N 02459E
FI,DLS,Taalintehdas (Dalsbruk),19,1-------,1307.0,6001N 02231E
FI,THK,Tahkoluoto,,1-------,1107.0,6138N 02125E
FI,TVS,Taivassalo (Tovsala),19,1-------,1401.0,6034N 02136E
FI,TMP,Tammerfors (Tampere),17,12-4---B,1307.0,6130N 02345E
FI,TAI,Tammisaari (Ekenas),18,1-------,1307.0,5958N 02326E
FI,TMP,Tampere (Tammerfors),17,12-4---B,1307.0,6130N 02345E
FI,TEI,Teijo,19,1-------,1401.0,
FI,TSD,Tervsund,,1-------,1107.0,6015N 02219E
FI,TJO,Tessjo (Tesjoki),18,1-------,1401.0,6028N 02619E
FI,TES,Tessvar,19,1-3-----,1401.0,6003N 02254E
FI,TOJ,Tojby,12,1-3-----,1307.0,6239N 02110E
FI,TOK,Tolkis (Tolkkinen),18,1-------,1401.0,6020N 02535E
FI,TOK,Tolkkinen (Tolkis),18,1-------,1401.0,6020N 02535E
FI,TOR,Tornea (Tornio),10,1-------,1401.0,6551N 02411E
FI,TOR,Tornio (Tornea),10,1-------,1401.0,6551N 02411E
FI,TOT,Tottesund,12,1-------,1307.0,6314N 02203E
FI,TVS,Tovsala (Taivassalo),19,1-------,1401.0,6034N 02136E
FI,TKU,Turku (Abo),19,1-34----,1307.0,6027N 02217E
FI,TVA,Tvarminne,18,1-3-----,1401.0,5950N 02311E
FI,UIM,Uimaharju,13,123-----,1307.0,6254N 03014E
FI,OUL,Uleaborg (Oulu),14,1234----,1307.0,6501N 02528E
FI,ULV,Ulvila,17,123-----,1307.0,6126N 02153E
FI,USK,Uskila,11,1-3-----,1401.0,6114N 02415E
FI,UKP,Uusikaarlepyy (Nykarleby),12,1-------,1401.0,6332N 02232E
FI,UKI,Uusikaupunki (Nystad),19,1-------,1401.0,6048N 02125E
FI,UUS,Uusi-Valamo/Heinavesi,04,1-3-----,1401.0,
FI,VAA,Vaasa (Vasa),12,1-34----,1307.0,6306N 02136E
FI,VKO,Valko (Valkom),18,1-3-----,1401.0,
FI,VKO,Valkom (Valko),18,1-3-----,1401.0,
FI,VJK,Varjakka,14,1-------,1307.0,6454N 02508E
FI,VRK,Varkaus,15,1234---B,1307.0,6219N 02754E
FI,VIR,Varpuniemi (Kello),10,1-3-----,1307.0,6405N 02824E
FI,VAR,Vartsala,19,1-3-----,1307.0,6020N 02300E
FI,VAA,Vasa (Vaasa),12,1-34----,1307.0,6306N 02136E
FI,WAS,Vasklot (Vaskiluoto),12,1-3-----,1307.0,6306N 02134E
FI,VTF,Vastanfjard,19,1-3-----,1307.0,6003N 02239E
FI,VEI,Veitsiluoto,10,1-------,1307.0,6541N 02438E
FI,VEL,Velkua,19,1-------,1401.0,6028N 02140E
FI,VAS,Vestlax,19,1-3-----,1307.0,6005N 02246E
FI,LPP,Villmanstrand (Lappeenranta),02,1234---B,1307.0,6103N 02811E
FI,VRA,Virrat (Virdois),11,123-----,1307.0,6214N 02345E
FI,VKT,Vuoksen Terminal,02,123-----,1401.0,6113N 02849E
FI,VSS,Vuosaari (Nordsjo),18,1-------,1401.0,6013N 02511E
FI,YXP,Yxpila,,123-----,901.0,6350N 02302E
FJ,DEN,Denarau,11,1-3--6--,1907.0,1746S 17723E
FJ,ELL,Ellington Wharf,,1-------,1107.0,1721S 17813E
FJ,LBS,Labasa,07,1--4----,1701.0,1625S 17923E
FJ,LTK,Lautoka,01,123-----,1701.0,1737S 17727E
FJ,MAL,Malau (Labasa),,1-3-----,701.0,1622S 17923E
FJ,MOM,Momi,,123-----,701.0,1755S 17717E
FJ,NAM,Nambouwalu,,1-3-----,701.0,1659S 17842E
FJ,RTA,Rotuma,,1--4----,9506.0,
FJ,SVU,Savusavu,,1--4----,9601.0,
FJ,SIN,Singatoka,,1-3-----,701.0,1810S 17731E
FJ,SUV,Suva,12,1--45---,1701.0,1808S 17827E
FJ,VAT,Vatia Wharf,,1-3-----,701.0,1724S 17746E
FJ,VUD,Vuda,,1-------,1201.0,1736S 17730E
FJ,WAI,Wairiki,,1-------,1101.0,1655S 17840E
FK,FBE,Fox Bay,,1---5---,9808.0,
FK,PSY,Port Stanley,,1--4----,9601.0,
FM,TKK,Chuuk (ex Truk),,1--4----,9506.0,
FM,EAU,Eauripik Atoll,YAP,1-------,901.0,0642N 14304E
FM,FSI,Faisi,,1-------,8103.0,
FM,GAF,Gaferut Atoll,YAP,1-------,901.0,0914N 14523E
FM,IFA,Ifalik Atoll,YAP,1-------,901.0,0714N 14427E
FM,KSA,Kosrae (ex Kusaie),,1--4----,9601.0,
FM,LUK,Lukunor Atoll,TRK,1-------,901.0,0531N 15346E
FM,NGA,Ngatik,PNI,1-------,901.0,0548N 15716E
FM,PNI,Pohnpei (ex Ponape),,1--4----,9601.0,
FM,PUL,Pulap Island,TRK,1-------,901.0,0735N 14925E
FM,PLW,Puluwat,TRK,1-------,901.0,0721N 14911E
FM,SAT,Satawal,YAP,1-------,901.0,0721N 14702E
FM,SOR,Sorol Atoll,YAP,1-------,901.0,0808N 14023E
FM,WOL,Woleai Atoll,YAP,1-------,901.0,0721N 14352E
FM,YAP,Yap,,1--4----,9601.0,
FO,EDI,Eidi,,1-------,901.0,6218N 00705W
FO,FUG,Fuglafjordur,,1-------,701.0,
FO,HYV,Hoyvik,,1-3-----,907.0,6202N 00645W
FO,HUS,Husevig,,1-------,8401.0,
FO,KVI,Klaksvik,,1-------,8401.0,
FO,KOL,Kollafjordur,,1-3-----,501.0,6207N 00653W
FO,LOP,Lopra,,1-------,9506.0,
FO,NLS,Nolsoy,,1-3-----,1001.0,6201N 00640W
FO,NSK,Noryskali,,1-------,401.0,6213N 00700W
FO,RVK,Runavik,,1-3-----,701.0,6207N 00643W
FO,SJO,Sjovar havn,,1-------,907.0,6206N 00645W
FO,SKA,Skali,,1-3-----,901.0,6209N 00646W
FO,SMJ,Solmundefjord,,1-------,9012.0,
FO,SRV,Sorvagur,,1-------,212.0,6204N 00718W
FO,STR,Strendur,,1-------,901.0,6207N 00645W
FO,SYN,Streymnes,,1-3-----,901.0,6212N 00701W
FO,THO,Thorshavn,,1-------,201.0,6201N 00646W
FO,TOF,Toftir,,1-------,901.0,6206N 00644W
FO,TOR,Torshavn,,1----6--,1601.0,6210N 06460W
FO,TVO,Tvoroyri,,1-------,212.0,6133N 00648W
FO,VID,Vadair,,1-------,9012.0,
FO,VAG,Vagur,,1-3-----,207.0,6128N 00649W
FO,VES,Vestmanhavn,,1-------,8401.0,
FR,ABB,Abbeville,80,12-4----,1901.0,5006N 00150E
FR,A86,Achery,02,1-3-----,1401.0,4941N 00323E
FR,AGF,Agen,47,12-4----,1901.0,4412N 00037E
FR,AWS,Aiserey,21,1-3-----,1401.0,4710N 00510E
FR,AJA,Ajaccio,2A,1--45---,1901.0,4156N 00844E
FR,AMS,Ambes,33,1-3-----,1701.0,4500N 00032W
FR,YMS,Ambly-sur-Meuse,55,1-3-----,1107.0,4901N 00527E
FR,AMI,Amiens,80,12------,2101.0,4954N 00218E
FR,ADB,Andernos-les-Bains,33,1-3-----,1901.0,4444N 00106W
FR,XAN,Anse,69,123-----,601.0,4556N 00443E
FR,ANT,Antibes,06,1-3-----,2207.0,4335N 00707E
FR,AAH,Apach,57,1-3-----,1901.0,4927N 00622E
FR,AAO,Aramon,30,123-----,601.0,4354N 00440E
FR,ARC,Arcachon,33,1234----,2207.0,4439N 00111W
FR,ARD,Ardres,62,1-3-----,407.0,5051N 00159E
FR,TWA,Ares,33,1-3--6--,1207.0,4446N 00108W
FR,AXY,Argancy,57,123-----,907.0,4912N 00612E
FR,AJR,Argeliers,11,1-3-----,1901.0,4318N 00254E
FR,RME,Armentieres,59,123-----,601.0,5041N 00253E
FR,ARR,Arras,62,12345---,1901.0,5017N 00247E
FR,AA2,Asnelles,14,1-3-----,2201.0,4920N 00035W
FR,AQS,Asnieres-sur-Seine,92,1-3-----,601.0,4855N 00217E
FR,A84,Aubais,30,1----6--,2101.0,4345N 00009E
FR,AUD,Audierne,29,1-3-----,2207.0,4801N 00434W
FR,AIQ,Audruicq,62,1-3-----,1901.0,5052N 00204E
FR,AEO,Auvers-sur-Oise,95,123-----,601.0,4904N 00211E
FR,AUF,Auxerre,89,12------,1901.0,4748N 00334E
FR,AVN,Avignon,84,12-4----,1901.0,4357N 00448E
FR,AYW,Ay,51,123-----,601.0,4903N 00400E
FR,AYT,Aytre,17,123-----,2207.0,4608N 00106W
FR,ZLE,Azille,11,1-------,1901.0,4317N 00240E
FR,NOP,Baden,56,1-3-----,2207.0,4737N 00255W
FR,BLF,Balaruc-les-Bains,34,1-3-----,601.0,4327N 00341E
FR,NTZ,Bantouzelle,59,1-3-----,601.0,5004N 00312E
FR,BLD,Bar-le-Duc,55,12------,212.0,4847N 00510E
FR,BAS,Bassens,33,12------,1901.0,4454N 00031W
FR,,Basse-Terre = GP BBR,,1---5---,9506.0,
FR,BIA,Bastia,2B,1-345---,2207.0,4242N 00927E
FR,BQA,Bauvin,59,123-----,601.0,5031N 00254E
FR,BAV,Bavilliers,90,1-3-----,501.0,4737N 00650E
FR,BAY,Bayonne,64,1234----,2207.0,4330N 00129W
FR,WBY,Bayon-sur-Gironde,33,1-3--6--,2207.0,4503N 00036W
FR,BCA,Beaucaire,30,123-----,212.0,4348N 00438E
FR,B6P,Beaumont-de-Pertuis,84,1----6--,2007.0,4344N 00542E
FR,BMT,Beaumont-sur-Oise,95,123-----,601.0,4908N 00218E
FR,DBE,Benodet,29,1-3-----,2207.0,4752N 00406W
FR,BM7,Bernieres-sur-Mer,14,1-3-----,2201.0,4920N 00025W
FR,ETB,Berre-l'Etang,13,123-----,1207.0,4328N 00510E
FR,BEV,Berville-sur-Mer,27,1-------,401.0,4926N 00022E
FR,BSN,Besancon,25,123-5---,212.0,4715N 00602E
FR,3CG,Bessan,34,1----6--,1901.0,4322N 00325E
FR,BET,Bethune,62,12------,1901.0,5032N 00238E
FR,BTU,Betton,35,123-----,601.0,4810N 00138W
FR,IHS,Biaches,80,123-----,901.0,4955N 00255E
FR,BIQ,Biarritz,64,1234----,2207.0,4329N 00133W
FR,BDD,Bidart,64,1-3--6--,701.0,4326N 00134W
FR,DNZ,Billy-le-Grand,51,1----6--,1901.0,4906N 00414E
FR,BN2,Binic,22,1-3-----,2201.0,4836N 00250W
FR,IRT,Bissert,67,1-3-----,601.0,4856N 00702E
FR,YVG,Blagny-sur-Vingeanne,21,123-----,601.0,4726N 00522E
FR,BYE,Blaye,33,1-3-----,2207.0,4508N 00040W
FR,BPS,Blenod-les-Pont-a-Mousson,54,123-----,407.0,4853N 00603E
FR,WMN,Blienschwiller,67,1----6--,1901.0,4820N 00725E
FR,HYD,Bligny,10,1----6--,2101.0,4810N 00437E
FR,MWF,Blomac,11,1----6--,1901.0,4312N 00236E
FR,BCQ,Boissettes,77,123-----,601.0,4831N 00237E
FR,BXO,Bollene,84,1-3-----,1901.0,4417N 00444E
FR,FAX,Boncourt-le-Bois,21,1----6--,2101.0,4708N 00500E
FR,BON,Bonifacio,2A,1-------,1901.0,4123N 00910E
FR,EFG,Bonnelles,78,1----6--,2101.0,4837N 00202E
FR,HJK,Bonnencontre,21,1----6--,1901.0,4705N 00509E
FR,BSM,Bonneuil-sur-Marne,94,1-3-----,1901.0,4846N 00229E
FR,BSC,Bonsecours,76,1-------,1901.0,4926N 00108E
FR,BOD,Bordeaux,33,12345---,1901.0,4450N 00035W
FR,BFT,Botans,90,123-----,601.0,4736N 00651E
FR,BAU,Boucau,64,123-----,2207.0,4331N 00129W
FR,BHC,Bouchain,59,1----6--,901.0,5017N 00319E
FR,UGV,Bougival,78,1-------,1901.0,4852N 00208E
FR,BOI,Bouguenais,44,123-----,2101.0,4711N 00137W
FR,AAI,Bouliac,33,1----6--,1901.0,4449N 00031W
FR,OGB,Boulogne-Billancourt,92,1-3-----,2207.0,4850N 00215E
FR,BOL,Boulogne-sur-Mer,62,12------,1901.0,5043N 00137E
FR,BH4,Bourcefranc-le-Chapus,17,1-------,1201.0,4551N 00109W
FR,RTE,Bourg-Charente,16,123-----,601.0,4540N 00014W
FR,UUO,Boursault,51,1----6--,1901.0,4903N 00351E
FR,OJA,Boutiers-Saint-Trojan,16,1----6--,1901.0,4543N 00018W
FR,GUZ,Bouzigues,34,1-3-----,1207.0,4327N 00339E
FR,ZTW,Bram,11,1----6--,1901.0,4315N 00207E
FR,AJK,Brasles,02,1----6--,1901.0,4903N 00326E
FR,BEP,Brazey-en-Plaine,21,123-----,212.0,4708N 00513E
FR,BRQ,Brebieres,62,123-----,601.0,5020N 00301E
FR,BQT,Brebotte,90,1-3-----,601.0,4735N 00658E
FR,EHA,Brehan,56,123-----,1901.0,4804N 00241W
FR,BES,Brest,29,1234----,1401.0,4824N 00429W
FR,EHY,Brethenay,52,1-3-----,1901.0,4809N 00507E
FR,BM8,Bricqueville-sur-Mer,50,1-------,2201.0,4855N 00131W
FR,UUC,Bruch,47,1----6--,1901.0,4413N 00025E
FR,UFN,Buffon,21,1-3-----,1901.0,4739N 00416E
FR,P5C,Busnes,62,1-------,1401.0,5035N 00231E
FR,UYO,Butry-sur-Oise,95,1-3-----,901.0,4905N 00212E
FR,XEU,Buxeuil,10,1-------,1901.0,4803N 00424E
FR,ZUI,Buzet-sur-Baise,47,1-3-----,1901.0,4415N 00017E
FR,CAW,Cabourg,14,1-3-----,601.0,4917N 00007W
FR,CFR,Caen,14,1234----,1901.0,4911N 00022W
FR,CQF,Calais,62,12-45---,1901.0,5057N 00151E
FR,CLY,Calvi,2B,1--4----,1207.0,4234N 00845E
FR,QBR,Camarsac,33,1----6--,2101.0,4450N 00022W
FR,QZX,Camillac,33,1----6--,1901.0,4503N 00035W
FR,PHG,Campagnac,81,1----6--,1901.0,4402N 00151E
FR,QMM,Campagne,34,1----6--,1901.0,4347N 00402E
FR,UDP,Camp-du-Castellet,83,1----6--,1907.0,4315N 00545E
FR,ZXC,Camplong-d'Aude,11,1----6--,1901.0,4308N 00239E
FR,LKJ,Campouriez,12,1----6--,2101.0,4441N 00237E
FR,CKY,Cancale,35,1-3-----,2101.0,4841N 00151W
FR,CEQ,Cannes,06,12-4----,1901.0,4333N 00701E
FR,CCK,Cantois,33,1----6--,1901.0,4442N 00014W
FR,CBT,Capbreton,40,1-3-----,1901.0,4338N 00126W
FR,CDX,Capendu,11,123-----,601.0,4311N 00233E
FR,CP3,Capinghem,59,1----6--,2101.0,5039N 00258E
FR,CQQ,Caplong,33,1----6--,1901.0,4447N 00008E
FR,C2P,Capo Pertusato,2A,1-------,1901.0,4122N 00911E
FR,UXL,Carlux,24,1----6--,1901.0,4453N 00121E
FR,NAC,Carnac,56,1-3-----,501.0,4735N 00305W
FR,VCS,Carnas,30,1----6--,1901.0,4350N 00359E
FR,ZZU,Carnoules,83,1----6--,1901.0,4318N 00611E
FR,ZMB,Caromb,84,1----6--,1901.0,4407N 00506E
FR,COZ,Caronte,13,1-3-----,212.0,4324N 00501E
FR,CDH,Castets-en-Dorthe,33,1-3-----,601.0,4433N 00009W
FR,CQG,Caumont-sur-Garonne,47,1-3-----,601.0,4427N 00012E
FR,UNL,Cauneille,40,123--6--,701.0,4332N 00104W
FR,CQD,Cendrecourt,70,123-----,601.0,4751N 00556E
FR,CN5,Centuri,2B,1-3-----,2201.0,4257N 00921E
FR,CJO,Cepoy,45,1-3-----,1901.0,4803N 00243E
FR,CCN,Cerons,33,123-----,601.0,4438N 00020W
FR,ER5,Cers,34,1-------,2101.0,4319N 00318E
FR,CT4,Chaillevette,17,1-3-----,2201.0,4544N 00103W
FR,YXA,Chailly-sur-Armancon,21,1-3--6--,2101.0,4716N 00429E
FR,CSM,Chalons-en-Champagne,51,12------,1901.0,4857N 00422E
FR,CSS,Chalon-sur-Saone,71,12-4----,1901.0,4647N 00451E
FR,CMC,Chamblanc,21,1-3-----,407.0,4701N 00509E
FR,CYI,Chamilly,71,1-------,1901.0,4652N 00441E
FR,NNH,Channes,10,1-------,2101.0,4756N 00415E
FR,C26,Chanos-Curson,26,1----6--,1901.0,4504N 00455E
FR,AO7,Chardonnay,71,1----6--,1901.0,4630N 00452E
FR,CHM,Charleville-Mezieres,08,12------,1901.0,4946N 00443E
FR,CM4,Charly-sur-Marne,02,1----6--,1901.0,4858N 00317E
FR,V88,Charmes,88,1-3-----,1401.0,4822N 00617E
FR,RTV,Charteves,02,1-3-----,1901.0,4905N 00329E
FR,69R,Chasselay,69,1----6--,1901.0,4552N 00447E
FR,CC4,Chassey-le-Camp,71,1----6--,1901.0,4653N 00442E
FR,CQN,Chateau-Landon,77,1-3-----,601.0,4809N 00242E
FR,EFR,Chateauneuf-de-Gadagne,84,1----6--,2101.0,4356N 00456E
FR,CFG,Chateauneuf-le-Rouge,13,1-3--6--,2101.0,4329N 00534E
FR,QWC,Chateauvert,83,1----6--,1901.0,4330N 00602E
FR,TCJ,Chatillon-Coligny,45,1-3-----,1901.0,4749N 00251E
FR,CXA,Chatillon-Saint-Jean,26,1-------,2101.0,4505N 00508E
FR,CXS,Chatillon-sur-Loire,45,1-3-----,212.0,4735N 00245E
FR,IY8,Chauffour,71,1----6--,1907.0,4820N 00000E
FR,CMT,Chaumont,52,12------,1901.0,4807N 00508E
FR,HAO,Chaumousey,88,1-3-----,1901.0,4810N 00620E
FR,C2H,Chausey,50,1-------,1901.0,4850N 00136W
FR,DC2,Cheminas,07,1-------,1901.0,4507N 00445E
FR,CS5,Chenac-Saint-Seurin-d'Uzet,17,1----6--,1901.0,4531N 00050W
FR,HY9,Cheny,89,1----6--,1201.0,4757N 00332E
FR,CER,Cherbourg-en-Cotentin,50,12-4----,1901.0,4938N 00137W
FR,HEY,Chessy,77,123-----,601.0,4853N 00246E
FR,HIY,Chierry,02,123--6--,601.0,4902N 00326E
FR,HPY,Chipilly,80,1-3-----,601.0,4955N 00239E
FR,OOZ,Chooz,08,1-3-----,601.0,5006N 00448E
FR,LO9,Chorey-les-Beaune,21,1----6--,2101.0,4703N 00452E
FR,G8R,Chusclan,30,1----6--,1901.0,4409N 00441E
FR,XLZ,Civrac-de-Blaye,33,1----6--,1901.0,4507N 00027W
FR,VEY,Clairvaux-d'Aveyron,12,1-3--6--,2101.0,4425N 00225E
FR,CNG,Cognac,16,12-4----,1901.0,4542N 00020W
FR,ONY,Cognocoli,2A,1----6--,1907.0,4149N 00854E
FR,ZT7,Collorgues,30,1----6--,1901.0,4400N 00417E
FR,CMR,Colmar,68,12-4----,1901.0,4805N 00721E
FR,MJY,Colombier,24,1----6--,1901.0,4447N 00031E
FR,QYV,Colombiers,34,1----6--,1901.0,4319N 00308E
FR,RZW,Combaillaux,34,1----6--,1901.0,4341N 00346E
FR,JMQ,Combertault,21,1----6--,2101.0,4700N 00454E
FR,QPL,Communay,69,1----6--,2101.0,4536N 00450E
FR,CMP,Compiegne,60,12------,1901.0,4925N 00249E
FR,EZX,Comps,33,1----6--,1901.0,4504N 00036W
FR,COC,Concarneau,29,12------,1901.0,4753N 00355W
FR,LKZ,Concoeur-et-Corboin,21,1----6--,2101.0,4710N 00455E
FR,XCB,Corcelles-en-Beaujolais,69,1----6--,1901.0,4609N 00443E
FR,ZLL,Corcelles-les-Arts,21,1----6--,1901.0,4657N 00448E
FR,ZNN,Corconne,30,1----6--,1901.0,4352N 00356E
FR,CXY,Cordemais,44,1-------,1901.0,4717N 00153W
FR,ZMM,Cormeilles,27,1----6--,1901.0,4915N 00023E
FR,ZMY,Cormeray,41,1----6--,1901.0,4729N 00124E
FR,QQQ,Cormicy,51,1----6--,1901.0,4922N 00354E
FR,CT2,Coustellet,84,1----6--,1907.0,4353N 00511E
FR,RAV,Cravant,89,123-----,601.0,4741N 00341E
FR,CR4,Creancey,21,1----6--,1201.0,4715N 00436E
FR,CSD,Creches-sur-Saone,71,123-----,501.0,4615N 00447E
FR,CRL,Creil,60,12------,1901.0,4915N 00229E
FR,YEN,Creney-pres-Troyes,10,123-----,2101.0,4820N 00408E
FR,HZK,Crestet,84,1----6--,1901.0,4413N 00506E
FR,VH4,Crezancy-en-Sancerre,18,1----6--,1901.0,4718N 00245E
FR,MKX,Crissay-sur-Manse,37,1----6--,1901.0,4709N 00029E
FR,QSM,Crouttes-sur-Marne,02,1----6--,1901.0,4859N 00314E
FR,CKT,Cruet,73,1----6--,2101.0,4531N 00605E
FR,CQR,Cruscades,11,1----6--,1901.0,4311N 00249E
FR,KLY,Cruzy,34,1----6--,1901.0,4321N 00257E
FR,CCP,Cubzac-les-Ponts,33,123-----,601.0,4458N 00027W
FR,UFF,Cuffies,02,123-----,1901.0,4924N 00319E
FR,CA2,Cuxac-d'Aude,11,1----6--,1901.0,4315N 00300E
FR,DAL,Dallon,02,1-3-----,1901.0,4949N 00314E
FR,DGD,Damgan,56,1-3-----,2201.0,4731N 00235W
FR,DVT,Darvault,77,123-----,2101.0,4816N 00244E
FR,DOL,Deauville,14,1--4----,1901.0,4922N 00004E
FR,DMV,Demangevelle,71,1----6--,901.0,4756N 00602E
FR,QVP,Demigny,71,1----6--,1901.0,4656N 00450E
FR,DEN,Denain,59,123-----,601.0,5019N 00324E
FR,ZPP,Denee,49,1----6--,1901.0,4723N 00036W
FR,QLK,Denice,69,1----6--,1901.0,4600N 00439E
FR,DEI,Denneville,50,1-------,2201.0,4919N 00139W
FR,DDR,Deyme,31,1-3-----,1401.0,4329N 00132E
FR,DPE,Dieppe,76,12-4----,1901.0,4955N 00105E
FR,9DS,Dieue-Sur-Meuse,55,1----6--,1901.0,4904N 00525E
FR,EDU,Dieulouard,54,123-----,607.0,4851N 00604E
FR,DIJ,Dijon,21,12-4----,1901.0,4719N 00503E
FR,DNJ,Dions,84,1----6--,1907.0,4350N 00419E
FR,DML,Dom-le-Mesnil,08,123-----,601.0,4941N 00448E
FR,DON,Donges,44,12----7-,2101.0,4718N 00204W
FR,DMS,Dormans,51,123-----,501.0,4904N 00338E
FR,DRZ,Douarnenez,29,1-------,1901.0,4806N 00420W
FR,DKK,Dunkerque,59,12--5---,1901.0,5102N 00223E
FR,ECI,Ecuelles,77,1-3-----,601.0,4821N 00249E
FR,UTI,Ecutigny,21,123-----,1901.0,4705N 00437E
FR,EGG,Epagne-Epagnette,80,1-3-----,1201.0,5004N 00152E
FR,5EP,Epervans,71,1----6--,1201.0,4645N 00454E
FR,EP5,Epineuil,89,1----6--,1901.0,4752N 00359E
FR,EHU,Ercheu,80,1-3-----,601.0,4943N 00257E
FR,ER4,Erome,26,1----6--,1901.0,4507N 00449E
FR,ESB,Esbly,77,123-----,601.0,4854N 00249E
FR,TJX,Escautpont,59,1----6--,1901.0,5025N 00334E
FR,EM2,Essomes-sur-Marne,02,1----6--,1901.0,4901N 00322E
FR,EXS,Estaires,59,1-3-----,1901.0,5038N 00243E
FR,ETA,Etalans,25,123-----,1901.0,4709N 00616E
FR,ESM,Etalondes,76,1-------,2101.0,5002N 00123E
FR,E29,Etel,56,1-3-----,2201.0,4739N 00312W
FR,EIO,Etiolles,91,1-3-----,1901.0,4838N 00228E
FR,ET2,Etretat,76,1-------,2201.0,4942N 00012E
FR,PF4,Etrigny,71,1----6--,1901.0,4635N 00448E
FR,EVR,Evry,91,12------,1901.0,4837N 00226E
FR,EYZ,Eyrein,19,1-------,2101.0,4520N 00157E
FR,FEC,Fecamp,76,12------,1901.0,4945N 00023E
FR,F2V,Fermanville,50,1-------,1901.0,4941N 00127W
FR,FUL,Feuilleres,80,1-3-----,1901.0,4957N 00250E
FR,FEY,Feyzin,69,12----7-,1901.0,4540N 00452E
FR,SNM,Flammerans,21,123-----,407.0,4714N 00527E
FR,YSO,Fleurey-sur-Ouche,21,123-----,2101.0,4719N 00451E
FR,FNS,Flins,78,1-3-----,501.0,4858N 00152E
FR,FIE,Fontafie,16,1-------,2101.0,4552N 00032E
FR,FOP,Fontaine-le-Port,77,123-----,601.0,4829N 00246E
FR,FTB,Fort-Batard,62,1-3-----,1907.0,5054N 00200E
FR,,Fort-de-France = MQ FDF,,1--45---,9506.0,
FR,FOS,Fos-sur-Mer,13,123---7-,2101.0,4326N 00456E
FR,FUS,Fouesnant,29,1-3--6--,1201.0,4754N 00401W
FR,FBI,Fougeres-sur-Bievre,41,1-------,1901.0,4727N 00121E
FR,FDR,Fraisse-des-Corbieres,11,1-------,1901.0,4258N 00252E
FR,FA3,Francueil,37,1-------,1901.0,4719N 00105E
FR,RNY,Frangy,74,1-------,1901.0,4601N 00556E
FR,FAU,Fresnes-sur-Escaut,59,1-------,2101.0,5026N 00335E
FR,F3M,Fresnes-sur-Marne,77,1-3-----,1401.0,4856N 00244E
FR,RS4,Frossay,44,1-3-----,2201.0,4715N 00156W
FR,FBL,Fublaines,77,1-3-----,1901.0,4856N 00256E
FR,FMA,Fumay,08,1-3-----,1901.0,4958N 00441E
FR,TLP,Gatteville-le-Phare,50,1-3-----,2201.0,4941N 00117W
FR,GUR,Gauriac,33,1-------,601.0,4504N 00037W
FR,GTN,Genets,50,1-3-----,2201.0,4841N 00129W
FR,GVL,Gennevilliers,92,12------,1901.0,4856N 00218E
FR,GXY,Gergy,71,1-3-----,1901.0,4653N 00457E
FR,GHD,Geudertheim,67,1----6--,1107.0,4843N 00745E
FR,GAO,Gigny-sur-Saone,71,1-3-----,1901.0,4640N 00455E
FR,G8V,Glaire-et-Villette,08,1-------,1401.0,4943N 00455E
FR,GLO,Gonfreville-l'Orcher,76,1-----7-,1901.0,4930N 00014E
FR,GCP,Grandcamp-Maisy,14,1-3-----,2201.0,4923N 00058E
FR,GDS,Grande-Synthe,59,123-----,401.0,5100N 00217E
FR,GPO,Grand-Fort-Philippe,59,1-3-----,2201.0,5100N 00206E
FR,GFR,Granville,50,12-4----,1901.0,4850N 00135W
FR,GRV,Gravelines,59,1-------,1901.0,5059N 00208E
FR,GV6,Gravette,44,1-------,1901.0,4708N 00210W
FR,GNY,Grigny,91,123-----,407.0,4839N 00223E
FR,G2X,Groix,56,1-------,1201.0,4738N 00328W
FR,GBQ,Guarbecque,62,1-------,1901.0,5037N 00229E
FR,GEW,Gueberschwihr,68,1-------,2101.0,4800N 00717E
FR,GXE,Guenrouet,44,1-3-----,601.0,4731N 00158W
FR,UVI,Guerville,78,1-------,1901.0,4857N 00144E
FR,GB2,Guethary,64,1-3-----,2201.0,4325N 00136W
FR,UEU,Gueux,51,1-------,1901.0,4915N 00354E
FR,GCH,Guichen,35,1-------,601.0,4758N 00147W
FR,UIM,Guimaec,29,1-------,1901.0,4840N 00342W
FR,UNS,Guines,62,1-3-----,507.0,5052N 00152E
FR,8GT,Guitalens-l'Albarede,81,123456--,2207.0,4339N 00203E
FR,GMS,Gujan-Mestras,33,123-----,601.0,4438N 00104W
FR,HS2,Haisnes,62,1----6--,901.0,5031N 00248E
FR,Y78,Hardricourt,78,1----6--,1901.0,4900N 00154E
FR,HRF,Harfleur,76,1-------,1901.0,4930N 00012E
FR,HRN,Harnes,62,1-------,1701.0,5027N 00254E
FR,H57,Hartzviller,57,1----6--,1901.0,4840N 00705E
FR,HSA,Hauteville-sur-Mer,50,1-------,2201.0,4859N 00132W
FR,HV2,Hautvillers,51,1----6--,1901.0,4905N 00357E
FR,HET,Hennebont,56,1-------,1901.0,4748N 00317W
FR,HBV,Heudebouville,27,123-----,501.0,4912N 00115E
FR,BG6,Hiers-Brouage,17,1-3-----,2201.0,4551N 00104W
FR,HDO,Hoedic,56,1-------,2201.0,4720N 00253W
FR,H67,Hohwarth,67,1----6--,1907.0,4820N 00721E
FR,HOG,Hombourg,68,1----6--,1901.0,4746N 00730E
FR,RFA,Homps,11,1----6--,1901.0,4316N 00243E
FR,HON,Honfleur,14,12345---,1207.0,4925N 00014E
FR,HOP,Hopital-Camfrout,29,1-3-----,2201.0,4820N 00414W
FR,JKI,Hordain,59,1----6--,1901.0,5016N 00319E
FR,HSG,Hossegor,40,1-------,601.0,4340N 00126W
FR,HUN,Huningue,68,123-----,401.0,4736N 00735E
FR,HYR,Hyeres,83,1-3-----,1207.0,4307N 00607E
FR,IXY,Igney,88,1-3-----,1901.0,4816N 00624E
FR,IDX,Ile-d'Aix,17,1-------,2201.0,4601N 00111W
FR,HMX,Ile-de-Batz,29,1-------,2201.0,4845N 00359E
FR,IHR,Ile-de-Brehat,22,1-------,2201.0,4851N 00100E
FR,IS4,Ile-de-Sein,29,1-------,2201.0,4802N 00451W
FR,HOT,Ile-d'Houat,56,1-------,2201.0,4723N 00103E
FR,ME5,Ile-Molene,29,1-------,2201.0,4824N 00303E
FR,TTU,Ile-Tudy,29,1-3-----,2201.0,4750N 00410W
FR,LJG,Illange,57,1----6--,1901.0,4920N 00611E
FR,BAI,Indre,44,1-3-----,2207.0,4712N 00140W
FR,IGS,Ingrandes,49,123-----,1401.0,4724N 00055W
FR,ISM,Isigny-sur-Mer,14,1-3-----,1207.0,4918N 00106W
FR,ISG,Isle-Saint-Georges,33,1----6--,1101.0,4443N 00029W
FR,IOU,Issou,78,1-3-----,1901.0,4859N 00148E
FR,IZO,Izon,33,1-------,1901.0,4455N 00022W
FR,JAV,Javrezac,16,1----6--,1901.0,4542N 00021W
FR,UXE,Joigny,89,1----6--,1901.0,4759N 00324E
FR,JUU,Jouarre,77,1-3-----,601.0,4856N 00308E
FR,JLP,Juan-les-Pins,06,1-34----,1207.0,4334N 00706E
FR,YAN,Junay,89,1----6--,1901.0,4753N 00357E
FR,KRE,Kerlouan,29,1-------,2201.0,4839N 00422W
FR,,Kourou = GF QKR,,1---5---,9506.0,
FR,BR5,La Barbotiere,33,1-------,2101.0,4438N 00104W
FR,LBD,La Bassee,59,123--6--,601.0,5032N 00248E
FR,BM3,La Beaumette,06,1----6--,1907.0,4409N 00654E
FR,BQH,La Bussiere-sur-Ouche,21,1-3-----,1901.0,4713N 00443E
FR,CL2,La Cerlangue,76,1----6--,1901.0,4930N 00025E
FR,M2S,La Chapelle,56,1-3-----,2407.0,4752N 00225W
FR,CS2,La Chapelle-Saint-Sauveur,71,1----6--,1901.0,4650N 00516E
FR,LCT,La Ciotat,13,1-------,1901.0,4311N 00536E
FR,RDM,La Couarde-sur-Mer,17,1-3-----,601.0,4612N 00124W
FR,LZF,La Foret-Fouesnant,29,1-3-----,1207.0,4755N 00359W
FR,GDM,La Grande-Motte,34,1-3-----,601.0,4334N 00405E
FR,GHG,La Hague,50,1-3-----,2207.0,4939N 00149W
FR,LMW,La Maxe,57,1-3-----,601.0,4910N 00611E
FR,LMD,la Mede,13,12------,1901.0,4324N 00507E
FR,L83,La Moutonne,83,1-------,1401.0,4307N 00604E
FR,LPE,la Pallice,17,1-------,1901.0,4610N 00113W
FR,JYS,La Penne-sur-Ouveze,26,1----6--,1907.0,4415N 00513E
FR,RDT,La Redorte,11,1-3-----,1901.0,4315N 00238E
FR,G33,La Riviere,33,1----6--,1901.0,4456N 00019W
FR,LRH,La Rochelle,17,12-4----,1901.0,4610N 00109W
FR,YNE,La Seyne-sur-Mer,83,123-----,407.0,4306N 00553E
FR,MHB,La Trinite-sur-Mer,56,1-3-----,1207.0,4735N 00302W
FR,TBE,La Turballe,44,1-------,1201.0,4721N 00231W
FR,IBA,La Voge-les-Bains,88,1-3-----,2207.0,4800N 00616E
FR,EGE,Labege,31,123-----,1901.0,4332N 00132E
FR,LGM,Lagny-sur-Marne,77,1-3-----,1901.0,4852N 00243E
FR,LQG,Lamagistere,82,1-3-----,1901.0,4407N 00048E
FR,LP7,Lamor-Plage,56,1-------,1201.0,4742N 00323W
FR,LN3,Landeda,29,1-3-----,2201.0,4835N 00434W
FR,LDN,Landerneau,29,1-------,1901.0,4827N 00415W
FR,LN8,Landevennec,29,1-3-----,2201.0,4818N 00416W
FR,8LV,Landunvez,29,1-3-----,2207.0,4832N 00444W
FR,ANO,Langon,33,123--6--,601.0,4433N 00015W
FR,DUT,Lanildut,29,1-------,1201.0,4829N 00445W
FR,LO6,Lanmodez,22,1-3-----,2201.0,4851N 00306W
FR,LAI,Lannion,22,1--4----,1901.0,4844N 00327W
FR,LAD,l'Ardoise,30,123-----,2101.0,4406N 00442E
FR,RMO,Larmor-Baden,56,1-3-----,2201.0,4735N 00254W
FR,LA5,Lauraguel,11,1-------,1901.0,4306N 00210E
FR,LA4,Lauris,84,1-------,1901.0,4345N 00519E
FR,NSD,Lavans-les-Dole,39,1-3-----,1901.0,4708N 00535E
FR,LAV,Lavera,13,12------,212.0,4323N 00502E
FR,GFV,Lavigny,39,1-------,2101.0,4643N 00536E
FR,ZYL,Lazenay,18,1-------,1901.0,4704N 00204E
FR,BCJ,Le Barcares,66,1-3-----,1001.0,4247N 00302E
FR,BN4,Le Bonhomme,85,1-------,1901.0,4658N 00214W
FR,CIJ,Le Cailar,30,1----6--,1901.0,4340N 00414E
FR,AGK,Le Cap-d'Agde,34,1-3-----,701.0,4317N 00331E
FR,RYG,le Chateau Renard,44,1----6--,1901.0,4746N 00131W
FR,EHN,Le Chesne,08,1-3-----,601.0,4931N 00446E
FR,NCB,Le Conquet,29,1-3-----,2207.0,4822N 00446W
FR,NQU,Le Conquet,29,1-3-----,2201.0,4822N 00446W
FR,CN6,Le Controis-en-Sologne,41,1-3--6--,2007.0,4725N 00127E
FR,LCR,Le Creusot,71,12------,1901.0,4648N 00426E
FR,OTY,Le Crotoy,80,1-3--6--,1301.0,5013N 00137E
FR,LFR,Le Fret,29,1-3-----,1207.0,4817N 00431W
FR,LGQ,Le Grand-Quevilly,76,123-----,2101.0,4925N 00102E
FR,LGR,Le Grau-du-Roi,30,1-3-----,1207.0,4332N 00408E
FR,LGU,le Guildo,22,1-------,1901.0,4834N 00213W
FR,LEH,Le Havre,76,12345---,1901.0,4930N 00006E
FR,DXG,Le Lion-d'Angers,49,1-3-----,701.0,4738N 00043W
FR,E7M,Le Martelet,71,1----6--,1907.0,4618N 00442E
FR,LQA,Le Mas-d'Agenais,47,1-3-----,601.0,4424N 00013E
FR,MZK,Le Meriot,10,1-------,1901.0,4830N 00327E
FR,LWM,Le Moustoir,56,1-------,701.0,4737N 00251W
FR,LXA,Le Perreux-sur-Marne,94,123-----,601.0,4850N 00229E
FR,,Le Port = RE LPT,,1---5---,9506.0,
FR,EQN,Le Quesne,56,1-------,1201.0,4717N 00230W
FR,BBB,Le Roc-Saint-Andre,56,1-3-----,1901.0,4751N 00227W
FR,CGF,Le Sourn,56,1----6--,1901.0,4803N 00259W
FR,HSN,Le Theil-sur-Huisne,61,123-----,1907.0,4816N 00042E
FR,TEW,Le Thoronet,83,1-------,1901.0,4327N 00618E
FR,LTT,Le Trait,76,1-3-----,2407.0,4929N 00048E
FR,LTR,Le Treport,76,1-------,1901.0,5004N 00122E
FR,LVE,Le Verdon-sur-Mer,33,123-----,1301.0,4533N 00104W
FR,VM6,Le Vivier-sur-Mer,35,1-------,1201.0,4836N 00147W
FR,LF2,Lege-Cap-Ferret,33,1-3-----,1207.0,4448N 00109W
FR,UCM,L'Eguille,17,1----6--,1901.0,4542N 00059W
FR,EUI,Lerouville,55,1-3-----,1901.0,4847N 00532E
FR,GLA,Les Angles,30,123-----,601.0,4358N 00446E
FR,LSB,Les Billaux,33,1-3-----,407.0,4457N 00014W
FR,FTJ,Les Fougerets,56,1----6--,1201.0,4744N 00213W
FR,LSO,Les Sables-d'Olonne,85,1234----,1301.0,4630N 00147W
FR,IUS,Les Trois Lacs,27,1-3-----,2207.0,4914N 00120E
FR,LTF,Les Trois-Fontaines,08,123-----,601.0,5008N 00447E
FR,LKL,Lesconil,29,1-3-----,1207.0,4748N 00413W
FR,LQD,Lesdins,02,1-3-----,1901.0,4953N 00316E
FR,UTE,Leucate,11,1-3-----,1301.0,4255N 00302E
FR,LEZ,Lezardrieux,22,1-------,1901.0,4847N 00306W
FR,LIB,Libourne,33,1-------,1901.0,4455N 00015W
FR,L5T,Lignieres-de-Touraine,37,1-------,1401.0,4718N 00025E
FR,XLG,Lignorelles,89,1-3--6--,2101.0,4751N 00343E
FR,DLJ,L'Ile-d'Olonne,85,1----6--,1901.0,4634N 00147W
FR,IDY,L'Ile-d'Yeu,85,1--4----,1901.0,4643N 00221W
FR,ILR,L'Ile-Rousse,2B,1-------,1901.0,4238N 00856E
FR,LLE,Lille,59,12345---,701.0,5038N 00304E
FR,LMY,Limay,78,1-3-----,701.0,4859N 00144E
FR,LMZ,Limetz-Villez,78,1-3-----,601.0,4904N 00133E
FR,L49,Lire,49,1----6--,1901.0,4721N 00110W
FR,LIS,L'Isle-sur-la-Sorgue,84,123-----,2101.0,4355N 00503E
FR,LO7,Loche,71,1----6--,1901.0,4617N 00446E
FR,CQ4,Locmariaquer,56,1-3-----,2201.0,4734N 00257W
FR,OQL,Locmiquelic,56,1-3-----,1207.0,4743N 00321W
FR,LQ5,Locquirec,29,1-3-----,2201.0,4842N 00339W
FR,LOC,Loctudy,29,1-------,1901.0,4750N 00410W
FR,LD2,Logonna-Daoulas,29,1-3-----,2201.0,4819N 00418W
FR,LOW,Loisy,71,1-3-----,601.0,4635N 00502E
FR,LOA,Longueau,80,123-----,407.0,4952N 00221E
FR,LRT,Lorient,56,12-4----,1901.0,4745N 00322W
FR,OEI,L'Oserie,28,1-3-----,1907.0,4832N 00057E
FR,GT3,Louailles,72,1----6--,1901.0,4748N 00015W
FR,LQT,Louvieres,52,1-3-----,2101.0,4802N 00517E
FR,LUQ,Lugrin,74,123-----,601.0,4624N 00640E
FR,XRY,Luneray,76,1-------,1901.0,4950N 00055E
FR,OSH,Lutzelbourg,57,1----6--,1901.0,4844N 00715E
FR,ZCY,Luzancy,77,1-3-----,1901.0,4858N 00310E
FR,LIO,Lyon,69,12345---,1901.0,4546N 00450E
FR,MCQ,Macau,33,123-----,1301.0,4501N 00037W
FR,MAC,Macon,71,12------,1901.0,4618N 00450E
FR,MVG,Magnanville,78,1-3-----,1901.0,4858N 00141E
FR,M89,Mailly-le-Chateau,89,1----6--,1901.0,4736N 00338E
FR,4MM,Malestroit,56,1-3-----,2207.0,4749N 00223W
FR,MV2,Malleval,42,1----6--,1901.0,4523N 00444E
FR,MMV,Malmy,08,1-3-----,1907.0,4936N 00450E
FR,MRN,Marans,17,1-------,1901.0,4618N 00100W
FR,ULP,Mareuil-le-Port,51,1-3-----,1901.0,4905N 00344E
FR,UMX,Mareuil-les-Meaux,77,1-3-----,1901.0,4856N 00251E
FR,MR7,Marolles,51,1----6--,1901.0,4843N 00438E
FR,MWR,Marseillan,34,1-3-----,1207.0,4321N 00332E
FR,MRS,Marseille,13,12-45---,212.0,4318N 00524E
FR,MQA,Martot,27,1-3-----,1901.0,4918N 00103E
FR,MAU,Maubeuge,59,123-----,1901.0,5017N 00358E
FR,MGU,Mauguio,34,1-3-----,1207.0,4337N 00401E
FR,UVJ,Mauves,07,1----6--,1901.0,4502N 00450E
FR,MEA,Meaux,77,12-4----,1901.0,4858N 00253E
FR,MEL,Melun,77,1234----,1901.0,4832N 00240E
FR,ME4,Merifons,34,1-------,1901.0,4337N 00317E
FR,MR6,Merignat,01,1-------,1901.0,4604N 00526E
FR,MSI,Mery-sur-Oise,95,123-----,212.0,4904N 00212E
FR,MZM,Metz,57,12345---,1101.0,4908N 00610E
FR,MZS,Mezieres-sur-Seine,78,123-----,601.0,4858N 00148E
FR,WQA,Mezoargues,13,1-3-----,1401.0,4352N 00439E
FR,MQY,Millery,54,1-3-----,1901.0,4849N 00607E
FR,WWW,Mirepeisset,11,1-------,1901.0,4317N 00254E
FR,MRW,Mireval,34,1-3-----,1901.0,4330N 00348E
FR,DYJ,Moidrey,50,1----6--,1907.0,4834N 00130W
FR,ML9,Molosmes,89,1----6--,1107.0,4753N 00403E
FR,ZXN,Monein,64,1----6--,1901.0,4319N 00035W
FR,XVF,Monestier,24,1----6--,2101.0,4446N 00019E
FR,FBH,Monfaucon,24,1----6--,2101.0,4455N 00015E
FR,YUP,Monguilhem,32,1----6--,1901.0,4351N 00011W
FR,UJK,Monnieres,39,1----6--,1901.0,4707N 00528E
FR,PKM,Monnieres,44,1----6--,1901.0,4708N 00121W
FR,NYY,Montallery,89,1-------,1907.0,4747N 00342E
FR,MOS,Montargis,45,12------,1901.0,4800N 00244E
FR,MBT,Montbartier,82,123-----,601.0,4354N 00116E
FR,MTD,Montbeliard,25,12------,1901.0,4731N 00648E
FR,MT6,Montech,82,1----6--,1901.0,4357N 00114E
FR,MM6,Montmartin-sur-Mer,50,1-------,2201.0,4859N 00131W
FR,MTX,Montoir-de-Bretagne,44,123-----,212.0,4720N 00209W
FR,NZ3,Monze,11,1-------,1901.0,4309N 00228E
FR,ILS,Morainvilliers,78,1-------,1901.0,4856N 00156E
FR,MCC,Morance,69,1-3--6--,2101.0,4554N 00442E
FR,MXN,Morlaix,29,12-4----,1901.0,4835N 00350W
FR,MR3,Mornac-sur-Seudre,17,1-3-----,2201.0,4543N 00102W
FR,GSU,Morsang-sur-Seine,91,123-----,601.0,4834N 00230E
FR,MJU,Moulle,62,1-3-----,1901.0,5047N 00210E
FR,YUS,Mouy-sur-Seine,77,1-3-----,1901.0,4825N 00314E
FR,MYK,Moyencourt,80,1-3-----,1401.0,4943N 00256E
FR,MDA,Mudaison,34,1-3-----,501.0,4338N 00401E
FR,KLU,Muides-sur-Loire,41,1----6--,1901.0,4740N 00132E
FR,M75,Muids,27,1-------,1801.0,4913N 00118E
FR,TXM,Mulcent,78,1----6--,1901.0,4853N 00139E
FR,MLH,Mulhouse,68,12-45---,1901.0,4745N 00720E
FR,XRG,Muro,2A,1----6--,2101.0,4233N 00855E
FR,VJE,Murviel,34,1----6--,1907.0,4326N 00308E
FR,USJ,Mus,30,1----6--,2101.0,4344N 00412E
FR,GJN,Mutigny,51,1----6--,1901.0,4904N 00401E
FR,ENC,Nancy,54,12-45---,1901.0,4842N 00611E
FR,NTE,Nantes,44,12345---,1901.0,4713N 00133W
FR,NUS,Nanteuil-sur-Aisne,08,1-3-----,601.0,4931N 00418E
FR,NMS,Nemours,77,1-------,1607.0,4816N 00242E
FR,NEF,Neuf-Brisach,68,1-3-----,212.0,4801N 00732E
FR,NYI,Neuilly-en-Sancerre,18,1-------,2101.0,4718N 00241E
FR,NVS,Nevers,58,12-4----,1901.0,4700N 00309E
FR,NCE,Nice,06,12-45---,1901.0,4342N 00716E
FR,N25,Nommay,25,1----6--,1201.0,4732N 00651E
FR,W2C,Novillars,25,1-3-----,1401.0,4717N 00608E
FR,XVY,Noyen-sur-Seine,77,1-------,1201.0,4827N 00321E
FR,OYI,Oigny-en-Valois,02,1-------,1107.0,4913N 00308E
FR,43H,Olonzac,34,1----6--,1201.0,4317N 00243E
FR,JFM,Ondes,31,1-3-----,901.0,4347N 00118E
FR,OHP,Orchamps,39,123-----,601.0,4709N 00539E
FR,PO4,Ota,2A,1-3-----,2201.0,4216N 00845E
FR,OTM,Ottmarsheim,68,123-----,1901.0,4747N 00731E
FR,OS2,Ouessant,29,1-------,2201.0,4827N 00506W
FR,RHP,Ouessant,29,1--4----,2207.0,4828N 00505W
FR,OUI,Ouistreham,14,1-------,1901.0,4917N 00016W
FR,PAD,Pagny-la-Ville,21,1----6--,901.0,4704N 00510E
FR,PNU,Paillencourt,59,1-3-----,601.0,5015N 00316E
FR,PBF,Paimbuf,44,1-3-----,1901.0,4717N 00201W
FR,PAI,Paimpol,22,12------,1901.0,4847N 00303W
FR,TIN,Pantin,93,123-----,1901.0,4854N 00224E
FR,PYX,Pargny-sur-Saulx,51,1-3-----,1901.0,4846N 00449E
FR,PAR,Paris,75C,123-5---,1607.0,4851N 00221E
FR,PAP,Pauillac,33,12------,1901.0,4512N 00045W
FR,NMA,Penmarch,29,1-3-----,2201.0,4749N 00340E
FR,NRH,Penmarc'H Point,29,1-------,1107.0,4748N 00422W
FR,G63,Perignat-les-Sarlieve,63,1----6--,1901.0,4544N 00308E
FR,PWA,Pernant,02,1-3-----,1901.0,4923N 00313E
FR,PS9,Perros-Guirec,22,1-------,2101.0,4849N 00327W
FR,PET,Petit-Couronne,76,1-------,1901.0,4923N 00102E
FR,RYY,Pierry,51,1-------,2101.0,4901N 00356E
FR,PI2,Pirou,50,1-------,2201.0,4911N 00135W
FR,33G,Plassac,33,1----6--,1901.0,4506N 00039W
FR,EVD,Pleneuf-Val-Andre,22,1-3-----,2201.0,4836N 00233W
FR,4PS,Plesse,44,1----6--,1901.0,4732N 00153W
FR,PHN,Pleudihen-sur-Rance,22,1-3-----,701.0,4830N 00158W
FR,UCL,Pleumeleuc,35,1----6--,2101.0,4811N 00155W
FR,PHT,Plichancourt,51,1-3-----,1901.0,4845N 00439E
FR,PXZ,Plobsheim,67,1-3--6--,2301.0,4828N 00743E
FR,OFF,Plogoff,29,1-3-----,601.0,4802N 00440W
FR,PD2,Plombieres-les-Dijon,21,1----6--,1901.0,4720N 00458E
FR,RUR,Plouer-sur-Rance,22,1-3-----,1901.0,4832N 00200W
FR,PZ3,Plouezec,22,1-------,2201.0,4845N 00259W
FR,PGC,Plougrescant,22,1-3-----,2201.0,4851N 00314W
FR,ZEV,Plozevet,29,123-----,1901.0,4759N 00426W
FR,PGQ,Pogny,51,1-3-----,1201.0,4852N 00429E
FR,,Pointe-a-Pitre = GP PTP,,1--45---,9506.0,
FR,PAJ,Pont-Arcy,02,1-3-----,1901.0,4923N 00337E
FR,F29,Pont-Aven,29,1----6--,1901.0,4751N 00345W
FR,P62,Pont-a-Vendin,62,1----6--,1901.0,5028N 00253E
FR,PTV,Pontavert,02,1-3-----,601.0,4924N 00349E
FR,PTI,Pont-de-l'Isere,26,1-------,1901.0,4500N 00453E
FR,PVX,Pont-de-Vaux,01,1-3-----,601.0,4626N 00456E
FR,PNH,Pont-d'Ouche,21,1-3-----,601.0,4710N 00441E
FR,KLO,Ponte Leccia,2B,1----6--,1901.0,4228N 00912E
FR,YJK,Ponteilla,66,1----6--,2101.0,4238N 00249E
FR,PDF,Ponteves,83,1----6--,2101.0,4334N 00603E
FR,PAB,Pont-l'Abbe,29,1-------,1901.0,4752N 00413W
FR,ZXH,Pontlevoy,41,1----6--,1901.0,4723N 00115E
FR,PQC,Pont-Rean,35,1-3-----,1901.0,4800N 00147W
FR,POX,Pontrieux,22,1-------,1901.0,4842N 00310W
FR,PSX,Pont-Sainte-Maxence,60,123-----,601.0,4918N 00236E
FR,PRC,Pornic,44,1-------,1901.0,4707N 00206W
FR,EMR,Porquerolles,83,1----6--,1901.0,4300N 00612E
FR,PG5,Port de Goulee,33,1-------,1901.0,4524N 00054W
FR,PM6,Port Manec'h,29,1-------,1901.0,4749N 00347W
FR,PDB,Port-de-Bouc,13,12------,212.0,4324N 00459E
FR,PDH,Port-des-Barques,17,1-3-----,2201.0,4557N 00055E
FR,RTB,Port-en-Bessin-Huppain,14,1-3-----,1301.0,4921N 00045W
FR,PH4,Portiragnes,34,1----6--,1901.0,4318N 00320E
FR,PJE,Port-Jerome,27,1-------,1901.0,4928N 00032E
FR,PRJ,Port-Joinville,85,1-------,212.0,4643N 00221W
FR,NOU,Port-la-Nouvelle,11,12------,212.0,4301N 00303E
FR,PPL,Port-Louis,56,1-3-----,2201.0,4743N 00321W
FR,PNF,Port-Navalo,56,1-------,1201.0,4733N 00254W
FR,PVO,Porto-Vecchio,2A,1-------,1901.0,4135N 00917E
FR,XER,Port-Sainte-Marie,47,12---6--,1901.0,4415N 00024E
FR,PSL,Port-Saint-Louis-du-Rhone,13,12------,1901.0,4323N 00448E
FR,POV,Port-Vendres,66,12------,1901.0,4231N 00307E
FR,PQE,Poses,27,123-----,601.0,4918N 00114E
FR,ZXD,Pougny,58,1----6--,1901.0,4723N 00300E
FR,PKL,Pouille,41,1----6--,1901.0,4719N 00117E
FR,YUJ,Pouillenay,21,1----6--,1901.0,4730N 00428E
FR,UJY,Pouilly,89,1----6--,1907.0,4724N 00345E
FR,PKS,Pouilly-sur-Loire,58,123-----,607.0,4717N 00257E
FR,ZIC,Pouldreuzic,29,1-3-----,1901.0,4757N 00422W
FR,ZLJ,Pouzilhac,30,1----6--,2101.0,4403N 00435E
FR,PUM,Precy-sur-Marne,77,1-3-----,501.0,4856N 00247E
FR,PI9,Prefailles,44,1-------,1901.0,4708N 00213W
FR,HYJ,Prinquiau,44,1----6--,1901.0,4722N 00201W
FR,PRP,Propriano,2A,1--4----,1901.0,4141N 00854E
FR,PJU,Pujaut,30,1-3--6--,2101.0,4400N 00446E
FR,RZX,Pujols-sur-Ciron,33,1----6--,2101.0,4434N 00021W
FR,DXZ,Pupillin,39,1----6--,1901.0,4653N 00546E
FR,HEJ,Puyguilhem,24,1----6--,1907.0,4444N 00021E
FR,ARJ,Puyricard,13,1----6--,1907.0,4350N 00525E
FR,QEN,Quenne,89,1-3-----,1901.0,4747N 00339E
FR,QUL,Querqueville,50,1-3-----,2201.0,4940N 00142W
FR,QUI,Quiberon,56,1-------,1901.0,4729N 00307W
FR,QRU,Quiberville,76,1-------,2201.0,4954N 00055E
FR,UIP,Quimper,29,12-4----,1901.0,4800N 00406W
FR,QSC,Quinsac,33,1----6--,1901.0,4445N 00030W
FR,ABA,Rabastens,81,123-----,1901.0,4349N 00144E
FR,RAD,Radicatel,76,1-3-----,1501.0,4930N 00030E
FR,RLI,Ramillies,59,1-3-----,601.0,5012N 00315E
FR,XXD,Ravigny,53,1-3--6--,2307.0,4827N 00004W
FR,RQE,Rech,57,123-----,601.0,4859N 00701E
FR,AQX,Redessan,30,1----6--,2101.0,4350N 00430E
FR,RDN,Redon,35,123-----,1901.0,4739N 00205W
FR,QXA,Reichsfeld,67,1----6--,2101.0,4822N 00723E
FR,REI,Reichstett,67,12------,1901.0,4839N 00745E
FR,QWM,Reignier-Esery,74,1----6--,1901.0,4608N 00616E
FR,KRZ,Reigny,18,1----6--,2101.0,4718N 00245E
FR,RHE,Reims,51,1234----,1901.0,4916N 00402E
FR,9SS,Ressons-le-Long,02,1----6--,1201.0,4923N 00309E
FR,IHT,Richemont,57,1-3-----,1201.0,4917N 00610E
FR,IEC,Riec-sur-Belon,29,1-3-----,1207.0,4750N 00342W
FR,RN3,Rions,33,1----6--,1901.0,4439N 00021W
FR,RVC,Rivecourt,60,123-----,501.0,4921N 00244E
FR,RCO,Rochefort,17,12-4----,1901.0,4557N 00058W
FR,ZHA,Rochefort-du-Gard,30,1----6--,2101.0,4359N 00441E
FR,R26,Roche-Saint-Secret,26,1----6--,1907.0,4429N 00502E
FR,YGP,Rogny-les-Sept-Ecluses,89,1----6--,1901.0,4744N 00253E
FR,VFG,Romeny-sur-Marne,02,1----6--,2101.0,4859N 00320E
FR,ZOG,Ronchin,59,1----6--,2101.0,5036N 00306E
FR,RON,Roncq,59,12------,1901.0,5045N 00307E
FR,RSA,Roquebrune-sur-Argens,83,1-3-----,1207.0,4326N 00638E
FR,WIK,Roquecourbe,81,1----6--,2101.0,4340N 00218E
FR,BKD,Roquefort-des-Corbieres,11,1----6--,1901.0,4259N 00257E
FR,RXL,Rosieres-aux-Salines,54,123-----,601.0,4836N 00620E
FR,RSQ,Rosult,59,1-------,1901.0,5027N 00322E
FR,ROU,Roubaix,59,12--5---,1901.0,5041N 00311E
FR,URO,Rouen,76,1-34----,1901.0,4927N 00106E
FR,RYN,Royan,17,1--4----,1901.0,4537N 00103W
FR,RUN,Rungis,94,12------,1901.0,4845N 00221E
FR,S5M,Saacy-sur-Marne,77,1-------,1401.0,4858N 00313E
FR,SYY,Sailly-sur-la-Lys,62,1-------,701.0,5039N 00246E
FR,4S4,Saint-Andre-de-la-Roche,06,1----6--,1201.0,4344N 00717E
FR,MMJ,Saint-Androny,33,1----6--,1901.0,4511N 00039W
FR,QEY,Saint-Antoine-du-Queyret,33,1-3-----,2101.0,4446N 00001E
FR,BG2,Saint-Bonnet-sur-Gironde,17,1----6--,1901.0,4521N 00040W
FR,SBK,Saint-Brieuc,22,1-34----,2107.0,4831N 00247W
FR,DCG,Saint-Cast-le-Guildo,22,1-3-----,2101.0,4836N 00215W
FR,SQS,Saint-Christ-Briost,80,123-----,1101.0,4951N 00256E
FR,DCJ,Saint-Christoly-Medoc,33,1----6--,1901.0,4521N 00050W
FR,PJH,Saint-Christophe-la-Couperie,49,1----6--,1901.0,4715N 00112W
FR,RZT,Saint-Desirat,07,1----6--,1101.0,4515N 00447E
FR,NLA,Sainte-Anne-sur-Vilaine,35,123--6--,601.0,4743N 00149W
FR,SGT,Sainte-Gemmes-sur-Loire,49,1-3-----,1901.0,4725N 00034W
FR,NMT,Sainte-Marie-du-Mont,50,1-3-----,2201.0,4923N 00113W
FR,MDW,Sainte-Maure-de-Peyriac,47,1-------,1901.0,4401N 00009E
FR,ZAN,Saint-Genis-de-Saintonge,17,1-3--6--,2101.0,4529N 00035W
FR,GON,Saint-Gereon,44,123-----,1101.0,4722N 00112W
FR,XGL,Saint-Gilles,30,123--6--,1101.0,4341N 00425E
FR,NGI,Saint-Gilles,71,123-----,1101.0,4653N 00440E
FR,XGV,Saint-Gilles-Croix-de-Vie,85,1-3-----,1207.0,4641N 00156W
FR,UJI,Saint-Gonnery,56,1----6--,1901.0,4807N 00249W
FR,KAQ,Saint-Julien-de-Chedon,41,1----6--,1901.0,4718N 00112W
FR,,Saint-Laurent-du-Maroni = GF SLM,,1---5---,1101.0,
FR,SL8,Saint-Laurent-sur-Mer,14,1-------,2201.0,4922N 00053W
FR,GPI,Saint-Leger-le-Petit,18,1-3-----,1101.0,4707N 00300E
FR,XDH,Saint-Leger-sur-Dheune,71,1-------,2101.0,4651N 00438E
FR,SML,Saint-Malo,35,1-------,1901.0,4839N 00201W
FR,DAS,Saint-Martin-d'Ablois,51,1-------,2101.0,4900N 00352E
FR,DAD,Saint-Martin-d'Ardeche,07,1-------,1901.0,4418N 00434E
FR,S2R,Saint-Martin-de-Re,17,1-3-----,2201.0,4612N 00122W
FR,TMG,Saint-Martin-la-Garenne,78,1-3-----,1901.0,4902N 00141E
FR,SNR,Saint-Nazaire,44,12-4----,1101.0,4717N 00212W
FR,SZI,Saint-Nazaire-sur-Charente,17,1-3-----,2201.0,4557N 00103W
FR,PC6,Saint-Nicolas,62,1----6--,1901.0,5018N 00246E
FR,S29,Saint-Pabu,29,1-3-----,2201.0,4834N 00324E
FR,FS4,Saint-Pair-sur-Mer,50,1-3-----,1401.0,4849N 00134W
FR,SP5,Saint-Paul,04,1----6--,1907.0,4431N 00645E
FR,,Saint-Pierre = PM FSP,,1---5---,1101.0,
FR,PDU,Saint-Pierre-d'Autils,27,1-3-----,1901.0,4907N 00125E
FR,X28,Saint-Pierre-de-Manneville,76,1----6--,1901.0,4924N 00056E
FR,SQR,Saint-Pierre-Quiberon,56,123--6--,1101.0,4731N 00308W
FR,STQ,Saint-Quentin,02,12------,1901.0,4951N 00317E
FR,QLC,Saint-Quentin-la-Motte-Croix-au-Bailly,80,1-3--6--,1101.0,5004N 00127E
FR,SRL,Saint-Raphael,83,123-----,2207.0,4325N 00646E
FR,SIR,Saint-Remy,21,123-----,1101.0,4738N 00418E
FR,UJJ,Saint-Satur,18,1----6--,1901.0,4720N 00251E
FR,SS2,Saint-Saturnin,34,1-------,1907.0,4342N 00328E
FR,TQJ,Saint-Saturnin-d'Apt,84,1----6--,1907.0,4355N 00522E
FR,UJQ,Saint-Sauveur-de-Meilhan,47,1----6--,1907.0,4439N 00000E
FR,IAV,Saint-Savinien,17,123-----,1101.0,4553N 00041W
FR,SSK,Saint-Sebastien-sur-Loire,44,123-----,1101.0,4712N 00130W
FR,UQJ,Saint-Seuri-de-Bourg,33,1----6--,1907.0,4503N 00034W
FR,TIM,Saint-Simon,02,1-3-----,1901.0,4945N 00310E
FR,VIG,Saint-Thibault-des-Vignes,77,1-3-----,1901.0,4852N 00241E
FR,5TB,Saint-Trojan-les-Bains,17,1-3-----,2201.0,4550N 00112W
FR,STP,Saint-Tropez,83,1-------,2201.0,4316N 00638E
FR,UCS,Saint-Urcisse,81,1-------,1901.0,4356N 00137E
FR,TUA,Saint-Usage,21,1-3-----,1101.0,4706N 00516E
FR,XCS,Saint-Vaize,17,1-3-----,1401.0,4549N 00038W
FR,VTI,Saint-Valentin,36,1-------,2101.0,4657N 00152E
FR,SVS,Saint-Valery-sur-Somme,80,123-----,1901.0,5011N 00138E
FR,VNR,Saint-Vallerin,71,1-------,1901.0,4641N 00440E
FR,VA5,Saint-Vallier,71,1-------,1901.0,4639N 00422E
FR,SIT,Saint-Vit,25,1-3-----,407.0,4711N 00549E
FR,SWD,Saint-Wandrille-Rancon,76,1-------,1101.0,4932N 00046E
FR,QSO,Samois-sur-Seine,77,1-------,701.0,4827N 00245E
FR,SMW,Samoreau,77,1-------,701.0,4825N 00245E
FR,YNR,Sanary-sur-Mer,83,1-3-----,2101.0,4307N 00548E
FR,SNQ,Sance,71,123-----,601.0,4620N 00450E
FR,SQV,Sandrancourt,78,1-3-----,601.0,4902N 00139E
FR,S4P,Santa-Maria-Poggio,2B,1-3-----,2201.0,4220N 00930E
FR,QTS,Santoche,25,1-------,701.0,4724N 00631E
FR,RRB,Sarralbe,57,123-----,1901.0,4900N 00701E
FR,SAR,Sarreguemines,57,123-----,601.0,4907N 00704E
FR,UBS,Saubusse,40,123-----,601.0,4339N 00111W
FR,OYY,Saudoy,51,1-------,1901.0,4841N 00343E
FR,TL4,Sausset-les-Pins,13,1-3-----,2201.0,4320N 00507E
FR,SYQ,Sauvoy,55,1-3-----,601.0,4838N 00536E
FR,SO6,Sauzon,56,1-3-----,2201.0,4722N 00313W
FR,GHT,Scharrachbergheim,67,1----6--,1907.0,4836N 00729E
FR,EGR,Segre,49,1-3-----,1901.0,4741N 00052W
FR,M56,Sene,56,1----6--,1201.0,4737N 00245W
FR,S8C,Sercus,59,1-------,1401.0,5042N 00227E
FR,QZH,Serra-di-Ferro,2A,1-3--6--,2207.0,4144N 00848E
FR,SET,Sete,34,123-----,1901.0,4324N 00342E
FR,SUP,Seurre,21,123-----,907.0,4659N 00509E
FR,YSU,Seyssuel,38,1-------,701.0,4534N 00451E
FR,HRA,Soing-Cubry-Charentenay,70,1-3-----,2207.0,4735N 00553E
FR,SLV,Solesmes,72,123-----,601.0,4751N 00018W
FR,YSM,Sorcy-Saint-Martin,55,1-3-----,1901.0,4842N 00537E
FR,QGS,Soulanges,51,123-----,601.0,4847N 00432E
FR,SPK,Spycker,59,1-3-----,601.0,5058N 00219E
FR,SXB,Strasbourg,67,12345---,1901.0,4834N 00745E
FR,HTI,Taden,22,1-3-----,2207.0,4829N 00201W
FR,TII,Talais,33,1-3-----,2201.0,4529N 00103W
FR,TG4,Talmont-sur-Gironde,17,1-3-----,2201.0,4532N 00054W
FR,RH7,Taponas,69,1-3-----,1401.0,4607N 00446E
FR,TZZ,Ternay,69,1----6--,901.0,4537N 00449E
FR,UVV,Tessy-sur-Vire,50,1-------,2101.0,4858N 00104W
FR,TTG,Teteghem,59,1-3-----,1901.0,5100N 00225E
FR,TVL,Thionville,57,12------,1901.0,4921N 00610E
FR,TGH,Thomery,77,1-3-----,1901.0,4824N 00247E
FR,TMN,Thun-Saint-Martin,59,1-3-----,1901.0,5012N 00317E
FR,TIG,Tigery,91,1-3-----,407.0,4838N 00230E
FR,TON,Tonnay-Charente,17,1-------,212.0,4557N 00054W
FR,TUU,Toucy,89,1-------,1901.0,4744N 00318E
FR,RF3,Toulenne,33,1----6--,1901.0,4433N 00016W
FR,TLN,Toulon,83,12-4----,1901.0,4307N 00556E
FR,TOV,Tourlaville,50,1-3-----,407.0,4938N 00134W
FR,AD5,Tourouzelle,11,1----6--,1901.0,4315N 00244E
FR,XYR,Tracy-sur-Loire,58,1-------,701.0,4719N 00253E
FR,LQ4,Tredrez-Locquemeau,22,1-3-----,2201.0,4842N 00334W
FR,TRE,Treguier,22,1-------,1901.0,4847N 00314W
FR,TR9,Tregunc,29,1----6--,1901.0,4751N 00351W
FR,TRI,Trignac,44,1-3-----,407.0,4719N 00211W
FR,TPO,Trilport,77,123-----,601.0,4857N 00256E
FR,TJE,Trouville-sur-Mer,14,1-3-----,207.0,4922N 00005E
FR,QYR,Troyes,10,12-4----,1901.0,4818N 00405E
FR,8AY,Uzemain,88,1-3-----,1401.0,4805N 00621E
FR,9AV,Vadencourt,02,123456--,2207.0,4956N 00334E
FR,VAF,Valence,26,12345---,401.0,4456N 00453E
FR,VAL,Valenciennes,59,1234----,1901.0,5022N 00332E
FR,EG5,Vallabregues,30,1----6--,1901.0,4351N 00438E
FR,M52,Vandieres,51,1----6--,1201.0,4906N 00344E
FR,VNE,Vannes,56,12-4----,1901.0,4739N 00246W
FR,VSQ,Varesnes,60,1-3-----,601.0,4934N 00303E
FR,M57,Vaux,57,1----6--,1201.0,4906N 00606E
FR,VHM,Vendenheim,67,1-3-----,1901.0,4840N 00743E
FR,VTM,Venteuil,51,1----6--,1901.0,4905N 00350E
FR,VRD,Verdun,55,12------,1901.0,4910N 00523E
FR,EEX,Vereux,70,1-3-----,1901.0,4731N 00538E
FR,VL4,Verin,42,1----6--,1901.0,4527N 00445E
FR,VEJ,Verjux,TW,1-------,901.0,4653N 00458E
FR,VEO,Vernaison,69,123-----,501.0,4539N 00449E
FR,VM5,Verneuil,51,1----6--,1901.0,4906N 00340E
FR,VNZ,Vernizy,71,1-3-----,1907.0,4647N 00428E
FR,VQR,Veron,89,123-----,601.0,4808N 00318E
FR,VRU,Ver-sur-Mer,14,1-------,2201.0,4920N 00032W
FR,VR4,Veules-les-Roses,76,1-------,2201.0,4952N 00048E
FR,VFM,Villefranche-sur-Mer,06,1-3-----,2201.0,4342N 00719E
FR,VSS,Villefranche-sur-Saone,69,12-4----,1901.0,4559N 00443E
FR,VGE,Villegusien-le-Lac,52,123-----,601.0,4744N 00518E
FR,VUX,Villenauxe,77,1-------,901.0,4824N 00318E
FR,V33,Villeneuve-de-Blaye,33,1----6--,1901.0,4505N 00037W
FR,VVL,Villeneuve-les-Avignon,30,123-----,601.0,4359N 00447E
FR,VC4,Villers-sous-Chatillon,51,1----6--,1901.0,4906N 00348E
FR,VR5,Villerville,14,1-3-----,2201.0,4924N 00008E
FR,4VA,Villesequelande,11,1-3-----,1901.0,4314N 00214E
FR,LLW,Villevallier,89,1-3-----,701.0,4801N 00319E
FR,VIY,Vincey,88,1-3-----,2101.0,4820N 00620E
FR,JPL,Virey,71,1----6--,1907.0,4650N 00452E
FR,NEH,Vognes,01,1----6--,1907.0,4549N 00543E
FR,XSW,Vonges,21,1----6--,901.0,4718N 00524E
FR,USU,Vulaines-sur-Seine,77,1-3-----,1901.0,4825N 00245E
FR,WNT,Warneton,59,1-3-----,601.0,5044N 00257E
FR,WTT,Watten,59,1-3-----,701.0,5050N 00213E
FR,YYO,Yport,76,1-------,2201.0,4944N 00019E
GA,CLZ,Cap Lopez,,1-------,8103.0,
GA,CCB,Cocobeach,,1-------,9811.0,
GA,EKU,Equata,1,1-------,212.0,0013S 00918E
GA,GAX,Gamba,,1--4----,9601.0,
GA,LBV,Libreville,,1--45---,9601.0,
GA,LUC,Lucina,,1-------,8103.0,
GA,MBY,M'bya Terminal,,1-------,9506.0,
GA,NYA,Nyanga,,1-------,9506.0,
GA,OGU,Oguandjo Terminal,,1-------,901.0,0130S 00854E
GA,OWE,Owendo,,1--4----,9601.0,
GA,POG,Port Gentil,,1--45---,9601.0,
GB,AOT,Abbotsbury,DOR,1-------,901.0,5040N 00236W
GB,AOL,Abbotsley,CAM,1-------,901.0,5211N 00012W
GB,ABS,Aber Soch (Abersoch),GWN,1-3-----,701.0,5249N 00430W
GB,ABA,Aberaeron,CGN,1-3-----,1401.0,5215N 00415W
GB,ARC,Abercastle,PEM,1-3-----,701.0,5157N 00507W
GB,ADR,Aberdaron,GWN,1-3-----,701.0,5248N 00443W
GB,ABD,Aberdeen,ABE,1--4----,1401.0,5708N 00206W
GB,AYD,Aberdour,FIF,123-----,701.0,5603N 00317W
GB,ABV,Aberdovey,GWN,1-------,2407.0,5232N 00403W
GB,ABF,Aberdyfi (Aberdovey),GWN,123-----,701.0,5233N 00402W
GB,AFW,Aberffraw,AGY,1-------,901.0,5311N 00427W
GB,AEE,Abergele,CWY,123-----,701.0,5317N 00335W
GB,AYW,Aberystwyth,CGN,123-----,701.0,5225N 00405W
GB,ACA,Acharacle,HLD,1-3-----,907.0,5444N 00547W
GB,ACE,Achiltibuie,HLD,1-------,901.0,5802N 00522W
GB,AHN,Achnacroish,AGB,1-3-----,701.0,5630N 00529W
GB,AMR,Aird Ma Ruibhe,AGB,1-3-----,701.0,5742N 00711W
GB,ADM,Aird Mhor (Ardmhor),ELS,1-3-----,701.0,5701N 00725W
GB,AIT,Aith,ZET,1-3-----,701.0,6017N 00123W
GB,ALB,Aldeburgh,SFK,1-------,2407.0,5209N 00136E
GB,GSR,Aldersgate,LND,1-3-----,1401.0,5131N 00005W
GB,ALL,Alloa,CLK,123-----,701.0,5607N 00347W
GB,ALM,Alnmouth,NBL,1-------,2407.0,5523N 00137W
GB,ALP,Althorpe,NLN,1-3-----,1301.0,5335N 00044W
GB,AVL,Alveley,SHR,1-3-----,2407.0,5227N 00220W
GB,AMB,Amble,NBL,1-------,2407.0,5519N 00135W
GB,AML,Ambleside,CMA,1-------,2407.0,5426N 00258W
GB,AMW,Amlwch,AGY,123-----,701.0,5325N 00421W
GB,ANA,Anasuria,SCT,1-----7-,401.0,5715N 00048E
GB,ANG,Annalong,NYM,1-3-----,701.0,5406N 00554W
GB,ANN,Annan,DGY,123-----,701.0,5459N 00316W
GB,ANS,Anstruther,FIF,1-3-----,701.0,5613N 00242W
GB,API,Appin,AGB,1-3-----,701.0,5634N 00521W
GB,APS,Applecross,HLD,1-------,901.0,5723N 00548W
GB,APP,Appledore,DEV,1-------,2407.0,5103N 00412W
GB,ARB,Arbroath,ANS,1-------,2301.0,5634N 00235W
GB,DBG,Ardbeg,AGB,1-------,2301.0,5538N 00606W
GB,AET,Ardentinny,AGB,1-------,901.0,5602N 00454W
GB,ADF,Ardfern,AGB,1-3-----,701.0,5611N 00532W
GB,AGL,Ardglass,DOW,1-3-----,701.0,5416N 00537W
GB,AGU,Ardgour,HLD,1-3-----,701.0,5643N 00515W
GB,ADK,Ardkeen,DOW,1-3-----,907.0,5425N 00531W
GB,AMH,Ardmaleish,AGB,1-3-----,701.0,5552N 00505W
GB,GIG,"Ardminish, Gigha Island",AGB,1-3-----,701.0,5540N 00544W
GB,AMN,Ardnamurchan,HLD,1-------,901.0,5641N 00605W
GB,ASG,Ardrishaig,AGB,1-------,1401.0,5601N 00527W
GB,ARD,Ardrossan,NAY,1-------,1401.0,5537N 00449W
GB,ARV,Ardveenish,ELS,1-3-----,701.0,5700N 00724W
GB,MDI,Ardwick,MAN,1-------,2407.0,5328N 00212W
GB,DYN,Ardyne,AGB,1-------,901.0,5552N 00502W
GB,GYL,Argyll,AGB,1-------,2407.0,5609N 00248E
GB,AGO,Arinagour,AGB,1-3-----,701.0,5637N 00632W
GB,ARG,Arisaig,HLD,123-----,701.0,5654N 00551W
GB,ALI,Arlington,GLS,1-------,901.0,5145N 00150W
GB,AMD,"Armadale, Isle of Skye",HLD,1-3-----,701.0,5703N 00554W
GB,NAR,Arnold,NAY,1-------,2407.0,5300N 00107W
GB,HA2,Ashley,HAM,1-3-----,1401.0,5104N 00127W
GB,ASW,Ashwell,LEC,1-------,9704.0,
GB,AHH,Auchterhouse,ANS,1----6--,1201.0,5652N 00308W
GB,AKL,Auckengill,HLD,1-------,901.0,5834N 00304W
GB,AUL,Aultbea,HLD,1-3-----,701.0,5750N 00534W
GB,AVC,Avoch,HLD,1-3-----,701.0,5733N 00410W
GB,AVO,Avonmouth,BST,1-------,501.0,5130N 00241W
GB,AXO,Axmouth,DEV,1-3-----,701.0,5042N 00303W
GB,AYF,Aycliffe,DUR,1-------,9511.0,
GB,AYR,Ayr,SAY,1-------,1401.0,5527N 00437W
GB,ACB,Back,ELS,1-------,901.0,5816N 00619W
GB,BKC,"Backaland, Eday",ORK,1-3-----,701.0,5909N 00245W
GB,SGC,Badminton,SGC,1----6--,1201.0,5132N 00217W
GB,ION,"Baile Mor, Iona",AGB,1-3-----,701.0,5620N 00624W
GB,BBN,Balbriggan,,1-3-----,907.0,5336N 00610W
GB,BDX,Baldirton,CHW,1-------,1307.0,
GB,BLI,Balintore,HLD,1-3-----,701.0,5745N 00354W
GB,BNR,Ballantrae,SAY,1-3-----,701.0,5505N 00459W
GB,BYP,Ballintoy,ANT,1-------,901.0,5514N 00621W
GB,BYC,Ballycastle,ANT,1-3-----,9808.0,
GB,DOR,Ballydorn,DOW,1-------,901.0,5429N 00538W
GB,BHB,Ballyhalbert,DOW,1-------,901.0,5430N 00527W
GB,BLR,Ballylumford,LRN,1-3-----,212.0,5450N 00547W
GB,LMN,Ballymartin,NYM,1-------,1107.0,5404N 00557W
GB,LYW,Ballywalter,DOW,1-------,901.0,5432N 00529W
GB,BMC,Balmacara,HLD,1-3-----,907.0,5717N 00537W
GB,BSN,Baltasound,ZET,1-------,212.0,6045N 00052W
GB,BAW,Baltic Wharf,KEN,1-------,1401.0,
GB,BVR,Balvicar,AGB,1-------,901.0,5617N 00536W
GB,BAB,Banbury,OXF,1-------,9511.0,
GB,BFF,Banff,ABD,1-3-----,1401.0,5740N 00232W
GB,BAN,Bangor,DOW,1-3-----,9904.0,
GB,BNG,Bangor,GWN,1-------,9511.0,
GB,RLG,Bar Light,,1-------,901.0,5332N 00319W
GB,BCE,Barcaldine,AGB,1-------,901.0,5631N 00518W
GB,BDZ,Bardsea,CMA,1-------,901.0,5409N 00304W
GB,BKG,Barking/London,ESS,123-----,201.0,
GB,BLZ,Barlborough,DBY,1----6--,901.0,5317N 00117W
GB,BMU,Barmouth,,1-------,901.0,5243N 00403W
GB,ABW,Barmouth (Abermaw),GWN,123-----,701.0,5243N 00403W
GB,AXN,Barnham,SFK,1-------,901.0,
GB,BDB,Barnoldby le Beck,,1-3-----,907.0,5330N 00008W
GB,BSY,Barnsley,BNS,1-3-----,1101.0,5333N 00129W
GB,BND,Barnstaple,DEV,123-----,701.0,5105N 00404W
GB,BBX,Barnstone,NTT,1----6--,901.0,5254N 00054W
GB,BRR,Barra,,1--4----,1.0,
GB,BIF,Barrow in Furness,CMA,1--4----,212.0,5407N 00314W
GB,BUO,Barrow On Soar,LEC,123--6--,601.0,5245N 00108W
GB,BWU,Barrow upon Trent,DBY,1-3-----,1107.0,5251N 00128W
GB,BHR,Barrow-upon-Humber,NLN,1-3-----,1401.0,5341N 00023W
GB,BAD,Barry Dock,VGL,1-------,1401.0,5123N 00315W
GB,BNM,Barton,CHW,1-------,1401.0,
GB,BAZ,Barton on Sea,,1-------,901.0,5044N 00139W
GB,BNH,Barton upon Humber,NLN,1-3-----,1401.0,5340N 00026W
GB,BXF,Bassingham,LIN,1----6--,901.0,5307N 00038W
GB,BAT,Battlesbridge,ESS,1-------,9511.0,
GB,CBX,Baxenden,LAN,1----6--,901.0,5344N 00221W
GB,BQX,Beadnell,NBL,1-------,901.0,5533N 00138W
GB,BLU,Beaulieu,HAM,123-----,701.0,5049N 00126W
GB,BMR,Beaumaris,GWN,1-------,9511.0,
GB,BEC,Beckingham,LIN,1-------,9511.0,
GB,BD2,Bedhampton,HAM,1-3-----,1401.0,5051N 00100W
GB,BTK,Bedstone,SHR,1----6--,901.0,5222N 00256W
GB,ENH,Beenham,WBK,1----6--,901.0,5125N 00109W
GB,BXX,Beer,DEV,1-------,1401.0,5041N 00305W
GB,BSX,Beesands,DEV,1-------,901.0,5020N 00334W
GB,BEL,Belfast,BFS,1--4-6--,907.0,5459N 00555W
GB,VVE,Belgrave,LCE,1-------,901.0,5239N 00170W
GB,BMT,"Belmont, Unst",ZET,1-3-----,701.0,6041N 00058W
GB,BBP,Bembridge,IOW,1-34----,212.0,5041N 00105W
GB,RNR,Bernera (Lewis),ELS,1-------,901.0,5811N 00659W
GB,RNN,Bernera (N Uist),ELS,1-------,901.0,5736N 00709W
GB,BEH,Berry Head,,1-3-----,212.0,5024N 00329W
GB,BWK,Berwick-upon-Tweed,NBL,1-------,212.0,5547N 00200W
GB,BXB,Bexhill,ESX,123-----,701.0,5051N 00028E
GB,BQQ,Bickington,,1-------,901.0,5032N 00341W
GB,BID,Bideford,,1-------,212.0,5101N 00413W
GB,UGH,Billingborough,LIN,1-------,901.0,5253N 02000W
GB,BHW,Billingham,STT,1-------,1401.0,5436N 00118W
GB,BGY,Bingley,BRD,1-------,1401.0,5351N 00150W
GB,BDA,Birkdale,SFT,123-----,601.0,5338N 00302W
GB,BRK,Birkenhead,WRL,123-----,1401.0,5324N 00302W
GB,RSB,Birsay,ORK,1-------,901.0,5907N 00317W
GB,BIP,Bishop Auckland,DUR,1-------,9511.0,
GB,QWR,Bishops Castle,SHR,1----6--,901.0,5230N 00300W
GB,PQT,Bishopsteignton,DEV,1----6--,901.0,5033N 00332W
GB,BLB,Blackburn,LAN,1-------,9511.0,
GB,BFP,Blackford,ABD,1-------,1501.0,5724N 00229W
GB,BKS,Blackness,FAL,1-3-----,701.0,5600N 00331W
GB,BLK,Blackpool,LAN,1--4----,9511.0,
GB,BNX,Blackwell,DBY,1-------,901.0,
GB,BLJ,Blairmore,AGB,1-------,901.0,5559N 00454W
GB,BLC,Blakeney,NFK,1-3-----,701.0,5257N 00101E
GB,WJH,Blewbury,OXF,1----6--,901.0,5133N 00114W
GB,BLY,Blyth,NBL,1-------,9511.0,
GB,YTH,Blyth,NTT,1----6--,901.0,5322N 00104W
GB,DMB,Boddam,ABD,1-------,901.0,5727N 00146W
GB,BFO,Bodffordd,AGY,12---6--,601.0,5316N 00422W
GB,BSI,Bognor Regis,WSX,123-----,701.0,5047N 00041W
GB,LTD,Bolt Head,,1-------,901.0,5013N 00347W
GB,BLT,Bolton,BOL,1-------,1401.0,5335N 00226W
GB,BON,Bo'ness,FAL,1-------,507.0,5600N 00336W
GB,BOE,Bootle,SFT,1-------,1401.0,5328N 00301W
GB,BSS,Borrowstowness,CMA,1-------,1101.0,5426N 00331W
GB,BOT,Borth-y-Gest,GWN,1-3-----,701.0,5255N 00408W
GB,BSC,Boscastle,CON,1-3-----,701.0,5041N 00442W
GB,OHM,Bosham,WSX,1-------,1201.0,5049N 00052W
GB,BSL,Bosley,CHE,1-------,1307.0,
GB,BOS,Boston,LIN,1-------,9511.0,
GB,BOL,Botley,BKM,1-------,9704.0,
GB,BMX,Boulmer,,1-------,901.0,5525N 00134W
GB,BOH,Bournemouth,DOR,1234----,701.0,5044N 00153W
GB,BSM,Bourton,NSM,1-------,901.0,
GB,BOW,Bowling,RFW,1-------,1401.0,5555N 00429W
GB,RCD,Bracadale,HLD,1-------,901.0,5721N 00624W
GB,BRF,Bradford,BRD,1--4----,1401.0,5347N 00145W
GB,SDT,Bradstone,DEV,1----6--,901.0,5034N 00416W
GB,DWL,Bradwell Waterside,ESS,1-3-----,601.0,5144N 00053E
GB,BFB,Braefoot Bay,FIF,1-------,2301.0,5603N 00319W
GB,MDE,Bramdean,HAM,1----6--,901.0,5102N 00107W
GB,BHJ,Bramshall,STS,1----6--,1107.0,5254N 01055W
GB,BCS,Brancaster Staithe,NFK,1-3-----,701.0,5258N 00040E
GB,BBE,Branscombe,DEV,1-------,901.0,5042N 00308W
GB,BWM,Bray,WNM,1----6--,901.0,5130N 00042W
GB,RST,Breasclete,ELS,1-------,901.0,5812N 00645W
GB,BBB,Breaston,DRY,1-------,901.0,
GB,ENT,Brent,,1-------,901.0,
GB,BWX,Brettenham,NFK,1-------,901.0,
GB,REV,"Brevig, Barra",,1-------,2301.0,5657N 00726W
GB,BRW,Bridgwater,SOM,1-------,9511.0,
GB,BRT,Bridlington,ERY,1-------,1401.0,5405N 00012W
GB,BRP,Bridport,DOR,1-------,9511.0,
GB,BFE,Brierfield,LAN,123-----,501.0,5349N 00214W
GB,BXS,Brighstone,IOW,1-------,901.0,5038N 00123W
GB,BLS,Brightlingsea,ESS,1-------,9511.0,
GB,BSH,Brighton,ESX,1--4----,9511.0,
GB,BRS,Bristol,BST,1234----,607.0,
GB,BIK,Briston,NFK,1-3-----,907.0,5251N 00104E
GB,BFY,Briton Ferry,NTL,1-------,1401.0,5138N 00349W
GB,BRX,Brixham,,1-------,212.0,5023N 00330W
GB,BDF,"Broadford, Isle of Skye",HLD,1-3-----,701.0,5714N 00554W
GB,BYN,Broadmayne,DOR,1-------,901.0,5041N 00223W
GB,BPE,Broadmoor,PEM,1-3-----,907.0,5143N 00445W
GB,BDT,Broadstairs,KEN,123-----,701.0,5122N 00125E
GB,BDI,"Brodick, Isle of Arran",NAY,1-3-----,701.0,5535N 00510W
GB,BHK,Bromborough,WRL,1-------,1401.0,
GB,BRJ,Brora,HLD,123-----,701.0,5801N 00351W
GB,BXT,Brotton,RCC,1-------,901.0,5434N 00056W
GB,OGH,Brough,ERY,1-------,901.0,5343N 00035W
GB,RGH,Brough,HLD,1-------,2301.0,5839N 00320W
GB,BZT,Broughton,FLN,1-3-----,1607.0,5310N 00300W
GB,BFU,Broughton In Furness,CMA,1-------,901.0,5416N 00312W
GB,BCH,Bruichladdich,AGB,1-3-----,701.0,5546N 00622W
GB,BRU,"Bruray, Out Skerries",ZET,1-3-----,701.0,6025N 00045W
GB,BZR,Bryher,CON,1-3-----,1401.0,4957N 00621W
GB,BYI,Brynsiencyn,AGY,1-------,901.0,5311N 00414W
GB,BE2,Bubwith,ERY,1-3-----,1401.0,5349N 00055W
GB,UCN,Buchan,,1-------,901.0,5754N 00002E
GB,BKD,Buckden,CAM,1-------,9704.0,
GB,NY2,Buckden,NYK,1-3-----,1401.0,5411N 00205W
GB,BUC,Buckie,MRY,1-------,1401.0,5740N 00258W
GB,BCR,Buck's Cross,DEV,1-------,901.0,5100N 00424W
GB,BUD,Bude,CON,1-3-----,701.0,5050N 00433W
GB,BUA,Budleigh Salterton,,1-3-----,212.0,5038N 00320W
GB,BWV,Budock Water,CON,1-------,901.0,5009N 00507W
GB,UNS,Bunessan,AGB,1-------,901.0,5619N 00614W
GB,BNB,Bunnahabhain,AGB,1-3-----,1201.0,5553N 00608W
GB,OOR,Buntingford,ESX,1-------,901.0,
GB,BUH,Burghead,MRY,1-------,1401.0,5742N 00329W
GB,BOC,Burnham on Crouch,ESS,1-------,212.0,5137N 00050E
GB,BRN,Burnley,LAN,1-------,9511.0,
GB,BMO,Burnmouth,SCB,123-----,701.0,5550N 00204W
GB,BTL,Burntisland,FIF,1-------,2301.0,5604N 00314W
GB,BVO,Burravoe,ZET,1-------,901.0,6029N 00101W
GB,BUF,Burray,ORK,1-3-----,701.0,5851N 00255W
GB,BWR,Burrow,SOM,1-------,9511.0,
GB,BPT,Burry Port,CMN,123-----,1401.0,5141N 00415W
GB,KBK,Burstwick,ERY,1-3-----,601.0,5344N 00008W
GB,BBK,Burton Bradstock,DOR,1-------,901.0,5042N 00243W
GB,BUS,Burton upon Stather,NLN,1-------,1401.0,5339N 00041W
GB,BWC,Burwick,ORK,1-3-----,701.0,5845N 00258W
GB,BUY,Bury,WSX,1-------,1401.0,5054N 00034W
GB,BTZ,Butterwick,LIN,1-------,901.0,5259N 00000E
GB,CGZ,Cadgwith,CON,1-------,901.0,4959N 00510W
GB,CSU,Cadishead,MAN,1-3-----,1001.0,5324N 00227W
GB,CNV,Caernarfon,GWN,1-------,201.0,
GB,CBL,Cairnbulg,ABD,1-------,901.0,5740N 00155W
GB,CYN,Cairnryan,DGY,1-------,1207.0,5458N 00501W
GB,CSC,Caister on Sea,,1-------,901.0,5239N 00145E
GB,CAA,Caldecote,CAM,1-------,901.0,
GB,CBE,Camber,ESX,1-------,901.0,5056N 00047E
GB,CBT,Campbeltown,AGB,1--4----,1401.0,5526N 00538W
GB,CAU,Camusnagaul,HLD,1-3-----,701.0,5650N 00508W
GB,CNA,"Canna, Inner Hebrides",HLD,1-3-----,701.0,5703N 00630W
GB,CAN,Canvey Island,ESS,1-------,501.0,5131N 00034E
GB,CCL,Cape Cornwall,CON,1-3-----,701.0,5007N 00542W
GB,CAB,Carbost,HLD,1-------,901.0,5711N 00612W
GB,CDF,Cardiff,CRF,1--4----,1101.0,5130N 00312W
GB,CAR,Cardigan (Aberteifi),CGN,1-3-----,701.0,5205N 00439W
GB,C5T,Cardington,BDF,1-3-----,1401.0,5206N 00024W
GB,CAX,Carlisle,CMA,1--4----,9511.0,
GB,RLW,Carloway,HLD,1-------,907.0,5816N 00646W
GB,CRV,Carlton Colville,SFK,1-------,901.0,5227N 00142E
GB,CAH,Carnlough,LRN,1-3-----,701.0,5459N 00600W
GB,CRA,Carradale,AGB,1-3-----,701.0,5535N 00528W
GB,CFG,Carrickfergus,CKF,1-------,9709.0,
GB,CRT,Carrington,TRF,1-------,1401.0,5326N 00223W
GB,RRO,Carron,HLD,1-------,901.0,5724N 00536W
GB,CET,Carsethorn,DGY,1-------,2301.0,5455N 00334W
GB,CBA,Castlebay,ELS,1-------,1401.0,5657N 00728W
GB,CTF,Castleford,WKF,1-------,1401.0,5343N 00121W
GB,CSW,Castletown,DOR,1-------,1401.0,5034N 00227W
GB,CCE,Catterline,ABD,1-------,901.0,5654N 00112W
GB,CNX,Cawsand,CON,1-------,901.0,5019N 00421W
GB,CTP,Caythorpe,LIN,1-3-----,901.0,
GB,CAG,"Ceann a Gharaidh, Eriskay",ELS,1-3-----,701.0,5704N 00717W
GB,CMA,Cefn-Mawr,WRX,123--6--,601.0,5258N 00304W
GB,CEI,Ceinewydd (New Quay),CGN,1-3-----,701.0,5213N 00422W
GB,CEL,Cellardyke,FIF,1-3-----,701.0,5614N 00239W
GB,CEB,Cemaes Bay,AGY,1-3-----,701.0,5325N 00427W
GB,CNM,Central Mainland (Shetland),ZET,1-------,901.0,6019N 00116W
GB,CPD,Chapel Saint Leonards,LIN,1-------,1101.0,5313N 00019E
GB,CHD,Charleston,ANS,1-------,1401.0,5635N 00300W
GB,CHF,Charlestown,CON,1-------,9511.0,
GB,CWN,Charlestown,FIF,123-----,701.0,5602N 00330W
GB,CHJ,Charmouth,DOR,1-------,901.0,5044N 00254W
GB,CTM,Chatham,KEN,1-------,9511.0,
GB,CHT,Chepstow,MON,1-------,1401.0,5138N 00240W
GB,CEG,Chester,CHW,1--4----,1307.0,
GB,CSR,Chester,CLK,1-------,901.0,
GB,CST,Chichester,WSX,123-----,701.0,5050N 00047W
GB,CKR,Chickerell,DOR,1-------,901.0,5037N 00230W
GB,CDK,Chideock,DOR,1-------,901.0,5043N 00249W
GB,CII,Chillington,SOM,1-------,901.0,5100N 00424W
GB,CHR,Chorley,LAN,1-------,9511.0,
GB,CCH,Christchurch,DOR,123-----,701.0,5044N 00145W
GB,CUB,"Church Bay, Rathlin Island",MYL,1-3-----,701.0,5517N 00611W
GB,RAS,"Clachan, Raasay",HLD,1-3-----,701.0,5720N 00604W
GB,CLS,Clacton-on-Sea,ESS,123-----,701.0,5148N 00109E
GB,CLJ,Claonaig,AGB,1-3-----,701.0,5545N 00523E
GB,CYG,Claydon,OXF,1-------,901.0,
GB,QZL,Clevedon,NSM,1-3-----,1101.0,5126N 00250W
GB,CLF,Cliffe,KEN,1-3-----,9711.0,
GB,CGP,Cloghan Point/Carrickfergus,CKF,1-3-----,701.0,5442N 00548W
GB,CVL,Clovelly,CON,1-------,901.0,5060N 00424W
GB,CZV,Clunbury,SHR,1-3-----,1401.0,5225N 00255W
GB,CLY,Clydebank,WDU,123-----,1401.0,5554N 00424W
GB,CYP,Clydeport,NAY,1-------,1401.0,
GB,CYD,Clynderwen,PEM,1-------,901.0,5150N 00442W
GB,CNZ,Cockenzie,ELN,1-------,1401.0,5557N 00257W
GB,CKM,Cockermouth,CMA,1-------,9511.0,
GB,CQQ,Cockwood,,1-------,901.0,5036N 00326W
GB,COL,Colchester,ESS,1-------,9511.0,
GB,CGB,Coldingham,SCB,1-3-----,907.0,5553N 00210W
GB,CLR,Coleraine,CLR,1-------,9511.0,
GB,CVA,Colintraive,AGB,1-3-----,701.0,5555N 00508W
GB,OLL,Coll,AGB,1-------,2301.0,5637N 00631W
GB,CAF,Collafirth,ZET,1-3-----,701.0,6032N 00122W
GB,CIT,Collieston,ABD,1-------,901.0,5721N 00155W
GB,CYY,Colwyn Bay (Bae Colwyn),CWY,123-----,701.0,5318N 00344W
GB,CBM,Combe Martin,DEV,1-------,901.0,5112N 00402W
GB,CGY,Congresbury,NSM,1-3--6--,601.0,5122N 00249W
GB,CIS,Coniston,CMA,1-3-----,9811.0,
GB,CQY,Connahs Quay,FLN,1-------,901.0,5313N 00304W
GB,COQ,Connah's Quay,FLN,1-3-----,1401.0,5313N 00304W
GB,CZZ,Constantine,CON,1-------,901.0,5007N 00510W
GB,CVW,Convoys Wharf,,1-------,1201.0,5148N 00002W
GB,CWA,Conwy (Conway),CWY,123-----,701.0,5317N 00350W
GB,CFM,Corfe Mullen,DOR,1-3-----,907.0,5047N 00202W
GB,COR,Corpach,HLD,1-------,2301.0,5651N 00507W
GB,ORR,Corran,AGB,1-------,901.0,5643N 00514W
GB,COY,Coryton,ESS,1-------,9511.0,
GB,CVE,Cove,SCB,123-----,701.0,5556N 00221W
GB,ACV,Cove (Aberdeen),ABD,1-------,901.0,5706N 00204W
GB,CVI,Cove (Leith),EDH,1-------,901.0,5556N 00221W
GB,CGT,Covent Garden,WSM,1----6--,901.0,5130N 00760W
GB,CVT,Coventry,COV,1-345---,2407.0,5225N 00133W
GB,COV,Coverack,CON,1-3-----,9811.0,
GB,COW,Cowes,IOW,1-------,9511.0,
GB,CGJ,"Craighouse, Isle of Jura",AGB,1-3-----,701.0,5550N 00557W
GB,CNU,Craignure,AGB,1-------,1401.0,5628N 00543W
GB,CRJ,Crail,FIF,1-3-----,701.0,5616N 00238W
GB,CMD,Cramond,EDH,1-3-----,701.0,5558N 00317W
GB,CBO,Cranborne,DOR,1-3--6--,601.0,5055N 00155W
GB,CRX,Craster,,1-------,901.0,5528N 00135W
GB,CKS,Creeksea,,1-------,1107.0,5138N 00047E
GB,CCC,Criccieth,GWN,1-------,901.0,5255N 00414W
GB,CFE,Crieff,PKN,1-3-----,601.0,5622N 00350W
GB,CNC,Crinan,AGB,1-3-----,701.0,5605N 00534W
GB,CRN,Cromarty,HLD,1--4----,2301.0,5740N 00402W
GB,CMP,Crombie,FIF,1-3-----,701.0,5603N 00332W
GB,CRR,Cromer,NFK,123-----,607.0,5256N 00118E
GB,CR5,Cropton,NYK,1-------,1401.0,5417N 00050W
GB,CKK,Crosskirk,HLD,1-------,901.0,5836N 00339W
GB,JHW,Crown Dry-Dock,KHL,1-------,901.0,5314N 00019W
GB,CUA,"Cuan Ferry, Seil",AGB,1-3-----,701.0,5616N 00538W
GB,CKN,Culkein,HLD,1-3-----,701.0,5815N 00521W
GB,CLM,Culkein/Drumbeg,HLD,1-------,901.0,5814N 00520W
GB,CUN,Cullen,MRY,1-3-----,701.0,5741N 00249E
GB,CUV,"Cullivoe, Yell",ZET,1-3-----,701.0,6042N 00101W
GB,CMS,"Cumbrae Slip, Great Cumbrae",NAY,1-3-----,701.0,5547N 00454W
GB,CUM,Cumbraes,NAY,1-------,2301.0,5544N 00455W
GB,CUJ,Cumbria,NYK,1----6--,1001.0,5430N 00315W
GB,CU8,Curbar,DBY,1----6--,1201.0,5316N 00138W
GB,CUR,Curlew,,1-------,401.0,5644N 00118E
GB,CUS,Cushendall,MYL,1-3-----,701.0,5505N 00603W
GB,CUE,Cushendun,MYL,1-3-----,701.0,5508N 00603W
GB,DAG,Dagenham,BDG,123-----,1401.0,5133N 00010E
GB,DIG,Dalbeattie,DGY,1-3-----,901.0,
GB,DOS,Dale Roads,,1-------,901.0,5142N 00509W
GB,DYB,Dalgety Bay,FIF,1-3--6--,601.0,5602N 00321W
GB,DAL,Dalton in Furness,CMA,1-3-----,9811.0,
GB,DWI,Dalwhinnie,HLD,1-3-----,901.0,
GB,DS2,Daresbury,HAL,1----6--,1001.0,5320N 00238W
GB,DRL,Darlington,DUR,1-------,1101.0,5432N 00134W
GB,DFD,Dartford,KEN,123-----,701.0,5127N 00013E
GB,DTM,Dartmouth,,1-------,212.0,5021N 00335W
GB,DEX,Deal,KEN,1-------,9511.0,
GB,DNQ,Dean Quarry,CON,1-------,9709.0,
GB,EER,Deerness,ORK,1-------,901.0,5858N 00251W
GB,DEB,Denby,DBY,1-3-----,1207.0,5301N 00124W
GB,DET,Denton,ESX,123-----,701.0,5048N 00003E
GB,DXY,Derby,DBY,1-------,9511.0,
GB,DER,Dereham,NFK,123-----,407.0,5241N 00056E
GB,DVP,Devonport,,1-------,212.0,5022N 00411W
GB,DWY,Dewsbury,KIR,1-------,1401.0,5342N 00137W
GB,DIN,Dingle,LIV,1-------,1401.0,5323N 00257W
GB,DIW,Dingwall,HLD,123-----,901.0,5736N 00427W
GB,DHD,Donaghadee,ARD,1-3-----,701.0,5438N 00532W
GB,DVR,Dover,KEN,1---5---,9511.0,
GB,DRX,Drax,NYK,123-----,701.0,5344N 00059W
GB,DMO,Dromore,BNB,1-3-----,601.0,5425N 00609W
GB,DUT,Drumintee,ARM,1-------,901.0,
GB,DBY,Dulas Bay,AGY,1-------,901.0,5322N 00416W
GB,DUM,Dumfries,DGY,1-------,2301.0,5503N 00336W
GB,DBR,Dunbar,ELN,123-----,601.0,5600N 00231W
GB,DUE,Dunbeath,HLD,1-3-----,701.0,5815N 00326W
GB,DUC,Dunchurch,WAR,1-3-----,1401.0,5220N 00117W
GB,DUN,Dundee,DND,1--4----,1401.0,5630N 00258W
GB,DSS,Dungeness,KEN,1-------,901.0,5055N 00058E
GB,DNU,Dunoon,AGB,1-------,1401.0,5557N 00457W
GB,DNF,Dunrossness and Fair Isle,ZET,1-------,901.0,5933N 00138W
GB,DSK,Dunseverick,ANT,1-------,901.0,5514N 00627W
GB,DTE,Dunstable,CBF,1-------,1307.0,
GB,DTF,Dunstaffnage,AGB,1-------,907.0,5728N 00641W
GB,DNE,Dunster,SOM,1-------,901.0,5110N 00326W
GB,DTN,Dunston,GAT,1-------,1401.0,5457N 00139W
GB,DRE,Dunure,SAY,1-------,2301.0,5523N 00445W
GB,DVN,Dunvegan,HLD,1-------,901.0,5726N 00635W
GB,DNW,Dunwich,SFK,1-------,901.0,5216N 00137E
GB,DRH,Durham,DUR,1-------,9511.0,
GB,DDT,Durward Dauntless,,1-----7-,401.0,5730N 00005W
GB,DYS,Dysart,FIF,123-----,701.0,5608N 00307W
GB,RRR,Eardiston,SHR,1-------,901.0,
GB,ECO,Earls Colne,ESS,1-3-----,601.0,5156N 00041E
GB,EAA,"Easdale, Seil",AGB,1-3-----,701.0,5617N 00539W
GB,ESG,Easington,DUR,1-------,901.0,5447N 00121W
GB,EHY,East Hyde,CBF,123-----,1307.0,
GB,EME,East Mersea,,1-3-----,907.0,5142N 00106E
GB,ESW,East Wellow,HAM,1-------,9704.0,
GB,EWT,East Wittering,WSX,1-------,901.0,5046N 00053W
GB,EBO,Eastbourne,ESX,123-----,701.0,5046N 00017E
GB,EAM,Eastham,LIV,1-------,1401.0,5318N 00258W
GB,ECS,Eccles,SLF,1-------,1401.0,5329N 00220W
GB,LEW,Edgeware,LND,1-------,901.0,
GB,EDI,Edinburgh,EDH,1--4----,1401.0,5557N 00312W
GB,EGI,Egilsay,ORK,1-3-----,701.0,5909N 00256W
GB,IGG,Eigg,HLD,1-------,2301.0,5654N 00610W
GB,ESK,Eishken,ELS,1-------,901.0,5751N 00622W
GB,EKN,Eisken,ELS,1-------,901.0,5836N 00631W
GB,EGO,"Elgol, Isle of Skye",HLD,1-3-----,701.0,5709N 00606W
GB,ELI,Elie,FIF,123-----,701.0,5612N 00249W
GB,EIN,Eling,HAM,1-------,1201.0,5054N 00129W
GB,ELB,"Ellenabeich, Seil",AGB,1-3-----,701.0,5617N 00539W
GB,ELL,Ellesmere Port,CHW,1-------,1307.0,
GB,EWL,Elmswell,SFK,1-------,901.0,
GB,ELS,Elsham,NLN,1-------,1501.0,5336N 00026W
GB,ERI,Erith,BEX,123-----,701.0,5129N 00011E
GB,RBL,Erribol,HLD,1-------,901.0,5828N 00414W
GB,ESS,Eshaness,ZET,1-------,901.0,6030N 00133W
GB,EVT,Evanton,HLD,1-3-----,701.0,5739N 00417W
GB,EXE,Exeter,,1--4----,212.0,5042N 00332W
GB,EXM,Exmouth,,1-------,212.0,5035N 00324W
GB,EYM,Eyemouth,SCB,1-3-----,701.0,5552N 00206W
GB,FAI,Fairisle,ZET,1-------,901.0,5931N 00136W
GB,FEE,Fairlie,NAY,123-----,701.0,5545N 00451W
GB,FAL,Falmouth,CON,1-------,9511.0,
GB,FLT,Farlington,NYK,1-3-----,901.0,5406N 00104W
GB,FAS,Faslane,AGB,1-------,2301.0,5604N 00449W
GB,FAV,Faversham,KEN,1-------,9511.0,
GB,FAW,Fawley,HAM,1-------,9511.0,
GB,FEI,Felbrigg,NFK,1-3-----,907.0,5254N 00116E
GB,FXT,Felixstowe,SFK,1-------,9511.0,
GB,FEO,Feolin Ferry,AGB,1-3-----,1401.0,5551N 00604W
GB,FRD,Ferndale,RCT,1-------,1401.0,5139N 00326W
GB,FRX,Ferrybridge,DOR,1-------,901.0,5034N 00228W
GB,FEB,Ferrybridge,WKF,1-3-----,1607.0,5342N 00116W
GB,FYD,Ferryside,CMN,1-------,901.0,5146N 00422W
GB,FIN,Findhorn,MRY,1-3-----,701.0,5739N 00336W
GB,FID,Findochty,MRY,1-3-----,701.0,5742N 00254W
GB,FRH,Fingringhoe,ESS,1-------,9511.0,
GB,FNT,Finnart,PKN,1-------,1401.0,5640N 00425W
GB,FIO,"Fionnphort, Isle of Mull",AGB,1-3-----,701.0,5619N 00622W
GB,FBU,Fishbourne,IOW,1-3-----,701.0,5044N 00110W
GB,FIH,Fisherrow/Musselburgh,ELN,123-----,701.0,5556N 00304W
GB,FIS,Fishguard,PEM,1-------,1401.0,5159N 00458W
GB,FNH,"Fishnish, Isle of Mull",AGB,1-3-----,701.0,5630N 00548W
GB,FBH,Flamborough,ERY,1-3-----,701.0,5407N 00007W
GB,FLN,Flaxton,NYK,1----6--,1201.0,5402N 00057W
GB,FLE,Fleetwood,LAN,1-------,1401.0,5355N 00300W
GB,FLW,Flixborough,NLN,1-------,1401.0,5337N 00041W
GB,FLK,Flookburgh,CMA,1-------,901.0,5410N 00258W
GB,FLH,Flotta,ORK,1--4----,2301.0,5850N 00308W
GB,FLU,Flushing,CON,1-------,901.0,5009N 00504W
GB,FNV,Foinaven,,1-----7-,401.0,6020N 00424W
GB,FOI,Foindlemore - Loch Glendhu,HLD,1-------,901.0,5815N 00459W
GB,FOL,Folkestone,KEN,123-----,407.0,5105N 00109E
GB,FRM,Formby,SFT,123-----,1401.0,5333N 00303W
GB,FWM,Fort William,HLD,123-----,701.0,5649N 00507W
GB,FOR,Forth,SLK,1-------,1401.0,5545N 00341W
GB,FTR,Fortrose,HLD,1-------,901.0,5735N 00408W
GB,FDK,Fosdyke,LIN,1-------,9709.0,
GB,DFN,Foston,DBY,1-------,901.0,
GB,LIF,Foston,LIN,1-------,901.0,
GB,FOY,Fowey,CON,1-------,9511.0,
GB,FRB,Fraserburgh,ABD,1-------,1401.0,5741N 00201W
GB,FRW,Freshwater,PEM,1-3-----,907.0,5040N 00131W
GB,FWE,Freshwater East,PEM,1-3-----,701.0,5139N 00452W
GB,NFR,Friden,,1-------,901.0,
GB,FRI,Frinton-on-Sea,ESS,123-----,701.0,5150N 00114E
GB,FOW,Frisby on the Wreake,LEC,1-------,9704.0,
GB,FUR,Furnace,AGB,1-------,901.0,5609N 00510W
GB,GAW,Gaerwen,GWN,1-------,9511.0,
GB,GAI,Gainsborough,LIN,1-------,9511.0,
GB,GAR,Gairloch,HLD,1-3-----,701.0,5742N 00540W
GB,GAS,"Galmisdale, Eigg",HLD,1-3-----,701.0,5653N 00608W
GB,GDN,Gardenstown,ABD,1-3-----,1401.0,5740N 00220W
GB,GLH,Gareloch,AGB,1-------,901.0,5606N 00449W
GB,GAD,Garelochhead,AGB,1-------,2301.0,5605N 00450W
GB,GIS,Garlieston,DGY,1-------,207.0,5447N 00422W
GB,RRB,Garrabost,ELS,1-------,901.0,5813N 00614W
GB,CSN,Garston,,1-------,212.0,5320N 00254W
GB,GTN,Garston,LIV,1-------,1401.0,5320N 00254W
GB,GAT,Gateshead,GAT,1-------,1401.0,5456N 00137W
GB,GIL,Gillingham,MDW,123-----,701.0,5123N 00033E
GB,ILL,Gills,HLD,1-3-----,407.0,5839N 00309W
GB,GIR,Girvan,SAY,1-------,1401.0,5514N 00452W
GB,GLW,Glasgow,GLG,1--45---,1401.0,5550N 00415W
GB,GLD,Glasson Dock,LAN,1-------,1501.0,5359N 00251W
GB,GLA,Glenarm,ANT,1-------,901.0,5448N 00557W
GB,GNL,Glenelg,HLD,1-------,1201.0,5713N 00538W
GB,GLC,Glenluce,DGY,1----6--,1107.0,5452N 00450W
GB,GMA,Glenmallan,AGB,1-------,1201.0,5607N 00449W
GB,GSA,Glensanda,HLD,1-------,2301.0,5634N 00533W
GB,GLG,Glenuig,HLD,1-------,901.0,5650N 00549W
GB,GLO,Gloucester,GLS,1--4----,9511.0,
GB,GLP,Golspie,HLD,123-----,701.0,5759N 00358W
GB,GOO,Goole,ERY,1-------,1401.0,5343N 00052W
GB,GBS,Goring-by-Sea,WSX,1-3-----,901.0,
GB,GOR,Gorran Haven,CON,1-3-----,701.0,5014N 00448W
GB,GOS,Gosport,HAM,1-------,9511.0,
GB,GUD,Gourdon,ABD,1-3-----,701.0,5650N 00217W
GB,GUR,Gourock,IVC,1-------,1401.0,5557N 00450W
GB,GIV,Govilon,MON,1----6--,1201.0,5149N 00304W
GB,WWL,Gowdall,YOR,1-------,901.0,
GB,HXL,Goxhill,ERY,1----6--,901.0,5353N 00012W
GB,GOX,Goxhill,NEL,1-----7-,901.0,5340N 00020W
GB,GAE,Graemsay,ORK,1-------,212.0,5855N 00316W
GB,GRG,Grangemouth,FAL,1-------,507.0,5600N 00343W
GB,GRN,Granton,EDH,123-----,1401.0,5558N 00313W
GB,GVS,Gravesend,KEN,1-------,9511.0,
GB,GYS,Grays,ESS,1-------,9511.0,
GB,GRH,Great Harwood,LAN,1-------,9511.0,
GB,MSI,Great Massingham,NFK,1-------,1201.0,5246N 00040E
GB,GOA,Great Oakley,ESS,1-3-----,701.0,5154N 00111E
GB,GWG,Great Wakering,ESS,1-------,901.0,5133N 00048E
GB,GTY,Great Yarmouth,NFK,1-------,9511.0,
GB,HP2,Greatham,HPL,1-3-----,1401.0,5438N 00114W
GB,GNC,Greencastle,DOW,1-------,907.0,5402N 00606W
GB,GRK,Greenock,IVC,1-------,1401.0,5556N 00445W
GB,NO2,Gretton,NTH,1-3-----,1401.0,5232N 00040W
GB,GMY,Grimsay,ELS,1-------,901.0,5728N 00712W
GB,GSY,Grimsby,NEL,1--4----,1401.0,5332N 00030W
GB,GRO,Groomsport,NDN,1-3-----,701.0,5440N 00537W
GB,GRW,Grove Port,NTT,1-------,1207.0,5335N 00042W
GB,GRJ,Grovehurst Jetty/Sittingbourne,KEN,1-3-----,701.0,5120N 00044E
GB,GRU,Grutness,ZET,1-3-----,701.0,5952N 00117W
GB,GDB,Guardbridge,FIF,1-3-----,9811.0,
GB,GVL,Gulval,CON,1-------,901.0,5008N 00531W
GB,GUW,Gunness Wharf,NLN,1-------,1401.0,
GB,GNQ,Gunthorpe,NFK,1-3-----,907.0,5252N 00059E
GB,GUT,"Gutcher, Yell",ZET,1-3-----,701.0,6040N 00101W
GB,GWK,Gweek,CON,1-3-----,701.0,5006N 00512W
GB,HNU,Hainault,RDB,1-------,1401.0,5136N 00005E
GB,HKI,Halkirk,HLD,1-3--6--,601.0,5831N 00330W
GB,HVO,"Ham Voe, Foula",ZET,1-3-----,701.0,6008N 00202W
GB,HNS,"Hamars Ness, Fetlar",ZET,1-3-----,701.0,6037N 00056W
GB,HAM,Hamble,HAM,1-------,9511.0,
GB,HMV,"Hamnavoe, Burra Isle",ZET,1-3-----,701.0,6006N 00120W
GB,AEW,Hanwell,LND,1-------,901.0,
GB,HRF,Harefield,HIL,1-------,1401.0,5136N 00029W
GB,HRL,Harlow,ESS,1-------,9511.0,
GB,HAA,Harraby,CMA,1-------,901.0,5453N 00254W
GB,HTP,Hartlepool,HPL,1-3-----,401.0,5441N 00113W
GB,YLY,Hartley,CMA,1-------,901.0,
GB,HRW,Harwich,ESS,1-------,9511.0,
GB,HDN,Haslingden,LAN,1-------,9511.0,
GB,HTG,Hastings,ESX,1-3-----,9511.0,
GB,KWH,Hatston,ORK,1--4----,1801.0,5900N 00258W
GB,HAY,Hayle,CON,1-------,9511.0,
GB,HYG,Hayling Island,HAM,1-3-----,701.0,5050N 00059W
GB,HEQ,Heaton,LAN,1-------,901.0,5402N 00251W
GB,HEB,Hebburn,STY,1-------,1401.0,5458N 00131W
GB,HXX,Hedon,,1-------,1107.0,5344N 00011W
GB,HLN,Helensburgh,AGB,123-----,701.0,5600N 00444W
GB,HDR,Helford River,CON,1-------,901.0,5005N 00509W
GB,HMA,Helmsdale,HLD,123-----,701.0,5807N 00339W
GB,EMN,Hempton,NFK,1-------,901.0,
GB,HMY,Hemsby,NFK,1-3-----,701.0,5242N 00141E
GB,HRN,Herne Bay,KEN,123-----,9811.0,
GB,HSE,Hessle/Hull,KHL,123-----,701.0,5343N 00026W
GB,HBK,Hest Bank,LAN,1-------,901.0,5405N 00248W
GB,HTT,Hetton,NYK,1-------,9511.0,
GB,HYR,Heybridge,,1-------,901.0,5143N 00042E
GB,HYM,Heysham,LAN,1-------,9511.0,
GB,HGW,Hightown,SFT,123-----,1401.0,5331N 00303W
GB,TNN,Hilton,CAM,1-------,901.0,
GB,HDB,Hilton/Derby,DBY,1-------,901.0,5256N 00130W
GB,HHN,Holehaven,,1-------,9511.0,
GB,HDS,Holland on Sea,ESS,1-------,907.0,5146N 00108E
GB,HOM,Holm,ORK,1-------,901.0,5854N 00254W
GB,HYI,Holy Island,NBL,1-------,901.0,5540N 00148W
GB,HLO,Holy Loch,AGB,1-3-----,701.0,5559N 00456W
GB,HLY,Holyhead,GWN,1--4----,9511.0,
GB,YLW,Holywood,DOW,1-3-----,901.0,5438N 00549W
GB,OOT,Hooton,CHW,1-------,1401.0,5317N 00257W
GB,HPC,Hope Cove,DEV,1-------,901.0,5014N 00351W
GB,HOP,Hopeman,MRY,1-3-----,701.0,5742N 00326W
GB,HOS,Hoswick,ZET,1-3-----,701.0,6000N 00116W
GB,HGY,Hougharry and Loch Eport,ELS,1-------,901.0,5736N 00733W
GB,HPT,Hound Point,FIF,1-------,1401.0,5602N 00318W
GB,HOV,"Housa Voe, Papa Stour",ZET,1-3-----,701.0,6020N 00140W
GB,HUT,Houton,ORK,1-3-----,701.0,5855N 00311W
GB,NFK,Hoverton,NFK,1-------,901.0,5256N 00118E
GB,HDD,Howdendyke,ERY,1-------,1401.0,5344N 00051W
GB,HOJ,Howdon,STY,123-----,701.0,5459N 00128W
GB,HWV,Howwood,RFW,1-3-----,907.0,5548N 00433W
GB,HDF,Huddersfield,KIR,1-------,1401.0,5339N 00147W
GB,HWZ,Hugh Town,CON,1-------,1401.0,4955N 00619W
GB,HUL,Hull,ERY,1-------,1401.0,5344N 00019W
GB,HLU,Hunslet/Leeds,LDS,123-----,601.0,5347N 00132W
GB,HNT,Hunstanton,NFK,1-------,9511.0,
GB,HST,Hunterston,NAY,1-------,1401.0,5543N 00453W
GB,HUX,Hutton,ESS,1----6--,901.0,5137N 02200E
GB,WWW,Hutton Cranswick,ERY,1-------,901.0,
GB,HTH,Hythe,KEN,123-----,701.0,5104N 00105E
GB,ILF,Ilfracombe,,1-3-----,212.0,5113N 00407W
GB,IMM,Immingham,NEL,1-------,1101.0,5336N 00013W
GB,ICH,Inchture,PKN,1-3-----,1301.0,5626N 00310W
GB,IGT,Ingatestone,ESS,1-------,901.0,
GB,IGM,Ingoldmells,LIN,1-3-----,601.0,5311N 00020E
GB,INS,Instow,DEV,1-------,901.0,5103N 00410W
GB,IAY,Inverallochy,ABD,1-------,901.0,5740N 00155W
GB,IVR,Inveraray,AGB,1-------,901.0,5614N 00504W
GB,IVG,Invergordon,HLD,1-------,2301.0,5742N 00410W
GB,INR,Inverie,HLD,1-------,701.0,5702N 00541W
GB,INK,Inverkeithing,FIF,1-------,2301.0,5601N 00324W
GB,IVK,Inverkip,IVC,123-----,701.0,5554N 00452W
GB,INV,Inverness,HLD,1--4----,2301.0,5729N 00413W
GB,IPS,Ipswich,SFK,1--4----,9511.0,
GB,IRB,Irby,CON,1-------,901.0,5019N 00457W
GB,IRV,Irvine,NAY,1-------,1401.0,5536N 00440W
GB,IMG,Islandmagee,ANT,1-------,901.0,5449N 00542W
GB,ISY,Islay,AGB,1-------,901.0,5548N 00615W
GB,IOG,Isle of Grain,KEN,1-------,212.0,5127N 00042E
GB,IOS,Isle of Sheppey,KEN,1-------,901.0,5124N 00049E
GB,WHH,Isle of Whithorn,DGY,1-3-----,701.0,5442N 00422W
GB,ITC,Itchenor,WSX,1-------,9511.0,
GB,JAR,Jarrow,STY,1-------,1401.0,5459N 00127W
GB,JOG,John O'Groats,HLD,1-3-----,701.0,5838N 00304W
GB,JHV,Johnshaven,ABD,1-3-----,701.0,5648N 00220W
GB,JTB,Johnstonebridge,DGY,123-----,401.0,5512N 00325W
GB,JUR,Jura,AGB,1-------,901.0,5601N 00555W
GB,KAL,"Kallin (Ceallan), Isle of Grimsay",ELS,1-3-----,701.0,5729N 00712W
GB,KEA,Keadby,NLN,1-------,1401.0,5336N 00044W
GB,KEI,Keighley,BRD,1-------,1401.0,5353N 00155W
GB,KES,Keiss,HLD,1-3-----,701.0,5832N 00307W
GB,KMI,Kemsing,KEN,123--6--,601.0,5118N 00013E
GB,KCG,Kennacraig,AGB,1-------,1401.0,5548N 00528W
GB,KTT,Ketteringham,NFK,1-3-----,901.0,
GB,KET,"Kettletoft, Sanday",ORK,1-3-----,701.0,5914N 00236W
GB,KEV,Keyhaven,HAM,1-3-----,701.0,5043N 00134W
GB,KOA,Kilchoan,HLD,1-------,1101.0,5642N 00606W
GB,KIC,Kilcreggan,AGB,1-3-----,701.0,5559N 00451W
GB,KLY,Kilgetty,PEM,1-------,901.0,5144N 00442W
GB,KLK,Kilkeel,NYM,1-3-----,701.0,5404N 00600W
GB,KGH,Killingholme,LIN,1-------,1401.0,5337N 00016W
GB,KIO,Killough,DOW,1-3-----,701.0,5415N 00538W
GB,KYH,Killyleagh,,1-------,901.0,5424N 00543W
GB,KLR,Kilroot,ANT,1-------,9709.0,
GB,KIM,Kimmeridge,DOR,1-------,901.0,5037N 00207W
GB,KDE,Kincardine,FIF,1-------,901.0,5604N 00342W
GB,KHN,Kinghorn,FIF,1-------,901.0,5604N 00310W
GB,KLN,King's Lynn,NFK,123-----,607.0,5245N 00023E
GB,KIB,Kingsbridge,DEV,1-3-----,701.0,5017N 00346W
GB,KNK,Kingsnorth,KEN,1-------,9511.0,
GB,KWE,Kingswear,DEV,1-------,901.0,5020N 00334W
GB,KOH,"Kinloch, Rum",HLD,1-3-----,701.0,5700N 00617W
GB,KBE,Kinlochbervie,HLD,1-------,212.0,5827N 00502W
GB,KNC,Kinlochleven,AGB,1-------,901.0,5642N 00459W
GB,KIP,Kippford,DGY,1-3-----,701.0,5452N 00347W
GB,KCN,Kircubbin,DOW,1-------,901.0,5429N 00532W
GB,KKL,Kirkby Lonsdale,CMA,1-------,9601.0,
GB,KKD,Kirkcaldy,FIF,1-------,2301.0,5607N 00309W
GB,KKN,Kirkconnel,DGY,1-3-----,901.0,5523N 00400W
GB,KBT,Kirkcudbright,DGY,1-3-----,701.0,5450N 00403W
GB,KIH,Kirkham,NYK,1-------,9511.0,
GB,KKH,Kirkheaton,NFK,1-------,901.0,
GB,KWL,Kirkwall,ORK,1--4----,2301.0,5859N 00257W
GB,KRM,Kirtomy,HLD,1-------,901.0,5832N 00409W
GB,KIS,Kishorn,HLD,1-3-----,701.0,5724N 00535W
GB,KSF,Knutsford,CHE,1-------,1307.0,
GB,KYL,Kyle of Lochalsh,HLD,1-3-----,1207.0,5716N 00543W
GB,KYN,Kyleakin,HLD,1-3-----,701.0,5716N 00544W
GB,KYE,Kyles of Bute,AGB,1-------,901.0,5552N 00513W
GB,KYU,Kylesku,HLD,1-3-----,701.0,5815N 00501W
GB,LDC,Ladock,CON,1-------,901.0,5019N 00457W
GB,LRG,Lairg,HLD,1-3-----,907.0,5802N 00424W
GB,LBH,Lamb Head,ORK,1-------,2301.0,5905N 00232W
GB,LAH,Lamlash,NAY,1-------,1401.0,5532N 00509W
GB,LAN,Lancaster,LAN,1-------,9511.0,
GB,LAO,Landore,SWA,1-3-----,907.0,5138N 00355W
GB,LEQ,Land's End,CON,1-34----,207.0,5004N 00543W
GB,LSH,Langstone,HAM,123-----,701.0,5050N 00059W
GB,LGO,Largo,FIF,1-3-----,701.0,5613N 00257W
GB,LGS,Largs,NAY,1-3-----,1401.0,5547N 00451W
GB,LAR,Larne,LRN,1-------,9511.0,
GB,LWL,Latheronwheel,HLD,1-------,901.0,5816N 00322W
GB,LAV,Lavenham,SFK,1-3-----,601.0,5206N 00048E
GB,LAX,Laxo,ZET,1-------,2301.0,6021N 00112W
GB,LBA,Leeds,LDS,1234----,701.0,5348N 00135W
GB,LCS,Leicester,LEC,1-------,9511.0,
GB,LOS,Leigh-on-Sea,ESS,1-------,212.0,5133N 00040E
GB,IRE,Leire,LEC,1-------,1107.0,5230N 11340W
GB,LEI,Leith,EDH,1-------,1401.0,5557N 00310W
GB,LER,Lerwick,ZET,1--4----,2301.0,6009N 00109W
GB,LVK,Levenwick,ZET,1-------,901.0,5958N 00116W
GB,LVR,"Leverburgh, Harris",ELS,1-3-----,701.0,5746N 00701W
GB,LYL,Leyland,LAN,1-------,9511.0,
GB,LMK,Limekilns,FIF,1-3-----,701.0,5602N 00329W
GB,LCN,Lincoln,LIN,1-------,9511.0,
GB,LSM,Lismore Island,AGB,1-------,2301.0,5629N 00533W
GB,LHV,Little Haven,PEM,1-------,901.0,5146N 00506W
GB,LHT,Little Hulton,SLF,1-------,901.0,
GB,LOK,Little Oakley,ESS,1-------,901.0,5155N 00114E
GB,LLU,Littlebourne,KEN,1-------,901.0,5116N 00110E
GB,LTL,Littlebrook,KEN,1-------,9511.0,
GB,LIT,Littlehampton,WSX,1-------,9511.0,
GB,LIV,Liverpool,LIV,1--4----,1401.0,5325N 00300W
GB,LIB,Liverpool Bay Terminal,,1-------,1001.0,5341N 00333W
GB,LAB,Llanaber,GWN,1-3-----,901.0,5244N 00405W
GB,LLD,Llanddulas,CWY,1-3-----,1401.0,5317N 00338W
GB,LDV,Llandovery,CMN,1-------,901.0,
GB,LND,Llandow,VGL,1-------,901.0,
GB,LDO,Llandudno,GWN,123-----,9808.0,
GB,LLN,Llanelli,CMN,1-------,1401.0,5140N 00409W
GB,LNG,Llangadog,CMN,1-------,901.0,
GB,LNL,Llangollen,DEN,1-------,901.0,
GB,LLZ,Llanidloes,POW,1-------,1307.0,
GB,LLO,Llanon,CGN,1-------,1307.0,
GB,LMT,Llansamlet,SWA,1-------,1501.0,5139N 00353W
GB,LFF,Llansteffan,CMN,1-------,901.0,5146N 00423W
GB,LLS,Llanstephan,CMN,1-3-----,701.0,5147N 00424W
GB,LBE,Loch Buie (Mull),AGB,1-------,901.0,5618N 00554W
GB,LCC,Loch Carnan,ELS,1-------,2301.0,5720N 00715W
GB,LCG,Loch Long,AGB,1-------,901.0,5605N 00451W
GB,LRP,Loch Ryan Pt,DGY,1-------,1307.0,5459N 00502W
GB,LSC,Loch Scridain (Isle Mull),AGB,1-------,901.0,5620N 00611W
GB,LHS,Loch Striven,AGB,1-------,1401.0,5556N 00504W
GB,LCD,Loch Torridon,HLD,1-------,1201.0,5758N 00576W
GB,LOL,Lochaline,HLD,1-------,2301.0,5632N 00547W
GB,LCA,Lochawe,AGB,123-----,701.0,5624N 00503W
GB,LBD,"Lochboisdale (Loch Baghasdail), South Uist",ELS,1-3-----,701.0,5709N 00719W
GB,LCR,Lochcarron,HLD,1-3-----,701.0,5724N 00529W
GB,LNA,Lochearnhead,STG,1-3-----,701.0,5623N 00417W
GB,LOV,Lochinver,HLD,1-------,212.0,5809N 00515W
GB,LMA,Lochmaddy,ELS,1-------,1401.0,5736N 00711W
GB,LRZ,"Lochranza, Isle of Arran",NAY,1-3-----,701.0,5542N 00518W
GB,OCH,Lochs,ELS,1-------,901.0,5806N 00629W
GB,LOZ,Lode,NFK,1-------,1501.0,
GB,LON,London,LND,1---5---,701.0,
GB,LGP,London Gateway Port,ESS,123--6--,1107.0,5130N 00029E
GB,LTP,London Thamesport,KEN,123-----,1001.0,5126N 00036E
GB,LDY,Londonderry,DRY,1--4----,9511.0,
GB,LEA,Long Eaton,DBY,1-------,9511.0,
GB,LHP,Longhope,GLS,1-------,9511.0,
GB,LHO,"Longhope, Hoy",ORK,1-3-----,701.0,5848N 00312W
GB,AQW,Longsight,MAN,1-3-----,1401.0,5328N 00212W
GB,LOE,Looe,CON,123-----,701.0,5021N 00427W
GB,LSS,Lossiemouth,MRY,1--4----,1401.0,5742N 00317W
GB,LTS,"Loth, Sanday",ORK,1-3-----,701.0,5912N 00242W
GB,LOU,Loughborough,LEC,1-------,9511.0,
GB,LOW,Lowestoft,SFK,1-------,9511.0,
GB,LXY,Loxley,SHF,1-------,1501.0,5324N 00129W
GB,LUG,Lugton,EAY,123-----,601.0,5545N 00432W
GB,LL3,Lullington,DBY,1----6--,1201.0,5242N 00137W
GB,LUL,Lulworth Camp,DOR,1-3-----,701.0,5038N 00214W
GB,LWC,Lulworth Cove,DOR,1-------,901.0,5040N 00213W
GB,LXG,Luxborough,SOM,1-------,901.0,5107N 00328W
GB,LUX,Luxulyan,CON,123-----,601.0,5023N 00445W
GB,LYB,Lybster,HLD,1-3-----,701.0,5818N 00317W
GB,YOS,Lydd on Sea,KEN,1-3-----,907.0,5056N 00057E
GB,LYD,Lydney,GLS,1-3-----,1101.0,5143N 00231W
GB,LYR,Lyme Regis,DOR,1-3-----,701.0,5044N 00256W
GB,LYM,Lymington,HAM,1-------,9511.0,
GB,LYS,Lyness,ORK,1-------,2301.0,5850N 00312W
GB,LNM,Lynmouth,,1-3-----,212.0,5113N 00349W
GB,LYT,Lynton,DEV,1-------,901.0,5113N 00350W
GB,LCM,Lytchett Minster,DOR,1-------,901.0,5044N 00203W
GB,MTP,Mablethorpe,LIN,1-------,901.0,
GB,MCL,Macclesfield,CHE,1-------,1307.0,
GB,MCD,Macduff,ABD,1-------,1401.0,5740N 00229W
GB,MYW,Maesycwmmer,CAY,123--6--,601.0,5138N 00314W
GB,MGH,Maghera,NBL,1-3-----,9811.0,
GB,MGO,Magheramorne,,1-------,2.0,
GB,MGP,"Magilligan Point Ferry Terminal, Lough Foyle",LMV,1-3-----,701.0,5511N 00658W
GB,MAI,Maidens,SAY,1-------,2301.0,5520N 00447W
GB,MSD,Maitresse Island,,1-------,901.0,4858N 00204W
GB,MAL,Maldon,ESS,1-------,9511.0,
GB,MLG,Mallaig,HLD,1-------,2301.0,5700N 00550W
GB,MNC,Manchester,MAN,1--4----,1401.0,5330N 00213W
GB,MSC,"Manchester Ship Canal, Salford",MAN,123-----,701.0,5329N 00219W
GB,MAW,Marchwood,HAM,12------,212.0,5053N 00126W
GB,MGT,Margate,KEN,1-3-----,9511.0,
GB,MBT,Market Bosworth,LEC,1-------,901.0,
GB,MHT,Martlesham Heath,SFK,1-------,901.0,
GB,MRB,"Maryfield, Bressay",ZET,1-3-----,701.0,6009N 00107W
GB,MRY,Maryport,CMA,1-3-----,9811.0,
GB,MYN,Maydown,DRY,1-3-----,2101.0,5501N 00715W
GB,MYS,Maylandsea,ESS,1-3-----,701.0,5141N 00046E
GB,MED,Med,MDW,1-------,1607.0,5140N 00054E
GB,MES,Medstead,HAM,1-3-----,901.0,
GB,MFY,Meikle Ferry,HLD,1-------,901.0,5751N 00408W
GB,MML,Melmerby,CMA,1-3-----,901.0,
GB,MEB,Menai Bridge,GWN,1-------,9511.0,
GB,MHJ,Meppershall,CBF,1----6--,1307.0,5200N 00020W
GB,MTH,Methil,FIF,1-------,2301.0,5611N 00301W
GB,MVG,Mevagissey,CON,1-3-----,701.0,5016N 00447W
GB,RGN,Mid Glamorgan,ESX,1-------,901.0,
GB,MYE,Mid Yell,ZET,1-3-----,701.0,6036N 00104W
GB,MDL,Middleham,NYK,1-3--6--,601.0,5417N 00148W
GB,MID,Middlesbrough,RCC,123-----,1401.0,5434N 00109W
GB,MDW,Middlewich,CHE,1-------,1307.0,
GB,MLF,Milford Haven,PEM,1-------,1401.0,5143N 00502W
GB,MFS,Milford-on-Sea,HAM,1-------,901.0,5043N 00135W
GB,MLM,Millom,CMA,1-------,9511.0,
GB,MLP,"Millport, Great Cumbrae",NAY,1-3-----,701.0,5545N 00457W
GB,MHD,Minehead,SOM,123-----,701.0,5112N 00328W
GB,M89,Miserden,GLS,1----6--,1201.0,5147N 00206W
GB,MIS,Mistley,ESS,1-------,9511.0,
GB,MNS,"Moaness, Hoy",ORK,1-3-----,701.0,5855N 00319W
GB,MRR,Moelfre Roads,,1-------,901.0,5321N 00414W
GB,MON,Montrose,ANS,1-------,1401.0,5642N 00227W
GB,MVC,Moreton Valence,GLS,1-------,901.0,
GB,MFN,Morfa Nefyn,GWN,1-------,901.0,5256N 00432W
GB,MRS,Morston,NFK,1-3-----,701.0,5257N 00058E
GB,MMR,Mossmoran,FIF,1-----7-,2301.0,5605N 00319W
GB,CHE,Mostyn,FLN,1-------,1401.0,5318N 00316W
GB,MSH,Mousehole,CON,1-3-----,701.0,5005N 00533W
GB,MUA,Muasdale,AGB,1-------,2301.0,5536N 00540W
GB,MLI,Mullion,CON,1-3-----,701.0,5002N 00514W
GB,MYL,Mylor,CON,1-------,901.0,5010N 00503W
GB,NAI,Nairn,HLD,123-----,701.0,5735N 00353W
GB,NTW,Nantwich,CHE,1-------,1307.0,
GB,NEH,Neap House,NLN,1-------,1401.0,
GB,NEA,Neath,NTL,123-----,1101.0,5139N 00348W
GB,NEF,Nefyn,GWN,1-3-----,701.0,5256N 00430W
GB,NSN,Neilston,ERW,1-------,1501.0,5547N 00425W
GB,NLN,Nelson,LAN,1-------,9511.0,
GB,NSA,Ness,ELS,1-------,901.0,5827N 00620W
GB,NBI,Nethy Bridge,HLD,1-3--6--,601.0,5716N 00338W
GB,NHO,New Holland,NLN,1-------,1401.0,5342N 00022W
GB,NWK,Newark,DGY,1-------,9511.0,
GB,NGI,Newbiggin,NBL,1-------,901.0,5438N 00208W
GB,NBC,Newbiggin by the Sea,NBL,1-------,901.0,5510N 00131W
GB,NBU,Newburgh,FIF,1-------,9711.0,
GB,NCS,Newcastle,DOW,1-3-----,701.0,5413N 00554W
GB,NCY,Newcastle Emlyn,CMN,1-3-----,901.0,5202N 00428W
GB,NCL,Newcastle upon Tyne,NET,1-34----,1401.0,5458N 00136W
GB,NHV,Newhaven,ESX,1-------,9511.0,
GB,NWF,Newhaven/Edinburgh,EDH,123-----,701.0,5559N 00311W
GB,NYL,Newlyn,CON,1-------,9511.0,
GB,NPT,Newport,BGW,1-------,1401.0,
GB,NPO,Newport,IOW,1-------,101.0,5042N 00117W
GB,NRY,Newry,DOW,1-------,9511.0,
GB,NBS,Newton by the Sea,NBL,1-------,901.0,5530N 00140W
GB,NTF,Newton Ferrers,DEV,1-3-----,701.0,5019N 00402W
GB,NWN,Newtown,IOW,1-3-----,701.0,5042N 00124W
GB,NYD,Neyland,PEM,1-------,901.0,5142N 00456W
GB,NGG,Nigg,HLD,123-----,307.0,5743N 00400W
GB,NMY,Normans Bay,WSX,1-3-----,907.0,5049N 00023E
GB,NNR,Normanton le Heath,LEC,1-3-----,1401.0,5242N 00126W
GB,NBW,North Berwick,ELN,123-----,1401.0,5604N 00243W
GB,NHC,North Cove,SFK,1-------,901.0,5226N 00144E
GB,NRF,North Ferriby,ERY,1-------,1401.0,5343N 00030W
GB,NFC,North Finchley,BNE,1-------,1401.0,5137N 00010W
GB,NHS,North Harris,ELS,1-------,901.0,5753N 00652W
GB,NOH,"North Haven, Fair Isle",ZET,1-3-----,701.0,5932N 00136W
GB,NTL,North Lochs,ELS,1-------,901.0,5806N 00629W
GB,NMT,North Marston,BKM,1-------,901.0,
GB,NOQ,North Queensferry,FIF,123-----,701.0,5601N 00324W
GB,NRR,North Roe to Hillswick,ZET,1-------,901.0,6035N 00120W
GB,NRO,North Ronaldsay,ORK,1-------,212.0,5921N 00226W
GB,NSH,North Shields,NTY,1-------,1401.0,5500N 00128W
GB,NSD,North Sunderland,NBL,1-------,901.0,5534N 00140W
GB,NTZ,North Tawton,DEV,1-------,1401.0,5048N 00354W
GB,NUI,North Uist,ELS,1-------,901.0,5736N 00709W
GB,NRM,North Walsham,NFK,1-------,9511.0,
GB,WOL,North Woolwich,NWM,1-------,1401.0,5130N 00040E
GB,NRB,Northbay,ELS,1-------,901.0,5700N 00724W
GB,NFT,Northfleet,KEN,1-------,9511.0,
GB,NME,Northmavine,ZET,1-------,901.0,6038N 00120W
GB,NTH,Northwich,CHW,1-------,1307.0,
GB,NOT,Norton,NYK,1-3--6--,901.0,5407N 00046W
GB,7TR,Norton,WOR,1-3-----,1401.0,5209N 00211W
GB,NCN,Norton Canes,STS,1-3-----,601.0,5240N 00158W
GB,NRW,Norwich,NFK,1--4----,9511.0,
GB,NTG,Nottingham,NTT,1-------,9511.0,
GB,OAK,Oakhamness,,1-------,9511.0,
GB,OBA,Oban,AGB,1--4----,1401.0,5625N 00528W
GB,ODD,"Oddsta, Fetlar",ZET,1-3-----,701.0,6037N 00055W
GB,ODL,Old Dalby,LEC,1-------,901.0,
GB,ODO,Old Dornie,HLD,1-3-----,701.0,5802N 00525W
GB,OKK,Old Kilpatrick,WDU,1-------,1401.0,5555N 00427W
GB,ODH,Oldham,OLD,1-------,1401.0,5333N 00207W
GB,ORH,Orford,SFK,1-3-----,701.0,5206N 00132E
GB,ORK,Orkney,ORK,1-------,901.0,5904N 00253W
GB,OWW,Oswaldtwistle,LAN,1-------,901.0,
GB,OTR,"Otternish, North Uist",ELS,1-3-----,701.0,5741N 00711W
GB,OBR,Oulton Broad,SFK,1-------,901.0,5229N 00144E
GB,PAT,Paddington,KEC,1-3-----,1401.0,5130N 00011W
GB,PAD,Padstow,CON,1-------,9511.0,
GB,PAG,Paglesham,ESS,1-------,901.0,5138N 00040E
GB,PAL,Palnackie,DGY,1-------,2301.0,5725N 00611W
GB,PPW,Papa Westray,ORK,1-34----,701.0,5920N 00253W
GB,PAR,Par,CON,1-------,1101.0,5021N 00443W
GB,PST,Parkeston Quay,ESS,1-------,9511.0,
GB,PTT,Partington,TRF,1-------,1401.0,5325N 00225W
GB,PNA,Patna,EAY,123--6--,601.0,5522N 00430W
GB,PHV,Peacehaven,ESX,1-------,1501.0,5048N 00000E
GB,PMY,Pembrey,PEM,1-------,901.0,5141N 00416W
GB,PBD,Pembridge,HEF,1-------,1501.0,5213N 00254W
GB,PEM,Pembroke,PEM,1-------,1401.0,5140N 00454W
GB,PED,Pembroke Dock,PEM,1-------,1401.0,
GB,PNH,Penarth,VGL,123-----,701.0,5126N 00310W
GB,PNB,Penberth,CON,1-3-----,701.0,5003N 00536W
GB,PDD,Pen-Clawdd,SWA,1-------,901.0,5138N 00405W
GB,PNE,Pendeen,,1-------,901.0,5010N 00540W
GB,PKD,Penkridge,STS,1-------,1501.0,5244N 00207W
GB,PMM,Penmaenmawr,GWN,1-------,9511.0,
GB,ENN,Pennan,ABD,1-------,901.0,5740N 00216W
GB,PRY,Penryn,CON,1-------,9511.0,
GB,PAE,Pentraeth,AGY,1-------,901.0,5316N 00413W
GB,PEN,Penzance,CON,1--4----,9511.0,
GB,PER,Perth,PKN,1--4----,1401.0,5624N 00326W
GB,PHD,Peterhead,ABD,1-------,1401.0,5730N 00147W
GB,PTC,Pettycur,FIF,123-----,701.0,5604N 00311W
GB,PKR,Pickering,NYK,123--6--,607.0,5415N 00047W
GB,PIE,"Pierowall, Westray",ORK,1-3-----,701.0,5919N 00300W
GB,PPG,Pipe Gate,SHR,1-------,1401.0,5258N 00223W
GB,PI7,Pitney,SOM,1-3-----,1401.0,5103N 00247W
GB,PWM,Pittenweem,FIF,1-3-----,701.0,5613N 00244W
GB,PLO,Plockton,HLD,123-----,701.0,5720N 00539W
GB,PLY,Plymouth,,1--4----,212.0,5024N 00407W
GB,PKL,Pocklington,ERY,1-------,1401.0,5336N 00045W
GB,POI,"Point, Island of Lismore",AGB,1-3-----,701.0,5633N 00526W
GB,PLP,Polperro,CON,1-3-----,701.0,5020N 00432W
GB,PLR,Polruan,,1-------,901.0,5019N 00437W
GB,PDL,Pontardulais,SWA,1-3-----,901.0,5143N 00405W
GB,POO,Poole,DOR,1-------,9511.0,
GB,PWE,Poolewe,HLD,1-------,901.0,5745N 00536W
GB,PRZ,Porlock,SOM,1-------,901.0,5112N 00325W
GB,PAP,Port Appin,AGB,1-3-----,701.0,5633N 00524W
GB,PAK,Port Askaig,AGB,1-------,1401.0,5551N 00607W
GB,POC,Port Clarence,STT,123-----,407.0,5435N 00114W
GB,PDI,Port Dinorwic,GWN,1-------,9511.0,
GB,PEG,Port Edgar,EDH,1-3-----,701.0,5559N 00325W
GB,PLN,Port Ellen,AGB,1-------,1401.0,5538N 00611W
GB,RTL,Port Erroll,ABD,1-------,1101.0,5724N 00150W
GB,PGV,Port Gaverne,CON,1-3-----,701.0,5036N 00449W
GB,PGG,Port Glasgow,IVC,1-------,2301.0,5556N 00441W
GB,ISA,Port Isaac,CON,1-3-----,701.0,5035N 00449W
GB,POG,Port Logan,DGY,1-------,2301.0,5442N 00457W
GB,PMR,"Port Mor, Muck",HLD,1-3-----,701.0,5650N 00614W
GB,PPE,Port Penrhyn,GWN,1-------,9511.0,
GB,PSM,Port Saint Mary,,1-------,1101.0,5404N 00444W
GB,PSE,Port Seton,ELN,1-3-----,701.0,5558N 00257W
GB,PSU,Port Sunlight,WRL,1-------,1401.0,5320N 00259W
GB,PTB,Port Talbot,NTL,1-------,1401.0,5136N 00347W
GB,PWI,Port William,DGY,1-3-----,701.0,5446N 00435W
GB,PFY,Portaferry,ARD,1-3-----,701.0,5423N 00533W
GB,PVD,Portavadie,AGB,1-3-----,701.0,5552N 00518W
GB,PVG,Portavogie,ARD,1-3-----,701.0,5427N 00527W
GB,PBA,Portballintrae,MYL,1-3-----,701.0,5513N 00632W
GB,PRU,Portbury,NSM,1-3-----,501.0,5128N 00243W
GB,PGD,Portgordon,MRY,1-------,2301.0,5740N 00301W
GB,POR,Porth,RCT,123-----,607.0,5137N 00324W
GB,PCO,Porth Colmon,,1-------,901.0,5254N 00438W
GB,PCW,Porthcawl,BGE,1-3-----,1401.0,5129N 00342W
GB,PGI,Porthgain,PEM,1-------,901.0,5156N 00510W
GB,PTG,Porthgwarra,CON,1-3-----,701.0,5002N 00540W
GB,PLV,Porthleven,CON,1-3-----,701.0,5005N 00519W
GB,PTD,Porthmadog,GWN,1-------,1501.0,5256N 00407W
GB,POH,Porthoustock,CON,1-3-----,407.0,5003N 00504W
GB,PRP,Portincaple,AGB,1-------,901.0,5606N 00451W
GB,PTH,Portishead,NSM,123-----,501.0,5129N 00246W
GB,PKN,Portknockie,MRY,1-3-----,701.0,5742N 00252W
GB,PTL,Portland,DOR,1-------,9511.0,
GB,PRL,Portloe,CON,1-3-----,701.0,5013N 00454W
GB,PMD,Portmadoc,GWN,1-------,9511.0,
GB,PMK,Portmahomack,HLD,1-3-----,701.0,5750N 00349W
GB,PRN,Portnaguran and Ness,ELS,1-------,901.0,5829N 00613W
GB,PNV,Portnahaven,AGB,1-------,2301.0,5540N 00630W
GB,PNG,Portnalong,HLD,1-------,901.0,5712N 00615W
GB,PPK,Portpatrick,DGY,1-3-----,701.0,5451N 00507W
GB,PRJ,Portreath,CON,1-3-----,701.0,5016N 00518W
GB,PRT,Portree,HLD,1-------,2301.0,5725N 00611W
GB,PTR,Portrush,ANT,1-------,9511.0,
GB,PSC,Portscatho,CON,1-3-----,701.0,5011N 00459W
GB,PKA,Portskerra,HLD,1-------,901.0,5834N 00355W
GB,PTS,Portslade,ESX,1-------,9511.0,
GB,PME,Portsmouth,HAM,1--4----,9511.0,
GB,PSY,Portsoy,ABD,1-3-----,701.0,5741N 00241W
GB,PSW,Portstewart,CLR,1-3-----,701.0,5511N 00643W
GB,GL9,Poulton,GLS,1----6--,1201.0,5142N 00151W
GB,OYL,Poyle,WBK,1-------,1401.0,
GB,PBM,Prenton/Birkenhead,WRL,1-3-----,1401.0,5322N 00302W
GB,PRE,Preston,LAN,123-----,701.0,5345N 00243W
GB,PFT,Purfleet,ESS,1-------,9511.0,
GB,PWL,Pwllheli,GWN,123-----,701.0,5253N 00425W
GB,QDL,Quedgeley,GLS,1-------,1501.0,5149N 00217W
GB,QUB,Queenborough,KEN,1-------,9511.0,
GB,RMB,Ramsbottom,BUR,1-3-----,1401.0,5338N 00219W
GB,RSY,Ramsey,CAM,1-------,9511.0,
GB,RMG,Ramsgate,KEN,1-------,9511.0,
GB,RAP,"Rapness, Westray",ORK,1-3-----,701.0,5916N 00252W
GB,RGL,Ravenglass,CMA,1-------,901.0,5421N 00324W
GB,RAV,Ravensthorpe Dewsbury,KIR,1-------,1401.0,
GB,RBD,Rawcliffe Bridge,ERY,1-------,1501.0,5340N 00056W
GB,RDN,Reading,RDG,1---5---,507.0,5127N 00058W
GB,REA,Reay,HLD,1-3-----,701.0,5833N 00347W
GB,RED,Red Bay,ANT,1-------,901.0,5504N 00601W
GB,RER,Redcar,RCC,1-------,1401.0,5436N 00103W
GB,REB,Redcliff Bay,NSM,1-------,501.0,5128N 00247W
GB,RDS,Reddish,SKP,1-------,1501.0,5326N 00209W
GB,REM,Reedham,NFK,1-------,1201.0,5233N 00134E
GB,RPH,Reepham,,1-------,901.0,5314N 00260W
GB,REJ,Rejerrah,CON,1-------,901.0,5021N 00505W
GB,REN,Renfrew,RFW,1-3-----,701.0,5553N 00424W
GB,RYL,Reynoldston,SWA,1-3-----,907.0,5135N 00411W
GB,RNE,Rhosneigr,AGY,1-------,901.0,5314N 00431W
GB,RHS,Rhos-on-Sea,CWY,123-----,701.0,5318N 00345W
GB,RHU,Rhu,AGB,123-----,701.0,5601N 00446W
GB,RCB,Rhu Coigach - Badluachrach,HLD,1-------,901.0,5753N 00523W
GB,RHB,"Rhubodach, Isle of Bute",AGB,1-3-----,701.0,5555N 00508W
GB,RHY,Rhyl,DEN,1-------,1401.0,
GB,RIC,Richborough,KEN,1-3-----,701.0,5117N 00120E
GB,RID,Ridham Dock,KEN,1-------,9511.0,
GB,RRD,River Dart,DEV,1-------,901.0,5020N 00333W
GB,RVF,River Fowey,CON,1-------,901.0,5024N 00435W
GB,ANO,Road Town,,1-------,1601.0,1825N 06437W
GB,RBB,Robin Hoods Bay,NYK,1-------,901.0,5424N 00029W
GB,RCS,Rochester,KEN,1--4----,9511.0,
GB,RFD,Rochford,ESS,1-------,9511.0,
GB,ROC,Rock,CON,1-------,901.0,5032N 00454W
GB,RFR,Rock Ferry,WRL,1-------,1501.0,5322N 00300W
GB,RTY,Rosehearty,ABD,1-3-----,701.0,5742N 00206W
GB,RME,Rosemarkie,HLD,1-------,901.0,5736N 00407W
GB,RSH,Rosneath,AGB,1-3-----,601.0,5601N 00449W
GB,RDA,Rossendale,LAN,1-------,1501.0,5341N 00215W
GB,ROR,Rostrevor,DOW,1-------,901.0,5406N 00612W
GB,ROY,Rosyth,FIF,1-------,1401.0,5602N 00326W
GB,RTH,Rotherham,ROT,1-------,1401.0,5326N 00121W
GB,RAY,"Rothesay, Isle of Bute",AGB,1-34----,701.0,5553N 00509W
GB,ROU,Rousay,ORK,1-3-----,701.0,5908N 00258W
GB,ROW,Rowhedge,ESS,1-------,9511.0,
GB,RUM,Ruan Minor,CON,1-------,901.0,4959N 00511W
GB,RDH,Rudh Re - Red Point,HLD,1-------,901.0,5738N 00549W
GB,RUN,Runcorn,HAL,1-------,1401.0,5320N 00245W
GB,RYD,Ryde,IOW,1-3-----,207.0,5044N 00110W
GB,RYE,Rye,ESX,1-------,9511.0,
GB,ABJ,Saint Abbs,SCB,1-3-----,1101.0,5554N 00208W
GB,SAG,Saint Agnes,CON,1-------,1101.0,4953N 00620W
GB,TBR,Saint Brelade,,1-------,1101.0,4912N 00212W
GB,CNP,Saint Catherine's Point,IOW,1-------,1101.0,5034N 00118W
GB,SZC,Saint Clement,CON,1-3-----,1101.0,5015N 00501W
GB,SCM,Saint Combs and Charleston,ABD,1-------,1101.0,5740N 00155W
GB,SVS,Saint David's,PEM,1-------,1101.0,5153N 00516W
GB,TLE,Saint Helens,IOW,1-3-----,1101.0,5041N 00106W
GB,SHY,Saint Helens,SHN,1-------,1401.0,5327N 00244W
GB,TNR,Saint Helier,,1-------,1601.0,4911N 00206W
GB,SJU,Saint Just,CON,1-------,1101.0,5006N 00541W
GB,SKV,Saint Keverne,CON,1-------,1101.0,5003N 00506W
GB,LDS,Saint Leonards-on-Sea,ESX,123-----,1101.0,5051N 00034E
GB,SGP,Saint Margaret's Hope,,1-------,1101.0,5850N 00257W
GB,SMH,"Saint Margaret's Hope, South Ronaldsay",ORK,1-3-----,1101.0,5850N 00258W
GB,SQK,Saint Martins,CON,1-3-----,1307.0,4957N 00617W
GB,SVZ,Saint Mary's,CON,1-3-----,1307.0,4955N 00618W
GB,SMA,Saint Marys Bay,KEN,123-----,1101.0,5101N 00058E
GB,SMV,Saint Mawes,CON,1-3-----,1101.0,5009N 00501W
GB,SMM,Saint Michael's Mount,CON,1-------,1101.0,5007N 00528W
GB,SNV,Saint Minver,CON,1-------,1101.0,5033N 00452W
GB,SMC,Saint Monance (Saint Monans),FIF,1-3-----,1101.0,5613N 00246W
GB,UEN,Saint Ouen,,1-------,1101.0,4913N 00212W
GB,PPO,Saint Peter Port,,1-3-----,1101.0,4927N 00232W
GB,STQ,Saint Quivox,SAY,123-----,1101.0,5529N 00434W
GB,SMP,Saint Sampson (Golant),CON,123-----,1101.0,5022N 00439W
GB,ASA,Saint-Anne's-on-Sea,LAN,123-----,1101.0,5345N 00303W
GB,SCB,Salcombe,DEV,1-3-----,701.0,5014N 00347W
GB,AEN,Salen,HLD,1-------,901.0,5642N 00547W
GB,SFY,Salford,SLF,1-------,1401.0,5329N 00216W
GB,SED,Salt End,ERY,1-------,1401.0,5344N 00014W
GB,SLC,Saltcoats,NAY,123-----,1401.0,5537N 00448W
GB,STH,Salthouse,NFK,1-------,901.0,5256N 00106E
GB,SNJ,Sand,ZET,1-3-----,701.0,6013N 00123W
GB,NDY,Sanday,ORK,1--4----,9511.0,
GB,SAD,Sandford,DEV,1----6--,1401.0,5049N 00340W
GB,SPI,Sandhaven and Pitullie,ABD,1-------,901.0,5741N 00202W
GB,SNK,Sandness,ZET,1-3-----,701.0,6018N 00139W
GB,SDO,Sandown,IOW,1-------,901.0,5039N 00109W
GB,SDS,Sandside,HLD,1-------,907.0,5834N 00347W
GB,SDW,Sandwich,KEN,123-----,701.0,5116N 00121E
GB,SWC,Sandwick,ZET,1-------,901.0,5959N 00115W
GB,SRX,Sark,,1-------,901.0,4926N 00222W
GB,SAU,Saundersfoot,PEM,123-----,701.0,5142N 00443W
GB,SCG,"Scalasaig, Colonsay",AGB,1-3-----,701.0,5604N 00610W
GB,SWY,Scalloway,ZET,1-------,2301.0,6008N 00117W
GB,SCC,"Scalpay, Outer Hebridies",ELS,1-3-----,701.0,5752N 00641W
GB,SCF,Scapa,ORK,1-3-----,701.0,5858N 00259W
GB,SFW,Scapa Flow,ORK,1-------,2301.0,5853N 00304W
GB,SCA,Scarborough,NYK,1-------,9511.0,
GB,SF5,Scarcliffe,DBY,1----6--,1201.0,5321N 00126W
GB,SFK,Scarfskerry,HLD,1-------,901.0,5839N 00316W
GB,SCN,"Scarinish, Tiree",AGB,1-3-----,701.0,5631N 00649W
GB,SCO,"Sconser, Isle of Skye",HLD,1-3-----,701.0,5718N 00607W
GB,RIE,Scourie,HLD,1-------,901.0,5821N 00509W
GB,SCR,Scrabster,HLD,1-------,2301.0,5837N 00333W
GB,SCP,Scunthorpe,NLN,123-----,1401.0,5335N 00039W
GB,SFR,Seaford,ESX,123-----,701.0,5046N 00006E
GB,SEF,Seaforth,SFT,1-------,1401.0,5328N 00301W
GB,SEA,Seaham,DUR,1-------,9511.0,
GB,SHU,Seahouses,NBL,1-3-----,701.0,5535N 00140W
GB,XSS,Seal Sands,DUR,1-------,1207.0,5438N 00108W
GB,EON,Seaton,DEV,123-----,701.0,5043N 00305W
GB,SVW,Seaview,IOW,1-------,901.0,5041N 00118W
GB,SLB,Selby,NYK,123-----,701.0,5347N 00104W
GB,SSY,Selsey,WSX,1-3-----,701.0,5044N 00048W
GB,SNC,Sennen Cove,CON,1-3-----,701.0,5004N 00542W
GB,SVI,Sevington,KEN,1-3-----,901.0,5107N 00054E
GB,SHN,Shandon,AGB,123-----,701.0,5603N 00448W
GB,SAI,Shanklin,IOW,1-------,901.0,5037N 00111W
GB,SPY,Shapinsay,ORK,1-------,212.0,5903N 00251W
GB,SSS,Sharpness,GLS,1-------,9511.0,
GB,SEZ,Sheen,STS,1-------,1501.0,5309N 00150W
GB,SHS,Sheerness,KEN,1-------,9511.0,
GB,SHE,Sheffield,SHF,1-------,1401.0,5322N 00130W
GB,EIL,Sheildaig,,1-------,907.0,5413N 00248W
GB,SDQ,Sheldon,BIR,1-------,901.0,5227N 00146W
GB,SHV,Shell Haven,ESS,1-------,9511.0,
GB,SGM,Sheringham,NFK,123-----,701.0,5256N 00112E
GB,TLD,Shetland,ZET,1-------,901.0,6032N 00113W
GB,SHX,Shieldaig,HLD,1-3-----,701.0,5731N 00538W
GB,IFN,Shifnal,SHR,1-------,1501.0,5240N 00222W
GB,SYL,Shinness,HLD,1-3-----,907.0,5805N 00428W
GB,SSK,Shiskine,NAY,1-3-----,907.0,5531N 00518W
GB,EEN,Shobdon,HEF,1-------,1501.0,5215N 00252W
GB,SHO,Shoreham,KEN,1-3-----,401.0,5119N 00011E
GB,ESH,Shoreham-by-Sea,WSX,123-----,701.0,5050N 00016W
GB,SHT,Shotton,DUR,1-------,1401.0,
GB,OHT,Shotts,NLK,1-------,1501.0,5549N 00347W
GB,SES,Sidlesham,WSX,1-------,901.0,5047N 00047W
GB,SDM,Sidmouth,,1-3-----,212.0,5041N 00315W
GB,SIL,Silloth,CMA,1-------,9511.0,
GB,SVT,Silvertown,,1-------,212.0,5130N 00002E
GB,SMW,Simonswood,LAN,1-------,1401.0,5330N 00252W
GB,SZB,Sizewell Beach,SFK,1-------,901.0,5212N 00137E
GB,SKE,Skegness,LIN,123-----,701.0,5309N 00020E
GB,SKZ,Skeld,ZET,1-3-----,701.0,6010N 00126W
GB,SKR,Skerray,HLD,1-------,901.0,5832N 00418W
GB,ATS,Sleat,HLD,1-------,901.0,5703N 00554W
GB,SJJ,Small Heath,BIR,1-------,901.0,5227N 00149W
GB,SID,Snape Bridge,,1-------,901.0,5209N 00130E
GB,SZT,Snizort,HLD,1-------,901.0,5729N 00619W
GB,SDL,Snodland,KEN,1-3-----,9811.0,
GB,SLV,Solva (Solfach),PEM,1-3-----,701.0,5152N 00511W
GB,SPT,Sompting,WSX,1----6--,907.0,5049N 00021W
GB,SUT,South Arne,,1-----7-,401.0,5604N 00415E
GB,LUI,"South Cuan, Luing",AGB,1-3-----,701.0,5616N 00538W
GB,TRS,South Harris,ELS,1-------,901.0,5801N 00621W
GB,SHG,South Hayling,HAM,1-3-----,401.0,5047N 00058W
GB,OTC,South Lochs,ELS,1-------,901.0,5806N 00629W
GB,SOQ,South Queensferry,EDH,123-----,1401.0,5559N 00324W
GB,SRY,South Ronaldsay,ORK,1-------,901.0,5844N 00258W
GB,SSH,South Shields,STY,1-------,1401.0,5459N 00125W
GB,THT,South Uist and Eriskay,ELS,1-------,901.0,5704N 00716W
GB,SOU,Southampton,HAM,1--4----,9511.0,5053N 00124W
GB,SND,Southend,ESS,1-------,9511.0,
GB,SEC,Southend Argyll,AGB,1-------,2301.0,5519N 00538W
GB,SAA,Southend-on-Sea,ESS,123--6--,901.0,5132N 00042E
GB,SRQ,Southerness,DGY,1-3-----,907.0,5452N 00336W
GB,SRT,Southport,SFT,123-----,701.0,5339N 00300W
GB,SHK,Southwick,WSX,123-----,701.0,5050N 00014W
GB,SWD,Southwold,SFK,1-------,9511.0,
GB,SUH,Spurn Head,,1-------,9811.0,
GB,AIS,St Agnes,CON,1-------,1307.0,4953N 00620W
GB,SNW,St Andrews,FIF,1-34----,2301.0,5620N 00247W
GB,SPQ,Stackpole Quay,PEM,1-------,901.0,5137N 00454W
GB,STZ,Staithes,NYK,1-3-----,701.0,5433N 00048W
GB,SRI,Stalbridge,DOR,1-3-----,901.0,5057N 00222W
GB,ERE,Stamford Bridge,ERY,1----6--,901.0,
GB,TND,Standlake,OXF,1-3-----,901.0,5143N 00125W
GB,SOW,Stanlow,SHR,1-------,1401.0,5235N 00218W
GB,TED,Stanstead,SFK,1-------,1501.0,5206N 00041E
GB,SBA,Stapleford Abbots,ESS,1-------,1501.0,5138N 00010E
GB,SXE,Staxigoe,HLD,1-------,901.0,5826N 00302W
GB,ST2,Stechford,BIR,1----6--,1201.0,5229N 00148W
GB,SYY,Steynton,PEM,123-----,1207.0,5143N 00501W
GB,SGT,Stillington,NYK,1----6--,901.0,
GB,SCH,Stockinish,ELS,1-------,901.0,5748N 00610W
GB,SCT,Stockton,HEF,1-------,1401.0,5215N 00242W
GB,STT,Stockton-on-Tees,STT,123-----,701.0,5434N 00119W
GB,SOT,Stoke on Trent,STS,1-------,212.0,5300N 00211W
GB,SVN,Stonehaven,ABD,123-----,701.0,5658N 00213W
GB,YVZ,Stonehouse,GLS,1-------,9704.0,
GB,STO,Stornoway,ELS,1--4----,1401.0,5813N 00622W
GB,SYR,Stourton/Leeds,LDS,123-----,1607.0,5347N 00132W
GB,SBI,Stowbridge,NFK,12------,701.0,5238N 00022E
GB,SJL,Strangford,DOW,1-3-----,701.0,5422N 00534W
GB,STR,Stranraer,DGY,1-------,2301.0,5454N 00502W
GB,SAV,Stratford-upon-Avon,WAR,123-----,701.0,
GB,SRH,Strathaird,HLD,1-------,901.0,5710N 00603W
GB,SRC,Strathcarron,HLD,1-3-----,907.0,5726N 00525W
GB,HTA,Streatham,LND,1-------,1501.0,5125N 00108W
GB,SRZ,Strete,DEV,1-------,901.0,5019N 00338W
GB,SOA,Stroma,HLD,1-------,901.0,5841N 00307W
GB,UTS,Stromeferry,HLD,1-------,2301.0,5721N 00532W
GB,SNS,Stromness,ORK,1-------,9511.0,
GB,SFU,Stuartfield,ABD,1-3-----,907.0,5730N 00203W
GB,SJY,Studland,DOR,1-3-----,907.0,5038N 00156W
GB,URT,Sturton by Stow,LIN,1-------,1501.0,5318N 00039W
GB,SUL,Sullom Voe,ZET,1-------,2301.0,6028N 00118W
GB,SMU,Summercourt,CON,1-------,901.0,5021N 00458W
GB,SUN,Sunderland,SND,1-------,1401.0,5454N 00123W
GB,PSB,Sutton Bridge,LIN,1-3-----,212.0,5246N 00011E
GB,SWE,Swanage,DOR,123-----,701.0,5037N 00158W
GB,SWA,Swansea,SWA,1--4----,1401.0,5138N 00358W
GB,SWN,Swinton,SLF,1-------,1401.0,5330N 00221W
GB,SYM,Symbister,ZET,1-------,2301.0,6020N 00102W
GB,TAD,Taddiport,DEV,1----6--,1401.0,5056N 00409W
GB,TEZ,Talbot Green,RCT,1----6--,901.0,5272N 00347W
GB,TLN,Talmine,HLD,1-------,901.0,5832N 00425W
GB,TAM,Tameside,TAM,1-------,1207.0,5329N 00205W
GB,TAR,"Tarbert, Loch Fyne",AGB,1-3-----,2301.0,5552N 00525W
GB,TAB,"Tarbert,Harris",ELS,1-------,2301.0,5754N 00648W
GB,TAI,Tayinloan,AGB,1-3-----,701.0,5539N 00539W
GB,TAY,Tayport,FIF,1-------,2301.0,5627N 00253W
GB,TLI,Tayvallich,AGB,1-------,2301.0,5601N 00537W
GB,TEE,Teesport,RCC,1-------,1401.0,5435N 00109W
GB,TNM,Teignmouth,,1-------,212.0,5033N 00328W
GB,ENB,Tenbury,WOR,1----6--,901.0,5218N 00235W
GB,TEN,Tenby (Dinbych-y-pysgod),PEM,123-----,701.0,5140N 00443W
GB,RIG,Tendring,OXF,1----6--,901.0,5153N 00106W
GB,TTL,Tetney Terminal,LIN,1-------,1401.0,5329N 00001E
GB,KHA,Thakeham,WSX,1----6--,901.0,5056N 00025W
GB,THS,Thames Haven,ESS,1-------,9511.0,
GB,THP,Thamesport,KEN,1-------,9511.0,
GB,FTI,The Forties,DBY,1-------,407.0,5246N 00129W
GB,TRL,Thornhill,DBY,123-----,601.0,5321N 00142W
GB,NLE,Thornley,DUR,1----6--,901.0,5445N 00126W
GB,TPB,Thorpe Bay,ESS,1----6--,1107.0,5153N 00045E
GB,NSS,Thorpeness,,1----6--,901.0,5210N 00137E
GB,RSL,Thundersley,ESS,1----6--,901.0,5133N 00035E
GB,FUU,Thurnscoe,BNS,1-------,1401.0,5332N 00118W
GB,THR,Thurso,HLD,123-----,701.0,5835N 00331W
GB,TIG,Tighnabruaich,AGB,1-3-----,701.0,5554N 00514W
GB,TIL,Tilbury,ESS,1-------,9511.0,5127N 00022E
GB,TFO,Tilford,SRY,1-3--6--,601.0,5111N 00045W
GB,TWL,Tingwall,ZET,1--4----,2301.0,6010N 00113W
GB,TNG,Tingwall Orkney,ORK,1-3-----,2301.0,5905N 00303W
GB,TVD,Tividale,DUD,123-----,601.0,5231N 00204W
GB,TOB,Tobermory,AGB,1-------,1401.0,5638N 00605W
GB,TBN,Toberonochy,AGB,1-------,901.0,5612N 00537W
GB,TFT,Toft Shetland,ZET,1-3-----,2301.0,6028N 00113W
GB,TOL,Tollesbury,ESS,1-------,9511.0,
GB,TGU,Tongue,HLD,1-3-----,907.0,5828N 00425W
GB,THM,Topsham,,1-------,212.0,5041N 00327W
GB,TBY,Torbay/Paignton,TOB,123-----,701.0,5027N 00334W
GB,TPO,Torpoint,CON,1-3--6--,601.0,5023N 00413W
GB,TOR,Torquay,,1-------,212.0,5027N 00330W
GB,TRD,Torridon,HLD,1-------,901.0,5732N 00531W
GB,TRA,Tranmere,WRL,1-------,1401.0,5322N 00301W
GB,TRR,Trearddur,AGY,1-3-----,701.0,5317N 00437W
GB,TFR,Trefforest,RCT,1-3-----,1401.0,5135N 00319W
GB,TRO,Trefor,,1-------,901.0,5300N 00424W
GB,TSO,Tresco,CON,1-------,1401.0,4957N 00620W
GB,TRN,Troon,SAY,123-----,701.0,5533N 00439W
GB,TRU,Truro,CON,1-------,9511.0,
GB,TDI,Tudweiliog,,1-------,901.0,5254N 00436W
GB,TYD,Tyddewi (St David's),PEM,1-3-----,701.0,5153N 00515W
GB,TYN,Tyne,NET,1-------,901.0,5500N 00126W
GB,TYM,Tynemouth,NTY,1-------,1401.0,5501N 00126W
GB,UIG,Uig,HLD,1-3-----,2301.0,5735N 00622W
GB,ULL,Ullapool,HLD,1-------,2301.0,5754N 00510W
GB,ULS,"Ulsta, Yell",ZET,1-3-----,701.0,6030N 00110W
GB,ULF,Ulva Ferry,AGB,1-------,901.0,5629N 00608W
GB,UPH,Upholland,LAN,1----6--,901.0,5332N 00243W
GB,UPR,Upnor,KEN,1-------,1201.0,5124N 00031E
GB,UFY,Upper Froyle,HAM,123--6--,601.0,5111N 00055W
GB,UPI,Uppingham,RUT,1----6--,901.0,5235N 00043W
GB,UYE,"Uyeasound, Unst",ZET,1-3-----,701.0,6042N 00055W
GB,VGI,Varg field,,1-----7-,407.0,
GB,VEN,Ventnor,IOW,1-3-----,701.0,5036N 00112W
GB,VID,Vidlin,ZET,1-3-----,701.0,6022N 00108W
GB,VOE,Voe,ZET,1-------,901.0,6021N 00115W
GB,WAB,Wadebridge,CON,1-3-----,701.0,5031N 00450W
GB,WFD,Wakefield,WKF,1-------,1401.0,5342N 00129W
GB,WLK,Walker,NET,1-3-----,701.0,5459N 00133W
GB,WLA,Wallasea,ESS,1-------,9709.0,
GB,QGT,Wallesbourne Hastings,WAR,1----6--,901.0,5211N 00135W
GB,LOY,Walls,ORK,1-------,901.0,6013N 00133W
GB,WLZ,Walls Shetland,ZET,1-3-----,2301.0,6013N 00134W
GB,WTW,Wallsend,NTY,1-3-----,701.0,5459N 00132W
GB,WMF,Walmer,KEN,1-3-----,9811.0,
GB,WGW,Walsgrave on Sowe,COV,1-------,1501.0,5225N 00126W
GB,WNZ,Walton-on-the-Naze,ESS,123-----,701.0,5152N 00116E
GB,WRE,Wardle,RCH,123-----,1307.0,5307N 00235W
GB,WRH,Wareham,DOR,123-----,701.0,5041N 00207W
GB,WKO,Warkworth,NBL,1-3-----,701.0,5521N 00136W
GB,WND,Warndon,WOR,1----6--,1401.0,5212N 00210W
GB,WPT,Warrenpoint,DOW,1-------,9511.0,
GB,WRN,Warrington,WRT,1-------,1401.0,5323N 00236W
GB,WAT,Watchet,SOM,1-------,9511.0,
GB,FUC,Waterfoot,IOW,1-------,901.0,
GB,WFT,Waterfoot,MYL,1-3-----,701.0,5504N 00604W
GB,WAF,Watford,HRT,1-------,9511.0,
GB,WLS,Wells,SOM,1-------,9511.0,
GB,WNS,Wells-next-the-Sea,NFK,1-3-----,701.0,5257N 00050W
GB,WBY,Wembley,BEN,1-------,1401.0,5133N 00017W
GB,WMB,Wemyss Bay,IVC,1-------,1401.0,5553N 00454W
GB,WAX,West Auckland,DUR,1-3--6--,901.0,5438N 00144W
GB,WYX,West Bay,,1-------,901.0,5042N 00245W
GB,WBF,West Burrafirth,ZET,1-3-----,701.0,6018N 00132W
GB,CWH,West Chiltington,WSX,1----6--,901.0,5056N 00027W
GB,WGD,West Grinstead,WSX,1-------,901.0,5058N 00020W
GB,ARP,West Harptree,BAS,1----6--,901.0,5118N 00237W
GB,WKI,West Kirby,WRL,123-----,1401.0,
GB,WRB,West Loch Tarbert,AGB,1-------,2301.0,5551N 00526W
GB,WMD,West Mainland,ZET,1-------,901.0,6013N 00123W
GB,WMS,West Mersea,ESS,1-3-----,701.0,5147N 00055E
GB,LWT,West Thurrock,ESS,123-----,1307.0,
GB,WWE,West Wemyss,FIF,1-3-----,701.0,5608N 00305W
GB,WYS,Westbury on Severn,GLS,123--6--,601.0,5149N 00225W
GB,WTE,Westerleigh,GLS,1-------,1501.0,5130N 00225W
GB,WXW,Westgate,DUR,1----6--,901.0,5444N 00208W
GB,WSP,Weston Point,HAL,123-----,1401.0,5319N 00245W
GB,WSM,Weston-Super-Mare,NSM,123-----,501.0,5121N 00258W
GB,ZOY,Westonzoyland,SOM,1----6--,901.0,5106N 00255W
GB,WRY,Westray,ORK,1--4----,9511.0,
GB,RWS,Wetheringsett,SFK,1----6--,901.0,5215N 00107E
GB,WEY,Weymouth,DOR,1-------,9511.0,
GB,WLG,Whaligoe,HLD,1-------,901.0,5820N 00311W
GB,WNL,Whinnyfold,ABD,1-------,901.0,5723N 00152W
GB,WTB,Whitby,NYK,1-------,1501.0,5429N 00037W
GB,WCB,Whitcombe,DOR,1----6--,901.0,5041N 00224W
GB,WHB,Whitebooth Roads,,1-------,9511.0,
GB,WHL,"Whitehall Village, Stronsay",ORK,1-3-----,701.0,5908N 00237W
GB,WHV,Whitehaven,CMA,1-------,9511.0,
GB,WHE,Whitehead,CKF,123-----,501.0,5445N 00542W
GB,HTS,Whitehills,ABD,1-------,901.0,5740N 00234W
GB,YNT,Whitney,HEF,1----6--,901.0,5207N 00305W
GB,WTS,Whitstable,KEN,1-------,9511.0,
GB,WIC,Wick Caithness,HLD,1--4----,2301.0,5826N 00305W
GB,WKM,Wickham,HAM,1-3--6--,601.0,5054N 00111W
GB,WDN,Widnes,HAL,1-------,1401.0,5321N 00244W
GB,WGN,Wigan,WGN,1-------,1401.0,5332N 00237W
GB,WIG,Wigtown,DGY,1-------,2301.0,5452N 00426W
GB,ESD,Willesden,BEN,123-----,907.0,5132N 00014W
GB,WL2,Willingham,CAM,1-3-----,1401.0,5219N 00040E
GB,INT,Wintringham,NYK,1-------,1501.0,5408N 00039W
GB,WIS,Wisbech,CAM,1-------,9511.0,
GB,WEX,Withernsea,ERY,1-------,1401.0,5344N 00020E
GB,WIV,Wivenhoe,ESS,1-------,9511.0,
GB,WUF,Wolvey,HAM,1-------,901.0,
GB,WOR,Workington,CMA,1-------,9511.0,
GB,WOT,Worthing,WSX,123-----,701.0,5049N 00023W
GB,WYC,Wychbold,WOR,1-------,1501.0,5217N 00206W
GB,WYK,Wyke Regis,DEV,1-------,901.0,5035N 00229W
GB,WYR,Wyre,ORK,1-3-----,701.0,5908N 00258W
GB,YAP,Yapton,WSX,1-------,901.0,5048N 00036W
GB,YMO,Yarmouth,IOW,1-------,101.0,5042N 00130W
GB,YFR,Yell and Fetlar,ZET,1-------,901.0,6042N 00058W
GB,YLL,Yelland,,1-------,212.0,
GB,YKE,Yoker,GLG,1-------,901.0,
GB,YRK,York,NYK,1-------,9511.0,
GD,GRE,Grenville,,1-------,8103.0,
GD,HIL,"Hillsborough, Carriacou Is",,1-------,8103.0,
GD,STG,Saint George's,,1-------,9401.0,
GE,ANA,Anaklia,SZ,1-34----,2407.0,4224N 04135E
GE,BUS,Batumi,,1--4----,9601.0,
GE,IES,Khashmi,TB,1-3-----,1401.0,4145N 04510E
GE,KUL,Kulevi,,1-------,1107.0,4216N 04138E
GE,PTI,Poti,,1-------,9207.0,
GE,ABK,Sukhumi,AB,1-3-----,1401.0,4300N 04100E
GE,SPS,Sup'sa,,1-------,901.0,4202N 04148E
GF,CCY,Awala-Yalimapo,,1-3-----,2201.0,0541N 05356W
GF,CAY,Cayenne,,1--45---,1901.0,0456N 05220W
GF,DDC,Degrad des Cannes,,1-------,2107.0,0452N 05216W
GF,REM,Degrad des Cannes-Pariacabo Pt/Remire,,1-3--67-,2101.0,0453N 05217W
GF,QKR,Kourou,,1-345---,2101.0,0509N 05238W
GF,LCY,Ouanary,,1--4----,2201.0,0413N 05140W
GF,OYP,Saint-Georges,,1-34----,2207.0,0354N 05148W
GF,SLM,Saint-Laurent-du-Maroni,,1-34----,2101.0,0530N 05402W
GG,ACI,Alderney,,1--4----,607.0,4941N 00212W
GG,GCI,Guernsey,,1--4----,607.0,4926N 00235W
GG,SPT,Saint Peter Port,,1-3-----,1101.0,4927N 00233W
GH,ADA,Ada,,1-------,8103.0,
GH,AUR,Aura,,1-------,8103.0,
GH,AXI,Axim,,1-------,8103.0,
GH,CCT,Cape Coast,,1-------,8103.0,
GH,KIT,Keta,,1-------,8103.0,
GH,SPD,Saltpond,,1-------,9506.0,
GH,SEK,Sekondi,,1-------,8103.0,
GH,SHA,Shama,,1-------,8103.0,
GH,TKD,Takoradi,,1--45---,9601.0,
GH,TEM,Tema,,1-------,8103.0,
GH,WEA,Winneba,,1-------,8103.0,
GI,GIB,Gibraltar,,1--45---,9601.0,
GL,JEG,Aasiaat (Egedesminde),,1--4----,8401.0,
GL,DAN,Daneborg,,1-------,8401.0,
GL,OBY,Illorqortoormiut (Scoresbysund),,1--4----,8401.0,
GL,JAV,Ilulissat (Jakobshavn),,1--4----,8401.0,
GL,IUT,Ivigtut,,1-------,8401.0,
GL,FHN,Kangerdluarssoruseg (Faringehavn,,1-------,8401.0,
GL,KAN,Kangerlussuaq Havn,,1-------,1001.0,6658N 05056W
GL,JGR,Kangilinguit (Gronnedal),,1--4----,8401.0,
GL,KUL,Kullorsuaq,,1-3-----,901.0,7435N 05712W
GL,KUS,Kulusuk,,1--4----,,
GL,KUN,Kuummiut,,1-------,201.0,6552N 03701W
GL,MML,Maarmorliik,,1-------,901.0,7108N 05117W
GL,JSU,Maniitsoq (Sukkertoppen),,1--4----,8401.0,
GL,MRG,Mesters Vig,,1-------,8401.0,
GL,NAL,Nalunaq Gold Mine,,1-3-----,607.0,6019N 04456W
GL,JNN,Nanortalik,,1--4----,9401.0,
GL,UAK,Narsarsuaq,,1--4----,9601.0,
GL,GOH,Nuuk (Godthaab),,1-34----,907.0,6411N 05145W
GL,JFR,Paamiut (Fredrikshaab),,1--4----,8401.0,
GL,THU,Pituffik,,1--4----,9601.0,
GL,NAQ,Qaanaaq,,1--4----,9506.0,
GL,JJU,Qaqortoq (Julianehaab),,1--4----,9601.0,
GL,JCH,Qasigiannguit (Christianshaab),,1--4----,9601.0,
GL,JGO,Qeqertarsuaq (Godhavn),,1--4----,9601.0,
GL,SEQ,Seqi Olivine Mine,,1-3-----,607.0,6458N 05134W
GL,JHS,Sisimiut (Holsteinsborg),,1--4----,8401.0,
GL,AGM,Tasiilaq,,1--4----,1301.0,6536N 03738W
GL,TNT,Tiniteqilaaq,,1-3-----,601.0,6554N 03749W
GL,TOV,Toqqusaq,,1-------,212.0,6452N 05212W
GL,UMD,Uummannaq,,1--4----,9601.0,
GM,BJL,Banjul,,1--45---,9601.0,
GM,SUK,Sukuta,W,1----6--,1807.0,1324N 01642W
GN,BEL,Bel-Air,BF,1-3-----,2101.0,1014N 01428W
GN,BTY,Benty,,1-------,8103.0,
GN,BFA,Boffa,BF,1-3-----,2101.0,1011N 01402W
GN,CKY,Conakry,,1--45---,9601.0,
GN,DPL,Dapilon,BK,1-3-----,2101.0,1051N 01430W
GN,PMT,Dougoula,BK,123-----,2007.0,1045N 01433W
GN,DKA,Dubreka,DU,1-3-----,2101.0,0947N 01330W
GN,KMC,Kamsar,BK,1234-6--,2101.0,1040N 01435W
GN,KTG,Katougouma,BK,1-3-----,2101.0,0003N 01427W
GN,SBY,Moresby,,1-------,901.0,
GN,BRP,Port de Boke,BK,1-------,1807.0,1031N 01443W
GN,KMR,Port-Kamsar,,1-------,212.0,1039N 01437W
GP,FPI,Anse-Bertrand,,1-3-----,2201.0,1628N 06131W
GP,BMH,Baie-Mahault,,1-3-----,1901.0,1616N 06135W
GP,AIF,Baillif,,1-3-----,2201.0,1602N 06144W
GP,BBR,Basse-Terre,,1--45---,2101.0,1600N 06143W
GP,BOU,Bouillante,,1-3-----,2207.0,1608N 06146W
GP,CBE,Capesterre-Belle-Eau,,1----6--,1107.0,1603N 06133W
GP,DHR,Deshaies,,1-3-----,2207.0,1618N 06147W
GP,FAE,Folle-Anse,,1-3-----,1101.0,1557N 06120W
GP,GRB,Grand-Bourg,,1-------,212.0,1553N 06118W
GP,JAR,Jarry,,1-------,2407.0,1614N 06133W
GP,GOS,Le Gosier,,1-3-----,1401.0,1612N 06129W
GP,MSB,Marigot,,1-34----,1901.0,1804N 06305W
GP,PBG,Petit-Bourg,,1-3-----,2207.0,1611N 06135W
GP,PTP,Pointe-a-Pitre,,1-345---,2307.0,1614N 06132W
GP,PTL,Port-Louis,,1-3--6--,607.0,1625N 06132W
GP,SFC,Saint-Francois,,1-3-----,1901.0,1615N 06116W
GQ,BSG,Bata,,1--45---,9506.0,
GQ,BUL,Butuku-Luba,,1-------,9506.0,
GQ,COG,Cogo,,1-------,9506.0,
GQ,LUB,Luba,BS,1-------,1307.0,
GQ,SSG,Malabo,BN,1--4----,1801.0,
GQ,PET,Punta Europa Terminal,,1-------,1107.0,0347N 00843E
GQ,SER,Serpentina Terminal,AN,1-------,901.0,0348N 00805E
GQ,ZAF,Zafiro Terminal,AN,1-------,901.0,0351N 00810E
GR,ACL,Achladi,,1-------,1307.0,3853N 02249E
GR,ADL,Adamas Milos,L,1-------,2107.0,3643N 02426E
GR,AEG,Aegina,,1-------,1101.0,3744N 02325E
GR,AGN,Agathonisi,81,1-------,407.0,3727N 02658E
GR,AEF,Agia Efimia,,1-------,1307.0,3818N 02036E
GR,PIL,Agia Galini,M,1-------,2001.0,3505N 02441E
GR,AKM,Agia Kyriaki (Trikeri Magnisia),43,1-------,1001.0,3905N 02304E
GR,AMR,Agia Marina Aiginas,,1-------,901.0,3744N 02332E
GR,AGM,Agia Marina Fthiotidas,,1-------,1307.0,3854N 02235E
GR,GMA,Agia Marina Grammatikou Attikis,,1-------,1307.0,3811N 02404E
GR,AML,Agia Marina Lerou,81,1-------,1007.0,3709N 02651E
GR,APE,Agia Pelagia,,1-------,212.0,3620N 02259E
GR,ROU,Agia Roumeli,,1-------,1101.0,3514N 02358E
GR,AGT,Agio Theodoroi,,1-34----,2007.0,3755N 02307E
GR,AGK,Agiokampos Larissas,,1-------,407.0,3941N 02253E
GR,AOR,Agiokampos Oreon,H,1-------,2001.0,3856N 02302E
GR,AGO,Agios Efstratios,83,1-------,1307.0,3932N 02459E
GR,AGE,Agios Georgios,04,1-------,1307.0,3850N 02253E
GR,AKI,Agios Kirykos,84,1-------,1307.0,3737N 02618E
GR,AKO,Agios Konstantinos,,1-------,1307.0,3845N 02252E
GR,AGF,Agios Nikolaos Fokidas,,1-------,901.0,3820N 02209E
GR,ANI,"Agios Nikolaos, Kriti",92,1-------,212.0,3511N 02543E
GR,OTO,Agios Stefanos Avliotes,F,1-3-----,2407.0,3945N 01939E
GR,ASF,Agios Stefanos Corfu,22,1-------,1307.0,3946N 01957E
GR,AGG,Agistri Aiginas,A1,1-------,407.0,3743N 02321E
GR,ANL,Agnontas Skopelos,43,1-------,1307.0,3905N 02342E
GR,AGA,Agria,,123-----,1101.0,3920N 02300E
GR,AID,Aidipsou,04,1-------,901.0,3851N 02302E
GR,AIG,Aigiali Amorgou,82,1-------,1501.0,3654N 02558E
GR,AEN,Aigion,13,1-------,1307.0,3815N 02205E
GR,AKH,Akhillion,43,1-------,901.0,3900N 02258E
GR,AKT,Aktio Vonitsas,A1,1-------,1501.0,3857N 02045E
GR,AXD,Alexandroupolis,,1-34----,1101.0,4051N 02552E
GR,AIO,Alimos,A1,1-3-----,1607.0,3755N 02343E
GR,LVR,Aliverio,,1-------,1307.0,3824N 02403E
GR,ALO,Alonnisos,,1-------,1307.0,3909N 02352E
GR,ATS,Altsi,,1-3-----,1307.0,3510N 02553E
GR,APL,Amaliapolis,,1-3-----,607.0,3910N 02253E
GR,AMF,Amfilochia,,1-------,212.0,3852N 02110E
GR,AMI,Amoliani,,1-------,212.0,4020N 02355E
GR,ANA,Anafi,82,1-------,407.0,3621N 02546E
GR,ANT,Andirrion,,1-------,212.0,3820N 02146E
GR,AND,Andros,,1-------,212.0,3750N 02456E
GR,ATK,Antikyra,,1-------,1307.0,3823N 02238E
GR,ANP,Antiparos,,1-------,1307.0,3702N 02505E
GR,PXO,Antipaxoi,F,1-3-----,2407.0,3909N 02014E
GR,ARX,Araxos,,1-------,901.0,3812N 02123E
GR,ARM,Argostolion,,1-------,212.0,3811N 02029E
GR,ARD,Arkioi Dodekanissou,81,1-------,1307.0,3723N 02644E
GR,ARK,Arkitsa,06,1-3-----,407.0,3845N 02302E
GR,TEM,Artemis,,1-------,1307.0,3758N 02400E
GR,ASS,Aspropirgos,A1,1-3--6--,1101.0,3804N 02335E
GR,APV,Asprovalta,,1-3-----,601.0,4043N 02342E
GR,SOS,Assos,23,1-------,1307.0,3823N 02032E
GR,AST,Astakos,,1-------,212.0,3832N 02105E
GR,ARS,Astros,12,1-3-----,1101.0,3724N 02243E
GR,JTY,Astypalaia,81,1-------,212.0,3633N 02621E
GR,ATA,Atalandi,06,1-3-----,1307.0,3839N 02300E
GR,ATL,Atherinolakos Ierapetras,M,1-------,2001.0,3500N 02608E
GR,ATN,Athinios Thira Santorini,82,1-------,1001.0,3623N 02525E
GR,AVA,Avlida,64,1-3-----,1607.0,3824N 02336E
GR,TSA,Benitsa,F,1-3-----,2407.0,3933N 01954E
GR,CLK,Chalkida,04,1-------,1307.0,3828N 02335E
GR,CHQ,Chania,,1--4----,1307.0,3531N 02401E
GR,JKH,Chios,,1--4----,212.0,3822N 02608E
GR,DAF,Dafni,64,1-------,407.0,4013N 02413E
GR,DOS,Delos,,1-------,1307.0,3724N 02516E
GR,DIA,Diafanion,81,1-------,407.0,3545N 02713E
GR,DIK,Diakofti Kythiron,,1-------,901.0,3616N 02305E
GR,DMB,Dombraina Boiotias,,1-------,901.0,3813N 02257E
GR,DON,Donousa Kykladon,,1-------,1307.0,3706N 02548E
GR,DPA,Drapetzona,,1-------,1307.0,3757N 02337E
GR,DRE,Drepano Riou,,1-------,901.0,3820N 02151E
GR,EDI,Edipsos,,1-------,1307.0,3852N 02302E
GR,EGI,Eginion,,1-------,1307.0,4029N 02235E
GR,ELN,Elafonissos Lakonias,,1-------,901.0,3631N 02259E
GR,XZX,Elaiokhoria,64,1-3-----,1401.0,4020N 02310E
GR,ELT,Eleftheres,,1-------,1307.0,4051N 02419E
GR,EEU,Eleusina,A1,1-------,1307.0,3802N 02332E
GR,FLS,Eleusis,A1,1-3-----,1401.0,3802N 02332E
GR,EPI,Epidavros,,1-------,212.0,3738N 02309E
GR,ETK,Eratini,07,1-------,1501.0,3822N 02214E
GR,ERK,Ereikousses Diapontioi Islands,,1-------,901.0,3952N 01934E
GR,ERE,Eretria,04,1-3-----,407.0,3824N 02348E
GR,ERM,Ermioni,,1-------,212.0,3723N 02315E
GR,ERY,Erythres,A1,1-3-----,1401.0,3813N 02319E
GR,EYD,Eydilos,,1-------,1307.0,3738N 02611E
GR,FNR,Faneromeni Salaminas,,1-------,901.0,3759N 02325E
GR,FAM,Farmakonissi Dodekanissos,81,1-------,1001.0,3717N 02705E
GR,FIS,Fiskardo,23,1-------,407.0,3827N 02034E
GR,FOL,Folegandros,82,1-------,1307.0,3637N 02457E
GR,FOU,Fournoi,84,1-------,407.0,3730N 02630E
GR,SAT,Frikes Ithakis,,1-------,901.0,3828N 02040E
GR,GAL,Galatas Troizinas,A1,1-------,1501.0,3730N 02327E
GR,GLX,Galaxidi,07,1-------,901.0,3823N 02223E
GR,GAD,Gavdos Chanea,,1-------,1307.0,3451N 02407E
GR,GAV,Gavrion,,1-------,212.0,3753N 02444E
GR,GLO,Glossa,,1-------,1307.0,3910N 02337E
GR,GLY,Glyfa Fthiotidas,06,1-------,1307.0,3857N 02258E
GR,GFD,Glyfada,A1,1-3-----,1607.0,3752N 02345E
GR,GOV,Gouvion,F,1-3-----,2407.0,3939N 01951E
GR,GYT,Gythion,,1-------,1307.0,3646N 02234E
GR,HAL,Halki Dodekanison,81,1-------,407.0,3613N 02736E
GR,HRK,Herakleia Kykladon,,1-------,1307.0,3652N 02528E
GR,HER,Heraklion (Iraklion),91,1--4----,1101.0,3520N 02510E
GR,HYD,Hydra (Idhra),,1-------,1307.0,3721N 02328E
GR,HYD,Idhra (Hydra),,1-------,1307.0,3721N 02328E
GR,IER,Ierapetra,92,1-3-----,407.0,3500N 02544E
GR,IES,Ierissos,,1-------,901.0,4023N 02353E
GR,IGO,Igoumenitsa,,1-------,212.0,3930N 02016E
GR,INO,Inousses,,1-------,1307.0,3831N 02613E
GR,IOS,Ios,,1-------,1307.0,3643N 02516E
GR,HER,Iraklion (Heraklion),91,1--4----,1101.0,3520N 02510E
GR,ITM,Isthmia,,1-------,212.0,3755N 02300E
GR,ITA,Itea,,1-------,1307.0,3826N 02225E
GR,ITH,Ithaki (Ithaca),,1-------,1307.0,3822N 02043E
GR,KLM,Kalamaki,,1-------,1307.0,3755N 02301E
GR,KLX,Kalamata,,1--4----,212.0,3702N 02207E
GR,KAI,Kalamos Island (Lefkada),23,1-------,1307.0,3837N 02055E
GR,KLD,Kalathos Rodou,81,1-------,1307.0,3607N 02804E
GR,KLL,Kalilimenes,,1-------,1307.0,3456N 02448E
GR,KMI,Kalymnos,81,1-------,212.0,3657N 02659E
GR,KRE,Kamares Sifnos,82,1-------,1001.0,3659N 02440E
GR,KSK,Kamiros Skala,81,1-------,1607.0,3616N 02749E
GR,KAP,Kapsalion (Kythira),,1-------,1307.0,3609N 02300E
GR,KRM,Kardamaina Kos,81,1-------,1307.0,3647N 02709E
GR,KDM,Kardamyla,85,1-3-----,1307.0,3832N 02606E
GR,KAG,Karkinagri Ikarias,84,1-------,1307.0,3731N 02601E
GR,AOK,Karpathos,,1--4----,1001.0,3530N 02714E
GR,KST,Karystos,,1-------,1307.0,3801N 02425E
GR,KSP,Kassiopi Corfu,22,1-------,1001.0,3947N 01955E
GR,KSA,Kassiopis,F,1-3-----,2407.0,3947N 01955E
GR,KSJ,Kassos,,1--4----,1307.0,3525N 02655E
GR,KIS,Kastelli Kissamou,,1-------,1307.0,3531N 02338E
GR,KAS,Kastellorizou (ex Megisti),81,1-------,1307.0,3609N 02936E
GR,KSI,Kastos Island,23,1-------,1307.0,3834N 02055E
GR,KAK,Katakolon,,1-3-----,1307.0,3739N 02119E
GR,KTP,Katapola,82,1-3-----,1001.0,3650N 02552E
GR,KEI,Katerini,,1-3-----,1307.0,4016N 02230E
GR,KAH,Kato Achaia,,123-----,901.0,3809N 02133E
GR,KVA,Kavala,55,1-34----,401.0,4056N 02424E
GR,KEA,Kea (Tzia),,1-------,1307.0,3739N 02419E
GR,KEF,Kefalos Ko,,1-------,1307.0,3644N 02658E
GR,KER,Keramoti,,1-------,1307.0,4052N 02442E
GR,KTS,Keratsinion,,1-3-----,1001.0,3758N 02336E
GR,CFU,Kerkira (Corfu),22,1--4----,501.0,3937N 01955E
GR,CSF,Khora Sfakion,,1-------,1307.0,3512N 02408E
GR,KIO,Kiato,,1-3-----,1307.0,3800N 02245E
GR,KYM,Kimasi,,1-------,212.0,3848N 02331E
GR,KIM,Kimi (Kymi),,1-3-----,1301.0,3838N 02406E
GR,KMS,Kimolos,,1-------,1307.0,3647N 02435E
GR,KIP,Kiparissia,17,1-------,901.0,3715N 02140E
GR,KLI,Klima,43,1-------,1307.0,3908N 02339E
GR,KIN,Koilas Ermionidos,11,1-------,1307.0,3725N 02308E
GR,KNS,Kontias Limnou,83,1-------,1001.0,3950N 02509E
GR,KPS,Kopanos,53,1-3-----,1401.0,4038N 02207E
GR,KRT,Korinthos,15,1-3-----,1207.0,3756N 02255E
GR,KGS,Kos,,1--4----,1307.0,3652N 02715E
GR,KEM,Kosta Ermionidas,,1-------,1307.0,3718N 02310E
GR,KOF,Koufonissia Kykladon,,1-------,1307.0,3656N 02536E
GR,AON,Kounoupidiana,M,1-3-----,2407.0,3532N 02405E
GR,KYL,Kyllini,,1-------,212.0,3756N 02109E
GR,KIM,Kymi (Kimi),,1-3-----,1301.0,3838N 02406E
GR,KYT,Kythnos,,1-------,1307.0,3723N 02424E
GR,PTL,Lagos (Porto-Lago),72,1-------,1101.0,4101N 02507E
GR,PKK,Lakkion,,1-------,901.0,3708N 02651E
GR,LAR,Lardos Rhodes,81,1-------,1607.0,3604N 02802E
GR,LRY,Larymna,,1-------,1307.0,3834N 02317E
GR,LAV,Laurium (Lavrion),,1-------,1307.0,3743N 02404E
GR,LAV,Lavrion (Laurium),,1-------,1307.0,3743N 02404E
GR,LEV,Lefkada (Lefkas),,1-------,212.0,3850N 02042E
GR,LEF,Lefkandi,,1-------,1307.0,3825N 02341E
GR,LEV,Lefkas (Lefkada),,1-------,212.0,3850N 02042E
GR,LFK,Lefkimmi,22,1-------,1307.0,3925N 02006E
GR,LND,Leonidion,,1-------,1307.0,3709N 02254E
GR,LRS,Leros,,1--4----,1307.0,3711N 02648E
GR,LII,Limni,,1-------,1307.0,3846N 02319E
GR,LIA,Linaria,04,1-------,1307.0,3851N 02432E
GR,LDR,Lindos Rodou,81,1-------,1307.0,3606N 02805E
GR,LIN,Linoperamata Hrakliou,,1-------,1307.0,3521N 02503E
GR,LIP,Lipsoi,81,1-------,407.0,3717N 02646E
GR,LIX,Lixuri,,1-------,1307.0,3812N 02026E
GR,LTR,Loutro Chanion,,1-------,901.0,3512N 02405E
GR,M8L,Magoula,42,1-------,1401.0,3949N 02205E
GR,MGL,Magoula,A1,1-3-----,907.0,3805N 02331E
GR,MSA,Malessina,,1-------,1307.0,3839N 02314E
GR,MKP,Marathokampos Samou,84,1-------,1607.0,3742N 02642E
GR,MRM,Marmari,,1-------,1307.0,3803N 02419E
GR,MXK,Mastichari Kos,81,1-------,1001.0,3651N 02704E
GR,MTR,Mathraki Diapontioi Island,,1-------,1307.0,3947N 01931E
GR,MEG,Megalon Livadion,82,1-------,507.0,3709N 02425E
GR,MGN,Meganisi,24,1-------,1307.0,3840N 02045E
GR,MEN,Menidi,,1-------,1307.0,3902N 02107E
GR,MEL,Mesolongion,,1-------,212.0,3822N 02126E
GR,MSS,Messongis,F,1-3-----,2407.0,3928N 01956E
GR,MHI,Mesta Hiou,,1-------,1307.0,3817N 02556E
GR,MEA,Methana,A1,1-------,1607.0,3735N 02333E
GR,MET,Methoni,,1-------,1307.0,3649N 02143E
GR,MYR,Mirina,,1-------,212.0,3952N 02504E
GR,MOL,Molyvos,83,1-3-----,1101.0,3922N 02609E
GR,MON,Monemvasia,16,1-------,212.0,3641N 02303E
GR,MVO,Moni Vatopediou,69,1-------,1501.0,4018N 02412E
GR,MDR,Moudhros,,1-------,212.0,3952N 02516E
GR,MOU,Moutsouna,,1-------,1307.0,3705N 02535E
GR,MPO,Mpoukaris,F,1-3-----,2407.0,3927N 01959E
GR,JMK,Mykonos,82,1--4----,212.0,3727N 02520E
GR,MYL,Mylaki,,1-------,1307.0,3823N 02404E
GR,MRS,Myrties Kalymnou,L,1-------,1701.0,3659N 02655E
GR,MYB,Myrtos Beach,23,1-------,901.0,3821N 02032E
GR,MJT,Mytilene,,1--4----,1307.0,3906N 02633E
GR,NAF,Nafplion,11,123-----,307.0,3734N 02248E
GR,NAS,Naoussa Parou,,1-------,901.0,3707N 02514E
GR,NPK,Navpaktos,,1-------,212.0,3824N 02150E
GR,JNX,Naxos,,1--4----,212.0,3706N 02523E
GR,NAR,Nea Artaki,,1-3-----,601.0,3831N 02338E
GR,NKA,Nea Kallikratia,64,1-3-----,407.0,4019N 02304E
GR,NKV,Nea Karvali,,1-------,212.0,4058N 02431E
GR,NMA,Nea Moudhania,,1-------,1307.0,4014N 02317E
GR,NPY,Nea Playia,,1-------,212.0,4016N 02312E
GR,NST,Nea Stira,,1-------,212.0,3811N 02412E
GR,NEA,Neapolis,,1-------,1307.0,3630N 02304E
GR,KAR,Neon Karlovasion,,1-------,1307.0,3748N 02641E
GR,NID,Nidhrion,,1-------,212.0,3842N 02043E
GR,NIS,Nisiros,,1-------,1307.0,3637N 02708E
GR,OIK,Oia Kyklades,82,1-------,1307.0,3628N 02523E
GR,ORE,Orei,,1-------,1307.0,3857N 02305E
GR,PNT,Ormos Panormou,82,1-------,1501.0,3739N 02503E
GR,ORO,Oropos,,1-------,1307.0,3819N 02347E
GR,OTH,Othonoi,22,1-3-----,1307.0,3951N 01924E
GR,OUR,Ouranopolis,64,1-------,407.0,4019N 02359E
GR,PME,Pachi,,1-------,1107.0,3758N 02321E
GR,PEP,Palaia Epidavros,,1-------,212.0,3738N 02309E
GR,PFA,Palaia Fokaia,,1-3-----,601.0,3743N 02357E
GR,PCH,Paleochora,94,1-------,901.0,3513N 02340E
GR,PSF,Paleohora Sfakion,,1-------,1307.0,3512N 02408E
GR,PAO,Paloukia,A1,1-3-----,1307.0,3758N 02332E
GR,PAR,Parga,,1-------,212.0,3917N 02024E
GR,PAS,Paros,,1--4----,212.0,3705N 02509E
GR,PMS,Patmos,,1-------,1307.0,3719N 02633E
GR,GPA,Patras,,1--4----,1307.0,3814N 02143E
GR,PAX,Paxi,,1-------,1307.0,3912N 02011E
GR,PEL,Pelasyia,06,1-3-----,1401.0,3857N 02250E
GR,PER,Perama,,1-------,1307.0,3758N 02333E
GR,PGM,Perama Geras Mytilinis,83,1-------,1001.0,3902N 02630E
GR,PRR,Perea,54,1-3-----,1307.0,4030N 02254E
GR,PSK,Pessada Kefallinnias,,1-------,901.0,3806N 02035E
GR,PEB,Petani Beach,23,1-------,901.0,3816N 02022E
GR,PLV,Petra,83,1-------,1307.0,3920N 02611E
GR,PRE,Petries Evvoias,04,1-------,1001.0,3824N 02411E
GR,PTC,Petriti,22,1-3-----,2407.0,3927N 02000E
GR,PYV,Peyki Evvoias,04,1-------,1001.0,3900N 02313E
GR,PSE,Phserimos Dodekanisou,81,1-------,1307.0,3656N 02708E
GR,PIR,Piraeus,I,1-------,1701.0,3756N 02337E
GR,PIS,Pissaetos Ithakis,,1-------,901.0,3821N 02041E
GR,PIT,Pitra,16,1-------,1307.0,3641N 02250E
GR,ALG,Plakias,M,1-------,2001.0,3511N 02423E
GR,PIA,Platania,43,1-------,901.0,3908N 02316E
GR,PTI,Plataria,32,1-------,901.0,3927N 02017E
GR,P5T,Platy,53,1-3-----,1401.0,4038N 02232E
GR,PLG,Platygiali Etoloakarnanias,,1-------,901.0,3828N 02106E
GR,PLM,Plomarion,83,1-3-----,907.0,3859N 02622E
GR,PTK,Politika,,1-------,1307.0,3835N 02333E
GR,PLC,Polychnitos Lesvou,,1-------,901.0,3406N 02610E
GR,PKE,Poros Kefallinias,,1-------,9812.0,
GR,PTR,Poros Trizinias,,1-------,9812.0,
GR,VTH,Port Vathy (Vathy),84,1-------,1301.0,3745N 02659E
GR,PHE,Porto Heli,,1-------,9812.0,
GR,POA,Potamos Antikithera,A1,1-------,1001.0,3553N 02317E
GR,PRN,Prasonisi Rhodes,L,1-3-----,2407.0,3553N 02746E
GR,PKI,Prassa Kimolos,L,1-3-----,2407.0,3649N 02435E
GR,PVK,Preveza/Lefkas,,1--4----,9601.0,
GR,PPI,Prinos Thassou,,1-------,901.0,4045N 02434E
GR,DSD,Prosotsani,52,1-3-----,1401.0,4111N 02358E
GR,PRO,Proti,62,1----6--,1201.0,4057N 02400E
GR,PSA,Psakhna,,1-------,212.0,3835N 02338E
GR,PAA,Psara,85,1-------,1307.0,3832N 02534E
GR,PTE,Pteleos,43,1-------,901.0,3902N 02259E
GR,PLI,Pyli,,1-------,212.0,4046N 02102E
GR,PYL,Pylos,17,1-3-----,307.0,3654N 02141E
GR,PYR,Pyrgos,,1--4----,9601.0,
GR,PYT,Pythagoreion,84,1-------,212.0,3742N 02657E
GR,RAF,Rafina,,1-------,9601.0,
GR,RET,Rethymnon,,1-------,212.0,3522N 02428E
GR,REV,Revithoussa,,1-------,212.0,3757N 02323E
GR,RHO,Rhodes,,1--45---,9601.0,
GR,RIO,Rio,,1-------,9812.0,
GR,RIZ,Rizes,A1,1----6--,1501.0,3614N 02257E
GR,SGT,Sagiada Thesprotias,32,1-------,1001.0,3938N 02011E
GR,SGB,Saint George,,1-------,1101.0,
GR,STN,Saint Nicolas,03,1-------,1101.0,3821N 02241E
GR,SAL,Salamis,,1-------,212.0,3758N 02329E
GR,SNK,Salonika,54,1-------,901.0,
GR,SAI,Sami,23,1-3-----,407.0,3815N 02039E
GR,SMI,Samos,,1--4----,9601.0,
GR,SAM,Samothraki,,1-------,212.0,4029N 02531E
GR,SHC,Schinousa Kykladon,,1-------,901.0,3652N 02530E
GR,ZAQ,Serifos,82,1-3-----,1401.0,3709N 02430W
GR,SER,Seriphos,82,1-------,212.0,3709N 02430E
GR,SHI,Shinari Zakynthou,,1-------,901.0,3754N 02042E
GR,SGR,Sigri Lesvou,,1-------,901.0,3913N 02550E
GR,SGI,Sigrion,,1-------,901.0,3913N 02551E
GR,SII,Sikinos,82,1-------,407.0,3642N 02507E
GR,SIK,Sikionia,,1-------,8103.0,
GR,JSH,Siteia,,1--4----,212.0,3512N 02607E
GR,SKD,Skafidia,,1----6--,1201.0,3742N 02120E
GR,SKM,Skaloma,32,1-------,901.0,3937N 02011E
GR,SKA,Skaramangas,,1-------,212.0,3800N 02335E
GR,JSI,Skiathos,,1--4----,212.0,3910N 02329E
GR,SKU,Skiros,,1--4----,212.0,3854N 02434E
GR,SKO,Skopelos,,1-------,9601.0,
GR,SOI,Soroni,L,1-------,2001.0,3622N 02800E
GR,SDH,Souda,94,1-3-----,1607.0,3531N 02408E
GR,SFN,Souflion,,123-----,601.0,4112N 02619E
GR,SOG,Sougia Chanion,,1-------,901.0,3512N 02348E
GR,SOR,Soupri,,1-3-5---,1107.0,
GR,SOU,Soussaki,,1-------,1607.0,3755N 02303E
GR,SLA,Souvala,A1,1-------,901.0,3746N 02329E
GR,SPE,Spetsai,,1-------,212.0,3716N 02309E
GR,SCR,Stavrochorion,57,1-------,901.0,
GR,SHA,Stavros Halkidikis,,1-------,9812.0,
GR,STI,Stratoni,,1-------,9812.0,
GR,SYS,Stylida (Stylis),06,1-3-----,1301.0,3855N 02237E
GR,SYS,Stylis (Stylida),06,1-3-----,1301.0,3855N 02237E
GR,SUD,Suda Bay,,1-------,9704.0,
GR,SYM,Symi,,1-------,212.0,3636N 02750E
GR,JSY,Syra (Syros),,1-------,9601.0,
GR,JSY,Syros (Syra),,1-------,9601.0,
GR,SYV,Syvota,32,1-------,1607.0,3924N 02014E
GR,TVR,Tavros,A1,1-3--6--,901.0,3758N 02341E
GR,TSO,Thasos,,1-------,9704.0,
GR,SKG,Thessaloniki,,1--45---,212.0,4038N 02257E
GR,TKO,Thessi Kyrillo,,1-------,901.0,
GR,JTR,Thira,,1--4----,212.0,3625N 02526E
GR,TRS,Thirasia,,1-------,212.0,3626N 02521E
GR,THP,Thisvi Port,07,1-------,1607.0,3813N 02257E
GR,THM,Thymaina Island,84,1-------,1001.0,3735N 02627E
GR,TIL,Tilos,81,1-------,407.0,3625N 02722E
GR,TIN,Tinos,,1-------,212.0,3732N 02510E
GR,TLA,Tolo Argolidos,11,1-------,1001.0,3731N 02251E
GR,TRK,Trikeri Island,43,1-------,2407.0,3905N 02304E
GR,TRY,Trypiti Chalkidikis,,1-------,901.0,4022N 02355E
GR,TSI,Tsingeli,,1-------,212.0,3910N 02251E
GR,VSS,Vassiliki Leykadas,,1-------,901.0,3837N 02035E
GR,VTH,Vathy (Port Vathy),84,1-------,1301.0,3745N 02659E
GR,VAB,Vatika Bay,16,1-------,901.0,3630N 02302E
GR,VLC,Volissos (Limnia) Chios,85,1-------,1001.0,3828N 02555E
GR,VOL,Volos,,1--4----,212.0,3922N 02257E
GR,VOM,Voudia Milos,L,1-------,2001.0,3645N 02432E
GR,VLM,Vouliagmeni,A1,1-3-----,901.0,3749N 02347E
GR,VRI,Vrisakia,,1-------,212.0,3834N 02336E
GR,XKB,Xirokambion,16,1----6--,1201.0,3658N 02227E
GR,XIR,Xirokampos Leros,L,1-3-----,2407.0,3707N 02652E
GR,XYT,Xylokeratia Milos,L,1-3-----,2407.0,3640N 02422E
GR,YLI,Yali Island,,1-------,8103.0,
GR,YAL,Yaltra,04,1-------,901.0,3851N 02259E
GR,YER,Yerakini,64,1-------,212.0,4017N 02327E
GR,YPS,Ypsos,F,1-3-----,2407.0,3942N 01950E
GR,ZTH,Zakynthos,21,1--4----,212.0,3747N 02054E
GS,GRV,Grytviken,,1-3-----,207.0,5416S 03630W
GS,LEH,Leith Harbour,,1-------,9506.0,
GT,CHR,Champerico,11,123--67-,401.0,1418N 09155W
GT,E8C,El Carmen,15,1-------,1401.0,1509N 09014W
GT,ELE,El Estor,18,1-------,901.0,
GT,LAA,La Aurora,,1-------,407.0,
GT,LIV,Livingston,18,1-3-----,212.0,1550N 08845W
GT,PBR,Puerto Barrios,,1--4----,9601.0,
GT,PRQ,Puerto Quetzal,,1-------,9506.0,
GT,STC,Puerto Santo Tomas de Castilla,18,1-------,307.0,1542N 08837W
GT,RIO,Rio Bravo,10,1----6--,1201.0,1424N 09119W
GT,SNJ,San Jose,,1-3-5---,9401.0,
GT,TUC,Tecun Uman,09,1-------,901.0,
GT,VIN,Villa Nueva,,1-------,9307.0,
GU,APR,Apra (Agana),,1-------,9506.0,
GU,BRR,Barrigada,,1----6--,1107.0,1328N 14447E
GU,GUM,Guam,,1--45---,9601.0,
GW,BNT,Binta,,1-------,901.0,1225N 01519W
GW,OXB,Bissau,BS,1-345---,401.0,1151N 01535W
GW,BOL,Bolama,,1-3-----,401.0,1135N 01528W
GW,BQE,Bubaque,,1-34----,401.0,1117N 01550W
GW,CAC,Cacheu,CA,1-3-----,401.0,1216N 01609W
GW,CJA,Canjaja,,1-------,901.0,1223N 01521W
GW,FAR,Farim,,1-------,901.0,1229N 01513W
GY,ANT,Adventure,,1-------,901.0,0705N 05829W
GY,GFO,Bartica,,1--4----,9506.0,
GY,EVR,Everton,DE,1-3--6--,701.0,0655N 05820W
GY,GEO,Georgetown,,1--45---,9601.0,
GY,LDN,Linden,,1-------,101.0,0600N 05817W
GY,NAM,New Amsterdam,,1--4----,1.0,
HK,ABD,Aberdeen,,1-3-----,1107.0,2215N 11409E
HK,ALC,Ap Lei Chau,,1-------,901.0,
HK,CWB,Causeway Bay,,1-3-----,407.0,2217N 11411E
HK,HKC,Ha Kwai Chung,,1-3-----,207.0,2222N 11407E
HK,HKG,Hong Kong,,1--45---,2407.0,2219N 11410E
HK,KWN,Kowloon,,123-----,701.0,2218N 11410E
HK,LAM,Lamma Island,,1-------,901.0,
HK,TOL,Tolo Harbour,,1-------,8103.0,
HK,TST,Tsim Sha Tsui,,1-3-----,1207.0,2218N 11410E
HK,VIC,Victoria,,1-------,8103.0,
HK,WNI,Wan Chai,,1-3-----,1101.0,2217N 11410E
HK,9YM,Yau Ma Tei,,1-3-----,2101.0,2219N 11410E
HK,YUE,Yuen Long,,1-------,901.0,
HM,HEA,Heard Island,,1-------,212.0,5305S 07343E
HM,MCD,McDonald Island,,1-------,212.0,5302S 07235E
HN,AMP,Amapala,,1-------,9401.0,
HN,GJA,Guanaja,,1--4----,9601.0,
HN,HNN,Henecan,,1-------,9401.0,
HN,LCE,La Ceiba,,1--4----,9601.0,
HN,RTM,Mahogany Bay,IB,1-3-----,2207.0,1620N 08630W
HN,OMO,Omoa,CR,1-------,901.0,1546N 08802W
HN,PCA,Puerto Castilla,,1-------,9506.0,
HN,PCR,Puerto Cortes,,1---5---,9401.0,
HN,RTB,Roatan,,1--4----,212.0,1618N 08633W
HN,SLO,San Lorenzo,,1-------,9506.0,
HN,SAP,San Pedro Sula,,1--45---,9601.0,
HN,TGU,Tegucigalpa,,1--45---,9601.0,
HN,TEA,Tela,,1--4----,9601.0,
HN,TJI,Trujillo,,1--4----,9601.0,
HR,ALJ,Aljmas,,1-3-----,701.0,4532N 01857E
HR,ATL,Antenal,,1-3-----,607.0,4519N 01333E
HR,BAK,Bakar,08,123-----,401.0,4518N 01431E
HR,BAS,Baska,08,1-3-----,1001.0,4458N 01445E
HR,BAT,Batina,14,1-3----B,907.0,4552N 01852E
HR,BLC,Belisce,,1-3-----,607.0,4542N 01825E
HR,BNM,Biograd na Moru,,1-3-----,601.0,4356N 01527E
HR,BLE,Blace,,1-3-----,607.0,4301N 01729E
HR,BOL,Bol,,1-3-----,307.0,4316N 01639E
HR,BOR,Borovo,,1-3-----,701.0,4522N 01858E
HR,BRV,Borovo Selo,,1-3-----,607.0,4525N 01859E
HR,BZA,Bozava,,1-3-----,601.0,4408N 01454E
HR,BRB,Brbinj/Lucina,,1-3-----,607.0,4405N 01500E
HR,BRI,Brioni,,1-3-----,307.0,4454N 01345E
HR,CVT,Cavtat,19,1-3-----,307.0,4234N 01813E
HR,CRS,Cres,,1-3-----,307.0,4457N 01424E
HR,CRA,Crikvenica,,1-3-----,601.0,4511N 01442E
HR,DLJ,Dalj,,1-3-----,701.0,4529N 01859E
HR,DAL,Dalmacia,13,1-------,901.0,4403N 01518E
HR,DNC,Donje Celo,,1-3-----,607.0,4241N 01800E
HR,DRK,Drvenik,,1-3-----,607.0,4309N 01615E
HR,DBV,Dubrovnik,19,1-34----,401.0,4239N 01805E
HR,RES,Duga Resa,04,1-3-----,1401.0,4525N 01529E
HR,DUR,Dugi Rat,17,1-3-----,401.0,4326N 01638E
HR,ERD,Erdut,,123----B,701.0,4532N 01904E
HR,FNA,Fazana,,1-3-----,607.0,4456N 01344E
HR,N9F,Fericanci,11,12---6--,1607.0,4531N 01758E
HR,FIL,Filipjakov,13,1-------,901.0,4358N 01525E
HR,GNA,Gazenica,,123-----,607.0,4406N 01516E
HR,HVA,Hvar,17,1-3-----,401.0,4310N 01626E
HR,ILO,Ilok,,1-3----B,607.0,4513N 01922E
HR,IST,Ist,,1-------,601.0,4416N 01446E
HR,JAB,Jablanac,,1-3-----,601.0,4443N 01454E
HR,JDR,Jadrija,,1-3-----,607.0,4343N 01551E
HR,JSA,Jelsa,,1-3-----,601.0,4310N 01642E
HR,KAL,Kali,13,1-------,901.0,4404N 01512E
HR,KFR,Kanfanar,07,1-------,901.0,
HR,KPR,Kaprije,,1-3-----,607.0,4341N 01543E
HR,KAB,Karlobag,,1-3-----,601.0,4431N 01504E
HR,KJV,Kijevo,,1----6--,1201.0,4400N 01621E
HR,KLK,Klek,,1-3-----,607.0,4257N 01734E
HR,KMN,Klimno,,1-3-----,607.0,4509N 01438E
HR,KZA,Kneza,17,1-------,901.0,4258N 01703E
HR,KMZ,Komiza,,1-3-----,307.0,4302N 01605E
HR,KOR,Korcula,,1-3-----,201.0,4257N 01707E
HR,KRM,Koromacno,,1-3-----,307.0,4458N 01407E
HR,KOS,Kostrena,08,1-3-----,901.0,4518N 01430E
HR,KRA,Kraljevica,,1-3-----,307.0,4516N 01434E
HR,KRK,Krk,,1-3-----,601.0,4502N 01435E
HR,KUK,Kukljica,13,1-------,901.0,4402N 01515E
HR,LAM,Lamjane,,1-3-----,307.0,4402N 01512E
HR,LST,Lastovo,,1-3-----,601.0,4246N 01654E
HR,LKR,Lokrum,,1-3-----,607.0,4237N 01808E
HR,LPR,Lopar,,1-3-----,607.0,4450N 01448E
HR,LPD,Lopud,,1-3-----,607.0,4241N 01757E
HR,MAK,Makarska,17,1-3-----,1001.0,4318N 01701E
HR,MIZ,Mali Iz,13,1-------,901.0,4402N 01508E
HR,LSZ,Mali Losinj,,1-34----,307.0,4432N 01428E
HR,MAL,Malinska,,1-3-----,601.0,4507N 01432E
HR,MTA,Martinscica,,1-3-----,607.0,4449N 01425E
HR,MAS,Maslenica,17,1-3-----,401.0,4413N 01532E
HR,MRG,Merag,,1-3-----,607.0,4459N 01427E
HR,MET,Metkovic,,123-----,307.0,4303N 01738E
HR,MIL,Milna,,1-3-----,307.0,4319N 01627E
HR,MNK,Misnjak,,1-3-----,607.0,4442N 01452E
HR,MHV,Mohovo,,1-3-----,701.0,4515N 01913E
HR,MOM,Momjan,18,1----6--,1201.0,4526N 01342E
HR,MOD,Moscenicka Draga,,1-3-----,601.0,4514N 01415E
HR,MRJ,Muna na Zirju,,1-3-----,607.0,4340N 01540E
HR,MUR,Murter,,1-3-----,601.0,4349N 01536E
HR,NRZ,Nerezine,,1-3-----,607.0,4440N 01424E
HR,NOV,Novaglia,13,1-------,901.0,4433N 01453E
HR,NVL,Novalja,,1-3-----,601.0,4433N 01453E
HR,NVD,Novi Vinodolski,,1-3-----,601.0,4508N 01447E
HR,NVG,Novigrad,18,1-3-----,307.0,4518N 01333E
HR,NDD,Novigrad (Dalmacija),13,1-------,2001.0,4411N 01533E
HR,ONJ,Obonjan,,1-3-----,607.0,4341N 01547E
HR,OMS,Omis,,1-3-----,601.0,4327N 01642E
HR,OMI,Omisalj,08,1-3-----,307.0,4513N 01433E
HR,OPA,Opatija,18,1-3-----,307.0,4520N 01418E
HR,OPT,Opatovac,,1-3-----,701.0,4516N 01910E
HR,ORB,Orebic,,1-3-----,607.0,4258N 01711E
HR,OSI,Osijek,14,1234----,401.0,4533N 01841E
HR,PAG,Pag,,1-3-----,307.0,4426N 01503E
HR,PAS,Pasman,13,1-------,901.0,4357N 01523E
HR,PLE,Ploce,,123-----,307.0,4303N 01726E
HR,PLM,Plomin,18,1-3-----,307.0,4508N 01410E
HR,PLA,Polace,,1-3-----,607.0,4247N 01723E
HR,PMN,Pomena,,1-3-----,601.0,4247N 01721E
HR,POR,Porec,18,1-3-----,307.0,4513N 01335E
HR,PRZ,Porozina,,1-3-----,607.0,4508N 01408E
HR,PRP,Prapratno,,1-3-----,607.0,4249N 01741E
HR,PRE,Preko,,1-3-----,307.0,4405N 01512E
HR,PRI,Primosten,,1-3-----,601.0,4335N 01556E
HR,PVK,Privlaka,13,1-------,2001.0,4416N 01507E
HR,PRN,Prizna,,1-3-----,607.0,4436N 01458E
HR,PRV,Prvic,,1-3-----,607.0,4343N 01548E
HR,PRS,Prvic Sepurine,,1-3-----,607.0,4344N 01547E
HR,PCA,Pucisca,,1-3-----,607.0,4322N 01645E
HR,PUY,Pula,18,1234----,401.0,4452N 01350E
HR,PNT,Punat,,1-3-----,601.0,4501N 01438E
HR,RAB,Rab,,1-3-----,307.0,4445N 01445E
HR,RBC,Rabac,,1-3-----,601.0,4505N 01410E
HR,RAS,Rasa,18,123-----,401.0,4504N 01404E
HR,RJK,Rijeka,08,1234----,307.0,4520N 01424E
HR,XXX,RIS Inland waterways,,1-------,1101.0,
HR,RGC,Rogac,,1-3-----,601.0,4324N 01618E
HR,RGN,Rogoznica,,1-3-----,601.0,4332N 01558E
HR,ROV,Rovinj,18,1-3-----,401.0,4505N 01338E
HR,RVC,Rugvica,,1----6--,1201.0,4544N 01614E
HR,SAL,Sali,,1-3-----,601.0,4356N 01510E
HR,SRG,Sarengrad,,1-3-----,701.0,4514N 01917E
HR,SLC,Selce,,1-3-----,607.0,4509N 01443E
HR,SEN,Senj,08,1-3-----,401.0,4459N 01454E
HR,SIB,Sibenik,15,123-----,307.0,4344N 01553E
HR,SIL,Silba,,1-------,601.0,4422N 01442E
HR,SLO,Silo,,1-------,601.0,4509N 01440E
HR,SIS,Sisak,03,123-----,401.0,4528N 01622E
HR,SRD,Skradin,,1-3-----,607.0,4349N 01555E
HR,SLA,Slano,,1-3-----,601.0,4247N 01754E
HR,SLT,Slatine,,1-3-----,607.0,4330N 01621E
HR,SBD,Slavonski Brod,12,123-----,401.0,4509N 01800E
HR,SBR,Sobra,,1-3-----,607.0,4245N 01737E
HR,SPU,Split,17,1234----,401.0,4330N 01627E
HR,SPL,Splitska,17,1-------,901.0,4322N 01636E
HR,SGD,Stari Grad,,1-3-----,601.0,4311N 01636E
HR,SGR,Starigrad,,1-3-----,601.0,4418N 01526E
HR,STM,Stomorska,,1-3-----,607.0,4322N 01621E
HR,STO,Ston,19,1-3-----,1001.0,4250N 01742E
HR,SUR,Sucurac,,123-----,307.0,4333N 01625E
HR,SUC,Sucuraj,,1-3-----,307.0,4307N 01711E
HR,SDR,Sudurad,,1-3-----,607.0,4243N 01755E
HR,SMN,Sumartin,,1-3-----,601.0,4317N 01653E
HR,SUP,Supetar,,1-3-----,601.0,4323N 01633E
HR,SSK,Susak,,1-------,601.0,4431N 01418E
HR,SUS,Susak,08,1-3-----,1301.0,4529N 01419E
HR,STP,Sustjepan,,1-3-----,607.0,4240N 01806E
HR,SUT,Sutivan,17,1-------,901.0,4323N 01629E
HR,SVJ,Sveti Juraj,,1-3-----,601.0,4456N 01455E
HR,SVK,Sveti Kajo,17,123-----,401.0,4332N 01627E
HR,TNO,Tisno,,1-------,601.0,4348N 01539E
HR,TKN,Tkon,,1-3-----,607.0,4355N 01527E
HR,TRI,Tribunj,15,1-------,1501.0,4345N 01545E
HR,TRO,Trogir,,1-3-----,307.0,4330N 01615E
HR,TRJ,Trpanj,,1-3-----,601.0,4301N 01716E
HR,TRK,Trstenik,,1-3-----,601.0,4255N 01725E
HR,TNR,Tunarica,,1-3-----,607.0,4458N 01406E
HR,TUR,Turanj,13,1-------,901.0,4358N 01524E
HR,UBL,Ubli,,1-3-----,607.0,4245N 01650E
HR,UMG,Umag,18,1-3-----,307.0,4525N 01331E
HR,UNJ,Unije,,1-3-----,607.0,4438N 01414E
HR,UVM,Uvala Mir,13,1-------,901.0,4353N 01509E
HR,VLB,Valbiska,,1-3-----,607.0,4502N 01430E
HR,VLK,Vela Luka,,1-3-----,307.0,4257N 01643E
HR,VIZ,Veli Iz,13,1-------,901.0,4403N 01507E
HR,VLN,Veli Losinj,,1-3-----,607.0,4431N 01430E
HR,9SA,Velika Mlaka,21,1-3-----,1401.0,4544N 01601E
HR,VGN,Viganj,,1-3-----,607.0,4259N 01706E
HR,VIS,Vis,,1-3-----,307.0,4303N 01610E
HR,VDC,Vodice,,1-3-----,601.0,4346N 01546E
HR,VRA,Vranjic,17,123-----,907.0,4332N 01628E
HR,VRK,Vrbnik,,1-3-----,607.0,4505N 01441E
HR,VRS,Vrboska,,1-3-----,607.0,4311N 01641E
HR,VRG,Vrgada,,1-3-----,607.0,4352N 01530E
HR,VRR,Vrsar,,1-3-----,607.0,4509N 01336E
HR,VUK,Vukovar,16,123-5--B,607.0,4521N 01900E
HR,ZAD,Zadar,01,1234----,401.0,4407N 01514E
HR,ZGL,Zigljen,,1-3-----,607.0,4435N 01457E
HR,ZLR,Zlarin,,1-3-----,607.0,4342N 01550E
HR,ZUT,Zut Marina,13,1-------,901.0,4353N 01517E
HT,SMC,Baie de Saint-Marc,AR,1-------,1307.0,1907N 07242W
HT,CAP,Cap-Haitien,,1--4----,212.0,1945N 07212W
HT,CRC,Caracol,,1-3--6--,607.0,1941N 07201W
HT,FOM,Fond Mombin,OU,1-------,1307.0,
HT,FLI,Fort Liberte,NE,1-------,1307.0,
HT,GVS,Gonaives,AR,1-------,1307.0,
HT,JAK,Jacmel,SE,1--4----,1307.0,
HT,JEE,Jeremie,GA,1--4----,1307.0,
HT,LFF,Lafiteau,OU,1-3-----,2101.0,1841N 07221W
HT,PLH,Lafito Port,OU,1-------,1801.0,1841N 07221W
HT,ACA,Les Cayes,SD,1-------,1307.0,
HT,MIR,Miragoane,NI,1-------,1307.0,
HT,PEG,Petit Goave,OU,1-------,1307.0,1826N 07252W
HT,PAP,Port-au-Prince,OU,1--45---,1307.0,
HU,ADY,Adony,FE,123-----,212.0,4707N 01852E
HU,AFU,Almasfuzito,KE,123-----,212.0,4742N 01816E
HU,ALS,Alsoors,,123-----,601.0,4659N 01759E
HU,ASZ,Alsozsolca,BZ,1-3-----,1401.0,4804N 02053E
HU,AKT,Andornaktalya,,123-----,601.0,4750N 02025E
HU,ZAR,Aszar,BK,1-------,901.0,
HU,BRS,Badacsonyors,VE,1----6--,901.0,4648N 01732E
HU,BZO,Balatonszarszo,SO,1----6--,1201.0,4650N 01750E
HU,BDA,Berhida,VE,1----6--,901.0,4770N 01808E
HU,BZE,Berzence,,123-----,601.0,4612N 01709E
HU,BUD,Budapest,BU,12345---,2007.0,4730N 01905E
HU,CPE,Csepel,PE,1-3-----,212.0,4725N 01904E
HU,CMR,Csomor,PE,123-----,307.0,4733N 01914E
HU,DEB,Debrecen,,1--4----,9601.0,
HU,DPA,Dunapataj,BK,123-----,212.0,4637N 01859E
HU,DRE,Dunaremete,GS,1-3-----,212.0,4753N 01726E
HU,DUU,Dunaujvaros,FE,123-----,507.0,4658N 01856E
HU,DVE,Dunavecse,BK,123-----,212.0,4655N 01858E
HU,EBS,Ebes,HB,1-------,907.0,4728N 02130E
HU,ERC,Ercsi,FE,1-------,901.0,
HU,ERD,Erdobenye,BZ,1----6--,1107.0,4816N 02122E
HU,EST,Esztergom,,1-------,8202.0,
HU,FVS,Ferencvaros,PE,1-3-----,901.0,4728N 01905E
HU,OOD,God,PE,1-3-----,901.0,4742N 01908E
HU,GNY,Gonyu,GS,1-3-----,212.0,4744N 01750E
HU,GYO,Gyor,GS,12------,2007.0,4741N 01738E
HU,HAL,Halasztelek,PE,1-3-----,307.0,4722N 01859E
HU,HRT,Harta,BK,1-------,1401.0,4641N 01901E
HU,HYF,Hegyfalu,VA,1----6--,1107.0,4721N 01653E
HU,JKZ,Jaszarokszallas,,123-----,601.0,4738N 01958E
HU,KCO,Kalocsa,BK,123-----,212.0,4631N 01900E
HU,KAR,Karcag,JN,123-----,207.0,4718N 02055E
HU,XEL,Kecel,BK,1----6--,1107.0,
HU,KKU,Kekkut,VE,1----6--,901.0,4651N 01734E
HU,KET,Ketegyhaza,BE,1-3-----,901.0,
HU,KIA,Kisvarda,SZ,123-----,212.0,4813N 02204E
HU,KOM,Komarom,,123-----,212.0,4744N 01807E
HU,KOR,Kormend,VA,123-----,407.0,4701N 01636E
HU,LAB,Labatlan,,123-----,607.0,4745N 01831E
HU,LMY,Lagymanyos,,123-----,601.0,4728N 01903E
HU,MTY,Martely,CS,1-3-----,901.0,4629N 02013E
HU,MKN,Mecseknadasd,,1-3-----,601.0,4613N 01828E
HU,MCQ,Miskolc,,1--4----,9601.0,
HU,MOH,Mohacs,,1-------,212.0,4600N 01841E
HU,NGB,Nagybajom,SO,1-------,1001.0,4623N 17310E
HU,NZA,Nagyrada,ZA,1-3-----,1401.0,4637N 01707E
HU,NSZ,Neszmely,,123-----,607.0,4743N 01821E
HU,PAL,Palmonostora,BK,1----6--,901.0,4638N 01956E
HU,XXX,RIS Inland waterways,,1-------,1101.0,
HU,RSP,Sarospatak,,123-----,601.0,4819N 02134E
HU,SZE,Szeged,,1-------,8202.0,
HU,SZD,Szentendre,PE,1-3-----,212.0,4742N 01903E
HU,PES,Szigetcsep,PE,1-3-----,901.0,4716N 01859E
HU,SZM,Szigetszentmiklos,PE,123-----,407.0,4721N 01903E
HU,TAC,Tac,FE,1-------,1701.0,4705N 01824E
HU,THT,Tahitotfalu,PE,1----6--,901.0,4745N 01906E
HU,TOJ,Tokaj,SZ,1----6--,901.0,4807N 02125E
HU,UPS,Ujpest,,1-3-----,601.0,4734N 01905E
HU,VIG,Visegrad,PE,1-3-----,212.0,4748N 01858E
HU,ZTK,Zlate Klasy,,1----6--,1107.0,4807N 01725E
HU,ZSI,Zsira,GS,1-------,701.0,4726N 01640E
ID,ADB,Adang Bay,,1-------,8103.0,
ID,AKE,Akeselaka,MA,1-------,901.0,0103N 12758E
ID,AMA,"Amamapare, Ij",,1-------,9506.0,
ID,AMQ,"Ambon, Molucas",,1-------,8103.0,
ID,APN,Ampana,ST,1-------,901.0,0052S 12135E
ID,AMP,"Ampenan, Bali",,1-------,8103.0,
ID,TZD,Amurang,SA,1----6--,2101.0,0110N 12434W
ID,ANG,Angar,MA,1-------,901.0,0339S 13050E
ID,AGR,Anggrek,SA,1-3-----,1901.0,0051N 12247E
ID,ANO,Anoa Natuna Pt.,,1-------,1307.0,0514N 10536E
ID,ANR,Anyer Kidul,JB,123-----,212.0,0604S 10553E
ID,AJN,"Arjuna, Java",,1-------,8103.0,
ID,ARB,Aroe Bay,,1-------,8103.0,
ID,AUN,Arun,,1-------,9506.0,
ID,ASI,Asike,PA,1-------,1307.0,0639S 14025E
ID,BGD,Bagendang,KT,1-------,2101.0,0244S 11233E
ID,BPN,Balikpapan,KI,1--4----,1307.0,0117S 11650E
ID,BLH,Balohan,AC,1-------,1601.0,0549N 09520E
ID,BAL,Balongan,,1-------,2407.0,0623S 10824E
ID,BGG,Banggai,,1-------,8103.0,
ID,BDJ,Banjarmasin,,1--4----,9601.0,
ID,BJU,"Banjuwangi, Java",,1-------,8103.0,
ID,BTN,Banten,,1-------,9811.0,
ID,BTM,Batam Island,KR,1-3-----,1607.0,0105N 10402E
ID,BUR,Batu Ampar,KR,1-3-----,1701.0,0110N 10401E
ID,BAK,Batu Kilat,,1-------,8103.0,
ID,BAM,Batuampar,RI,1-3-----,1607.0,0058S 10244E
ID,BTW,Batulicin,KS,1-34----,212.0,0327S 11559E
ID,BEK,Bekapai Terminal,,1-------,9506.0,
ID,BNT,Belanak Terminal,RI,1-------,901.0,0410N 10614E
ID,BLW,"Belawan, Sumatra",,1-------,8103.0,
ID,BET,Belida Terminal,RI,1-------,901.0,0408N 10508E
ID,BLV,Beliling,,1-------,8103.0,
ID,BLT,Belitung,SS,1-------,501.0,0250S 10755E
ID,BEN,Benete,NB,1-------,212.0,0852S 11643E
ID,BKS,"Bengkulu, Sumatra",,1--4----,9506.0,
ID,BOA,Benoa,BA,1-------,1501.0,0846S 11513E
ID,BIK,"Biak, Irian Jaya",,1--4----,9601.0,
ID,BMT,"Bima Terminal, Jv",,1-------,9506.0,
ID,BMU,"Bima, Sb",,1--4----,9506.0,
ID,BIR,Biringkassi,,1-------,212.0,0449S 11929E
ID,BIT,"Bitung, Sulawesi",,1-------,8103.0,
ID,BLL,"Blang Lancang, St",,1-------,9506.0,
ID,BLI,"Blinju, Banka",,1-------,9506.0,
ID,BNG,Bonggala,,1-------,8103.0,
ID,BXT,"Bontang, Kl",,1--4----,9506.0,
ID,BUA,Bula,,1-------,9506.0,
ID,BUG,"Buleleng, Bali",,1-------,9506.0,
ID,BYQ,Bunyu,KI,1-------,901.0,0330N 11748E
ID,CSA,Cape Sago,,1-------,8103.0,
ID,CEB,"Celukan Bawang, Bl",,1-------,9506.0,
ID,CER,Cereweh,NB,1-------,901.0,0849S 11649E
ID,SZA,Cikande,JB,1-3-----,1401.0,0612S 10621E
ID,CXP,Cilacap (Tjilatjap),JT,1-34----,401.0,0744S 10900E
ID,CBN,Cirebon (Tjeribon),,1-34----,401.0,0644S 10834E
ID,CIW,Ciwandan,BT,1-------,1601.0,0601S 10557E
ID,DAS,"Dabo, Singkep Isl",,1-3-----,401.0,0030S 10433E
ID,DMA,Demta,PA,1-3-----,1307.0,0220S 14008E
ID,DIV,Diviematra,,1-------,8103.0,
ID,DJA,Djankar,,1-------,9506.0,
ID,DOB,Dobo,MA,1--4----,1501.0,0545S 13413E
ID,DOG,Donggi,SN,1-3-----,401.0,0132S 12215E
ID,DUM,"Dumai, Sumatra",,1--4----,9601.0,
ID,SDA,Durian,KR,1-------,1107.0,0101N 10334E
ID,ELA,Elat,MA,1-------,901.0,0539S 13307E
ID,EXS,Exspan,,1-------,907.0,0148S 10508E
ID,FKQ,"Fak Fak, Irian Jaya",,1--4----,9601.0,
ID,GTS,Gatot Subroto Permai,BA,1-------,1801.0,0838S 11512E
ID,GEE,Gee Island,MA,1-------,901.0,0050N 12819E
ID,GIL,"Gilimanuk, Bali",,1-------,8103.0,
ID,GTO,"Gorontalo, Sulawesi",,1--4----,9601.0,
ID,GRE,"Gresik, Java",JI,1-3-----,1101.0,0709S 11239E
ID,GNS,"Gunung Sitoli, St",,1--4----,9506.0,
ID,INA,Inanwatan,PB,1--4----,1307.0,0208S 13210E
ID,IBT,Indonesia Bulk Terminal,KS,1-------,1501.0,
ID,JBK,Jababeka,,1-------,1001.0,0615S 10709E
ID,JBT,Jabung Terminal,RI,1-------,901.0,0053S 10404E
ID,JPU,Jakarta Pusat,JK,1-------,1801.0,0611S 10650E
ID,UTC,Jakarta UTC1,JK,1-------,901.0,
ID,UTE,Jakarta UTC3,JK,1-------,901.0,
ID,JKT,"Jakarta, Java",JK,12345---,407.0,0608S 10650E
ID,DJB,"Jambi, Sumatra",,1--4----,9601.0,
ID,JWA,Jawa Timur,JI,1-------,1801.0,0744S 11230E
ID,DJJ,"Jayapura, Irian Jaya",PA,1-345---,1307.0,0232S 14042E
ID,JEP,Jepara,JT,1-------,1601.0,0635S 11039E
ID,JIP,Jogja Inland Port,YO,1----6--,1001.0,0754S 11023E
ID,JOR,Jorong Anchorage,,1-------,907.0,0411S 11506E
ID,KAH,Kahayan Bay,,1-------,8103.0,
ID,KHY,Kahyangan,NB,1-------,901.0,0829S 11640E
ID,KNT,Kakap Natuna Terminal,,1-------,1001.0,0501N 10557E
ID,KBH,Kalabahi,NT,1-3-----,401.0,0813S 12431E
ID,KSO,Kalbut Situbondo,JI,1-3---7-,401.0,0737S 11353E
ID,KAM,"Kambunong, Celebes",,1-------,8103.0,
ID,KPL,Kampung Laut,JA,1-------,1007.0,0054S 10348E
ID,KRG,Kariangau,,1-------,212.0,0110S 11647E
ID,KAR,"Karosa, Sulawesi",,1-------,8103.0,
ID,KAS,"Kasim, Ij",,1-------,9506.0,
ID,KSE,Kassue,PA,1-------,1501.0,0659S 13913E
ID,KAU,Kau,MU,1-------,901.0,0111N 12754E
ID,KEM,"Kempo, Sb",,1-------,9506.0,
ID,KDI,"Kendari, Sulawesi",,1--4----,9601.0,
ID,KDW,Kendawangan,KB,1-3-----,901.0,0232S 11012E
ID,KTG,"Ketapang, Kl",,1--4----,9506.0,
ID,KID,"Kidjang, Bintan",,1-------,8103.0,
ID,KOJ,Koja,JB,1-3--6--,407.0,0618S 10623E
ID,KOK,Kokas,PB,1-------,1307.0,0242S 13226E
ID,KOL,Kolaka,SG,1-------,901.0,0403S 12134E
ID,KNL,Kolonodale,ST,1-3-----,2101.0,0158S 12120E
ID,KMD,Komodo,NT,1-------,1501.0,0835S 11930E
ID,KPN,"Kotapinang, Baru",,1-------,8103.0,
ID,KGH,Krueng Geukueh,AC,1-------,1001.0,0515N 09702E
ID,ENO,Kuala Enok,,1-------,212.0,0032S 10324E
ID,KKA,"Kuala Kapuas, Kl",,1-------,9506.0,
ID,KUA,Kualalangsa,AC,1-------,212.0,0432N 09801E
ID,KTJ,Kualatanjung,SU,1-3-----,407.0,0321N 09929E
ID,KUM,Kumai,KT,1-3-----,212.0,0244S 11143E
ID,KKB,"Kunak, Borneo",,1-------,8103.0,
ID,KOE,"Kupang, Timor",,1--4----,9601.0,
ID,LBO,Labuan Bajo,NT,1-3-----,1601.0,0830S 11953E
ID,LAH,"Labuha, Molucas",,1-34----,401.0,0037S 12729E
ID,LAT,"Lalang Terminal, St",,1-------,9506.0,
ID,LAS,"Langsa, Sumatra",,1-------,8103.0,
ID,LLA,"Lawe-Lawe, Kl",,1-------,9506.0,
ID,LBR,Lembar,NB,1-3-----,1801.0,0844S 11604E
ID,LSW,Lhokseumawe,AC,1-34----,307.0,0510N 09708E
ID,LIF,Lifamatola,,1-------,8103.0,
ID,LBM,Lobam,,1-3-----,601.0,0100N 10416E
ID,LKI,Loki,MA,1-------,901.0,0318S 12803E
ID,LOM,Lombok,NB,1-------,901.0,0830S 11640E
ID,LTT,Lubuk Tutung,KI,1-3-----,2007.0,0046N 11744E
ID,LUW,Luwuk,,1--4----,9601.0,
ID,MDR,Madura Terminal,,1-------,201.0,0651S 11257E
ID,MAJ,"Majene, Sv",,1-------,9506.0,
ID,MAK,Makassar,SN,1-3-----,307.0,0507S 11924E
ID,MLI,"Malili, Sulawesi",,1-------,8103.0,
ID,MJU,Mamuju,,1--4----,9601.0,
ID,MDC,Manado,,1--45---,9601.0,
ID,MGB,Manggis,BA,1-3-----,401.0,0829S 11531E
ID,MKJ,Mangkajang,KI,1-------,407.0,0208N 11744E
ID,MAL,Mangole,,1--4----,9601.0,
ID,MKW,"Manokwari, Irian Jaya",,1--4----,9601.0,
ID,MNT,"Mantang, Riau",,1-------,8103.0,
ID,MAI,Mapia Island,PA,1-------,1501.0,0053N 13419E
ID,MAR,Marabahan,KS,1-------,901.0,0259S 11446E
ID,MOF,"Maumere, Flores",,1--4----,9601.0,
ID,MES,"Medan, Sumatra",,1--45---,9601.0,
ID,MRK,"Merak, Java",,1-------,8103.0,
ID,MRB,"Merantibunting, Sumatra",,1-------,8103.0,
ID,MKQ,"Merauke, Irian Jaya",,1--4----,9601.0,
ID,MEQ,"Meulaboh, Sumatra",,1--4----,9601.0,
ID,MIT,Misool Terminal,PA,1-------,1501.0,0134S 13031E
ID,MOR,Mornopo,MA,1-------,901.0,0047N 12813E
ID,MOW,Morowali,ST,1-------,1007.0,0152S 12130E
ID,MBK,Muara Bangkong,RI,1-------,901.0,0024N 10347E
ID,MUB,Muara Berau,,1-------,8103.0,
ID,MUD,Muara Djawa,,1-------,8103.0,
ID,MPN,Muara Pantai,,1-------,1107.0,
ID,MUP,Muara Pegah,,1-------,8103.0,
ID,MSK,Muara Sabak,RI,1-------,1001.0,0048S 10355E
ID,MSB,Muara Siberut,SB,1-------,901.0,0135S 09912E
ID,MUW,Muara Teweh,KT,1-3-----,1001.0,5658S 11454E
ID,MUO,"Muntok, Banka",,1-------,8103.0,
ID,MRI,"Musi River, Sumatra",,1-------,9506.0,
ID,MTU,Muturi,,1-------,8103.0,
ID,CTO,New Priok Port,JK,1----6--,1601.0,0605S 10655E
ID,NIP,Nipah,RI,1-------,1301.0,0107N 10333E
ID,NPL,North Pulau Laut,,1-------,212.0,0313S 11616E
ID,NNX,Nunukan,,1--4----,9601.0,
ID,OBI,Obi Island,,1-------,9506.0,
ID,OJA,Olah Jasa Andal/Jakarta,JK,1-------,407.0,
ID,OLO,Olee Lheue,,1-------,8103.0,
ID,PDG,Padang,SB,1234----,501.0,0057S 10021E
ID,PTK,Padang Tikar,KB,1-3-----,2407.0,0040S 10916E
ID,PAG,"Pagatan, Kalimantan",,1-------,8103.0,
ID,PGA,Pagerungan,,1-----7-,401.0,0655S 11555E
ID,PGM,Pagimana,ST,1-------,901.0,0048S 12237E
ID,PPO,"Palapo, Sulawesi",,1-------,401.0,0305S 12014E
ID,PLM,"Palembang, Sumatra",,1--4----,9601.0,
ID,PAL,Palu,,1-3-----,105.0,0053S 11951E
ID,PNN,"Pamanukan, Java",,1-------,8103.0,
ID,PRN,"Panarukan, Java",,1-------,8103.0,
ID,PJM,Pandjung Mani,,1-------,8103.0,
ID,PGX,"Pangkal Balam, Banka",,1-------,8103.0,
ID,PKR,"Pangkalan Brandan, Sumatra",,1-------,8103.0,
ID,PKS,"Pangkalan Susu, Sumatra",,1-------,8103.0,
ID,PKN,Pangkalanbuun,,1--4----,9601.0,
ID,PGK,"Pangkalpinang, Banka",,1-------,8103.0,
ID,PNJ,Panjang,,1-------,9506.0,
ID,PTL,"Pantoloan, Sv",,1-------,9506.0,
ID,PAS,Pasir Panjang,,1-------,8103.0,
ID,PAZ,"Pasuruan, Java",,123-----,207.0,0738S 11254E
ID,PEX,"Pekalongan, Java",,1-------,8103.0,
ID,PBB,Pelabuhan Badas,NB,1-------,1601.0,0827S 11722E
ID,FTG,Pelabuhan Futong Terminal,RI,1-------,1501.0,0049N 10224E
ID,PNG,Penuba,,1-------,9506.0,
ID,PWG,Perawang,RI,1-3-----,1307.0,0038N 10137E
ID,PER,Perawang,RI,1-3-----,1307.0,0104N 10252E
ID,PIR,Piru,MA,1-------,901.0,0304S 12811E
ID,PLA,"Plaju, Sumatra",,1-3-----,207.0,0259S 10448E
ID,PMK,Pomako,PA,1-------,1501.0,0448S 13646E
ID,PUM,"Pomalaa, Sulawesi",,1-34----,207.0,0402S 12135E
ID,PNK,"Pontianak, Kalimantan",,1--45---,9601.0,
ID,PMG,Port Meneng,,1-------,8103.0,
ID,SGO,Port Segoro Fajar Satryo/Jakarta,JK,1-------,407.0,
ID,PSJ,"Poso, Sulawesi",,1--4----,9601.0,
ID,POT,Poto Tano,NB,1-------,901.0,0831S 11650E
ID,PRO,"Probolinggo, Java",,1-------,8103.0,
ID,PNT,"Prointal, Jv",,1-------,9506.0,
ID,PPS,Pulangpisau,,1-------,8103.0,
ID,PBJ,Pulau Bunyu,,1-3-----,401.0,0018S 11552E
ID,PUT,Pulau Laut,,1-------,201.0,0317S 11609E
ID,PSS,"Pulau Sambu, Riau",,1-------,8103.0,
ID,RNI,Ranai,RI,1-------,401.0,0355N 10823E
ID,RGT,"Rengat, Sumatra",,1--4----,9601.0,
ID,REO,Reo,NT,1-------,901.0,0819S 12030E
ID,SBG,"Sabang, Sumatra",,1-------,8103.0,
ID,SAD,"Sadau, Borneo",,1-------,8103.0,
ID,SWT,Salawati Terminal,PB,1-------,1501.0,0121S 13100E
ID,SRI,"Samarinda, Kalimantan",,1--4----,9601.0,
ID,SBS,"Sambas, Kalimantan",,1-------,8103.0,
ID,SMQ,"Sampit, Kalimantan",,1--4----,9601.0,
ID,SAN,"Sanang, Celebes",,1-------,8103.0,
ID,SGU,Sanggau,KB,1-------,901.0,0007N 11036E
ID,SKI,"Sangkulirang, Kalimantan",,1-------,8103.0,
ID,SAT,"Santan Terminal, Kl",,1-------,9506.0,
ID,SAP,Sape,NB,1-3-----,1601.0,0834S 11859E
ID,SAS,Sasayap,,1-------,8103.0,
ID,STU,Satui,,1-------,9811.0,
ID,SEB,"Sebangan Bay, Kalimantan",,1-------,8103.0,
ID,SKP,Sekupang,RI,1-3-----,401.0,0108N 10356E
ID,SPA,"Selat Pandjang, Sumatra",,1-------,8103.0,
ID,SMB,"Semangka Bay, St",,1-------,9506.0,
ID,SRG,Semarang,JT,1-345---,907.0,0658S 11029E
ID,SGG,Senggigi,NB,1-3-----,2207.0,0830S 11603E
ID,SZH,Senipah,KI,1---5---,501.0,0057S 11709E
ID,SPH,Senipah Terminal,,1-------,9506.0,
ID,SEP,Sepanjang Terminal,,1-------,1001.0,0711S 11547E
ID,STN,Setagin,,1-------,1201.0,0317S 11610E
ID,SIA,"Siak Yechil, Riau",,1-------,8103.0,
ID,SLG,"Sibolga, Sumatra",,1-------,8103.0,
ID,SID,Sidangoli,MU,1-3-----,1501.0,0054N 12729E
ID,SDJ,Sidoarjo,JI,1-------,901.0,
ID,SNG,Sinabang,,1-3-----,9805.0,
ID,SKW,"Singkawang, Kalimantan",,1-------,8103.0,
ID,SKK,Soengei Kolak,,1-------,8103.0,
ID,SOQ,Sorong,,1--4----,9601.0,
ID,SUA,Suaran,KI,1-------,901.0,0203N 11742E
ID,SBM,Subaim,MA,1-------,901.0,0107N 12810E
ID,SUK,Sukabumi,,1-------,1001.0,6551S 10655E
ID,SWQ,Sumbawa,,1--4----,9601.0,
ID,SUM,Sumenep,JI,1-------,1501.0,0703S 11357E
ID,SUP,"Sumenep, Madura",,1--4----,9601.0,
ID,SUG,"Sungai Gerong, Sumatra",,1-------,8103.0,
ID,SUQ,"Sungai Guntung, Sumatra",,1-------,8103.0,
ID,SEQ,"Sungai Pakning, Sumatra",,1--4----,9601.0,
ID,SUN,Sunut,NB,1-------,901.0,0852S 11633E
ID,SUB,Surabaya,JI,123456--,407.0,0714S 11245E
ID,SUS,"Susoh, Sumatra",,1-------,8103.0,
ID,SSO,Susu,,1-------,9506.0,
ID,TAB,Taboneo,KS,1-------,401.0,0341S 11425E
ID,TAX,"Taliabu Island Apt, Moluccas",,1--4----,307.0,
ID,TAL,Tanah Laut,KS,1-------,1501.0,
ID,PDJ,Tandjang,,1-------,8103.0,
ID,TBT,"Tandjung Batu, Riau",,1-------,8103.0,
ID,TBU,Tanjung Buli,MA,1-------,901.0,0050N 12815E
ID,TME,Tanjung Merangas,KI,1-------,901.0,0002N 11731E
ID,TJQ,Tanjung Pandan,SS,1-34----,507.0,0245S 10739E
ID,TPN,Tanjung Pemancingan,KS,1-------,407.0,0311S 11616E
ID,TSE,"Tanjung Sekong, Jv",,1-------,9506.0,
ID,TJB,Tanjungbalai,KR,1--45---,1601.0,0100N 10326E
ID,TNJ,Tanjungpinang,KR,1--4----,1601.0,0055N 10427E
ID,TAN,Tanjunguban,,1-3-----,401.0,0103N 10414E
ID,TRH,Tarahan,LA,1-3-----,401.0,0534S 10522E
ID,TRK,"Tarakan, Kalimantan",,1-------,8103.0,
ID,TAR,Tarjun,KS,1-------,212.0,0316S 11605E
ID,TEG,"Tegal, Java",,1-------,8103.0,
ID,TKA,"Telok Ayer, Kalimantan",,1-------,8103.0,
ID,TMO,Telok Melano,,1-------,8103.0,
ID,TBG,"Teluk Betung, Sumatra",,1-------,8103.0,
ID,TBR,Telukbayur,SB,1-3-----,501.0,0100S 10022E
ID,TER,Terempa,RI,1-------,901.0,0313N 10613E
ID,TTE,"Ternate, Halmahera",,1--4----,9601.0,
ID,TMK,Timika,PA,1-------,1307.0,0445S 13633E
ID,TBO,Tobelo,,1-------,9811.0,
ID,TBL,Toboali,SS,1-------,1307.0,0300S 10630E
ID,TLI,Tolitoli,,1--4----,9601.0,
ID,TUA,Tual,MA,1-------,901.0,0538S 13244E
ID,TBN,"Tuban, Jv",,1-------,9506.0,
ID,UDG,Udang Natuna Terminal,,1-------,1307.0,0401N 10628E
ID,UPG,"Ujung Pandang, Sulawesi",,1--45---,9601.0,
ID,WGP,"Waingapu, Sumba",NT,1--4----,1601.0,0939S 12016E
ID,WAI,Wainibe,MA,1-------,901.0,0304S 12632E
ID,WSS,Wamsasi,MA,1-------,901.0,0334S 12610E
ID,WAN,Wanam,PB,1-------,1501.0,0733S 13906E
ID,WED,Weda,MA,1-------,901.0,0020N 12753E
IE,ALQ,Alexandra Quay,,1-------,9508.0,
IE,ARO,Alexandra Road Oil,,1-------,9508.0,
IE,ATN,Annacotty,LK,1----6--,907.0,5224N 00818W
IE,ARD,Ardmore,WD,1-3-----,207.0,5157N 00743W
IE,ARK,Arklow,,1-------,9508.0,
IE,ARH,Arklow Head (Ie009),WW,1-------,901.0,
IE,AUG,Aughinish Island,,1-------,9508.0,
IE,BIF,B & I Ferryport,,1-------,9508.0,
IE,BIT,B & I Terminal,,1-------,9508.0,
IE,BBG,Balbriggan,D,123-----,1301.0,5337N 00611W
IE,BLL,Ballina,MO,1-3-----,1207.0,5407N 00910W
IE,BNA,Ballina,TA,1-3-----,1207.0,5248N 00826W
IE,BVD,Ballydavid,KY,1-------,1201.0,5213N 01021W
IE,BGY,Ballynacargy,,1----6--,1007.0,5334N 00732W
IE,BTM,Baltimore,,1-------,9704.0,
IE,BNG,Bangor,,1-3-----,601.0,5408N 00944W
IE,BYT,Bantry,CO,1-34----,507.0,5141N 00927W
IE,BTH,Bantry Harbour,CO,1-------,1501.0,5141N 00927W
IE,BHT,Blanchardstown,,123-----,601.0,5323N 00622W
IE,EBF,Broadford,CW,1-------,901.0,
IE,BUC,Buncrana,,1-------,9508.0,
IE,BUR,Burtonport,,1-3-----,1301.0,5459N 00826W
IE,CHE,Cahirciveen,,1-34----,1301.0,5157N 01013W
IE,CAR,Carlingford,,1-3-----,6.0,
IE,CRS,Carrick-on-Suir,TA,123-----,1207.0,5220N 00724W
IE,CFI,Castlefinn,,1-3--6--,601.0,5448N 00736W
IE,TLK,Castlenock,CW,1-------,901.0,
IE,CTB,Castletown Bearhaven,CO,1-3-----,1207.0,5139N 00955W
IE,CLD,Clare Island,MO,1-3-----,2307.0,5348N 00957W
IE,CLC,Clarecastle,CE,1-3-----,207.0,5249N 00857W
IE,CLI,Clifden,,123-----,9805.0,
IE,CLG,Clogherhead,LH,1-------,901.0,5347N 00614W
IE,CCT,Coastal Control Terminal,,1-------,9508.0,
IE,COB,Cobh,,1-------,9508.0,
IE,FGY,Coolock,D,1----6--,901.0,5323N 00611W
IE,ORK,Cork,,1--45---,9508.0,
IE,CRO,Crookhaven,,1-------,9508.0,
IE,DIN,Dingle,,1-------,9508.0,
IE,CFN,Donegal,DL,1-34----,907.0,
IE,DRO,Drogheda,,1-------,9508.0,
IE,DMF,Drogheda Maxol Facility,LH,1-------,1207.0,5343N 00620W
IE,DPP,Drogheda Premiere Periclase,LH,1-------,901.0,5343N 06191W
IE,DUB,Dublin,,12345---,9508.0,
IE,DFT,Dublin-Dublin Ferryport Terminals,D,1-------,1207.0,5319N 00614W
IE,DFA,Dublin-Ferryport Terminal 1,D,1-------,1207.0,5319N 00611W
IE,DFB,Dublin-Ferryport Terminal 2,D,1-------,1207.0,5319N 00612W
IE,DFC,Dublin-Ferryport Terminal 3,D,1-------,1207.0,5319N 00614W
IE,MTL,Dublin-Marine Terminal,D,1-------,1207.0,5320N 00614W
IE,DLG,Dun Laoghaire,,1-------,1301.0,5318N 00608W
IE,DCN,Duncannon/Saint Helens,WX,1-3-----,1301.0,5213N 00659W
IE,DDK,Dundalk,,1-------,9508.0,
IE,DFY,Dunfanaghy,DL,1-3-----,1207.0,5511N 00758W
IE,DGV,Dungarvan,KK,1-3-----,1207.0,5235N 00705W
IE,DNM,Dunmore East,,1-------,9508.0,
IE,EKY,Easkey/Rathlee,SO,1-3-----,1301.0,5417N 00858W
IE,DWE,Ennistymon,CE,1-3-----,1401.0,5256N 00917W
IE,ESB,ESB Poolbeg-Dublin,D,1-------,1207.0,5320N 00611W
IE,FEN,Fenit,KY,1-3-----,1207.0,5216N 00952W
IE,FTD,Fethard/Slade,TA,1-3-----,1301.0,5212N 00650W
IE,FID,Fiddown,,1-------,9508.0,
IE,FIN,Fintona,,1----6--,1201.0,5430N 00719W
IE,FPD,Flogas Products Drogheda,LH,1-------,1207.0,5343N 00621W
IE,FRW,Ford's Wharf (Topaz Energy Terminal),CO,1-------,1207.0,5153N 00826W
IE,FOV,Foynes,,1-------,9508.0,
IE,FCW,Frank Cassin Wharf,,1-------,9508.0,
IE,GWY,Galway,,1-345---,9508.0,
IE,GGA,Glengarriff,CO,1-3-----,1207.0,5145N 00933W
IE,GRT,Gortahork,DL,1----6--,901.0,5507N 00808W
IE,GOW,Gowran,,1----6--,1001.0,5737N 00724W
IE,GRE,Greencastle,DL,1-3-----,1601.0,5512N 00659W
IE,GRN,Greenore,,1-------,9508.0,
IE,HAU,Haulbowline,,1-------,9508.0,
IE,HOW,Howth,,1-------,9704.0,
IE,KIC,Kilcoole,WW,1-3-----,901.0,
IE,RRR,Kildorrery,CO,1-------,1501.0,5214N 00825W
IE,KLA,Killala,,1-3-----,9901.0,
IE,KBS,Killybegs,,1-------,9508.0,
IE,KKA,Kilmokea,,1-------,9508.0,
IE,KIN,Kilronan,G,1-34----,2307.0,5307N 00940W
IE,KLR,Kilrush,,1-------,9704.0,
IE,KNG,Kinnegad,WH,1-------,901.0,
IE,KLN,Kinsale,,1-------,9508.0,
IE,LMK,Limerick,,1--45---,9508.0,
IE,LAR,Lurganm Armagh,CW,1-------,901.0,
IE,MAG,Maghera,,1-3-----,9811.0,
IE,MRT,Magheraroarty,DL,1-------,1401.0,5508N 00810W
IE,MAP,Marino Point,,1-------,9508.0,
IE,MAR,Marshmeadows/New Ross,WX,1-------,1207.0,5223N 00657W
IE,MOT,Moneypoint,,1-------,9508.0,
IE,MOV,Moville,DL,1-3-----,207.0,5511N 00702W
IE,NRS,New Ross,WX,1-------,1207.0,5223N 00656W
IE,NRR,New Ross-Raheen/Roberscon,WX,1-------,1207.0,5223N 00657W
IE,NET,Newport,MO,1-3-----,1101.0,5353N 00932W
IE,NAY,Newtonabbey,,123-----,601.0,5439N 00556W
IE,NEX,Newtown,WX,1-------,901.0,
IE,PAT,Pandoro Terminal,,1-------,9508.0,
IE,PAP,Parnell Place,,1-------,9508.0,
IE,PAW,Passage West,CO,1-3-----,1501.0,5152N 00821W
IE,RTN,Ramelton,DL,1-3-----,407.0,5502N 00738W
IE,RDM,Rathdrum,WW,1-3-----,901.0,5255N 00614W
IE,RAT,Rathmullan,DL,1-3-----,1201.0,5506N 00732W
IE,RIN,Ringaskiddy,CO,1-------,1207.0,5150N 00819W
IE,RDT,Ringaskiddy Deepwater Terminal,CO,1-------,1207.0,5150N 00819W
IE,RPT,Ringaskiddy Passenger Terminal,CO,1-------,1207.0,5150N 00819W
IE,RVM,River Moy,,1-------,9508.0,
IE,RAV,Rossaveel,,1-------,9508.0,
IE,RSM,Rossaveel,G,1-------,1401.0,5316N 00933W
IE,ROE,Rosslare,,1-------,9508.0,
IE,ROS,Rosslare Harbour,,1-------,9704.0,
IE,RUS,Rushbrooke,,123-----,212.0,5151N 00819W
IE,SNN,Shannon,CE,1--45---,1207.0,5242N 00851W
IE,SKL,Skull,CO,1-3-----,212.0,5131N 00932W
IE,SLI,Sligo,,1-------,9508.0,
IE,SNR,Stokestown/New Ross,WX,1-------,1207.0,5221N 00659W
IE,TAR,Tarbert,,1-------,9508.0,
IE,TIV,Tivoli,,1-------,9508.0,
IE,TOB,Tober,OY,1-3-----,901.0,5322N 00739W
IE,TRP,Tom Roes Point Terminal/Drogheda,LH,1-------,1207.0,5343N 00618W
IE,TQY,Town Quays/Drogheda,LH,1-------,2307.0,5343N 00620W
IE,TRA,Tralee,,1-------,9704.0,
IE,TME,Tramore,,1-------,9811.0,
IE,UHL,Unionhall,CO,1-3-----,2407.0,5133N 00909W
IE,WAT,Waterford,WD,1-345---,1207.0,5215N 00706W
IE,WCQ,Waterford City Quays,WD,1-------,1207.0,5215N 00706W
IE,WGI,Waterford Great Island (ESB),WD,1-------,1207.0,5216N 00659W
IE,WES,Westport,,1-------,9508.0,
IE,WEX,Wexford,,1--4----,9508.0,
IE,WHI,Whitegate,,1-------,9508.0,
IE,WIC,Wicklow,,1-------,9508.0,
IE,WIL,Wilton,CO,1----6--,1007.0,
IE,YOU,Youghal,,1-------,9508.0,
IL,ACR,Acre,,1-------,8103.0,
IL,AKK,Akko,Z,1-3-----,701.0,3255N 03504E
IL,ASH,Ashdod,,1-------,8103.0,
IL,AST,Ashdod Southport,D,1-------,2201.0,3149N 03439E
IL,AKL,Ashkelon,,1-------,9506.0,
IL,BGV,Binyamina-Giv'at Ada,,1----6--,1201.0,3231N 03456E
IL,ETH,Elat (Eilath),,1--4----,9601.0,
IL,8UH,Gush Halav,Z,1-3-----,1401.0,3310N 03526E
IL,HAD,Hadera,,1-------,8103.0,
IL,HFA,Haifa,HA,1--45---,1601.0,3248N 03459E
IL,HBT,Haifa Bayport,HA,1-------,2201.0,3248N 03459E
IL,MSP,Haifa Israel Shipyards Port,Z,1-------,1301.0,3248N 03459E
IL,JUL,Julis,,1-------,901.0,3141N 03439E
IL,KY7,Karmei Yosef,M,1----6--,1407.0,3150N 03455E
IL,KFV,Kfar Vitkin,M,1-------,1607.0,3222N 03452E
IL,M8A,Magshimim,M,1-3-----,1401.0,3202N 03454E
IL,AS2,Mishor Adumim,M,1----6--,1407.0,3147N 03519E
IL,NAB,Nabulus,JM,1-3-----,1401.0,3213N 03515E
IL,NAT,Netanya,,123-----,207.0,3220N 03452E
IL,OFR,Ofra,,1----6--,1201.0,3157N 03515E
IL,TLV,Tel Aviv-Yafo,TA,12345---,507.0,3203N 03445E
IL,TIB,Tiberias,,1-3-----,601.0,3248N 03532E
IM,CTN,Castletown,,1-3-----,607.0,5405N 00439W
IM,DGS,Douglas,,1-3-----,607.0,5410N 00429W
IM,PEL,Peel,,1-3-----,607.0,5413N 00446W
IM,PER,Port Erin,,1-3-----,2307.0,5405N 00446W
IM,PSM,Port Saint Mary,,1-------,1707.0,5404N 00444W
IM,RAM,Ramsey,,1-3-----,607.0,5419N 00423W
IM,SAN,Santon,,1----6--,1001.0,5407N 00435W
IN,ACH,Achra,MH,1-------,6.0,
IN,ALA,Alang SBY,,12------,407.0,
IN,ABG,Alibag,MH,1-------,6.0,
IN,ALF,Alleppey,KL,1-------,212.0,0929N 07619E
IN,AIS,Amini Island,LD,1-------,901.0,1107N 07244E
IN,AMI,Andorth Is,LD,1-------,6.0,
IN,ADI,Androth Is,LD,1-------,6.0,
IN,ANG,Anijengo,KL,1-------,6.0,
IN,ANL,Arnala,MH,1-------,6.0,
IN,ATU,Attur,TN,1----6--,1807.0,1244N 07957E
IN,AZK,Azhikkal,KL,1-------,2.0,
IN,BDG,Badagara,KL,1-------,6.0,
IN,BBP,Bahabal Pur,OR,1-------,2.0,
IN,BDR,Baindur,KA,1-------,6.0,
IN,BND,Banddar,AP,1-------,2.0,
IN,BDA,Bandra,MH,1-------,201.0,
IN,BPT,Bangarapet,KA,123-----,601.0,1259N 07811E
IN,BKT,Bankot,MH,1-------,6.0,
IN,BSN,Bassain,MH,1-------,6.0,
IN,BAW,Bawal,HR,1-------,1407.0,
IN,BED,Bedi,GJ,1-------,2.0,
IN,BLP,Belapur,MH,1-------,6.0,
IN,BLK,Belekeri,KA,1-------,2.0,
IN,BET,Betul,GA,1-------,2.0,
IN,BEY,Beypore,KL,1-------,2.0,
IN,BYT,Beyt,GJ,1-------,6.0,
IN,BDH,Bhadohi,UP,12---6--,701.0,2525N 08234E
IN,BGW,Bhagwa,GJ,1-------,6.0,
IN,BRU,Bharuch,GJ,123-----,1101.0,2142N 07258E
IN,BTK,Bhatkal,KA,1-------,6.0,
IN,BHU,Bhavnagar,GJ,1234----,207.0,2146N 07208E
IN,BHM,Bheemunipatnam,AP,1-------,2.0,
IN,BWN,Bhiwandi,MH,1-------,6.0,
IN,BLM,Bilimora,GJ,1-------,6.0,
IN,BTR,Bitra Is,LD,1-------,6.0,
IN,BRM,Borliai-Mandla,MH,1-------,6.0,
IN,BRY,Borya,MH,1-------,6.0,
IN,BRH,Broach,GJ,1-------,2.0,
IN,BUD,Budge-Budge,WB,1-------,2.0,
IN,BSR,Bulsar,GJ,1-------,6.0,
IN,CAP,Calingapatam,AP,1-------,2.0,
IN,CAM,Cambay,GJ,1-------,2.0,
IN,CAR,Carijam,,1-------,8103.0,
IN,CBL,Chandbali,OR,1-------,2.0,
IN,CHR,Chapora,GA,1-------,6.0,
IN,MAA,Chennai (ex Madras),TN,12345---,407.0,1305N 08017E
IN,CTI,Chetlat Is,LD,1-------,6.0,
IN,CHI,Chikaballur,AN,1-------,901.0,
IN,GGA,Choga,GJ,1-------,2407.0,2141N 07216E
IN,COK,Cochin,KL,1234-6--,307.0,0958N 07614E
IN,COL,Colochel,,1-------,8112.0,
IN,COO,Coondapur (Ganguly),KA,1-------,2.0,
IN,CRN,Cornwallis,AN,1-------,6.0,
IN,CDL,Cuddalore,TN,1-------,2.0,
IN,DHP,Dabhol Port,MH,1-------,2.0,
IN,DRL,Dabolim,GA,1-------,2.0,
IN,DHU,Dahanu,MH,1-------,2.0,
IN,DAH,Dahej,GJ,1-------,2.0,
IN,DAM,Daman,DD,1--4----,2.0,
IN,DTW,Dantiwara,MH,1-------,6.0,
IN,DEG,Deogad,MH,1-------,6.0,
IN,DMA,Dhamara,OR,123-----,1301.0,2048N 08654E
IN,DMQ,Dhamra Port,OR,1-------,1401.0,2049N 08657E
IN,DSK,Dhanu-shkodi,TN,1-------,6.0,
IN,DMT,Dharamtar,MH,1-------,2.0,
IN,DHR,Dholera,GJ,1-------,6.0,
IN,DIG,Dighi (Pune),MH,1-3--6--,501.0,1815N 07258E
IN,DIU,Diu,DD,1--4----,9601.0,
IN,DIV,Div,GJ,1-------,2.0,
IN,DWA,Dwarka,GJ,1-------,2.0,
IN,DRK,Dwarka (Rupen),GJ,1-------,6.0,
IN,ESH,Elphinstone Harbour,AN,1-------,6.0,
IN,ENR,Ennore,TN,1-------,2.0,
IN,EKM,Ernakulam,KL,1-3-----,1401.0,0959N 07617E
IN,ERO,Erode,TN,1-3-----,701.0,1121N 07744E
IN,GAN,Gandhar,,1-------,401.0,2105N 07238E
IN,GGV,Gangavaram,AP,1-------,901.0,1739N 08315E
IN,GRR,Garden Reach,WB,123-----,1401.0,2231N 08818E
IN,GAU,Gauhati (Panidi),AS,1234----,2.0,
IN,GHA,Ghogha,GJ,1-------,6.0,
IN,GPR,Gopalpur,OR,1-------,2.0,
IN,GND,Greater Nodia,UP,123-----,1001.0,2849N 07753E
IN,GNO,Greater Noida,UP,1-------,1701.0,2828N 07731E
IN,HAL,Haldia,WB,1-------,2.0,
IN,HGT,Hangarkatta,KA,1-------,6.0,
IN,HRN,Harnai,MH,1-------,6.0,
IN,HZA,Hazira Port/Surat,GJ,1-------,1207.0,2105N 07237E
IN,HIP,Himachal Pradesh,AN,1-3-----,901.0,
IN,HON,Honavar,KA,1-------,2.0,
IN,HWR,Honawar,KA,1-------,6.0,
IN,JBD,Jafarabad,GJ,1-3-----,207.0,2051N 07122E
IN,JGD,Jaigad,MH,1-------,6.0,
IN,KKU,Jaipur-Kanakpura,,1-3-----,407.0,
IN,JTP,Jaitapur,MH,1-------,6.0,
IN,JAK,Jakhau,GJ,1-------,2.0,
IN,IXJ,Jammu,JK,1234-6--,701.0,3242N 07451E
IN,NSA,Jawaharlal Nehru (Nhava Sheva),MH,1-------,2.0,
IN,JDG,Jodhpur,GJ,1----6--,1107.0,2153N 07002E
IN,JDA,Jodia,GJ,1-------,2.0,
IN,KDI,Kadmat Is,LD,1-------,6.0,
IN,KAK,Kakinada,AP,1----6--,2.0,
IN,KAL,Kallai,KL,1-------,6.0,
IN,KPI,Kalpeni Island,LD,1-------,901.0,1004N 07338E
IN,KLY,Kalyan,MH,1-------,6.0,
IN,IXY,Kandla,GJ,1234-6--,307.0,2302N 07013E
IN,KND,Kankudy,KL,1-------,6.0,
IN,KKM,Kanyakumari,TN,1-------,901.0,
IN,KRK,Karaikal,PY,1-------,2.0,
IN,KRN,Karanja,MH,1-------,6.0,
IN,KAR,Karur,TN,123--6--,501.0,1057N 07805E
IN,KRW,Karwar,KA,1-------,2.0,
IN,KSG,Kasargod,KL,1-------,6.0,
IN,KAT,Kattupalli,TN,123-----,1201.0,1318N 08021E
IN,KTP,Kattupalli Port,TN,123-----,1207.0,1318N 08023E
IN,KVT,Kavaram Is,LD,1-------,6.0,
IN,KVI,Kavi,GJ,1-------,6.0,
IN,KSH,Kelshi,MH,1-------,6.0,
IN,KIW,Kelwa,MH,1-------,6.0,
IN,KBT,Khambhat,GJ,1-------,2.0,
IN,KHO,Khodiyar,GJ,1----6--,1107.0,2303N 07256E
IN,KKR,Kilakari,TN,1-------,6.0,
IN,KTI,Kiltan Is,LD,1-------,6.0,
IN,KRP,Kiranpani,MH,1-------,6.0,
IN,KOD,Kodinar,GJ,1-------,2.0,
IN,KTW,Koheshwar,GJ,1-------,6.0,
IN,KOI,Koilthottum,KL,1-------,2.0,
IN,KOK,Koka,GJ,1-------,2.0,
IN,CCU,Kolkata (ex Calcutta),WB,1--45---,201.0,2234N 08821E
IN,KON,Konarak,KA,1-3-----,2.0,
IN,KDP,Kondiapetnam,KL,1-------,6.0,
IN,KTD,Kotda,GJ,1-------,6.0,
IN,KVL,Kovalam,KL,1-------,6.0,
IN,CCJ,Kozhikode (ex Calicut),KL,1234----,207.0,1115N 07546E
IN,KRI,Krishnapatnam,AP,1-------,2.0,
IN,KSP,Kulasekarapanam,TN,1-------,6.0,
IN,KMB,Kumbharu,MH,1-------,6.0,
IN,LNG,Lapanga,OR,1----6--,1201.0,2144N 08401E
IN,LPR,Leapuram,KL,1-------,6.0,
IN,MAC,Machilipatnam,AP,123-----,2207.0,1611N 08108E
IN,IXM,Madurai,TN,1-34-6--,701.0,0956N 07807E
IN,MDA,Magdalla,GJ,1-------,2.0,
IN,MAH,Mahe,PY,123-----,501.0,1142N 07532E
IN,MHA,Mahuva,GJ,1-------,2.0,
IN,MRK,Malappuram,KL,1-------,901.0,
IN,MLP,Mallipuram,KL,1-------,6.0,
IN,MAL,Malpe,KA,1-------,2.0,
IN,MLW,Malwan,MH,1-------,6.0,
IN,MDP,Mandapam,TN,1-------,2.0,
IN,MDV,Mandvi,GJ,1-3-----,307.0,2250N 06922E
IN,MNW,Mandwa,MH,1-------,6.0,
IN,IXE,Mangalore,KA,1--4----,2.0,
IN,MGR,Mangrol,GJ,1-------,2.0,
IN,MNR,Manori,MH,1-------,6.0,
IN,MRM,Marmagao (Marmugao),GA,123-----,207.0,1524N 07347E
IN,MRM,Marmugao (Marmagao),GA,123-----,207.0,1524N 07347E
IN,MLI,Maroli,GJ,1-------,2.0,
IN,MAP,Masulipatnam,AP,1-------,2.0,
IN,MYB,Mayabandar,AN,1-------,6.0,
IN,MDW,Meadows,AN,1-------,6.0,
IN,MTW,Metwad,GJ,1-------,6.0,
IN,MCI,Minicoi I,KL,1-------,2.0,
IN,MRI,Mithivirdi,GJ,1-------,401.0,2128N 07214E
IN,MRA,Mora,MH,1-------,6.0,
IN,MOB,Morbi,GJ,1-3-----,701.0,2249N 07050E
IN,MDK,Mul Dwarka,GJ,1-------,212.0,2045N 07040E
IN,BOM,Mumbai (ex Bombay),MH,123456--,501.0,1858N 07249E
IN,MUN,Mundra,GJ,1-------,2.0,
IN,MUG,Munger,BR,123-----,601.0,2523N 08628E
IN,MUR,Murad,MH,1-------,2.0,
IN,NPT,Nagappattinam,TN,1-3-----,207.0,1047N 07949E
IN,NGC,Nagercoil,TN,1-3-----,701.0,0810N 07726E
IN,NAN,Nancowrie,AN,1-------,2.0,
IN,NDG,Nandgaon,MH,1-------,6.0,
IN,NVB,Navabunder,GJ,1-------,6.0,
IN,NVP,Navaspur,AP,1-------,6.0,
IN,NAV,Navlakhi,GJ,1-------,2.0,
IN,NEL,Nellore,AP,1-------,2.0,
IN,ICD,New Delhi,DL,123--6--,407.0,2836N 07712E
IN,NML,New Mangalore,KA,1-------,2.0,
IN,NTU,New Tuticorin,TN,1-3-----,607.0,0845N 07813E
IN,NWP,Newapur,MH,1-------,6.0,
IN,NSA,Nhava Sheva (Jawaharlal Nehru),MH,1-------,2.0,
IN,NHV,Nhave,MH,1-------,212.0,1857N 07258E
IN,NEE,Nindakara,KL,1-3-----,207.0,0856N 07632E
IN,NVT,Nivti,MH,1-------,6.0,
IN,OKH,Okha,GJ,1-------,2.0,
IN,ONJ,Onjal,GJ,1-------,6.0,
IN,ORS,Orissa,,1----6--,1201.0,2014N 08416E
IN,PDD,Padubidri,KA,1-------,501.0,
IN,PSH,Palshet,MH,1-------,6.0,
IN,PMB,Pamban,TN,1-------,6.0,
IN,PAN,Panaji Port,GA,1-------,2.0,
IN,PNM,"Panambur, Va Mangalore",,1-------,8103.0,
IN,PNJ,Panjim,GA,1-------,6.0,
IN,PRT,Paradip Garh,OR,123-----,307.0,2019N 08637E
IN,PPT,Paradip Port,OR,1-------,1001.0,2015N 08635E
IN,PPJ,Pellet Plant Jetty/Shiroda,GA,1-------,6.0,
IN,PER,Perundurai,TN,1-3-----,901.0,
IN,PIN,Pindhara,GJ,1-------,2.0,
IN,PAV,Pipavav (Victor) Port,GJ,123-----,701.0,2058N 07133E
IN,PNY,Pondicherry,PY,1-34-6--,501.0,1155N 07949E
IN,PNN,Ponnani,KL,1-------,6.0,
IN,PBD,Porbandar,GJ,1--4----,2.0,
IN,IXZ,Port Blair,AN,1--4----,2.0,
IN,PID,Port Indai,,1-------,8103.0,
IN,PPV,Port Pipavav,GJ,1-------,1301.0,2056N 07131E
IN,PRN,Portonovo,TN,1-------,6.0,
IN,PST,Positra,GJ,1-3-----,401.0,2224N 06910E
IN,BPQ,Pratapganj,BR,1-3-----,1401.0,2618N 08658E
IN,PUL,Pulicat,TN,1-------,2.0,
IN,PRG,Purangad,MH,1-------,6.0,
IN,PUR,Puri,OR,1-------,2.0,
IN,QUI,Quilon,KL,1-------,2.0,
IN,RRI,Raili,BR,1-------,2.0,
IN,RKG,Rajakkamangalam,KL,1-------,6.0,
IN,RJP,Rajpara/Navabunder,GJ,1-------,6.0,
IN,RJR,Rajpuri,MH,1-------,6.0,
IN,RAM,Rameshwaram,TN,1-------,2.0,
IN,RGT,Ranghat Bay,AN,1-------,6.0,
IN,RNR,Ranpar,MH,1-------,2.0,
IN,RTC,Ratnagiri,MH,1--4----,2.0,
IN,RED,Redi,MH,1-------,2.0,
IN,RVD,Revdanda,MH,1-------,2.0,
IN,ROZ,Rozi,GJ,1-------,1207.0,2234N 07002E
IN,SWA,Sahnewal,PB,1----6--,907.0,3051N 07557E
IN,SAL,Salaya,GJ,1-------,2.0,
IN,SAM,Samalkot,AP,123--6--,1207.0,1703N 08211E
IN,SAD,Sanathnagar,HR,1-3-----,607.0,
IN,STP,Satpati,MH,1-------,6.0,
IN,SHI,Shirola,KA,1-------,2.0,
IN,SWD,Shriwardhan,MH,1-------,6.0,
IN,SIK,Sika,GJ,123-----,207.0,2226N 06950E
IN,SKK,Sikkim,AN,1-3-----,1707.0,2719N 08837E
IN,SIL,Siliguri,WB,123-----,701.0,2643N 08825E
IN,SIM,Sima/Navabunder,GJ,1-------,6.0,
IN,SHP,Simbhour Port,,1-------,6.0,
IN,SMR,Simor,GJ,1-------,6.0,
IN,SBH,Sinbhour,GJ,1-------,6.0,
IN,SRV,Surasani-Yanam,AP,1-------,6.0,
IN,STV,Surat,GJ,1234-6--,307.0,2110N 07250E
IN,TAD,Tadri,KA,1-3-----,501.0,1431N 07421E
IN,TJA,Talaja,GJ,1-------,2.0,
IN,TPN,Talpona,GA,1-------,6.0,
IN,TNK,Tankari,GJ,1-------,6.0,
IN,TRP,Tarapur,MH,1-------,6.0,
IN,TEL,Tellicherry,KL,1-------,2.0,
IN,TKS,Tenkasi,TN,1-------,901.0,
IN,THL,Thal,MH,1-------,6.0,
IN,TNA,Thana,MH,1-------,6.0,
IN,THN,Thane,MH,123-----,701.0,1912N 07258E
IN,TRV,Thiruvananthapuram (ex Trivandrum),KL,1234----,2407.0,0829N 07655E
IN,TPH,Thopputhurai,TN,1-------,6.0,
IN,TYR,Tirukkadayyur,TN,1-------,2.0,
IN,TIV,Tiviri,,1-------,8103.0,
IN,TND,Tondi,TN,1-------,6.0,
IN,KTK,Toranagallu,KA,1----6--,1201.0,1512N 07641E
IN,TRA,Tranquebar,TN,1-------,2.0,
IN,TMP,Trombay,MH,1-------,6.0,
IN,ZUM,Tumkur,KA,1-3-----,1707.0,1630N 07705E
IN,TUN,Tuna,GJ,1-------,2.0,
IN,TUT,Tuticorin,TN,123--6--,501.0,0847N 07808E
IN,ULW,Ulwa,MH,1-------,6.0,
IN,UMR,Umarsadi,GJ,1-------,6.0,
IN,UMB,Umbergoan,GJ,1-------,2.0,
IN,URA,Uran,MH,123-----,901.0,1853N 07256E
IN,UTN,Uttan,MH,1-------,6.0,
IN,VRU,Vadarevu,AP,1-------,6.0,
IN,VAD,Vadinar,GJ,1-------,2.0,
IN,BDQ,Vadodara,GJ,1234----,1207.0,2218N 07312E
IN,VKM,Valinokkam,TN,1-------,2.0,
IN,VSI,Vansi-Borsi,GJ,1-------,2.0,
IN,VRD,Varavda,MH,1-------,6.0,
IN,VSV,Varsova,MH,1-------,6.0,
IN,VNG,Vemgira,MH,1-------,6.0,
IN,VEN,Vengurla,MH,1-------,2.0,
IN,VEP,Veppalodai,TN,1-------,2.0,
IN,VVA,Veraval,GJ,1-------,2.0,
IN,VYD,Vijaydurg,MH,1-------,6.0,
IN,VTZ,Visakhapatnam,AP,1234-6--,307.0,1742N 08318E
IN,VIG,Vizagapatanam,DL,1-------,901.0,
IN,VZJ,Vizhinjam,KL,1-------,2407.0,0823N 07700E
IN,WAD,Wada,MH,1-3-----,701.0,1859N 07345E
IQ,ALF,Abu Al Fulus,,1-------,9811.0,
IQ,ASD,Al Asad,,1-3-----,1307.0,3347N 04226E
IQ,HIL,Al Hillah,BB,1-------,212.0,3229N 04426E
IQ,TQD,Al Taqaddum,,1-3-----,1307.0,3320N 04335E
IQ,BGW,Baghdad,BG,12345---,401.0,3320N 04423E
IQ,BSR,Basra,BA,1-------,1407.0,
IQ,MAB,Basrah Oil Terminal,BA,1-------,1407.0,2945N 04850E
IQ,FAO,Fao,,1-------,8103.0,
IQ,IKD,Iskandariyha,,1-------,8103.0,
IQ,KAR,Karbala,,1-------,8103.0,
IQ,KHA,Khor Al Amaya,,1-------,8103.0,
IQ,KAZ,Khor al Zubair,,1-------,9506.0,
IQ,KIK,Kirkuk,,1-------,9401.0,
IQ,MAN,Mandali,,1-------,8103.0,
IQ,OSM,Mosul (Ak Mawsil),NI,1-3-----,307.0,3610N 04235E
IQ,NJF,Najaf,,1-34----,1307.0,3159N 04418E
IQ,NAS,Najat,,1-------,8103.0,
IQ,NSR,Nasiriyah,,1-3-----,1307.0,3103N 04615E
IQ,SAM,Samarra',SD,1-------,212.0,3412N 04352E
IQ,TJI,Taji,,1-3-----,1307.0,3331N 04416E
IQ,UQR,Umm Qasr Port,BA,123-----,907.0,3002N 04756E
IQ,ZAO,Zakho,,1-3-----,601.0,3708N 04242E
IR,ABD,Abadan,,1--45---,9601.0,
IR,AMP,Amir Abad Pt,21,1-------,901.0,3605N 05222E
IR,BAM,Amirabad,06,1-------,901.0,2651N 05422E
IR,ASA,Asaluyeh,18,1-3-----,307.0,2728N 05236E
IR,BND,Bandar Abbas,22,1--4----,1101.0,2711N 05616E
IR,AMD,Bandar Amirabad,21,123-56--,901.0,3647N 05321E
IR,BAH,Bandar Assaluyeh,,1-------,401.0,
IR,BKM,Bandar Khomeini,06,1-34----,307.0,3026N 04906E
IR,BMR,Bandar Mashur,06,1-----7-,307.0,3033N 04911E
IR,NEK,Bandar Neka,,1-3-56--,901.0,3652N 05332E
IR,BSR,Bandar Shahid Rajaee,,1-------,401.0,
IR,BAZ,Bandar-e Anzali,01,1-------,212.0,3728N 04928E
IR,BKK,Bandar-e Emam Khomeyni,,1----6--,1201.0,3026N 04906E
IR,BRG,Bandar-e Gaz,,1-------,212.0,3647N 05357E
IR,MRX,Bandar-e Mah Shahr,06,1234----,507.0,3032N 04910E
IR,BPA,Bandare Parsian,22,1-------,2001.0,2710N 05254E
IR,BUZ,Bushehr,18,1-34----,1101.0,2858N 05050E
IR,ZBR,Chah Bahar,,1--4----,212.0,
IR,DAY,Dayyer,18,1-------,1901.0,2750N 05156E
IR,FKR,Freidoon Kenar,21,1-------,901.0,3642N 05233E
IR,IMH,Imam Hasan,,1-------,9506.0,
IR,BIK,Imam Khomeini Pt/ Mahshahr City,10,1-------,901.0,3025N 04904E
IR,IFN,Isfahan,,12-4----,9601.0,
IR,KAS,Kashan,,1-------,8103.0,
IR,KSH,Kermanshah (Bakhtaran),05,123-----,501.0,3418N 04703E
IR,KHK,Khark Island,,1--4----,9601.0,
IR,KHO,Khorramshahr,,1-------,8103.0,
IR,KAV,Kuvei,22,1-3-----,2207.0,2657N 05600E
IR,LVP,Lavan,,1--4----,9601.0,
IR,LIN,Lingah,,1-------,9506.0,
IR,NKA,Neka,21,1-------,901.0,3650N 05316E
IR,NSH,Now Shahr,,1-------,9506.0,
IR,RBA,Ras Bahrgan,,1-------,8103.0,
IR,SIX,Sari,,1-------,8103.0,
IR,SRA,Sarooj Anchorage,,1-------,401.0,2744N 05209E
IR,SBR,Shahid Bahonar,23,1-------,901.0,2708N 05612E
IR,SRP,Shahid Rajaee Pt/Bandar Abbas,23,1-------,901.0,2707N 05604E
IR,SYZ,Shiraz,,1--4----,9601.0,
IR,SXI,Sirri Island,,1--4----,9601.0,
IR,CYT,Soroosh (Cyrus) Terminal,,1-------,1101.0,2902N 04928E
IR,TBZ,Tabriz,,1--4----,9601.0,
IR,TMB,Tombak,18,1-3-----,401.0,2743N 05210E
IR,AZD,Yazd,,1--4----,9601.0,
IS,AKR,Akranes,,1-------,9601.0,
IS,AKU,Akureyri,,1-------,9601.0,
IS,ASS,Arskogssandur,,1-------,201.0,6556N 01822W
IS,BAK,Bakkafjordur,,1-------,212.0,6602N 01448W
IS,BIL,Bildudalur - hofn,,1-------,9601.0,
IS,BLO,Blonduos,,1--4----,9601.0,
IS,BOL,Bolungarvik,,1-34----,207.0,6608N 02315W
IS,BOI,Bordeyri,,1-------,9601.0,
IS,BGJ,Borgarfjordur eystri,,1-------,9703.0,
IS,BOR,Borgarnes,,1-------,9601.0,
IS,BRE,Breiddalsvik,,1-------,9601.0,
IS,BRJ,Brjanslakur,3,1-------,1807.0,6532N 02312W
IS,BUD,Budardalur,3,1-3-----,1301.0,6507N 02146W
IS,DAL,Dalvik,,1-------,212.0,6558N 01832W
IS,DPV,Djupavik,,1-------,9601.0,
IS,DJU,Djupivogur,,1--4----,212.0,6439N 01417W
IS,DRA,Drangsnes,,1-------,9601.0,
IS,ESK,Eskifjordur - hofn,,1-------,9601.0,
IS,FAS,Faskrudsfjordur,,1--4----,9601.0,
IS,FEY,Flatey,3,1-------,1807.0,6522N 02256W
IS,FLA,Flateyri,,1-------,9601.0,
IS,GRB,Gardabaer,,1-------,201.0,6405N 01256W
IS,GRD,Gardur,,1-------,201.0,
IS,GRE,Grenivik,,1-------,212.0,6557N 01811W
IS,GRI,Grindavik,,1-------,212.0,6350N 02226W
IS,GRF,Grundarfjordur,,1-------,9601.0,
IS,GRT,Grundartangi,,1-------,9601.0,
IS,GUF,Gufunes/Reykjavik,,1-------,9601.0,
IS,HAF,Hafnarfjordur,,1-------,9601.0,
IS,HNR,Hafnir,,1-------,201.0,6355N 02241W
IS,HEL,Helguvik,,1-------,901.0,6402N 02233W
IS,HJA,Hjalteyri,,1-------,9601.0,
IS,HFN,"Hofn, Hornafjordur",,1--4----,1101.0,6415N 01513W
IS,HOF,Hofsos,,1-------,212.0,6554N 01926W
IS,HRI,Hrisey,,1-------,9601.0,
IS,HUS,Husavik - hofn,,1-------,9601.0,
IS,HVM,Hvammstangi,,1-------,9601.0,
IS,ISA,Isafjordur - hofn,,1-------,9601.0,
IS,KEV,Keflavikurkaupstadur,,1-------,9601.0,
IS,KOP,Kopasker - hofn,,1-------,9601.0,
IS,KOV,Kopavogur,,1-------,212.0,6406N 02155W
IS,KRO,Krokfjardarnes,,1-------,9601.0,
IS,LAN,Landeyjahofn,8,1-------,1601.0,6131N 02007W
IS,LSA,Litli Sandur,,1-------,901.0,6424N 02127W
IS,HVR,Midsandur,,1-------,1601.0,
IS,MJH,Mjoeyrarhofn,7,1-3--67-,1307.0,6455N 01357W
IS,MJO,Mjofjordur,,1-------,9601.0,
IS,MOS,Mosfellsbaer,,1-3-----,607.0,6410N 02143W
IS,NES,Neskaupstadur,,1-------,9601.0,
IS,NJA,Njardvik,,1-------,9601.0,
IS,NOU,Nordurfjordur,,1-------,9601.0,
IS,OLF,Olafsfjordur,,1-------,9601.0,
IS,OLV,Olafsvik,,1-------,212.0,6453N 02343W
IS,OSP,Ospakseyri,,1-------,212.0,6527N 02126W
IS,PAT,Patreksfjordur - hofn,,1-------,9601.0,
IS,RAU,Raufarhofn,,1--4----,212.0,6627N 01557W
IS,RFJ,Reydarfjordur,,1-------,9601.0,
IS,RHA,Reykholar,,1-------,212.0,6527N 02212W
IS,REY,Reykjavik,,1-------,212.0,6409N 02157W
IS,RIF,Rif-Hellisandur,,1--4----,9601.0,
IS,SAN,Sandgerdi,,1-------,9601.0,
IS,SAU,Saudarkrokur - hofn,,1-------,9601.0,
IS,SEY,Seydisfjordur,,1-------,9601.0,
IS,SIG,Siglufjordur - hofn,,1-------,9601.0,
IS,SKA,Skagastrond,,1-------,212.0,6550N 02019W
IS,KJF,Skerjafjordur,,1-------,9601.0,
IS,STD,Stodhvarfjordur,,1-------,9601.0,
IS,STR,Straumsvik,,1-------,9601.0,
IS,STY,Stykkisholmur - hofn,,1-------,9601.0,
IS,SUV,Sudavik,,1-------,9601.0,
IS,SUD,Sudureyri/Sugandafjord,,1-------,9601.0,
IS,SVA,Svalbardseyri,,1-------,9601.0,
IS,TAL,Talknafjordur/Sveinseyri,,1-------,9601.0,
IS,TEY,Thingeyri,,1--4----,9601.0,
IS,THH,Thorlakshofn,,1-------,9601.0,
IS,THO,Thorshofn,,1--4----,9601.0,
IS,THN,Tjorneshofn,,1-------,201.0,
IS,VES,Vestmannaeyjar - hofn,,1-------,9601.0,
IS,VOG,Vogar,,1-------,201.0,6359N 02223W
IS,VPN,Vopnafjordur,,1-------,212.0,6545N 01450W
IT,AOL,Acciaroli,,1-3-----,1301.0,4011N 01501E
IT,ACL,Aci Castello,,1-------,1301.0,3733N 01508E
IT,ACT,Aci Trezza,CT,123-----,1207.0,3734N 01510E
IT,AGP,Agropoli,SA,1-------,1801.0,4021N 01459E
IT,ALS,Alassio,SV,1-3-----,1801.0,4400N 00810E
IT,AHO,Alghero,SS,123-----,1207.0,4033N 00819E
IT,ALI,Alicudi,,1-------,9601.0,
IT,AMA,Amalfi,SA,1-------,1101.0,4038N 01436E
IT,AMT,Amantea,CS,1-3-----,1801.0,3908N 01604E
IT,AOI,Ancona,AN,1-34----,1201.0,4338N 01330E
IT,ADA,Andora,SV,1-3-----,1801.0,4357N 00809E
IT,GZS,Anguillara Sabazia,RM,1----6--,1901.0,4205N 01216E
IT,ANZ,Anzio,RM,1-------,1101.0,4127N 01237E
IT,ATX,Arbatax,NU,1-------,212.0,3956N 00942E
IT,AZA,Arenzano,GE,1-3-----,1801.0,4424N 00841E
IT,ATA,Arma di Taggia,,1-3-----,1301.0,4349N 00751E
IT,AUG,Augusta,,1-------,1101.0,3713N 01513E
IT,AVO,Avola,SR,1-3-----,1207.0,3654N 01508E
IT,BCB,Bagnara Calabra,RC,123-----,1207.0,3817N 01548E
IT,BLN,Bagnoli,,1-------,1801.0,4048N 01410E
IT,BAI,Baia,,1-------,1101.0,4049N 01404E
IT,B8D,Bardello,VA,1-------,1407.0,4550N 00842E
IT,BRI,Bari,BA,1-34----,1201.0,4108N 01651E
IT,BLT,Barletta,BT,1-------,1801.0,4119N 01617E
IT,BLA,Bellaria,RN,123-----,501.0,4409N 01228E
IT,BMT,Belvedere Marittimo,CS,1-3-----,1301.0,3937N 01551E
IT,BNC,Bianco,RC,1-3-----,1801.0,3805N 01609E
IT,BCE,Bisceglie,BT,123-----,1801.0,4114N 01630E
IT,BGH,Bordighera,IM,1-3-----,1801.0,4346N 00740E
IT,BOA,Bosa,OR,123-----,1801.0,4018N 00830E
IT,BVM,Bova Marina,RC,123-----,1801.0,3756N 01555E
IT,BMA,Bovalino Marina,RC,1-------,1801.0,3809N 01610E
IT,BDS,Brindisi,BR,1-------,1801.0,4038N 01756E
IT,CAG,Cagliari,CA,1-34----,1201.0,3913N 00907E
IT,NNE,Cala Gonone,,1-3-----,1301.0,4018N 00938E
IT,CLS,Calasetta,,1-------,1201.0,3903N 00822E
IT,GLJ,Camogli,GE,123-----,1801.0,4421N 00909E
IT,NIG,Cannigione,,1-------,901.0,
IT,AOR,Caorle,,1-3-----,1301.0,4536N 01253E
IT,CCB,Cape Carbonara,,1-------,901.0,3906N 00931E
IT,COQ,Capo d'Orlando,,123-----,1301.0,3810N 01445E
IT,CPA,Capraia,,1-------,1201.0,4303N 00950E
IT,PRJ,Capri,,1-------,1201.0,4033N 01414E
IT,CRT,Cariati,,123-----,1301.0,3930N 01657E
IT,CLF,Carloforte,,1-------,1201.0,3909N 00818E
IT,CML,Casamicciola Terme,,1-3-----,401.0,4045N 01353E
IT,AEL,Castel Volturno,,1-3-----,1301.0,4120N 01356E
IT,CTR,Castellammare del Golfo,TP,1-------,212.0,3801N 01253E
IT,CAS,Castellammare di Stabia,,1-------,212.0,4042N 01429E
IT,CTK,Castelsardo,SS,1-3-----,1801.0,4055N 00843E
IT,ATI,Castiglioncello,LI,123-----,1301.0,4324N 01024E
IT,CEQ,Castiglione della Pescaia,,1-3-----,1301.0,4246N 01053E
IT,CRQ,Castro Marina,,1-3-----,1301.0,3959N 01824E
IT,CTA,Catania,CT,1-------,1601.0,3730N 01506E
IT,CCL,Cattolica,RN,1-3-----,1301.0,4358N 01244E
IT,CVX,Cavo,,1-------,2407.0,4251N 01025E
IT,CEC,Cecina,LI,1-------,1201.0,4319N 01031E
IT,CFU,Cefalu,,123-----,601.0,3802N 01401E
IT,CEV,Cervia,RA,1-3-----,1201.0,4416N 01222E
IT,CNT,Cesenatico,,123-----,1201.0,4412N 01225E
IT,TAA,Cetara,,1-3-----,1301.0,4039N 01442E
IT,CCQ,Cetraro,CS,1-3-----,1301.0,3931N 01556E
IT,CHX,Chiavari,GE,123-----,1801.0,4419N 00919E
IT,CHI,Chioggia,,1-------,1201.0,4514N 01217E
IT,MRM,Ciro Marina,KR,123-----,1207.0,3922N 01708E
IT,IOA,Civitanova Marche,MC,1-3-----,2101.0,4318N 01344E
IT,CVV,Civitavecchia,RM,1-------,1801.0,4206N 01148E
IT,CPN,Copanello,CZ,123-----,907.0,3846N 01633E
IT,CGC,Corigliano Calabro,CS,1-3-----,401.0,3936N 01631E
IT,CRV,Crotone,,1-------,1201.0,3905N 01708E
IT,CPM,Cupra Marittima,AP,123-----,1301.0,4301N 01351E
IT,DIA,Diamante,,123-----,601.0,3941N 01549E
IT,DNO,Duino,,123--6--,607.0,4546N 01335E
IT,FAL,Falconara,,1-------,9704.0,
IT,FAO,Fano,,1-3-----,1201.0,4350N 01301E
IT,FAV,Favignana,,1-------,1201.0,3756N 01220E
IT,FPO,Filicudi Porto,,1-------,9812.0,
IT,FNL,Finale Ligure,SV,123-----,1801.0,4410N 00820E
IT,FCO,Fiumicino,RM,1--4----,1801.0,4146N 01214E
IT,FCO,Fiumicino Apt/Roma,RM,1--4----,1801.0,4146N 01214E
IT,FCV,Foce Varano,,1-3-----,1301.0,4155N 01548E
IT,FOL,Follonica,GR,1-------,1101.0,4255N 01045E
IT,FRD,Forio,,1-3-----,1301.0,4044N 01351E
IT,FOM,Formia,,1-3-----,1101.0,4115N 01337E
IT,FME,Francavilla al Mare,,1-3-----,1101.0,4225N 01417E
IT,FGE,Fregene,,1-3-----,1301.0,4151N 01212E
IT,FSA,Fusina,VE,1-3-----,401.0,4525N 01214E
IT,GMA,Gabicce Mare,,123--6--,601.0,4358N 01246E
IT,GAE,Gaeta,,1-------,1201.0,4112N 01335E
IT,GAL,Gallipoli,,1-------,1101.0,4003N 01759E
IT,GEA,Gela,,1-------,1101.0,3704N 01415E
IT,GOA,Genova,GE,12345---,1301.0,4425N 00857E
IT,GII,Giannutri,,1-------,9812.0,
IT,GIA,Giardini Naxos,ME,1-3-----,1301.0,3749N 01516E
IT,GIT,Gioia Tauro,,1-------,1101.0,3825N 01554E
IT,GVZ,Giovinazzo,,123-----,1301.0,4111N 01640E
IT,GUI,Giulianova,TE,1-3-----,1207.0,4245N 01358E
IT,GAI,Golfo Aranci,SS,1-------,1801.0,4100N 00937E
IT,GOR,Gorgona,,1-------,9812.0,
IT,GOO,Goro,,1-3-----,1301.0,4451N 01218E
IT,GRD,Grado,,1-------,1201.0,4541N 01323E
IT,JLO,Iesolo,VE,1-34----,1207.0,4532N 01239E
IT,IMP,Imperia,IM,1-------,1201.0,4353N 00803E
IT,ISH,Ischia,,1--4----,1101.0,4044N 01357E
IT,ISN,Isola Asinara,,1-------,1001.0,4103N 00816E
IT,IDG,Isola del Giglio,,1-------,1201.0,4222N 01054E
IT,IDF,Isola delle Femmine,,123-----,1301.0,3812N 01315E
IT,ISS,Isola Santo Stefano,,1-------,9812.0,
IT,TMT,Isole Tremiti,FG,1-------,2007.0,4207N 01529E
IT,FOR,Isolotto Formica,,1-------,1001.0,3759N 01225E
IT,MDA,La Maddalena,SS,1-3-----,1301.0,4113N 00924E
IT,SPE,La Spezia,SP,1-------,1801.0,4407N 00950E
IT,LAE,Lacco Ameno,,1-3-----,1301.0,4045N 01354E
IT,LAD,Ladispoli,RM,123-----,1101.0,4156N 01205E
IT,LMP,Lampedusa,,1--4----,1101.0,3530N 01236E
IT,LAW,Lavagna,GE,123-----,1801.0,4418N 00920E
IT,LER,Lerici,SP,1-3-----,1801.0,4404N 00955E
IT,LES,Lesina,,1-3-----,1301.0,4152N 01521E
IT,LEC,Leuca,,1-3-----,1301.0,3948N 01821E
IT,LEN,Levanto,SP,1-3-----,1801.0,4410N 00938E
IT,LEV,Levanzo,,1-3-----,607.0,3759N 01220E
IT,LIC,Licata,,1-------,1101.0,3706N 01356E
IT,LSD,Lignano Sabbiadoro,,1-3-----,1301.0,4542N 01309E
IT,LIU,Linosa,,1--4----,9601.0,
IT,LIP,Lipari,ME,1-------,1207.0,3827N 01457E
IT,LIV,Livorno,,1-------,1101.0,4333N 01019E
IT,LOA,Loano,SV,123-----,1801.0,4408N 00815E
IT,IOI,Maiori,,1-3-----,1301.0,4039N 01438E
IT,MFR,Manfredonia,,1-------,1201.0,4138N 01555E
IT,MAJ,Marano Lagunare,,1-3-----,1301.0,4546N 01310E
IT,TEA,Maratea,,123-----,601.0,3959N 01543E
IT,MAM,Marciana Marina,,1-3-----,1301.0,4248N 01012E
IT,MMO,Marettimo,,1-------,9812.0,
IT,PMA,Marghera,VE,123-----,401.0,4527N 01213E
IT,MDW,Margherita di Savoia,,1-3-----,1301.0,4122N 01609E
IT,MLB,Marina della Lobra,,1-3-----,1301.0,4036N 01420E
IT,MIT,Marina di Camerota,,1-3-----,1301.0,4000N 01522E
IT,MRP,Marina di Campo,LI,1-3-----,1301.0,4244N 01014E
IT,MDC,Marina di Carrara,,1-------,9704.0,
IT,AAS,Marina di Davoli,CZ,123-----,901.0,3840N 01633E
IT,MAH,Marina di Ginosa,,1-3-----,1301.0,4025N 01653E
IT,MSD,Marina di Grosseto,,1-3-----,1301.0,4243N 01059E
IT,QMM,Marina di Massa,,1-3-----,1301.0,4400N 01006E
IT,MPA,Marina di Pisa,,1-3-----,1301.0,4340N 01016E
IT,MSB,Marina di Pisciotta,,1-3-----,1301.0,4006N 01514E
IT,M2R,Marina di Ragusa,RG,1-3-----,1701.0,3647N 01433E
IT,MGE,Marina Grande,,1-3-----,601.0,4033N 01415E
IT,MNU,Marinella di Selinunte,,1-3-----,1301.0,3735N 01247E
IT,RTT,Marotta,,123-----,1301.0,4346N 01308E
IT,MRA,Marsala,TP,123-----,401.0,3748N 01226E
IT,MLU,Massa Lubrense,,1-3-----,601.0,4036N 01420E
IT,MAZ,Mazara del Vallo,TP,1-3-----,1207.0,3739N 01235E
IT,MPS,Melito di Porto Salvo,RC,123-----,901.0,3755N 01547E
IT,MSN,Messina,,1-------,9704.0,
IT,MTH,Meta,,123-----,1207.0,4039N 01424E
IT,MLZ,Milazzo,,1-------,9704.0,
IT,MIM,Mili Marina,ME,123-----,501.0,3807N 01531E
IT,MIS,Misano Adriatico,RN,123-----,501.0,4358N 01242E
IT,ODB,Mola di Bari,,123-----,1301.0,4104N 01705E
IT,MOL,Molfetta,,1-------,9704.0,
IT,MND,"Mondello, Palermo",,1-3-----,1301.0,3812N 01320E
IT,ODG,Mondragone,,1-3-----,1301.0,4107N 01353E
IT,MNF,Monfalcone,,1-------,9704.0,
IT,MNP,Monopoli,,1-------,9704.0,
IT,MLS,Montalto di Castro,VT,123-----,1301.0,4221N 01137E
IT,RSM,Monterosso al Mare,SP,123-----,1801.0,4409N 00939E
IT,UGG,Muggia,,1-3-----,1301.0,4536N 01346E
IT,NAP,Napoli,,1234----,907.0,4050N 01415E
IT,NTT,Nettuno,,1-3-----,601.0,4128N 01241E
IT,NLI,Noli,SV,1-3-----,1301.0,4412N 00826E
IT,NSR,Nova Siri,MT,1-------,1501.0,4009N 01632E
IT,NUM,Numana,,1-3-----,1301.0,4331N 01337E
IT,OGN,Ognina,,1-3-----,1301.0,3659N 01515E
IT,OLB,Olbia,SS,1234----,212.0,4055N 00931E
IT,ONE,Oneglia,,1-------,9601.0,
IT,OBT,Orbetello,,123-----,1301.0,4227N 01113E
IT,QOS,Oristano,OR,1-3-----,1201.0,3954N 00836E
IT,OTN,Ortona,,1-------,9704.0,
IT,OTO,Otranto,,1-------,9704.0,
IT,PAU,Palau,,1-------,9812.0,
IT,PMO,Palermo,PA,1--4----,1101.0,3807N 01322E
IT,PLN,Palinuro,,1-3-----,1301.0,4002N 01517E
IT,PMM,Palmi,,123-----,1301.0,3821N 01551E
IT,PAN,Panarea,,1-------,9601.0,
IT,PNL,Pantelleria,,1--4----,9601.0,
IT,AOA,Paola,,123-----,1301.0,3921N 01602E
IT,PTI,Patti,ME,1-3-----,1501.0,3808N 01458E
IT,PED,Pedaso,,123-----,601.0,4306N 01350E
IT,PES,Pesaro,PU,1-3-----,1101.0,4354N 01255E
IT,PSR,Pescara,PE,1-34----,1201.0,4228N 01414E
IT,PCH,Peschici,,1-------,9812.0,
IT,PRR,Piano di Sorrento,,123-----,1301.0,4038N 01423E
IT,PIA,Pianosa,,1-------,2407.0,4234N 01004E
IT,ISB,Pier Isab,SR,1-------,1501.0,3707N 01515E
IT,PIO,Piombino,,1-------,9704.0,
IT,PIZ,Pizzo,,12-4----,1301.0,3844N 01610E
IT,ZQQ,Polignano a Mare,BA,123--6--,901.0,4100N 01713E
IT,POM,Pomezia,RM,1-------,1501.0,4140N 01230E
IT,PNZ,Ponza,LT,1-------,1101.0,4054N 01258E
IT,ORL,Porticello,,1-3-----,2407.0,3805N 01332E
IT,PTC,Portici,,1-3-----,1207.0,4049N 01420E
IT,PGL,Portigliola,RC,1-3-----,1501.0,3814N 01613E
IT,PAZ,Porto Azzurro,,1-------,9704.0,
IT,PCE,Porto Cervo,,1-------,9601.0,
IT,PCN,Porto Conte Torre Nuova,CA,1-3-----,1207.0,4036N 00812E
IT,PDI,Porto d'Ischia,,1-------,9601.0,
IT,PEM,Porto Empedocle,,1-------,9704.0,
IT,PTH,Porto Ercole,,1-3-----,1201.0,4223N 01112E
IT,PFX,Porto Foxi (Sarroch),,1-------,307.0,3903N 00900E
IT,PGA,Porto Garibaldi,,1-------,9601.0,
IT,PVT,Porto Levante,,1-3-----,1301.0,4503N 01222E
IT,PLI,Porto Lignano,,1-------,9812.0,
IT,PMZ,Porto Maurizio,,1-------,9601.0,
IT,PNG,Porto Nogaro,,1-------,9501.0,
IT,PPF,Porto Palo,CT,123-----,1207.0,3734N 01254E
IT,PRF,Porto Recanati,,123-----,1301.0,4326N 01340E
IT,SIG,Porto San Giorgio,,123-----,1201.0,4311N 01348E
IT,TLY,Porto San Vitale,RA,1-3-----,2101.0,4426N 01214E
IT,PSS,Porto Santo Stefano,,1-------,9704.0,
IT,PPT,Porto Tolle,,1-3-----,1301.0,4456N 01222E
IT,PTO,Porto Torres,SS,1-------,1801.0,
IT,POQ,Porto Viro,RO,1-3-----,1001.0,4503N 01215E
IT,PFE,Portoferraio,,1-------,9704.0,
IT,PTF,Portofino,GE,1-------,1801.0,
IT,PPL,Portopalo,SR,1-3-----,1207.0,3641N 01508E
IT,PVE,Portoscuso (Porto Vesme),,123-----,607.0,3912N 00823E
IT,PRW,Portovenere,SP,1-3-----,1207.0,4403N 00951E
IT,POS,Positano,,1-------,9812.0,
IT,PZL,Pozzallo,RG,1-3-----,1307.0,3643N 01451E
IT,OZI,Pozzillo,CT,1-3-----,1207.0,3739N 01511E
IT,POZ,Pozzuoli,,1-------,9704.0,
IT,PIM,Praia a Mare,CS,123-----,1301.0,3954N 01547E
IT,PRL,Priolo Gargallo,SR,1-3-----,1307.0,3709N 01511E
IT,PRO,Procida,,1-------,9601.0,
IT,PUC,Punta Cugno,SR,1-------,907.0,3713N 01512E
IT,RPO,Rapallo,GE,123-----,1801.0,4421N 00914E
IT,RAN,Ravenna,,1-------,9601.0,
IT,REC,Recco,GE,123-----,1801.0,4422N 00909E
IT,REG,Reggio di Calabria,RC,1-34----,1207.0,3806N 01539E
IT,RCE,Riccione,RN,123-----,1301.0,4359N 01239E
IT,RMI,Rimini,RN,1234----,1201.0,4404N 01235E
IT,RIN,Rinella,,1-------,901.0,3832N 01450E
IT,RMA,Rio Marina,,1-------,9704.0,
IT,RMG,Riomaggiore,SP,1-3-----,2407.0,4406N 00944E
IT,RPT,Riposto,CT,1-3-----,1101.0,3744N 01512E
IT,XXX,RIS Inland waterways,,1-------,1101.0,
IT,RTS,Riva Trigoso,,1-3-----,1301.0,4416N 00925E
IT,ROC,Roccella Ionica,,123-----,601.0,3819N 01624E
IT,RGG,Rodi Garganico,,1-------,9812.0,
IT,GSV,Rosignano Solvay,LI,123-----,901.0,4323N 01026E
IT,SAL,Salerno,,1-3-----,9704.0,
IT,SLC,"Saline, Reggio Calabria",,123-----,1301.0,3757N 01542E
IT,SDB,San Benedetto del Tronto,AP,1-3-----,1101.0,4257N 01353E
IT,NCT,San Cataldo,LE,1-3-----,1301.0,4023N 01818E
IT,SFE,San Felice Circeo,,1-3-----,1301.0,4114N 01305E
IT,SRE,San Remo,IM,1-------,1801.0,
IT,SVC,San Vito lo Capo,,1-------,9602.0,
IT,SAT,Sant' Antioco,,1-------,9601.0,
IT,SFM,Santa Foca di Melendugno,,1-3-----,1301.0,4016N 01820E
IT,SML,Santa Margherita Ligure,GE,1-------,1801.0,
IT,SMK,Santa Maria di Castellabate,,1-3-----,1301.0,4017N 01457E
IT,AMN,Santa Maria Navarrese,OG,1-3-----,2407.0,3959N 00941E
IT,SLA,Santa Marina Salina,,1-3-----,401.0,3834N 01452E
IT,SMA,Santa Marinella,,123-----,1201.0,4202N 01151E
IT,SPA,Santa Panagia,,1-3-----,607.0,3706N 01515E
IT,STE,Santa Teresa di Gallura,SS,1-------,212.0,4114N 00911E
IT,NTA,Sant'Antioco,,1-3-----,1301.0,3904N 00827E
IT,SSF,Santo Stefano al Mare,IM,123-----,1801.0,4350N 00753E
IT,TEF,Santo Stefano di Camastra,ME,1-3-----,1501.0,3801N 01421E
IT,PRH,Sapri,,1-3-----,1301.0,4004N 01538E
IT,PFX,Sarroch (Porto Foxi),,1-------,307.0,3903N 00900E
IT,LLT,Savelletri,BR,1-3-----,1207.0,4052N 01725E
IT,SVN,Savona,SV,123-----,1201.0,4417N 00830E
IT,LEA,Scalea,,1-3-----,1301.0,3949N 01547E
IT,SRH,Scario,,1-3-----,1301.0,4003N 01529E
IT,URI,Scauri,,1-3-----,2407.0,4115N 01342E
IT,SCK,Sciacca,,123-----,1301.0,3731N 01303E
IT,SLL,Scilla,,123-----,607.0,3815N 01543E
IT,SCO,Scoglitti,RG,1-3-----,1301.0,3653N 01426E
IT,SEG,Senigallia,AN,123-----,1101.0,4343N 01313E
IT,NTE,Sestri Levante,GE,1-3-----,1801.0,4416N 00924E
IT,RRV,Sferracavallo,,1-3-----,2407.0,3812N 01314E
IT,SID,Siderno Marina,RC,1-3-----,1301.0,3816N 01618E
IT,SLV,Silvi Marina,TE,1-3-----,1207.0,4234N 01405E
IT,SIR,Siracusa,,1-------,9704.0,
IT,ITI,Sistiana,TS,1-3-----,2301.0,4545N 01338E
IT,RRO,Sorrento,,1-------,9601.0,
IT,SOO,Soverato,,1-3-----,1301.0,3841N 01633E
IT,NGA,Sperlonga,,1-3-----,1301.0,4115N 01326E
IT,RNS,Spotorno,,1-3-----,1301.0,4414N 00825E
IT,TTN,Stintino,,1-3-----,1301.0,4056N 00813E
IT,STR,Stromboli,,1-------,9601.0,
IT,TAL,Talamone,,1-------,9704.0,
IT,TAO,Taormina,,1-3-----,401.0,3751N 01517E
IT,TAR,Taranto,,1-------,1201.0,4029N 01714E
IT,TRI,Termini Imerese,PA,1-------,1601.0,3759N 01342E
IT,TMI,Termoli,,1-------,9601.0,
IT,TRC,Terracina,,1-------,9601.0,
IT,SNR,Terrasini,,123-----,1301.0,3809N 01305E
IT,TOA,Torre Annunziata,,1-------,9704.0,
IT,TCS,Torre Cesarea,LE,1-3-----,1301.0,4002N 01827E
IT,TRH,Torre Faro,,1-3-----,1301.0,3815N 01538E
IT,TGV,Torre Gaveta,,1-3-----,1301.0,4049N 01403E
IT,TRU,Torre San Giovanni d'Ugento,LE,1-3-----,1301.0,3955N 01809E
IT,TGR,Torregrande,,1-------,9601.0,
IT,ICA,Torvaianica,RM,1-3-----,1207.0,4138N 01228E
IT,TVC,Torviscosa,UD,1-------,1501.0,4549N 01316E
IT,TNI,Trani,,1-------,9601.0,
IT,TPS,Trapani,TP,1--4----,1101.0,3801N 01229E
IT,TCC,Trebisacce,,123-----,1301.0,3952N 01632E
IT,TRS,Trieste,,12-4----,2007.0,
IT,UST,Ustica,,1-------,9601.0,
IT,VDA,Vada,,1-------,9601.0,
IT,VDL,Vado Ligure,SV,123-----,1101.0,4416N 00827E
IT,VSO,Vasto,,1-------,9704.0,
IT,VCE,Venezia,VE,12345--B,907.0,4526N 01220E
IT,VEN,Ventimiglia,IM,1-3-5---,1201.0,4347N 00736E
IT,VTT,Ventotene,,1-------,9601.0,
IT,VZN,Vernazza,SP,123-----,1801.0,4408N 00941E
IT,VIA,Viareggio,,1-------,9704.0,
IT,VVA,Vibo Valentia,,1-------,9601.0,
IT,VIE,Vieste,,1-------,9601.0,
IT,VSG,"Villa San Giovanni, Calabria",,123-----,1301.0,3813N 01538E
IT,VT3,Villafranca Tirrena,ME,12--56--,2407.0,3814N 01526E
IT,VTI,Voltri,GE,1-------,1607.0,4426N 00845E
IT,VUL,Vulcano porto,,1-------,9601.0,
IT,ULE,Zaule,TS,1-------,1801.0,4536N 01348E
JE,SAB,Saint Aubin,,1-3-----,1201.0,4911N 00210W
JE,SCJ,Saint Clement,,1-----7-,1307.0,4910N 00204W
JE,STH,Saint Helier,,1-3-----,1101.0,4911N 00206W
JM,ALP,Alligator Pond,,1-------,8103.0,
JM,BLR,Black River,,1-------,8103.0,
JM,BWN,Bowden,,1-------,8103.0,
JM,FMH,Falmouth,,1-------,8103.0,
JM,KIN,Kingston,,1--45---,9601.0,
JM,MBJ,Montego Bay,,1--4----,9601.0,
JM,OCJ,Ocho Rios,,1--4----,9601.0,
JM,ORC,Oracabessa,,1-------,212.0,1824N 07657W
JM,POT,Port Antonio,,1--4----,9601.0,
JM,PEV,Port Esquivel,,1-------,8103.0,
JM,PHE,Port Henderson,14,1-------,1101.0,1757N 07653W
JM,PKS,Port Kaiser,,1-------,8103.0,
JM,PMO,Port Morant,,1-------,8103.0,
JM,PRH,Port Rhoades,,1-------,8103.0,
JM,PRO,Port Royal,,1-------,8103.0,
JM,RIB,Rio Bueno,,1-------,9506.0,
JM,ROP,Rocky Point,,1-------,9506.0,
JM,SAW,Saint Ann's Bay,06,1-------,1101.0,1826N 07712W
JM,SRI,Salt River,,1-------,8103.0,
JM,SLM,Savanna-la-Mar,,1-------,212.0,1813N 07808W
JO,DAH,Abu Alandah,AM,1----6--,901.0,3154N 03558E
JO,AQJ,Al 'Aqabah,,1--4----,212.0,2932N 03500E
JP,ABA,Abashiri,01,1-------,9907.0,
JP,ABS,Abohshita,42,1-------,9907.0,
JP,ABO,Aboshi/Himeji,28,1-------,9907.0,
JP,ABU,Aburatsu,45,1-------,9907.0,
JP,ABT,Abuto,34,1-------,9907.0,
JP,ADE,Ade,28,1-------,9907.0,
JP,ADO,Ado,37,1-------,9907.0,
JP,AGN,Agenosho,35,1-------,9907.0,
JP,AGS,Ageshima,37,1-------,9907.0,
JP,AGR,Agonoura,47,1-------,9907.0,
JP,AGJ,Aguni,47,1--4----,9907.0,
JP,AKZ,Aika,32,1-------,9907.0,
JP,AKI,Aikakita,32,1-------,9907.0,
JP,AIW,"Aikawa, Nagasaki",42,1-------,9907.0,
JP,AIK,"Aikawa, Niigata",15,1-------,9907.0,
JP,AIN,Ainoura/Sasebo,42,1-------,9907.0,
JP,AIA,Ainouraaoki/Naru,42,1-------,9907.0,
JP,AII,Aio,35,1-------,9907.0,
JP,AIO,Aioi,28,1-------,9907.0,3447N 13428E
JP,AIM,Aishima,35,1-------,9907.0,
JP,AIZ,"Aizu, Kumamoto",43,1-------,9907.0,
JP,AJX,Aja,47,1-------,9907.0,
JP,AJI,Aji,37,1-------,9907.0,
JP,AJK,Ajigasawa,02,1-------,9907.0,
JP,AJN,Ajino,33,1-------,9907.0,
JP,AZR,"Ajiro, Okayama",33,1-------,9907.0,
JP,AJR,"Ajiro, Shizuoka",22,1-------,9907.0,
JP,AZJ,"Ajiro, Tottori",31,1-------,9907.0,
JP,ACH,Ajisu,35,1-------,9907.0,
JP,AKD,Akadomari,15,1-------,9907.0,
JP,AKG,Akakina,46,1-------,9907.0,
JP,AKM,Akamizu,46,1-------,9907.0,
JP,AKK,"Akasaki, Kumamoto",43,1-------,9907.0,
JP,ASK,"Akasaki, Tottori",31,1-------,9907.0,
JP,AKA,Akashi,28,1-------,9907.0,
JP,AKH,Akehama,38,1-------,9907.0,
JP,AIG,Aki-gun/Hiroshima,34,1-------,1101.0,3420N 13232E
JP,AXT,Akita,05,1--4----,9907.0,
JP,AFG,Akitafunagawa,05,1-------,1001.0,3953N 13957E
JP,AKT,Akitsu,34,1-------,9907.0,
JP,AKE,Akkeshi,01,1-------,9907.0,
JP,AKO,Akoh,28,1-------,9907.0,
JP,AKB,Akohbaru,46,1-------,9907.0,
JP,AKN,Akune,46,1-------,9907.0,
JP,AMM,"Ama, Hyogo",28,1-------,9907.0,
JP,AAM,"Ama, Shimane",32,1-------,9907.0,
JP,AMA,Amagasaki,28,1-------,9907.0,
JP,AMX,AmagasakiNishinomiyaAshiya,28,1-------,401.0,3443N 13525E
JP,AMJ,Amaji,39,1-------,9907.0,
JP,ASJ,Amamioshima,46,1--4----,9907.0,
JP,AMS,Amasaki,38,1-------,9907.0,
JP,AMT,Amatsuke,43,1-------,9907.0,
JP,AMY,Amiya,32,1-------,9907.0,
JP,AMU,Amura,43,1-------,9907.0,
JP,ARG,Amurogama,46,1-------,9907.0,
JP,ANM,Anamizu,17,1-------,9907.0,
JP,ANA,Anan,36,1-------,9907.0,
JP,ANB,Anbo,46,1-------,9907.0,
JP,ANE,Anegasaki,12,1-------,9907.0,
JP,AOE,Aoe,35,1-------,9907.0,
JP,AOG,Aogashima,13,1-------,9907.0,
JP,AOK,Aokata,42,1-------,9907.0,
JP,AOI,Aoki,37,1-------,9907.0,
JP,OMA,Aomi,13,1----6--,1301.0,3537N 13947E
JP,AOJ,Aomori,02,1--4----,9907.0,
JP,AON,Aonae,01,1-------,9907.0,
JP,AOS,Aoshima,42,1-------,9907.0,
JP,ARO,Arao,43,1-------,9907.0,
JP,ARA,Arari,22,1-------,9907.0,
JP,ARI,"Ariake, Tokyo",13,1-3-----,1601.0,3538N 13947E
JP,ARK,Arikawa,42,1-------,9907.0,
JP,AMR,Arimura,46,1-------,9907.0,
JP,ARZ,Arouzu,38,1-------,9907.0,
JP,ASA,Asa,35,1-------,9907.0,
JP,ASI,Asahimachi,14,1-3-----,601.0,3532N 13942E
JP,ASW,Asakawa,36,1-------,9907.0,
JP,AUI,Asakuchi,33,1----6--,1501.0,3431N 13335E
JP,ASM,Asami,43,1-------,9907.0,
JP,AMG,Asamogawa,26,1-------,9907.0,
JP,ASB,Ashibe,42,1-------,9907.0,
JP,ASH,Ashinoura,42,1-------,9907.0,
JP,AST,Ashitoku,46,1-------,9907.0,
JP,ASZ,"Ashiya, Fukuoka",40,1-------,9907.0,
JP,ASR,Ashizuri,39,1-------,9907.0,
JP,ATA,Ataka,17,1-3-----,601.0,3625N 13625E
JP,AMI,Atami,22,1-------,9907.0,
JP,ATT,Atatajima,34,1-------,9907.0,
JP,ATK,Atsuki,35,1-------,9907.0,
JP,ATM,Atsumi,23,1-------,9907.0,
JP,AWA,Awa,47,1-------,9907.0,
JP,TBS,Awajikoryunotsubasa,28,1-------,9907.0,
JP,YYA,Awano,35,1-------,9907.0,
JP,AWS,Awashima,37,1-------,9907.0,
JP,AWM,Awashimanishi,37,1-------,9907.0,
JP,AWZ,Awazu,36,1-------,9907.0,
JP,AYU,Ayukawa,04,1-------,9907.0,
JP,AKW,Azako,46,1-------,9907.0,
JP,AZU,Azu,42,1-------,9907.0,
JP,BPU,"Beppu, Oita",44,1--4----,9907.0,
JP,BEP,"Beppu, Shimane",32,1-------,9907.0,
JP,BFS,Beppushinko,44,1-------,9907.0,
JP,BIZ,Bizen,33,1-3-----,2307.0,3444N 13411E
JP,BDM,Bohdomari,46,1-------,9907.0,
JP,BOM,Boma,46,1-------,9907.0,
JP,BYO,Byobu,37,1-------,9907.0,
JP,CHB,Chiba,12,1-------,9907.0,
JP,CHH,Chichii,32,1-------,9907.0,
JP,CHG,Chigasaki,14,123-----,212.0,3519N 13924E
JP,CJU,Chiju,43,1-------,9907.0,
JP,CHK,Chikubushima,25,1-------,207.0,
JP,CKM,Chikumi,32,1-------,9907.0,
JP,CHW,Chimu Wan,,1-------,907.0,2623N 12755E
JP,CHI,China,46,1-------,9907.0,
JP,CNS,Chinase,46,1-------,9907.0,
JP,CIO,Chio,33,1-------,9907.0,
JP,CYU,Chiryu,23,1----6--,2007.0,3500N 13703E
JP,CTA,Chita,23,1-------,9907.0,
JP,CHT,"Chitose, Hiroshima",34,1-------,9907.0,
JP,CYZ,Chiyozaki,24,1-------,9907.0,
JP,CHF,Chofu,35,1-------,9907.0,
JP,CHO,Choshi,12,1-------,9907.0,
JP,CHU,Churui,01,1-------,9907.0,
JP,DTU,Daito,42,1-------,9907.0,
JP,DAT,Date,01,1-------,9907.0,
JP,DSR,Dohshiro,42,1-------,9907.0,
JP,DZK,Dohzaki,42,1-------,9907.0,
JP,EBI,Ebito,43,1-------,9907.0,
JP,EGO,Ego,43,1-------,9907.0,
JP,EII,Ei,28,1-------,9907.0,
JP,EGS,Eigashima,28,1-------,9907.0,
JP,EIS,Eishi,46,1-------,9907.0,
JP,EJM,Ejima,37,1-------,9907.0,
JP,EMU,Emukae,42,1-------,9907.0,
JP,ENN,En,46,1-------,9907.0,
JP,ENA,Ena,07,1-------,9907.0,
JP,ENH,Enohama,33,1-------,9907.0,
JP,EKZ,Enokizu,42,1-------,9907.0,
JP,ENR,"Enoura, Kagawa",37,1-------,9907.0,
JP,ENO,"Enoura, Shizuoka",22,1-------,9907.0,
JP,EMM,Erimo,01,1-------,9907.0,
JP,ESK,Esaki,35,1-------,9907.0,
JP,ESI,Esashi/Hiyama,01,1-------,9907.0,
JP,ESS,Esashi/Soya,01,1-------,9907.0,
JP,ESM,Eshima,32,1-------,9907.0,
JP,ETA,Etajima,34,1-------,9907.0,
JP,ETM,Etomo,32,1-------,9907.0,
JP,EZA,Ezaki,47,1-------,9907.0,
JP,FCM,Fuchinomoto,42,1-------,9907.0,
JP,FGS,Fugusaki,23,1-------,9907.0,
JP,FJN,Fujino,46,1-------,9907.0,
JP,FKH,"Fukae, Hiroshima",34,1-------,9907.0,
JP,FAE,"Fukae, Nagasaki",42,1-------,9907.0,
JP,FKI,Fukai,33,1-------,9907.0,
JP,FUM,Fukami,43,1-------,9907.0,
JP,FRI,Fukari,42,1-------,9907.0,
JP,FKK,"Fukaura, Aomori",02,1-------,9907.0,
JP,FKR,"Fukaura, Ehime",38,1-------,9907.0,
JP,FUW,Fukawa,35,1-------,9907.0,
JP,FUE,Fuke,27,1-------,9907.0,
JP,FKD,Fukuda,34,1-------,9907.0,
JP,FKE,"Fukue, Aichi",23,1-------,9907.0,
JP,FUJ,"Fukue, Nagasaki",42,1--4----,9907.0,
JP,FKJ,Fukui,18,1-------,9907.0,
JP,FRA,"Fukura, Hyogo",28,1-------,9907.0,
JP,FUU,"Fukura, Kagoshima",46,1-------,9907.0,
JP,FUO,Fukuro,30,1-------,9907.0,
JP,FKU,"Fukushima, Hokkaido",01,1-3-----,401.0,4128N 14015E
JP,FMS,"Fukushima, Miyazaki",45,1-34----,401.0,3128N 13113E
JP,FKM,"Fukushima, Nagasaki",42,1-3-----,401.0,3321N 12948E
JP,FUR,"Fukuura, Ehime",38,1-------,9907.0,
JP,FRJ,"Fukuura, Ishikawa",17,1-------,9907.0,
JP,FUA,"Fukuura, Kumamoto",43,1-------,9907.0,
JP,FKY,"Fukuyama, Hiroshima",34,1-------,9907.0,
JP,FYM,"Fukuyama, Kagoshima",46,1-------,9907.0,
JP,FNB,Funabashi,12,1-------,9907.0,
JP,FND,Funadomari,01,1-------,9907.0,
JP,FNK,Funagawa,05,1-------,9907.0,
JP,FSH,Funakakushi,37,1-------,9907.0,
JP,FNS,Funakoshi,38,1-------,9907.0,
JP,FNU,Funauki,47,1-------,9907.0,
JP,FNR,Funaura,47,1-------,9907.0,
JP,FNA,Funaya,38,1-------,9907.0,
JP,FNZ,Funazu,32,1-------,9907.0,
JP,FHR,Furubira,01,1-------,9907.0,
JP,FRX,"Furue, Ehime",38,1-------,9907.0,
JP,FRU,"Furue, Kagoshima",46,1-------,9907.0,
JP,FRM,"Furue, Miyazaki",45,1-------,9907.0,
JP,FRE,"Furue, Nagasaki",42,1-------,9907.0,
JP,FRK,Furuike,28,1-------,9907.0,
JP,URU,Furumi,32,1-------,9907.0,
JP,FST,"Furusato, Kagoshima",46,1-3-----,401.0,2722N 12838E
JP,FRS,"Furusato, Nagasaki",42,1-------,9907.0,
JP,FSK,Fushiki,16,1-------,9907.0,
JP,FTX,Fushikitoyama,16,1-------,1001.0,3648N 13707E
JP,FTE,Futae,43,1-------,9907.0,
JP,FGW,Futagawa,46,1-------,9907.0,
JP,FTG,Futago,32,1-------,9907.0,
JP,FMD,Futamado,43,1-------,9907.0,
JP,FMT,"Futamata, Kagoshima",46,1-------,9907.0,
JP,FTT,"Futamata, Shimane",32,1-------,9907.0,
JP,HUT,"Futami, Niigata",15,1-------,9907.0,
JP,HTM,"Futami, Tokyo",13,1-------,9907.0,
JP,FTM,Futenma,47,1-------,9907.0,
JP,FTS,"Futtsu, Chiba",12,1-------,901.0,3535N 13983E
JP,GAM,Gamagori,23,1-------,9907.0,
JP,GPT,Gendentokai,08,1-------,9907.0,
JP,GNW,Ginowan,47,1-------,9907.0,
JP,GOO,Gobo Wakayama,30,1----6--,1701.0,3353N 13509E
JP,GKB,Gohnokubi,42,1-------,9907.0,
JP,GOT,Gohtsu,32,1-------,9907.0,
JP,GOI,Goi/Ichihara,12,1-------,9907.0,
JP,GKN,Gokan,33,1-------,9907.0,
JP,GKS,Gokasho,24,1-------,9907.0,
JP,GON,Gonoura,42,1-------,9907.0,
JP,GTO,Goto,42,1-3-----,2307.0,3241N 12850E
JP,GNG,Gunge,28,1-------,9907.0,
JP,GKA,Gushikawa,47,1-------,201.0,2621N 12752E
JP,HBO,Haboro,01,1-------,9907.0,
JP,HAB,"Habu, Hiroshima",34,1-------,9907.0,
JP,HAU,"Habu, Tokyo",13,1-------,9907.0,
JP,HBB,"Habu, Yamaguchi",35,1-------,9907.0,
JP,HGO,Hachigo,46,1-------,9907.0,
JP,HHE,Hachinohe,02,1--4----,9907.0,
JP,HAE,Haenohama,46,1-------,9907.0,
JP,HAG,Hagi,35,1-------,9907.0,
JP,HAI,Haiki,42,1-------,9907.0,
JP,HKT,Hakata/Fukuoka,40,123-5---,401.0,3336N 13025E
JP,HKS,Hakatashima,38,1-------,9907.0,
JP,HKD,Hakodate,01,1--4----,9907.0,
JP,HKU,Hakoura,37,1-------,9907.0,
JP,HMD,Hamada,32,1-------,9907.0,
JP,HMG,Hamaguri,38,1-------,9907.0,
JP,HJM,Hamajima,24,1-------,9907.0,
JP,HJR,Hamajiri,46,1-------,9907.0,
JP,HKW,Hamakanaya,12,1-------,9907.0,
JP,HMM,Hamamatsu,22,1-------,9907.0,
JP,HMN,Hamana,22,1-------,9907.0,
JP,HKJ,Hamasaka,28,1-------,9907.0,
JP,HMX,Hamasaki,47,1-------,9907.0,
JP,HSK,Hamasako,42,1-------,9907.0,
JP,HAM,Hamasarufutsu,01,1-------,9907.0,
JP,HSU,Hamasuki,46,1-------,9907.0,
JP,HWA,Hamatsuwaki,46,1-------,9907.0,
JP,HMW,Hamawaki,42,1-------,9907.0,
JP,HAA,Hami,46,1-------,9907.0,
JP,HMC,Hamochi,15,1-------,9907.0,
JP,HMR,Hamura,13,1-------,1807.0,3546N 13918E
JP,HNK,Hanasaki,01,1-------,9907.0,
JP,HDA,Handa,23,1-------,9907.0,
JP,HNE,Hane,44,1-------,9907.0,
JP,HAN,Hannan,27,1-------,9907.0,
JP,HUR,Hannoura,17,1-------,9907.0,
JP,HNY,Hanyu,32,1-------,9907.0,
JP,HAR,Hara,42,1-------,9907.0,
JP,HRM,Haramachi,07,1-------,9907.0,
JP,HSS,Hase,46,1-------,9907.0,
JP,HSH,Hashi,32,1-------,9907.0,
JP,HAS,Hashihama,38,1-------,9907.0,
JP,HAH,Hashima,35,1-------,9907.0,
JP,HSR,Hashirajima,35,1-------,9907.0,
JP,HTT,Hata,33,1-------,9907.0,
JP,HMI,Hatami,34,1-------,9907.0,
JP,HTO,Hatoma,47,1-------,401.0,2428N 12346E
JP,HYK,Hayakawa,38,1-------,9907.0,
JP,HYM,Hayama,14,1-------,9907.0,
JP,HYT,Hayato,46,1-------,9907.0,
JP,HAD,Heda,22,1-------,9907.0,
JP,HKN,Hekinan,23,1-------,9907.0,
JP,HEI,Henza,47,1-------,9907.0,
JP,HES,Hesaki,40,1-------,9907.0,
JP,HET,Heta,46,1-------,9907.0,
JP,HED,Hetono,46,1-------,9907.0,
JP,HIA,Hiagari/Kitakiushu,40,1-------,9907.0,
JP,HIB,Hibi,33,1-------,9907.0,
JP,HBK,Hibikishinko,40,1-------,1001.0,3359N 13045E
JP,HBR,Hiburi,38,1-------,9907.0,
JP,HDK,Hidaka,30,1-------,9907.0,
JP,HHR,Higashiharima,28,1-------,9907.0,
JP,HGH,Higashihazu,23,1-------,9907.0,
JP,HHH,Higashinohama,46,1-------,9907.0,
JP,HIO,Higashi-Ogishima,14,1-3-----,1.0,
JP,HIG,Higashishioya,46,1-------,9907.0,
JP,HGN,Higashisonogi-Gun Cho,42,1----6--,1807.0,3202N 12955E
JP,HJI,Hiji,44,1-------,9907.0,
JP,HKR,Hikari,35,1-------,9907.0,
JP,HEA,Hiketa,37,1-------,9907.0,
JP,HIK,Hiki,30,1-------,9907.0,
JP,HMT,Hikimoto,24,1-------,9907.0,
JP,HIE,Hikone,25,1-------,9907.0,
JP,HIS,Hikoshima,35,1-------,9907.0,
JP,HKZ,Hikozaki,33,1-------,9907.0,
JP,HDO,Himedo,43,1-------,9907.0,
JP,HIM,Himeji,28,1-------,9907.0,
JP,HMK,Himekawa,15,1-------,9907.0,
JP,HNR,Himenoura,32,1-------,9907.0,
JP,HMH,Himeshima,44,1-------,9907.0,
JP,HMJ,Himi,16,1-------,9907.0,
JP,HMS,Himosashi,42,1-------,9907.0,
JP,HNG,Hinagu,43,1-------,9907.0,
JP,HIN,Hinase,33,1-------,9907.0,
JP,HNS,Hinoshima,43,1-------,9907.0,
JP,HNZ,Hinozu,32,1-------,9907.0,
JP,HRD,Hirado,42,1-------,9907.0,
JP,HRJ,Hirai,35,1-------,9907.0,
JP,HRW,Hiraiwa,45,1-------,9907.0,
JP,HRK,Hirakata,08,1-------,9907.0,
JP,HRA,Hirao,35,1-------,9907.0,
JP,HRR,Hirara,47,1-------,9907.0,
JP,HII,Hirasaki,46,1-------,9907.0,
JP,HSW,Hirasawa,05,1-------,9907.0,
JP,HRS,Hirase,43,1-------,9907.0,
JP,HIU,Hiratsuka,14,1-3-----,212.0,3519N 13921E
JP,HRO,Hiro,34,1-------,9907.0,
JP,HRH,Hirohata,28,1-------,9907.0,
JP,HIR,Hiroo,01,1-------,9907.0,
JP,HIJ,Hiroshima,34,1--4----,9907.0,
JP,HTA,"Hirota, Iwate",03,1-------,9907.0,
JP,HJT,"Hirota, Kagoshima",46,1-------,9907.0,
JP,HRU,Hiroura,42,1-------,9907.0,
JP,HGU,Hirugaura,42,1-------,9907.0,
JP,HSN,Hisanohama,07,1-------,9907.0,
JP,HYS,Hisayoshi,38,1-------,9907.0,
JP,HMA,Hishima,35,1-------,9907.0,
JP,HTC,Hitachi,08,1-------,9907.0,
JP,HIC,Hitachinaka,08,1-------,9907.0,
JP,HTK,Hitakatsu,42,1-------,9907.0,
JP,HTS,Hitsushima,35,1-------,9907.0,
JP,HWS,Hiwasa,36,1-------,9907.0,
JP,HIZ,Hizenohshima,42,1-------,9907.0,
JP,HUD,Hoda,32,1-------,9907.0,
JP,HOF,Hofu,35,123-----,701.0,3402N 13134E
JP,HHM,Hohomi,32,1-------,9907.0,
JP,HJO,Hojo,38,1-------,9907.0,
JP,HOD,Hondo,43,1-------,9907.0,
JP,HJA,Honjima,37,1-------,9907.0,
JP,HON,"Honjo, Akita",05,1-------,9907.0,
JP,HNJ,"Honjo, Kyoto",26,1-------,9907.0,
JP,HKM,Honkushima,38,1-------,9907.0,
JP,HNN,Honmoku,14,1-3-----,9907.0,
JP,HPP,Hoppozaki,46,1-------,9907.0,
JP,HRE,Horie,38,1-------,9907.0,
JP,HRI,Horikappu,01,1-------,9907.0,
JP,HSI,"Hoshika, Nagasaki",42,1-------,9907.0,
JP,HOS,"Hoshika, Saga",41,1-------,9907.0,
JP,HSM,Hososhima,45,1-------,9907.0,
JP,HOT,Hotokegaura,02,1-------,9907.0,
JP,HKK,Hyakkan,43,1-------,9907.0,
JP,HYR,Hyakunoura,38,1-------,9907.0,
JP,HYG,Hyugadomari,44,1-------,9907.0,
JP,IBR,Iburi,39,1-------,9907.0,
JP,IBS,Ibusuki,46,1-------,9907.0,
JP,ICD,Icchoda,43,1-------,9907.0,
JP,ICH,Ichihara,12,1-------,9907.0,
JP,ICK,Ichikawa,12,1-------,9907.0,
JP,ICO,Ichikikushikino,46,123-----,1301.0,3143N 13016E
JP,IEJ,Iejima/Okinawa,47,1--4----,9907.0,
JP,IES,"Ieshima, Hyogo",28,1-------,9907.0,
JP,IER,Ieura,37,1-------,9907.0,
JP,IGO,Igo,32,1-------,9907.0,
JP,IHO,Ihota,35,1-------,9907.0,
JP,III,Ii,35,1-------,9907.0,
JP,IIB,Iibi,32,1-------,9907.0,
JP,IDA,Iida,17,1-------,9907.0,
JP,INT,Iinoseto,42,1-------,9907.0,
JP,ZKA,Iizuka,40,1----6--,1807.0,3339N 13041E
JP,IKR,Ikara,46,1-------,9907.0,
JP,IKT,Ikata,38,1-------,9907.0,
JP,IKA,"Ikeda, Kagawa",37,1-------,9907.0,
JP,IKD,"Ikeda, Wakayama",30,1-------,9907.0,
JP,IKE,Ikeshima,42,1-------,9907.0,
JP,IKN,Ikina,38,1-------,9907.0,
JP,IKK,Ikitsuki,42,1-------,401.0,3323N 12926E
JP,IKC,Ikuchi,34,1-------,9907.0,
JP,IKU,Ikunohama,37,1-------,9907.0,
JP,IMB,Imabari,38,1-------,9907.0,
JP,IMA,Imafuku,42,1-------,9907.0,
JP,IGR,Imagire,36,1-------,9907.0,
JP,IMI,Imari,41,1-------,9907.0,
JP,IMT,Imazato,42,1-------,9907.0,
JP,IMZ,Imazu,38,1-------,9907.0,
JP,IMM,Imi,44,1-------,9907.0,
JP,INA,Ina,42,1-------,9907.0,
JP,INR,Inatori,22,1-------,9907.0,
JP,IZW,Inazawa,23,1-3-----,601.0,3515N 13647E
JP,IDJ,Indohji,42,1-------,9907.0,
JP,INE,Ine,26,1-------,9907.0,
JP,INS,Innoshima,34,1-------,9907.0,
JP,INO,Inobe,46,1-------,9907.0,
JP,IUH,"Inokuchi, Ehime",38,1-------,9907.0,
JP,INK,"Inokushi, Oita",44,1-------,9907.0,
JP,IND,Inonada,32,1-------,9907.0,
JP,ING,Inugaura,42,1-------,9907.0,
JP,INZ,Inujima,33,1-------,9907.0,
JP,IRK,Irago,23,1-------,9907.0,
JP,ISY,Isahaya,42,1-------,9907.0,
JP,ISE,Ise,24,1-------,9907.0,
JP,ISK,Iseki,46,1-------,9907.0,
JP,ISB,Ishiba,37,1-------,9907.0,
JP,ISD,Ishida,42,1-------,9907.0,
JP,ISG,Ishigaki,47,1-------,1701.0,2420N 12409E
JP,ISI,Ishikari,01,1-------,9907.0,
JP,ICW,Ishikariwan Shinko,,1-------,1107.0,4321N 14130E
JP,IKW,Ishikawa,47,1-3-----,307.0,2625N 12749E
JP,ISH,Ishima,33,1-------,9907.0,
JP,ISM,Ishinomaki,04,1-------,9907.0,
JP,ISC,Ishiwaki,31,1-------,9907.0,
JP,ISX,Isozaki,08,1-------,9907.0,
JP,ISA,Issai,39,1-------,9907.0,
JP,IKJ,Isshiki,23,1-------,9907.0,
JP,KYR,Isso,46,1-------,9907.0,
JP,ISU,Isuwan,46,1-------,9907.0,
JP,ITK,Itako,08,1-------,9907.0,
JP,ITU,"Itoh, Shimane",32,1-------,9907.0,
JP,ITJ,"Itoh, Shizuoka",22,1-------,9907.0,
JP,ITO,Itozaki,34,1-------,9907.0,
JP,ITS,Itsukushima,34,1-------,9907.0,
JP,IWH,Iwafune,15,1-------,9907.0,
JP,IWG,"Iwagi,Ehime",38,1-------,9907.0,
JP,IWI,Iwaki,07,1-------,9907.0,
JP,IWK,Iwakuni,35,1-------,9907.0,
JP,IWA,Iwamatsu,38,1-------,9907.0,
JP,IWN,Iwanai,01,1-------,9501.0,
JP,IWY,Iwaya,28,1-------,9907.0,
JP,IDM,Iwayadomari,46,1-------,9907.0,
JP,IOU,"Iwojima, Kagoshima",46,1-------,9907.0,
JP,IWT,"Iwojima, Nagasaki",42,1-------,9501.0,
JP,IYA,Iya,32,1-------,9907.0,
JP,IYO,Iyo,38,1-------,9907.0,
JP,IYM,Iyomishima,38,1-------,9907.0,
JP,IZH,Izuhara,42,1-------,9907.0,
JP,IZU,Izuka,37,1-------,9907.0,
JP,IZM,"Izumi, Aichi",23,1-------,9907.0,
JP,IZI,"Izumi, Nagasaki",42,1-------,9907.0,
JP,IZS,Izumisano,27,1-------,9907.0,
JP,IZO,Izumo,32,1--4----,9907.0,
JP,JTS,Joetsu,15,123-----,601.0,3709N 13814E
JP,JKW,Jokawauchi,46,1-------,9907.0,
JP,JON,Jonoshita,42,1-------,9907.0,
JP,KAB,Kabanoki,43,1-------,9907.0,
JP,KBM,Kabashima,42,1-------,9907.0,
JP,KAA,Kada,30,1-------,9907.0,
JP,KDW,Kadokawa,45,1-------,9907.0,
JP,KDO,Kadokura,46,1-------,9907.0,
JP,KBK,Kafuka,01,1-------,9907.0,
JP,KAF,Kafuri,40,1-------,9907.0,
JP,KJG,"Kaga, Shimane",32,1-------,9907.0,
JP,KGM,Kagami,43,1-------,9907.0,
JP,KOJ,Kagoshima,46,1--4----,9907.0,
JP,KGT,Kaigata,46,1-------,9907.0,
JP,KAI,Kainan,30,1-------,9907.0,
JP,KAD,Kaita,34,1-------,9907.0,
JP,KAZ,Kaizaki,32,1-------,9907.0,
JP,KJK,Kajiki,46,1-------,9907.0,
JP,KER,Kakeroma,46,1-------,9907.0,
JP,KGA,Kakogawa,28,1-------,9907.0,
JP,KAJ,"Kama, Shimane",32,1-------,9907.0,
JP,KME,Kamae,44,1-------,9907.0,
JP,KGR,Kamagari,34,1-------,9907.0,
JP,KIS,Kamaishi,03,1-------,9907.0,
JP,KEE,Kameike,47,1-------,9907.0,
JP,KAM,Kametoku,46,1-------,9907.0,
JP,KJM,"Kameura, Kumamoto",43,1-------,9907.0,
JP,KMR,"Kameura, Tokushima",36,1-------,9907.0,
JP,KAH,Kamihira,43,1-------,9907.0,
JP,KKT,Kamikatetsu,46,1-------,9907.0,
JP,KMW,Kamikawaguchi,39,1-------,9907.0,
JP,KMM,Kaminato,13,1-------,9907.0,
JP,KMF,Kaminofuruta,46,1-------,9907.0,
JP,KMK,Kaminokae,39,1-------,9907.0,
JP,KOX,Kaminoseki,35,1-------,9907.0,
JP,KMU,Kamiura,38,1-------,9907.0,
JP,KMY,Kamiyakunagata,46,1-------,9907.0,
JP,KMO,Kamo,06,1-------,9907.0,
JP,KSE,Kamoise,42,1-------,9907.0,
JP,KYK,Kanayaki,43,1-------,9907.0,
JP,KNZ,Kanazawa,17,1-------,9907.0,
JP,KND,"Kanda, Fukuoka",40,1-------,9907.0,
JP,KGU,Kanegusuku,47,1-------,9907.0,
JP,KNM,Kanmon,40,1-------,1001.0,3354N 13055E
JP,KJN,Kannonji,37,1-------,9907.0,
JP,KRA,Kannoura,39,1-------,9907.0,
JP,KKW,Kanokawa,34,1-------,9907.0,
JP,KYA,Kanoya,46,1-------,9907.0,
JP,KRK,Karakizaki,43,1-------,9907.0,
JP,KKA,Karakuma,46,1-------,9907.0,
JP,KTM,Karatomari,40,1-------,9907.0,
JP,KAR,Karatsu,41,1-------,9907.0,
JP,KRY,"Kariya, Saga",41,1-------,9907.0,
JP,KRB,Karubi,32,1-------,9907.0,
JP,KAN,Karuno,08,1-------,9907.0,
JP,KSD,Kasado,35,1-------,9907.0,
JP,KSA,Kasaoka,33,1-------,9907.0,
JP,KSS,"Kasasa, Kagoshima",46,1-------,9907.0,
JP,KSY,"Kasasa, Yamaguchi",35,1-------,9907.0,
JP,KAC,Kasaura,32,1-------,9907.0,
JP,KDJ,Kasedo,46,1-------,9907.0,
JP,KKZ,Kashikojima,24,1-------,9907.0,
JP,KSM,"Kashima, Ibaraki",08,1-------,9907.0,
JP,KSC,"Kashima, Saga",41,1-------,9907.0,
JP,KAE,Kashimae,42,1-------,9907.0,
JP,KAO,Kashino,33,1-------,9907.0,
JP,KSW,"Kashiwa, Ehime",38,1-------,9907.0,
JP,KWZ,Kashiwazaki,15,1-------,9907.0,
JP,KXS,Kasumi,28,1-------,9907.0,
JP,KAU,Kasumigaura,08,1-3-----,307.0,3602N 14013E
JP,ASU,Kasuya,40,1----6--,1807.0,3337N 13029E
JP,KTZ,Kata,24,1-------,9907.0,
JP,KDR,Katadomari,46,1-------,9907.0,
JP,KKM,Katakami,33,1-------,9907.0,
JP,KTK,Kataku,44,1-------,9907.0,
JP,KTS,Katashima,39,1-------,9907.0,
JP,KBA,Katasoba,46,1-------,9907.0,
JP,KSU,Katsumoto,42,1-------,9907.0,
JP,KUR,"Katsuura, Chiba",12,1-------,9907.0,
JP,KAT,"Katsuura, Wakayama",30,1-------,9907.0,
JP,KCH,"Kawachi, Kumamoto",43,1-------,9907.0,
JP,KWC,"Kawachi, Nagasaki",42,1-------,9907.0,
JP,KWJ,"Kawajiri, Hiroshima",34,1-------,9907.0,
JP,KWR,"Kawajiri, Ibaraki",08,1-------,9907.0,
JP,KWA,Kawanazu,38,1-------,9907.0,
JP,KWN,Kawanoe,38,1-------,9907.0,
JP,KWI,Kawanoishi,38,1-------,9907.0,
JP,KAG,Kawarago,08,1-------,9907.0,
JP,KWS,Kawasaki,14,1-------,9907.0,
JP,KWM,Kawashimo,32,1-------,9907.0,
JP,KWT,Kawatana,42,1-------,9907.0,
JP,KAW,Kawauchi,02,1-------,9907.0,
JP,KZH,Kazuhara,37,1-------,9907.0,
JP,KZM,Kazume,42,1-------,9907.0,
JP,KZS,Kazusaminato,12,1-------,9907.0,
JP,KEB,Kebuki,42,1-------,9907.0,
JP,KEC,Kechi,42,1-------,9907.0,
JP,KEG,Kegoya,34,1-------,9907.0,
JP,KEJ,Keraji,46,1-------,9907.0,
JP,KEM,Keruma,47,1-------,9907.0,
JP,KSN,Kesennuma,04,1-------,9907.0,
JP,KIA,Kiami,32,1-------,9907.0,
JP,KIB,Kibe,44,1-------,9907.0,
JP,KGJ,Kigasajima,37,1-------,9907.0,
JP,KHR,Kihara,34,1-------,9907.0,
JP,KII,Kiire,46,1-------,9907.0,
JP,KZI,Kijima,33,1-------,9907.0,
JP,KKX,Kikaishima,46,1--4----,501.0,2819N 12959E
JP,KIK,Kikuma,38,1-------,9907.0,
JP,KMT,Kimitsu,12,1-------,9907.0,
JP,KNN,Kin,42,1-------,9907.0,
JP,KIM,Kineshima,37,1-------,9907.0,
JP,KJO,Kinjo,23,1-------,9907.0,
JP,KNK,Kinkasan,04,1-------,9907.0,
JP,KNX,KinNakagusuku,47,1-------,9907.0,
JP,KNE,Kinoe,34,1-------,9907.0,
JP,KNT,Kinomoto,24,1-------,9907.0,
JP,KNU,Kinuura,23,1-------,9907.0,
JP,KIN,Kinwan,47,1-------,9907.0,
JP,KJR,Kiriishi,46,1-------,9907.0,
JP,KRT,Kiritappu,01,1-------,9907.0,
JP,KST,Kisakata,05,1-------,9907.0,
JP,KNJ,Kisane,32,1-------,9907.0,
JP,KZU,Kisarazu,12,1-------,9907.0,
JP,KIW,Kisawa,37,1-------,9907.0,
JP,KSH,Kishiku,42,1-------,9907.0,
JP,KSR,Kishira,46,1-------,9907.0,
JP,KDA,Kishiwada,27,1-------,9907.0,
JP,KTX,Kita/Kitadaito,47,1-------,9907.0,
JP,KDX,Kita/Minamidaito,47,1-------,9907.0,
JP,KTN,Kitakami,03,123-----,601.0,3917N 14107E
JP,KTL,Kitakijima,33,1-------,9907.0,
JP,KKJ,Kitakyushu,40,12345---,401.0,3350N 13050E
JP,KTA,Kitanada,38,1-------,9907.0,
JP,GTK,Kitanagoya,23,1-------,2101.0,3514N 13651E
JP,KJT,"Kitaura, Akita",05,1-------,9907.0,
JP,KIR,"Kitaura, Ehime",38,1-------,9907.0,
JP,KTR,"Kitaura, Kagawa",37,1-------,9907.0,
JP,KIT,"Kitaura, Miyazaki",45,1-------,9907.0,
JP,KSF,Kitsuki,44,1----6--,1801.0,3325N 13137E
JP,KBT,Kobato,42,1-------,9907.0,
JP,UKB,Kobe,28,12345---,401.0,3441N 13510E
JP,KBS,Kobishima,33,1-------,9907.0,
JP,KBI,Kobui,01,1-------,9907.0,
JP,KCZ,Kochi,39,1--4----,9907.0,
JP,KDI,Kodai,42,1-------,9907.0,
JP,KDK,Kodakashima,44,1-------,9907.0,
JP,KOD,"Kodomari, Aomori",02,1-------,9907.0,
JP,KDM,"Kodomari, Kumamoto",43,1-------,9907.0,
JP,KUF,Kofu,19,123--6--,601.0,
JP,KGC,Koguchi,42,1-------,9907.0,
JP,KOG,"Kogushi, Okayama",33,1-------,9907.0,
JP,KGS,"Kogushi, Yamaguchi",35,1-------,9907.0,
JP,KOH,Kohama,47,1-------,401.0,2420N 12359E
JP,KJA,Kohjima,33,1-------,9907.0,
JP,KZR,Kohjiro,42,1-------,9907.0,
JP,KOO,Kohmen,46,1-------,9907.0,
JP,KNR,Kohnoura,42,1-------,9907.0,
JP,KFU,Kohtsufukae,43,1-------,9907.0,
JP,KTU,Kohtsuura,43,1-------,9907.0,
JP,KKL,Kohzaki,42,1-------,9907.0,
JP,KOU,Kohzujima,13,1-------,9907.0,
JP,KOI,Koike/Uwajima,38,1-------,9907.0,
JP,KKB,Kokubo,38,1-------,9907.0,
JP,KOK,Kokura,40,1-3-----,501.0,3348N 13053E
JP,KMX,"Komatsu, Yamaguchi",35,1-------,9907.0,
JP,KOM,Komatsushima,36,1-------,9907.0,
JP,KKO,Komenotsu,46,1-------,9907.0,
JP,KMN,Kominato,02,1-------,9907.0,
JP,KMD,Komoda,42,1-------,9907.0,
JP,KAX,Komoe,28,1-------,9907.0,
JP,KKE,Komukae,42,1-------,9907.0,
JP,KNI,Konagai,42,1-------,9907.0,
JP,KOF,Konan,07,1-------,9907.0,
JP,KNB,Konbukariishi,01,1-------,9907.0,
JP,KNY,Koniya,46,1-------,9907.0,
JP,KON,Konoshima,33,1-------,9907.0,
JP,KNO,Konoura,05,1-------,9907.0,
JP,KOS,Kose,37,1-------,9907.0,
JP,APP,Koshi,43,1----6--,1501.0,3253N 13047E
JP,KJJ,Koshima,46,1-------,9907.0,
JP,KSX,Kosuki,46,1-------,9907.0,
JP,KTJ,Kotakarajima,46,1-------,9907.0,
JP,JKT,Kotoura,33,1-------,9907.0,
JP,KTO,Kottoi,35,1-------,9907.0,
JP,KOR,"Koura, Kagawa",37,1-------,9907.0,
JP,KJU,"Koura, Kagoshima",46,1-------,9907.0,
JP,KKR,Kouri,47,1-------,9907.0,
JP,KWX,Kowa,23,1-------,9907.0,
JP,KOY,Koyoh/Etajima,34,1-------,9907.0,
JP,KYO,Koyoh/Kawajiri,34,1-------,9907.0,
JP,KOB,Koza,30,1-------,9907.0,
JP,KZJ,Kozai,37,1-------,9907.0,
JP,KZE,Kozera,42,1-------,9907.0,
JP,KZK,Kozukushi,39,1-------,9907.0,
JP,KOZ,Kozuna,42,1-------,9907.0,
JP,KBU,Kubuki,42,1-------,9907.0,
JP,KBR,Kubura,47,1-------,9907.0,
JP,KCF,Kuchinofukuura,46,1-------,9907.0,
JP,KUC,Kuchinotsu,42,1-------,9907.0,
JP,KJD,Kudadon,46,1-------,9907.0,
JP,KUD,Kudamatsu,35,1-------,9907.0,
JP,KUG,Kugui,33,1-------,9907.0,
JP,KJI,"Kuji, Iwate",03,1-------,9907.0,
JP,KKU,"Kuji, Kagoshima",46,1-------,9907.0,
JP,KRR,Kujiragaura,42,1-------,9907.0,
JP,KGB,Kuka,35,1-------,9907.0,
JP,KGE,Kumage,44,1-------,9907.0,
JP,KGO,Kumago,38,1-------,9907.0,
JP,KMJ,Kumamoto,43,1--4----,9907.0,
JP,KUU,Kumanoe,45,1-------,9907.0,
JP,KMS,Kumeshima,47,1-------,9907.0,
JP,KMH,Kumihama,26,1-------,9907.0,
JP,KNH,Kunehama,42,1-------,9907.0,
JP,KNG,Kuniga,32,1-------,9907.0,
JP,KNS,Kunisaki,44,1-------,9907.0,
JP,KHS,Kurahashi,34,1-------,9907.0,
JP,KRC,Kuramai,23,1-------,9907.0,
JP,KRN,Kuranotani,32,1-------,9907.0,
JP,KRE,"Kure, Hiroshima",34,1-------,9907.0,
JP,KUE,"Kure, Kochi",39,1-------,9907.0,
JP,KRH,Kurihama,14,1-------,9907.0,
JP,KRU,Kurii,32,1-------,9907.0,
JP,KHJ,Kurimamaehama,47,1-------,9907.0,
JP,KRI,Kurio,46,1-------,9907.0,
JP,KRD,Kuroda,32,1-------,9907.0,
JP,KRX,Kuroi,45,1-------,9907.0,
JP,KRM,Kurokami,46,1-------,9907.0,
JP,KUX,Kuronohama,46,1-------,9907.0,
JP,KSK,Kurosaki,40,1-------,9907.0,
JP,KRJ,"Kuroshima, Okinawa",47,1-------,9907.0,
JP,KRS,Kurushima,38,1-------,9907.0,
JP,KKK,Kushiku,44,1-------,9907.0,
JP,KUH,Kushiro,01,1--4----,9907.0,
JP,KSB,Kusubo,42,1-------,9907.0,
JP,KXK,Kusukawa,46,1-------,9907.0,
JP,KUT,Kute,32,1-------,9907.0,
JP,KTG,Kutsugata,01,1-------,9907.0,
JP,KNA,Kuwana,24,1-------,9907.0,
JP,KUW,Kuwanoura,46,1-------,9907.0,
JP,KYM,Kuyama,42,1-------,9907.0,
JP,KUZ,Kuzu,37,1-------,9907.0,
JP,MAD,Maedomari/Iheya,47,1-------,9907.0,
JP,MDR,Maedomari/Tarama,47,1-------,9907.0,
JP,MHM,Maehama,38,1-------,9907.0,
JP,MMA,Maenohama,46,1-------,9907.0,
JP,MER,Maeura,33,1-------,9907.0,
JP,MMM,Mageshimamisaki,46,1-------,9907.0,
JP,MGM,Magome,42,1-------,9907.0,
JP,MGC,Maguchi,33,1-------,9907.0,
JP,MGU,Magusa,23,1-------,9907.0,
JP,MAI,Maizuru,26,1-------,9907.0,
JP,MKG,Makigawa,46,1-------,9907.0,
JP,MAK,Makiyama,40,1-------,9907.0,
JP,MKK,Makurazaki,46,1-------,9907.0,
JP,MNA,Manazuru,14,1-------,9907.0,
JP,MAR,Marugame,37,1-------,9907.0,
JP,MAB,Maruichibi,44,1-------,9907.0,
JP,MWA,Maruiwa,33,1-------,9907.0,
JP,MRU,Maruo,35,1-------,9907.0,
JP,MAS,Masaki,38,1-------,9907.0,
JP,MSK,Mashike,01,1-------,9907.0,
JP,MDJ,"Masuda, Kagoshima",46,1-------,9907.0,
JP,MSD,"Masuda, Shimane",32,1-------,9907.0,
JP,MAM,Matama,44,1-------,9907.0,
JP,MAG,Mategata,38,1-------,9907.0,
JP,MTY,Matoya,24,1-------,9907.0,
JP,MTE,Matsue,32,1-------,9907.0,
JP,MGA,Matsugaura,46,1-------,9907.0,
JP,MTM,Matsumae,01,1-------,9907.0,
JP,MNG,Matsunaga,34,1-------,9907.0,
JP,MAO,Matsuo,33,1-------,9907.0,
JP,MSA,Matsusaka,24,1-------,9907.0,
JP,MRA,"Matsushima, Miyagi",04,1-------,9907.0,
JP,MAT,"Matsushima, Nagasaki",42,1-------,9907.0,
JP,MSS,"Matsushima, Okayama",33,1-------,9907.0,
JP,MAU,"Matsuura, Kagoshima",46,1-------,9907.0,
JP,MTS,"Matsuura, Nagasaki",42,1-------,9907.0,
JP,MTU,"Matsuura, Oita",44,1-------,9907.0,
JP,MYJ,Matsuyama,38,1--4----,9907.0,
JP,MTZ,Matsuzaki,22,1-------,9907.0,
JP,MWR,Mawari,42,1-------,9907.0,
JP,MBR,Mebaruzaki,34,1-------,9907.0,
JP,MEG,Megi,37,1-------,9907.0,
JP,MGS,Megoshima,42,1-------,9907.0,
JP,MEN,Mei,42,1-------,9907.0,
JP,MEI,Meihama,40,1-------,9501.0,
JP,MET,Meitsu,45,1-------,9907.0,
JP,MSI,MieShikimi,42,1-------,9907.0,
JP,MHR,Mihara,34,1-------,9907.0,
JP,MIH,Mihonoseki,32,1-------,9907.0,
JP,MHN,Mihowan,31,1-------,9907.0,
JP,MII,"Miike, Fukuoka",40,1-------,9907.0,
JP,MIJ,"Miike, Tokyo",13,1-------,9907.0,
JP,MKM,Mikame,38,1-------,9907.0,
JP,MKW,Mikawa,23,1-------,9907.0,
JP,MKJ,Mikisato,24,1-------,9907.0,
JP,MKR,Mikurajima,13,1-------,9907.0,
JP,MMT,Mimitsu,45,1-------,9907.0,
JP,MIN,Minamata,43,1-------,9907.0,
JP,MNM,Minami,32,1-------,9907.0,
JP,MMD,Minamidaito,47,1--4----,401.0,2550N 13114E
JP,MNT,"Minato, Hyogo",28,1-------,9907.0,
JP,MNE,Mine,42,1-------,9907.0,
JP,MNY,Minmaya,02,1-------,9907.0,
JP,MNJ,Minna/Motobu,47,1-------,9907.0,
JP,MNN,Minna/Tarama,47,1-------,9907.0,
JP,MSX,"Misaki, Ehime",38,1-------,9907.0,
JP,MIK,"Misaki, Kanagawa",14,1-------,9907.0,
JP,MKI,"Misaki, Kochi",39,1-------,9907.0,
JP,MST,Misato,42,1-------,9907.0,
JP,MKX,"Mishima, Kawanoe",38,1-------,9907.0,
JP,MSR,Mishiro,42,1-------,9907.0,
JP,MSO,Misho,38,1-------,9907.0,
JP,MIS,"Misumi, Kumamoto",43,1-------,9907.0,
JP,MMI,"Misumi, Shimane",32,1-------,9907.0,
JP,MXT,Mita,32,1-------,9907.0,
JP,MTC,Mitachi,37,1-------,9907.0,
JP,MJR,Mitajiri,35,123-----,1001.0,3402N 13135E
JP,MIT,"Mitaka, Hiroshima",34,1-------,9907.0,
JP,MTI,Mitarai,34,1-------,9907.0,
JP,MQT,"Mito, Kagawa",37,1-------,9907.0,
JP,MTH,Mitsuhama,38,1-------,9907.0,
JP,MKS,Mitsukoshima,34,1-------,9907.0,
JP,MTK,Mitsukue,38,1-------,9907.0,
JP,MIR,Miura/Mitsushima,42,1-------,9907.0,
JP,MYG,Miyagahama,46,1-------,9907.0,
JP,MYI,Miyagi,10,1-3-----,601.0,3626N 13910E
JP,MYK,"Miyako, Iwate",03,1-------,9907.0,
JP,MMY,Miyakojima,47,1--4----,401.0,2447N 12518E
JP,MUY,"Miyanoura, Kagawa",37,1-------,9907.0,
JP,MNR,"Miyanoura, Nagasaki",42,1-------,9907.0,
JP,MYN,Miyanoura/Azuma,46,1-------,9907.0,
JP,MNO,Miyanoura/Kamiyaku,46,1-------,9907.0,
JP,MYU,Miyaura,38,1-------,9907.0,
JP,MZK,"Miyazaki, Ehime",38,1-------,9907.0,
JP,KMI,"Miyazaki, Miyazaki",45,1--4----,9907.0,
JP,MIY,Miyazu,26,1-------,9907.0,
JP,MYT,"Miyoshi, Tokushima",36,1----6--,1501.0,3401N 13348E
JP,MZS,Mizusaki,42,1-------,9907.0,
JP,MIZ,Mizushima,33,1-------,9907.0,
JP,MCD,Mochidoi,42,1-------,9907.0,
JP,MCH,Mochiishi,32,1-------,9907.0,
JP,MOG,Mogi,42,1-------,9907.0,
JP,MGN,Mogine,43,1-------,9907.0,
JP,MOJ,Moji/Kitakyushu,40,123-5---,401.0,3354N 13058E
JP,MBE,Monbetsu/Abashiri,01,1-------,9907.0,
JP,MOX,Monoi,32,1-------,9907.0,
JP,MRK,Morakui,32,1-------,9907.0,
JP,MOR,Mori,01,1-------,9907.0,
JP,MRG,Moriage,38,1-------,9907.0,
JP,MOO,Morie,44,1-------,9907.0,
JP,MRH,Morinohama,42,1-------,9907.0,
JP,MOM,Morodomi,41,1-------,9907.0,
JP,MRZ,Morozaki,23,1-------,9907.0,
JP,MBT,Motobu,47,1-------,9907.0,
JP,MOT,Motomachi,13,1-------,9907.0,
JP,MTO,Motoura/Azuma,46,1-------,9907.0,
JP,MOU,Motoura/Toshima,46,1-------,9907.0,
JP,MZR,Motozaru,44,1-------,9907.0,
JP,MUG,Mugi,36,1-------,9907.0,
JP,MUK,Mukaishima,34,1-------,9907.0,
JP,MKA,Mukata,44,1-------,9907.0,
JP,MKU,Mukunoura,34,1-------,9907.0,
JP,MRE,Mure,37,1-------,9907.0,
JP,MRO,Murokita,37,1-------,9907.0,
JP,MRM,Muromoto,37,1-------,9907.0,
JP,MUR,Muroran,01,1-------,9907.0,
JP,MRJ,Murotomisaki,39,1-------,9907.0,
JP,MRS,"Murotsu, Hyogo",28,1-------,9907.0,
JP,MUX,"Murotsu, Kochi",39,1-------,9907.0,
JP,MRT,"Murotsu, Yamaguchi",35,1-------,9907.0,
JP,MZM,Murozumi,35,1-------,9907.0,
JP,MSH,Musashi,44,1-------,9907.0,
JP,MYX,"Muta, Nagasaki",42,1-------,1301.0,3149N 13016E
JP,MUT,Mutsuogawara,02,1-------,9907.0,
JP,MTR,Mutsure,35,1-------,9907.0,
JP,MYA,Muya,36,1-------,9907.0,
JP,NAR,Naarai,12,1-------,9907.0,
JP,NAD,Nadahama,28,1-------,9907.0,
JP,NDY,Nadayama,32,1-------,9907.0,
JP,NEX,"Nagae, Ehime",38,1-------,9907.0,
JP,NGE,"Nagae, Shimane",32,1-------,9907.0,
JP,NGH,"Nagahama, Ehime",38,1-------,9907.0,
JP,NMA,"Nagahama, Kagoshima",46,1-------,9907.0,
JP,NHM,"Nagahama, Shiga",25,1-------,9907.0,
JP,NAG,"Nagahama, Shimane",32,1-------,9907.0,
JP,NGG,Nagame,43,1-------,9907.0,
JP,NGY,Nagaokakyo,26,1-------,2101.0,3456N 13542E
JP,NAB,Nagara,46,1-------,9907.0,
JP,NGA,"Nagareyama, Chiba",12,1----6--,1501.0,3551N 13954E
JP,NGS,Nagasaki,42,1--4----,9907.0,
JP,NHN,Nagasakinohana,37,1-------,9907.0,
JP,NSA,Nagashima,24,1-------,9907.0,
JP,NGU,"Nagasu, Kumamoto",43,1-------,9907.0,
JP,NSU,"Nagasu, Oita",44,1-------,9907.0,
JP,NAA,"Nagaura, Nagasaki",42,1-------,9907.0,
JP,NGR,Nagaura/Yokosuka,14,1-------,9907.0,
JP,MGY,Nagayama,47,1-------,9907.0,
JP,NAY,Nagayo,42,1-------,9907.0,
JP,NGM,Nagimi,38,1-------,9907.0,
JP,NOA,Nago,47,1-------,1807.0,2635N 12758E
JP,NGD,Nagouda,32,1-------,9907.0,
JP,NGO,"Nagoya, Aichi",23,1--45---,9907.0,3511N 13654E
JP,NAH,"Naha, Okinawa",47,1--45---,9907.0,
JP,NHI,Nahari,39,1-------,9907.0,
JP,NGN,Naigainoura,39,1-------,9907.0,
JP,NKD,Nakada,47,1-------,9907.0,
JP,NAK,Nakagusuku,47,1-------,9907.0,
JP,NHA,"Nakahama, Hiroshima",34,1-------,9907.0,
JP,NKJ,"Nakahama, Kyoto",26,1-------,9907.0,
JP,NKH,"Nakahama, Tottori",31,1-------,9907.0,
JP,NJM,Nakajima,38,1-------,9907.0,
JP,NKK,Nakakoshiki,46,1-------,9907.0,
JP,NKL,"Nakama, Kagoshima",46,1-------,9907.0,
JP,NKM,"Nakama, Okinawa",47,1-------,9907.0,
JP,NMC,Nakamichi,19,1-3--6--,601.0,3535N 13835E
JP,NMT,Nakaminato,08,1-------,9907.0,
JP,NKX,Nakanosaku,07,1-------,9907.0,
JP,NAN,Nakanoseki,35,1-------,501.0,3400N 13132E
JP,NKS,Nakanoshima,46,1-------,9907.0,
JP,SXZ,Nakanoto,17,1----6--,1501.0,3659N 13654E
JP,NKN,Nakanoura,42,1-------,9907.0,
JP,NKZ,Nakashima,36,1-------,9907.0,
JP,NKT,"Nakata, Hiroshima",34,1-------,212.0,
JP,NTX,"Nakata, Kumamoto",43,1-------,9907.0,
JP,NAT,Nakatsu,44,1-------,9907.0,
JP,NKY,Nakayama,32,1-------,9907.0,
JP,NKR,Nakiri,24,1-------,9907.0,
JP,NAM,Nama,42,1-------,9907.0,
JP,NIT,Namikata,38,1-------,9907.0,
JP,NNO,Nanao,17,1-------,9907.0,
JP,NNT,Nanatsugama,42,1-------,9907.0,
JP,NTY,Nanatsuyama,46,1-------,9907.0,
JP,NKO,Nanko,27,1-------,9907.0,
JP,NAO,Naoetsu,15,1-------,9907.0,
JP,NAS,Naoshima,37,1-------,9907.0,
JP,NRO,Narao,42,1-------,9907.0,
JP,NAI,Narashino,12,1-------,201.0,3540N 14001E
JP,NRS,Narushima,42,1-------,9907.0,
JP,NRU,Naruto,36,1-------,9907.0,
JP,NSX,Nasa,36,1-------,9907.0,
JP,NAZ,Naze,46,1-------,9907.0,
JP,NGI,Neghishi/Yokohama,14,1-------,9907.0,
JP,NEJ,Nejime,46,1-------,9907.0,
JP,NEM,Nemuro,01,1-------,9907.0,
JP,NNK,Nenokuchi,02,1-------,9907.0,
JP,NEO,Neo,42,1-------,9907.0,
JP,NEZ,Nezugaseki,06,1-------,9907.0,
JP,NIC,Nichinan,45,1-------,9907.0,
JP,NXG,Nigishima,24,1-------,9907.0,
JP,NIX,Nii,42,1-------,9907.0,
JP,KIJ,Niigata,15,1-------,9907.0,
JP,NIH,Niigatahigashi,15,1-------,9907.0,
JP,NIN,Niigatanishi,15,1-------,9907.0,
JP,IHA,Niihama,38,1--4----,9907.0,
JP,NIJ,Niijima,13,1-------,9907.0,
JP,XCA,Niikappu,01,1----6--,1501.0,4222N 14219E
JP,NIK,Nikaho,05,1----6--,1001.0,3923N 14005E
JP,NIM,Nima,32,1-------,9907.0,
JP,NIO,Nio,37,1-------,9907.0,
JP,NID,Nishi/Kitadaito,47,1-------,9907.0,
JP,NDI,Nishi/Minamidaito,47,1-------,9907.0,
JP,NSB,Nishibe,38,1-------,9907.0,
JP,NSI,Nishiesan,01,1-------,9907.0,
JP,NHR,Nishihara,47,1-------,9907.0,
JP,NST,Nishikata,46,1-------,9907.0,
JP,NSK,Nishiki,27,1-------,9907.0,
JP,MAW,Nishimaizuru,26,1-------,9907.0,
JP,NSM,Nishimura,32,1-------,9907.0,
JP,NIS,Nishinaka,38,1-------,9907.0,
JP,NYA,Nishinomiya,28,1-3-----,9907.0,
JP,IIN,Nishinoomote,46,1--4----,9907.0,
JP,NSH,Nishishioya,46,1-------,9907.0,
JP,NTO,Nishitokyo,13,1----6--,1001.0,3444N 13932E
JP,NUR,Nishiura,22,1-------,9907.0,
JP,NIA,Nita,42,1-------,9907.0,
JP,NOB,Nobeoka,45,1-------,9907.0,
JP,NBS,Nobeokashinko,45,1-------,9907.0,
JP,RBN,Noboribetsu,01,1-------,2107.0,4227N 14110E
JP,NBU,Nobu/Mitsushima,42,1-------,9907.0,
JP,NOU,Noh,15,1-------,9907.0,
JP,NOH,Nohara,26,1-------,9907.0,
JP,NHJ,Noheji,02,1-------,9907.0,
JP,NQH,Noho,47,1-------,9907.0,
JP,NJR,Nojiri,46,1-------,9907.0,
JP,NMK,Nomaike,46,1-------,9907.0,
JP,NMI,Nomi,45,1-------,9907.0,
JP,NOM,Nomizaki,43,1-------,9907.0,
JP,NON,Nonohama,33,1-------,9907.0,
JP,NSR,Noshiro,05,1-------,9907.0,
JP,NUM,Numazu,22,1-------,9907.0,
JP,NNH,Nunohama,33,1-------,9907.0,
JP,NWA,Nyugawa,38,1-------,9907.0,
JP,NYK,Nyukou,32,1-------,9907.0,
JP,NYZ,Nyuzu,44,1-------,9907.0,
JP,OAR,Oarai,08,1-------,9907.0,
JP,OBM,"Obama, Fukui",18,1-------,9907.0,
JP,OBA,"Obama, Mie",24,1-------,212.0,
JP,OBB,"Obama, Nagasaki",42,1-------,9907.0,
JP,OOB,Obatake,35,1-------,9907.0,
JP,OBE,"Obe, Ehime",38,1-------,9907.0,
JP,OOC,Ochiyo,13,1-------,9907.0,
JP,ODA,Odahigashi,32,1-------,9907.0,
JP,ODS,Odeshima,37,1-------,9907.0,
JP,ODO,Odoh,43,1-------,9907.0,
JP,ODM,Odomari,46,1-------,9907.0,
JP,OGA,Ogasawara,13,1-------,9907.0,
JP,OAT,Ogatsu,04,1-------,9907.0,
JP,OSG,Ogi,41,1----6--,1401.0,3317N 13012E
JP,OII,"Ogi, Ishikawa",17,1-------,9907.0,
JP,OGK,"Ogi, Kagawa",37,1-------,9907.0,
JP,OGI,"Ogi, Niigata",15,1-------,9907.0,
JP,OGF,Ogifushi,01,1-------,9907.0,
JP,OGH,Oginohama,04,1-------,9907.0,
JP,OGM,Ogomori,46,1-------,9907.0,
JP,OHM,"Ohama, Ehime",38,1-------,9907.0,
JP,OHA,"Ohama, Kagawa",37,1-------,9907.0,
JP,KHM,"Ohama, Kagoshima",46,1-------,9907.0,
JP,OOH,"Ohama, Okayama",33,1-------,9907.0,
JP,OMX,"Ohama, Tottori",31,1-------,9907.0,
JP,OHT,Ohata,02,1-------,9907.0,
JP,OBX,"Ohbe, Kagawa",37,1-------,9907.0,
JP,OBS,Ohbishima,33,1-------,9907.0,
JP,OKR,Ohbukura/Uwajima,38,1-------,9907.0,
JP,ODN,Ohdana,46,1-------,9907.0,
JP,OFR,Ohfukaura,39,1-------,9907.0,
JP,OFK,Ohfunakoshi,42,1-------,9907.0,
JP,OFT,Ohfunato,03,1-------,9907.0,
JP,OOG,Ohgaki,34,1-------,9907.0,
JP,OSR,Ohgasari,46,1-------,9907.0,
JP,OGE,Ohge,38,1-------,9907.0,
JP,OGS,Ohgishima,14,1-------,9907.0,
JP,OGU,Ohgushi,42,1-------,9907.0,
JP,OHO,Ohi,13,1-------,9907.0,
JP,OIG,Ohigawa,22,1-------,9907.0,
JP,OKH,Ohkawara,42,1-------,9907.0,
JP,ONE,Ohnejime,46,1-------,9907.0,
JP,ONS,Ohnishi/Ohsaki,34,1-------,9907.0,
JP,OON,Ohnoh,45,1-------,9907.0,
JP,ORA,Ohra,38,1-------,9907.0,
JP,OUS,Ohse,08,1-------,9907.0,
JP,OSI,"Ohshima, Ehime",38,1-------,9907.0,
JP,OSS,"Ohshima, Fukuoka",40,1-------,9907.0,
JP,OOM,"Ohshima, Kagawa",37,1-------,9907.0,
JP,OSO,"Ohshima, Miyazaki",45,1-------,9907.0,
JP,OIM,"Ohshima, Tokyo",13,1--4----,9907.0,
JP,OSH,"Ohshima, Wakayama",30,1-------,9907.0,
JP,HGS,Ohshima/Hagi,35,1-------,9907.0,
JP,OYM,Ohyama/Mitsushima,42,1-------,9907.0,
JP,OZJ,Ohzuku,32,1-------,9907.0,
JP,OIS,Oiso,14,1-------,9907.0,
JP,OIT,Oita,44,1--4----,9907.0,
JP,OJI,Ojika,42,1-------,9907.0,
JP,OYA,Ojoya,46,1-------,9907.0,
JP,OAA,Okada,13,1-------,9907.0,
JP,OKM,Okamoto,32,1-------,9907.0,
JP,OMR,Okamura,38,1-------,9907.0,
JP,OOW,"Okawa, Nagasaki",42,1-------,9907.0,
JP,OKW,"Okawa, Wakayama",30,1-------,9907.0,
JP,OKJ,Okayama,33,1--4----,9907.0,
JP,OKI,Oki,32,1--4----,9907.0,
JP,OKN,Okinajima,07,1-------,9907.0,
JP,OKK,Okinokojima,46,1-------,9907.0,
JP,OKC,"Okitsu, Chiba",12,1-------,9907.0,
JP,OKT,"Okitsu, Shizuoka",22,1-------,9907.0,
JP,OIU,"Okiura, Hiroshima",34,1-------,212.0,
JP,OKX,"Okiura, Yamaguchi",35,1-------,9907.0,
JP,OKS,Okiuranishi,35,1-------,9907.0,
JP,OKG,Okogi,38,1-------,9907.0,
JP,OKU,Oku,47,1-------,9907.0,
JP,OOJ,"Okubo, Kagoshima",46,1-------,9907.0,
JP,OKB,"Okubo, Tokyo",13,1-------,9907.0,
JP,OCH,Okunouchi,34,1-------,9907.0,
JP,OAX,Oma,02,1-------,9907.0,
JP,OMC,Omachi,20,1----6--,1807.0,3650N 13825E
JP,OMZ,Omaezaki,22,1-------,9907.0,
JP,AOM,Omi,15,123-----,601.0,3701N 13748E
JP,OMI,Omi,38,1-------,9907.0,
JP,OMT,Ominato,02,1-------,9907.0,
JP,OMS,Omishima,38,1-------,9907.0,
JP,OMY,Omiyaji,43,1-------,9907.0,
JP,OMD,Omodaka,42,1-------,9907.0,
JP,OMN,Omon,43,1-------,9907.0,
JP,OMW,Omonawa,46,1-------,9907.0,
JP,OJM,Omosu,32,1-------,9907.0,
JP,OMH,Omotehama,04,1-------,9907.0,
JP,OMO,Omoto,03,1-------,9907.0,
JP,OUM,Omu,01,1-------,9907.0,
JP,OMJ,Omura,42,1--4----,9907.0,
JP,OMU,Omuta,40,1-------,9907.0,
JP,ONG,Onagawa,04,1-------,9907.0,
JP,ONA,Onahama,07,1-------,9907.0,
JP,OGC,Ongachi,46,1-------,9907.0,
JP,ONJ,Oniike,43,1-------,9907.0,
JP,ONK,Oniki,43,1-------,9907.0,
JP,ONI,Onishi,38,1-------,9907.0,
JP,ONW,Oniwaki,01,1-------,9907.0,
JP,OAD,Onoaida,46,1-------,9907.0,
JP,OND,Onoda,35,1-------,9907.0,
JP,NOJ,Onojo,40,1----6--,1807.0,3332N 13029E
JP,ONO,Onomichi,34,1-------,9907.0,
JP,ONX,OnomichiItozaki,34,1-------,9907.0,
JP,OPA,Oppama,14,123-----,401.0,3518N 13937E
JP,ORG,Origami,42,1-------,9907.0,
JP,ORN,Orino,36,1-------,9907.0,
JP,OSA,Osaka,27,1--45---,1101.0,3440N 13530E
JP,OUK,"Osaka, Tottori",31,1-------,9907.0,
JP,OSX,"Osaki, Kagoshima",46,1-------,9907.0,
JP,OSK,"Osaki, Miyagi",04,1-------,9907.0,
JP,OSN,Osaki/Mitsushima,42,1-------,9907.0,
JP,OJO,Osako,34,1-------,9907.0,
JP,OTO,Osato,46,1-------,9907.0,
JP,OST,Osetoyanagi,42,1-------,9907.0,
JP,OSD,Oshidomari,01,1-------,9907.0,
JP,OSM,"Oshima, Nagasaki",42,1-------,401.0,3304N 12937E
JP,OSL,"Oshima, Yamaguchi",35,1-------,9907.0,
JP,OSE,Osoe,32,1-------,9907.0,
JP,OSU,Osuki,46,1-------,9907.0,
JP,OTK,Otake,34,1-------,9907.0,
JP,OTA,Otao,42,1-------,9907.0,
JP,OTR,Otaru,01,1--4----,9907.0,
JP,OTW,Otawa,42,1-------,9907.0,
JP,OTM,Otomi,18,1-------,9907.0,
JP,OSJ,"Otsu, Ibaraki",08,1-------,9907.0,
JP,OTU,"Otsu, Shiga",25,1-------,9907.0,
JP,OTJ,Otsuchi,03,1-------,9907.0,
JP,OOA,"Oura, Saga",41,1-------,9907.0,
JP,OUA,Oura/Ariake,43,1-------,9907.0,
JP,OUR,Oura/Kamitsushima,42,1-------,9907.0,
JP,OOR,Oura/Kasaoka,33,1-------,9907.0,
JP,ORX,Oura/Marugame,37,1-------,9907.0,
JP,ORR,Oura/Uchinoura,46,1-------,9907.0,
JP,OWA,Owase,24,1-------,9907.0,
JP,OYB,Oyabu,33,1-------,9907.0,
JP,OZX,Ozaki,27,1-------,9907.0,
JP,OOO,Ozu,34,1-------,9907.0,
JP,OZU,Ozuku,32,1-------,9907.0,
JP,RAU,Rausu,01,1-------,9907.0,
JP,RHK,Reihoku,43,1-------,9907.0,
JP,RKO,Rokko Island,28,1-------,9907.0,
JP,RND,Ronden,32,1-------,9907.0,
JP,RMI,Rumoi,01,1-------,9907.0,
JP,RYS,Ryohshida,34,1-------,9907.0,
JP,RYO,Ryotsu,15,1-------,9907.0,
JP,RYG,Ryugamizu,46,1-------,9907.0,
JP,RYA,Ryuo,25,1-------,1907.0,3540N 01637E
JP,SAB,Saba,38,1-------,9907.0,
JP,HSG,Saga,,1-------,901.0,3305N 13306E
JP,SGA,"Saga, Kochi",39,1-------,9907.0,
JP,QSG,"Saga, Saga",41,1--4----,9907.0,
JP,SAG,Saganoseki,44,1-------,9907.0,
JP,SGR,Sagara,22,1-------,9907.0,
JP,SAW,Sagawa,38,1-------,9907.0,
JP,SGJ,Sagi,34,1-------,9907.0,
JP,SJA,"Sai, Aomori",02,1-------,9907.0,
JP,SAC,"Sai, Shimane",32,1-------,9907.0,
JP,SDZ,Saidaiji,33,1-------,9907.0,
JP,SAD,Saidoh,46,1-------,9907.0,
JP,SGU,"Saigo, Nagasaki",42,1-------,9907.0,
JP,SAI,"Saigo, Shimane",32,1-------,9907.0,
JP,SAJ,Saijo,38,1-------,9907.0,
JP,SSS,Saikai,42,1-------,1907.0,3256N 12939E
JP,SAE,Saiki,44,1-------,9907.0,
JP,STZ,Saitozaki,40,1-------,9907.0,
JP,SSK,Saizaki,34,1-------,9907.0,
JP,SAK,Sakai,27,1-------,9907.0,
JP,SKD,Sakaide,37,1-------,9907.0,
JP,SMN,Sakaiminato,31,1-------,9907.0,
JP,SBK,Sakaisenboku,27,1-------,9907.0,
JP,SKK,Sakaki,39,1-------,9907.0,
JP,SKT,Sakata,06,1-------,9907.0,
JP,SAT,Sakate,37,1-------,9907.0,
JP,SKH,Sakihama,39,1-------,9907.0,
JP,SMU,Sakimui,01,1-------,9907.0,
JP,STO,Sakito,42,1-------,9907.0,
JP,SAU,Sakitsu,43,1-------,9907.0,
JP,SKO,Sakoshi,28,1-------,9907.0,
JP,SKR,Sakuraikako,38,1-------,9907.0,
JP,SRZ,Sakurajima,46,1-------,9907.0,
JP,SAM,Samani,01,1-------,9907.0,
JP,SME,Same,02,1-------,9907.0,
JP,SNX,Sanagi,37,1-------,9907.0,
JP,SNM,Sanami,32,1-------,9907.0,
JP,SAN,Sanbonmatsu,37,1-------,9907.0,
JP,SYD,Sanyo Onoda Yamaguchi,35,123-----,1701.0,3405N 13111E
JP,SAS,Sasago,32,1-------,9907.0,
JP,SSB,Sasebo,42,1-------,9907.0,
JP,SSI,Sashiki,43,1-------,9907.0,
JP,SSE,Sasue,46,1-------,9907.0,
JP,SSN,Sasuna,42,1-------,9907.0,
JP,STA,Sata,46,1-------,9907.0,
JP,SAO,Sato,46,1-------,9907.0,
JP,STE,Satoura,37,1-------,9907.0,
JP,STW,Satsukawawan,46,1-------,9907.0,
JP,SEN,Satsumasendai,46,1-------,1207.0,3149N 13015E
JP,SAZ,Saza,42,1-------,9907.0,
JP,SEQ,Se/Izuhara,42,1-------,9907.0,
JP,SGW,Segawa,42,1-------,9907.0,
JP,SEB,Seibu,13,1-------,207.0,
JP,SEG,Seigaura,46,1-------,9907.0,
JP,SEI,Seki,21,1-------,1807.0,3529N 13655E
JP,SEK,Sekinehama,02,1-------,9907.0,
JP,SKY,Sekiya,37,1-------,9907.0,
JP,SDJ,"Sendai, Miyagi",04,1--4----,1207.0,3808N 14055E
JP,SDS,Sendaishinko,04,1-------,9907.0,
JP,SGM,Sendaishiogama,04,1-------,407.0,
JP,SSU,Sensyu,27,1-------,1001.0,3426N 13515E
JP,SZK,Senzaki,35,1-------,9907.0,
JP,SES,Sesoko,47,1-------,9907.0,
JP,STN,Setana,01,1-------,9907.0,
JP,SET,Seto,42,1-------,1001.0,3256N 12938E
JP,SXT,"Seto, Kagawa",37,1-------,9907.0,
JP,STT,"Seto, Kagoshima",46,1-------,9907.0,
JP,STD,Setoda,34,1-------,9907.0,
JP,SEZ,Sezaki,46,1-------,9907.0,
JP,SHR,Shari,01,1-------,9907.0,
JP,SBU,Shibaura,13,1-------,9907.0,
JP,SBY,Shibayama,28,1-------,9907.0,
JP,SBH,Shibetsu,01,1----6--,1807.0,4339N 14507E
JP,BKW,Shibukawa,10,1----6--,1001.0,3629N 13900E
JP,SKB,Shibukawa,33,1-------,9907.0,
JP,SBS,Shibushi,46,1-------,9907.0,
JP,SCH,Shichirinagahama,02,1-------,9907.0,
JP,SCR,Shichirui,32,1-------,9907.0,
JP,SID,Shido,37,1-------,9907.0,
JP,SIG,Shigei,34,1-------,9907.0,
JP,SGI,Shigetomi,46,1-------,9907.0,
JP,SIN,Shiinoki,46,1-------,9907.0,
JP,SKM,Shikama,28,1-------,9907.0,
JP,SIK,Shikamachi,42,1-------,9907.0,
JP,STJ,Shikata,34,1-------,9907.0,
JP,SAR,Shikaura,46,1-------,9907.0,
JP,SKN,Shikinejima,13,1-------,9907.0,
JP,SMB,Shimabara,42,1-------,9907.0,
JP,SSZ,Shimada,22,1-------,2101.0,3450N 13811E
JP,SIM,Shimama,46,1-------,9907.0,
JP,SMM,Shimamaki,01,1-------,9907.0,
JP,SNU,Shimanoura,45,1-------,9907.0,
JP,SHZ,Shimazuya,32,1-------,9907.0,
JP,SMZ,Shimizu,22,1-------,9907.0,
JP,SMO,"Shimoda, Kochi",39,1-------,9907.0,
JP,SIA,"Shimoda, Kumamoto",43,1-------,9907.0,
JP,SDA,"Shimoda, Nagasaki",42,1-------,407.0,
JP,SMD,"Shimoda, Shizuoka",22,1-------,9907.0,
JP,SMR,Shimodomari/Mikame,38,1-------,9907.0,
JP,SMH,Shimohisage,38,1-------,9907.0,
JP,SWA,Shimokawaguchi,39,1-------,9907.0,
JP,SOO,Shimonokae,39,1-------,9907.0,
JP,SHS,Shimonoseki,35,1---5---,9907.0,
JP,SMT,Shimotsu,30,1-------,9907.0,
JP,STI,Shimotsui,33,1-------,9907.0,
JP,SSA,Shimotsuura,43,1-------,9907.0,
JP,SHG,"Shinagawa, Tokyo",13,123-----,1501.0,3536N 13943E
JP,SHN,Shingu,30,1-------,9907.0,
JP,SZI,Shinjima,46,1-------,9907.0,
JP,SKW,"Shinkawa, Aichi",23,1-------,9907.0,
JP,SNK,"Shinkawa, Kagoshima",46,1-------,9907.0,
JP,SHK,Shinkiba,13,1-------,9907.0,
JP,SHJ,Shinko,20,1-3-----,601.0,3634N 13804E
JP,SMJ,Shinmoji,40,1-------,1001.0,3352N 13059E
JP,SNJ,Shinojima,23,1-------,9907.0,
JP,SNW,Shinokawa,46,1-------,9907.0,
JP,SNZ,Shinzaike,37,1-------,9907.0,
JP,SGT,Shiogatani,44,1-------,9907.0,
JP,SOH,Shiohama,32,1-------,9907.0,
JP,SIO,"Shioya, Ishikawa",17,1-------,9907.0,
JP,SYA,"Shioya, Okinawa",47,1-------,9907.0,
JP,SYG,Shioyagamoto,46,1-------,9907.0,
JP,SRX,"Shirahama, Chiba",12,1-------,9907.0,
JP,SRH,"Shirahama, Kagawa",37,1-------,9907.0,
JP,SHH,"Shirahama, Kagoshima",46,1-------,9907.0,
JP,SIR,"Shirahama, Nagasaki",42,1-------,9907.0,
JP,SIH,"Shirahama, Okinawa",47,1-------,9907.0,
JP,SRT,Shirakata,38,1-------,9907.0,
JP,SRA,Shiraki,35,1-------,9907.0,
JP,SKU,Shiraku,33,1-------,9907.0,
JP,SRO,Shiraoi,01,1-------,9907.0,
JP,SYZ,Shiriyazaki,02,1-------,9907.0,
JP,SRJ,Shiro,32,1-------,9907.0,
JP,SJR,Shiroko,24,1-------,9907.0,
JP,SRK,Shirosaki,03,1-------,9907.0,
JP,SRS,Shirose,46,1-------,9907.0,
JP,STR,Shirotori,37,1-------,9907.0,
JP,SSJ,Shisakajima,38,1-------,9907.0,
JP,SSH,Shishiboe,42,1-------,9907.0,
JP,SJI,"Shishijima, Kagawa",37,1-------,9907.0,
JP,SJM,"Shishijima, Kagoshima",46,1-------,9907.0,
JP,SIS,Shishikui,36,1-------,9907.0,
JP,SSM,Shishimi,42,1-------,9907.0,
JP,STB,Shitaba,38,1-------,9907.0,
JP,SNO,Shitanoe,44,1-------,9907.0,
JP,SIT,Shitanoura,42,1-------,9907.0,
JP,SDK,Shitooke,46,1-------,9907.0,
JP,SZG,Shizugawa,04,1-------,9907.0,
JP,SZU,Shizuura,22,1-------,9907.0,
JP,SNN,Shonan,14,1-------,9907.0,
JP,SYO,Shoura,46,1-------,9907.0,
JP,SNR,Shukunoura,42,1-------,9907.0,
JP,SHU,Shushi,42,1-------,9907.0,
JP,SDU,Sodegaura,12,1-------,9907.0,
JP,SOG,Sogo,33,1-------,9907.0,
JP,SNI,Sonai/Taketomi,47,1-------,9907.0,
JP,SNA,Sonai/Yonaguni,47,1-------,9907.0,
JP,SNE,Sone,42,1-------,9907.0,
JP,SGX,Sonogi,42,1-------,9907.0,
JP,SOR,Sonoura,42,1-------,9907.0,
JP,SYM,Sonoyama,46,1-------,9907.0,
JP,SOT,Sotodomari/Nishiumi,38,1-------,9907.0,
JP,SMA,Souma,07,1-------,9907.0,
JP,SOY,Soya,01,1-------,9907.0,
JP,SOZ,Sozu,32,1-------,9907.0,
JP,SUG,Suga,32,1-------,9907.0,
JP,SUU,Sugawa,42,1-------,9907.0,
JP,SGE,Suge,38,1-------,9907.0,
JP,SUR,Sugeura,32,1-------,9907.0,
JP,SUK,Sukumowan,39,1-------,501.0,3255N 13243E
JP,SMI,Sumie,45,1-------,9907.0,
JP,SUM,Suminoe,41,1-------,9907.0,
JP,SMY,Sumiyoshi,46,1-------,9907.0,
JP,SUH,"Sumoto, Hyogo",28,1-------,9907.0,
JP,SUT,"Sumoto, Kumamoto",43,1-------,9907.0,
JP,SXM,Sunami,34,1-------,9907.0,
JP,SUE,Sunoe,34,1-------,9907.0,
JP,SUS,Susa,35,1-------,9907.0,
JP,SUZ,Susaki,39,1-------,9907.0,
JP,STU,Suttsu,01,1-------,9907.0,
JP,SUW,Suwa,32,1-------,9907.0,
JP,TBR,Tabira,42,1-------,9907.0,
JP,TBU,Tabu,35,1-------,9907.0,
JP,TAB,Tabugawa,46,1-------,9907.0,
JP,TBN,Tachibana,36,1-------,9907.0,
JP,TAC,Tachiyama,46,1-------,9907.0,
JP,TDN,Tadanoumi,34,1-------,9907.0,
JP,TAD,Tadotsu,37,1-------,9907.0,
JP,TAG,Tagi,32,1-------,9907.0,
JP,TAO,Tago,22,1-------,9907.0,
JP,TGO,Tagonoura,22,1-------,9907.0,
JP,TAR,Tahara,34,1-------,9907.0,
JP,TAZ,Tai,26,1-------,9907.0,
JP,TKW,Tainokawa,46,1-------,9907.0,
JP,TAL,Tainouchi,34,1-------,9907.0,
JP,TIN,Tainoura,42,1-------,9907.0,
JP,TAQ,Taira,42,1-------,9907.0,
JP,TDT,Tairadate,02,1-------,9907.0,
JP,TIA,Taisha,32,1-------,9907.0,
JP,TZA,Taiza,26,1-------,9907.0,
JP,TAJ,Tajiri,46,1-------,401.0,
JP,TJR,"Tajiri, Tottori",31,1-------,9907.0,
JP,TKD,Takada,44,1-------,9907.0,
JP,TAH,"Takahama, Ehime",38,1-------,9910.0,
JP,TKH,Takahama/Amakusa,43,1-3-----,1207.0,3222N 13000E
JP,TAK,Takamatsu,37,1--4----,9907.0,
JP,TMJ,Takami,37,1-------,9907.0,
JP,TAA,Takamijima,37,1-------,9907.0,
JP,TNB,Takanabe,45,1-------,9907.0,
JP,TKC,Takanokuchi,46,1-------,9907.0,
JP,TKK,Takaoka,16,1-------,9907.0,
JP,TJI,Takarajima,46,1-------,9907.0,
JP,TSG,Takasago,28,1-------,9907.0,
JP,TJK,Takashima/Masuda,32,1-------,9907.0,
JP,TSM,Takashima/Nishisonogi,42,1-------,9907.0,
JP,TXK,"Takasu, Fukui",18,1-------,9907.0,
JP,TKG,"Takasu, Kagoshima",46,1-------,9907.0,
JP,TEE,Take,46,1-------,9907.0,
JP,TDJ,Takedatsu,44,1-------,9907.0,
JP,THR,Takehara,34,1-------,9907.0,
JP,TEA,Takena,32,1-------,9907.0,
JP,TKE,Takeno,28,1-------,9907.0,
JP,TAS,Takeshiki,42,1-------,9907.0,
JP,TSX,Takeshima,46,1-------,9907.0,
JP,TTH,Taketomihigashi,47,1-------,9907.0,
JP,TKT,Taketoyo,23,1-------,9907.0,
JP,TKZ,Takezaki,42,1-------,9907.0,
JP,TKI,Taki,17,1-------,9907.0,
JP,TKM,Takuma,37,1-------,9907.0,
JP,TKU,Takuno,32,1-------,9907.0,
JP,TAM,Tamano,33,1-------,9907.0,
JP,TMN,Tamanoura,42,1-------,9907.0,
JP,TMS,"Tamatsu, Ehime",38,1-------,9907.0,
JP,TMT,"Tamatsu, Okayama",33,1-------,9907.0,
JP,TAE,Tanabe,30,1-------,9907.0,
JP,TAN,Tanagawa,27,1-------,9907.0,
JP,TNK,Tanasoko,43,1-------,9907.0,
JP,TNY,Taniyama,46,1-------,1107.0,3117N 13019E
JP,TAW,Tannowa,27,1-------,9907.0,
JP,THM,Tanohama,03,1-------,9907.0,
JP,TUR,"Tanoura, Ehime",38,1-------,9907.0,
JP,TNR,"Tanoura, Kumamoto",43,1-------,9907.0,
JP,TNU,Tanoura/Kitakyushu,40,1-------,9907.0,
JP,TNW,Tanowaki,46,1-------,9907.0,
JP,TRH,Tarugahama,42,1-------,9907.0,
JP,TMZ,Tarumizu,46,1-------,9907.0,
JP,TSS,Tasumi,32,1-------,9907.0,
JP,TET,"Tateishi, Ehime",38,1-------,9907.0,
JP,TTS,"Tateishi, Kagawa",37,1-------,9907.0,
JP,TTY,Tateyama,12,1-------,9907.0,
JP,TAT,Tatsugo,46,1-------,9907.0,
JP,TYU,Tayui,42,1-------,9907.0,
JP,TEI,Tei,39,1-------,9907.0,
JP,TIS,Teishi,22,1-------,9907.0,
JP,TEK,Tekutsuku,46,1-------,9907.0,
JP,TRD,Teradomari,15,1-------,9907.0,
JP,TZU,Terazu/Matsue,32,1-------,9907.0,
JP,TRZ,Terazu/Yatsuka,32,1-------,9907.0,
JP,TSI,Teshima,37,1-------,9907.0,
JP,TSO,Teshio,01,1-------,9907.0,
JP,TEU,Teuchi,46,1-------,9907.0,
JP,TER,Teuri,01,1-------,9907.0,
JP,TOB,Toba,24,1-------,9907.0,
JP,TBT,Tobata/Kitakyushu,40,1-------,501.0,3353N 13050E
JP,TBO,Tobo,41,1-3-----,401.0,3329N 12956E
JP,TOD,Todohokke,01,1-------,9907.0,
JP,TOJ,Toga,05,1-------,9907.0,
JP,TOC,Togane,12,1----6--,1501.0,3534N 14022E
JP,TOG,Togi,17,1-------,9907.0,
JP,TGC,Toguchi,46,1-------,9907.0,
JP,TDA,Tohda,32,1-------,9907.0,
JP,TOI,Toi,22,1-------,9907.0,
JP,TJM,Tojima,38,1-------,9907.0,
JP,TOK,Tokachi,01,1-------,9907.0,
JP,TKA,Tokai,23,1-------,9907.0,
JP,TJS,Tokashiki,47,1-------,9907.0,
JP,TTU,Tokitsu,42,1-------,9907.0,
JP,TXN,Tokoname,23,1-------,9907.0,
JP,TKO,Tokonami,42,1-------,9907.0,
JP,TKR,Tokoro,01,1-------,9907.0,
JP,TCC,Tokuchi,47,1-------,9907.0,
JP,TKJ,Tokujin,47,1-------,9907.0,
JP,TKS,Tokushima,36,1--4----,9907.0,
JP,TKY,Tokuyama,35,1-------,9907.0,
JP,TXD,Tokuyamakudamatsu,35,1-------,1001.0,3400N 13146E
JP,TYO,Tokyo,13,12345---,401.0,3541N 13945E
JP,TMK,Tomakomai,01,1--4----,9907.0,
JP,TJJ,Tomamae,01,1-------,9907.0,
JP,TMR,"Tomari, Okinawa",47,1-------,9907.0,
JP,TMA,Tomari/Shiribeshi,01,1-------,9907.0,
JP,TRR,Tomariura,39,1-------,9907.0,
JP,TME,Tomie,42,1-------,9907.0,
JP,TMM,Tomiku,44,1-------,9907.0,
JP,TMO,"Tomioka, Kumamoto",43,1-------,9907.0,
JP,TOM,"Tomioka, Tokushima",36,1-------,9907.0,
JP,TMU,Tomitsu,43,1-------,9907.0,
JP,TND,Tonda,35,1-------,9907.0,
JP,TNO,Tonosho,37,1-------,9907.0,
JP,TNH,Tonoshohigash,37,1-------,9907.0,
JP,TON,Tonoura,45,1-------,9907.0,
JP,TRO,Tororo,43,1-------,9907.0,
JP,TSZ,Tosashimizu,39,1-------,9907.0,
JP,TJO,"Toshima, Hyogo",28,1-------,9907.0,
JP,TOX,Toshima/Tokyo,13,1-3-----,401.0,3431N 13916E
JP,TOT,Totoro,45,1-------,9907.0,
JP,TTJ,Tottori,31,1--4----,9907.0,
JP,TOU,Touyo,38,1-------,9907.0,
JP,TOY,Toyama,16,1--4----,9907.0,
JP,TOS,Toyamashinko,16,1-------,9907.0,
JP,TOA,Toyo,38,1----6--,1801.0,3355N 13305E
JP,TYJ,"Toyohama, Aichi",23,1-------,9907.0,
JP,TYH,"Toyohama, Kagawa",37,1-------,9907.0,
JP,THS,Toyohashi,23,1-------,9907.0,
JP,TUS,Toyoshige,31,1-------,9907.0,
JP,TYA,Toyota,23,123-----,601.0,3505N 13710E
JP,TYR,Toyoura,33,1-------,9907.0,
JP,TSU,Tsu,24,1-------,9907.0,
JP,TUB,Tsubame,15,1-------,1807.0,3739N 13856E
JP,TCH,Tsuchiura,08,1-------,9907.0,
JP,TUD,Tsuda,37,1-------,9907.0,
JP,TUI,Tsui,28,1-------,9907.0,
JP,TYN,Tsuiyama,28,1-------,9907.0,
JP,TWA,Tsukinokawa,42,1-------,9907.0,
JP,TMI,Tsukumi,44,1-------,9907.0,
JP,TUU,Tsukumo,34,1-------,9907.0,
JP,TNA,Tsuna,28,1-------,9907.0,
JP,TNI,Tsuneishi,34,1-------,9907.0,
JP,TNS,Tsunoshima,35,1-------,9907.0,
JP,TRG,Tsuruga,18,1-------,9907.0,
JP,TRU,"Tsurumi, Okayama",33,1-------,9907.0,
JP,TSK,Tsurusaki,44,1-------,9907.0,
JP,TRC,Tsuruuchi,37,1-------,9907.0,
JP,TSH,Tsushi,28,1-------,9907.0,
JP,TST,Tsutsu,42,1-------,9907.0,
JP,TTM,Tsutsumi,32,1-------,9907.0,
JP,TYP,Tsuyoshi,42,1-------,9907.0,
JP,TUZ,Tsuzu Yamaguchi,35,1-------,1707.0,3403N 13212E
JP,TTK,Tsuzuki Ku,,1----6--,2301.0,3532N 13934E
JP,UBJ,Ube,35,1--4----,9907.0,
JP,UBY,Ubuyu,32,1-------,9907.0,
JP,UHH,Uchihana,47,1-------,9907.0,
JP,UCN,Uchinomi,37,1-------,9907.0,
JP,UUR,Uchinoura,46,1-------,9907.0,
JP,UNU,Uchinourahetsuka,46,1-------,9907.0,
JP,UCH,Uchiumi,45,1-------,9907.0,
JP,UCU,"Uchiura, Fukui",18,1-------,9907.0,
JP,UCR,"Uchiura, Ishikawa",17,1-------,9907.0,
JP,UDD,Udo,46,1-------,9907.0,
JP,UDO,Udono,24,1-------,9907.0,
JP,UEC,Uechi,47,1-------,9907.0,
JP,UGA,Uga,32,1-------,9907.0,
JP,UGU,Ugusu,22,1-------,9907.0,
JP,UJI,Ujina,34,1-------,9907.0,
JP,UJY,Ujiyamada,24,1-------,9907.0,
JP,UKJ,Ukejima,46,1-------,9907.0,
JP,UKN,Uken,46,1-------,9907.0,
JP,UKT,Ukitsu,46,1-------,9907.0,
JP,UKI,Ukui,30,1-------,9907.0,
JP,UMG,Umagoe,37,1-------,9907.0,
JP,UUN,Unnan,32,1----6--,1807.0,3517N 13254E
JP,UNO,Uno,33,1-------,9907.0,
JP,UNS,Unoshima,40,1-------,9907.0,
JP,UNT,Unten,47,1-------,9907.0,
JP,UOM,Uomi,46,1-------,9907.0,
JP,UOU,"Uozu, Shimane",32,1-------,9907.0,
JP,UOZ,"Uozu, Toyama",16,1-------,9907.0,
JP,URA,Ura,28,1-------,9907.0,
JP,URG,Uraga,14,1-------,9907.0,
JP,URM,Uragami,30,1-------,9907.0,
JP,UAO,Urago,32,1-------,9907.0,
JP,URH,Urahara,46,1-------,9907.0,
JP,URK,Urakawa,01,1-------,9907.0,
JP,UNM,Uranomae,46,1-------,9907.0,
JP,URR,Urashiro,44,1-------,9907.0,
JP,URS,Urasoko,46,1-------,9907.0,
JP,USA,Usa/Tosa,39,1-------,9907.0,
JP,UBK,Ushibuka,43,1-------,9907.0,
JP,USG,Ushigakubijima,37,1-------,9907.0,
JP,USH,Ushimado,33,1-------,9907.0,
JP,USI,Ushine,46,1-------,9907.0,
JP,UST,Ushitsu,17,1-------,9907.0,
JP,USJ,Usujiri,01,1-------,9907.0,
JP,UKA,Usuka,42,1-------,9907.0,
JP,USK,Usuki,44,1-------,9907.0,
JP,USN,Usuno,44,1-------,9907.0,
JP,USU,Usunoura,42,1-------,9907.0,
JP,UTZ,Utazu,37,1-------,9907.0,
JP,UTM,"Utsumi, Aichi",23,1-------,9907.0,
JP,UTS,"Utsumi, Hiroshima",34,1-------,9907.0,
JP,UWA,Uwajima,38,1-------,9907.0,
JP,UZK,Uzuki,32,1-------,9907.0,
JP,WDA,Wada,18,1-------,9907.0,
JP,WAD,Wadomari,46,1-------,9907.0,
JP,WAI,Waita,35,1-------,9907.0,
JP,WJM,Wajima,17,1-------,9907.0,
JP,WTU,"Wakamatsu, Nagasaki",42,1-------,9907.0,
JP,WAM,Wakamatsu/Kitakyushu,40,123-----,401.0,3353N 13049E
JP,WKT,Wakatsu,40,1-------,9907.0,
JP,WAK,Wakayama,30,1-------,9907.0,
JP,WKI,Wakimisaki,42,1-------,9907.0,
JP,WMT,Wakimoto,38,1-------,9907.0,
JP,WKW,Wakinosawa,02,1-------,9907.0,
JP,WKZ,Wakizaki,46,1-------,9907.0,
JP,WKJ,Wakkanai,01,1--4----,9907.0,
JP,WKR,Wakura,17,1-------,9907.0,
JP,WAN,Wan,46,1-------,9907.0,
JP,WNI,Waniura,42,1-------,9907.0,
JP,WNA,Wano,46,1-------,9907.0,
JP,WSB,Washibeyanoura,34,1-------,9907.0,
JP,WAT,Watanoha,04,1-------,9907.0,
JP,YCH,Yachiyo,12,123-----,601.0,3544N 14006E
JP,YNE,Yaene,13,1-------,9907.0,
JP,YAG,"Yagi, Hyogo",28,1-------,9907.0,
JP,YGI,"Yagi, Iwate",03,1-------,9907.0,
JP,YGR,Yagishiri,01,1-------,9907.0,
JP,YZU,Yaizu,22,1-------,9907.0,
JP,YKU,Yakuzu,46,1-------,9907.0,
JP,YQD,Yamada,28,1-------,9907.0,
JP,YAD,"Yamada, Iwate",03,1-------,9907.0,
JP,YMD,"Yamada, Okayama",33,1-------,9907.0,
JP,YAM,Yamagawa,46,1-------,9907.0,
JP,YMG,Yamaguchi,35,1-------,9907.0,
JP,YGH,Yamaguchihigashi,35,1-------,9907.0,
JP,YMN,Yamanoura,43,1-------,9907.0,
JP,YMT,Yamatani,32,1-------,9907.0,
JP,YAA,Yanagi,43,1-------,9907.0,
JP,YAN,Yanai,35,1-------,9907.0,
JP,YNI,Yani,46,1-------,9907.0,
JP,YNN,Yanma,46,1-------,9907.0,
JP,YSG,Yasugi,32,1-------,9907.0,
JP,YAS,Yasumiya,02,1-------,9907.0,
JP,YMA,Yasurahama,46,1-------,9907.0,
JP,YAT,Yatsushiro,43,1-------,9907.0,
JP,YWT,Yawata/Kitakyushu,40,123-----,501.0,3351N 13048E
JP,YWH,Yawatahama,38,1-------,9907.0,
JP,YBK,Yobuko,41,1-------,9907.0,
JP,YIC,Yoichi,01,1-------,9907.0,
JP,YOC,Yoichigaura,43,1-------,9907.0,
JP,YKK,Yokkaichi,24,1-------,9907.0,
JP,YOK,Yokohama,14,12345---,401.0,3527N 13939E
JP,YKS,Yokoshima/Kurahashi,34,1-------,9907.0,
JP,YOS,Yokosuka,14,123-----,401.0,3517N 13940E
JP,YKT,"Yokota, Hiroshima",34,1-------,9907.0,
JP,YOG,Yonegura,33,1-------,9907.0,
JP,YNZ,Yonouzu,44,1-------,9907.0,
JP,YRO,Yoro,21,1----6--,1807.0,3518N 13633E
JP,YOR,Yoro,46,1-------,9907.0,
JP,YSS,Yoshiase,34,1-------,9907.0,
JP,YDA,"Yoshida, Aichi",23,1-------,9907.0,
JP,YSD,"Yoshida, Ehime",38,1-------,9907.0,
JP,YSM,Yoshima,37,1-------,9907.0,
JP,YSN,Yoshinozaki,37,1-------,9907.0,
JP,YHI,Yoshiumi,38,1-3-----,407.0,3408N 13302E
JP,YSU,Yoshiura,34,1-------,9907.0,
JP,YSR,Yoshiura/Misumi,32,1-------,9907.0,
JP,YHA,Yoshiura/Yunotsu,32,1-------,9907.0,
JP,YSZ,Yoshizu,24,1-------,9907.0,
JP,YOT,Yotsukura,07,1-------,9907.0,
JP,YOU,Youra,44,1-------,9907.0,
JP,YSH,Yuasahiro,30,1-------,9907.0,
JP,YBT,Yubetsu,01,1-------,9907.0,
JP,YDM,Yudomari,46,1-------,9907.0,
JP,YGE,Yuge,38,1-------,9907.0,
JP,YUK,Yuki,36,1-------,9907.0,
JP,YMC,Yumachi,32,1-------,9907.0,
JP,YMU,Yumugi,46,1-------,9907.0,
JP,YNM,Yunomochiki,46,1-------,9907.0,
JP,YNT,Yunotsu,32,1-------,9907.0,
JP,YRA,"Yura, Hyogo",28,1-------,9907.0,
JP,YUR,"Yura, Wakayama",30,1-------,9907.0,
JP,YUJ,"Yura, Yamagata",06,1-------,9907.0,
JP,YUA,"Yura, Yamaguchi",35,1-------,9907.0,
JP,YRG,Yurigahama,46,1-------,9907.0,
JP,YUS,Yusu,38,1-------,9907.0,
JP,YTI,Yutai,38,1-------,9907.0,
JP,YUU,Yuu,35,1-------,9907.0,
JP,YWN,Yuwan,46,1-------,9907.0,
JP,ZMM,Zamami,47,1-------,9907.0,
JP,AXZ,Zushi,14,1----6--,1501.0,3517N 13935E
KE,KIL,Kilindini,,1-------,9506.0,
KE,KIS,Kisumu,,1--4----,9601.0,
KE,LAU,Lamu,,1--4----,9601.0,
KE,MYD,Malindi,,1--4----,9601.0,
KE,MBA,Mombasa,,1--45---,9601.0,
KE,SMN,Shimoni,19,1-3-----,1601.0,0439S 03923E
KE,SIA,Siaya,38,1-------,1601.0,0004N 03417E
KH,CHE,Cheko,,1-------,8103.0,
KH,KOS,Kampong Saom,,1-34--7-,501.0,1036N 10331E
KH,KKO,Kas Kong,,1-------,8103.0,
KH,PNH,Phnom Penh,,1--45---,9601.0,
KH,TKH,Ta Khmau,12,1-------,1607.0,1129N 10457E
KI,BIR,Birnie Island,P,1-------,901.0,0335S 17131W
KI,EBI,Enderbury Island,P,1-------,901.0,0309S 17105W
KI,FIS,Fanning Islands,,1-------,8103.0,
KI,HUL,Hull Island,P,1-------,901.0,0431S 17211W
KI,MCK,Mckean Island,P,1-------,901.0,0335S 17407W
KI,NIK,Nikumaroro,P,1-------,901.0,0441S 17431W
KI,PHO,Phoenix Islands,,1-------,8103.0,
KI,SYI,Sydney Island,P,1-------,901.0,0428S 17115W
KI,TRW,Tarawa,,1--4----,9601.0,
KI,WNI,Washington Islands,,1-------,8103.0,
KM,AJN,Anjouan Apt,A,1-34----,401.0,1215S 04425E
KM,FOU,"Foumboni, Moheli",,1-------,307.0,
KM,YVA,Moroni,,1--45---,9601.0,
KM,MUT,"Mutsamudu, Anjouan",A,1-3-----,401.0,1209S 04423E
KN,BAS,"Basseterre, Saint Kitts",,1---5---,1101.0,
KN,CHA,Charlestown,,1--4----,1301.0,1708N 06237W
KN,NEV,Nevis,,1--4----,1301.0,1709N 06235W
KP,CHO,Chongjin,09,1-------,1901.0,
KP,GEN,Gensan,,1-------,8103.0,
KP,HAE,Haeju,05,1-------,1901.0,
KP,HGM,Hungnam,08,1-------,1901.0,
KP,NAM,Nampo,14,123-----,1901.0,
KP,ODA,Odaejin,,1-------,601.0,4123N 12945E
KP,RJN,Rajin (Najin),13,123-----,1901.0,4213N 13017E
KP,RIW,Riwon,,1-------,601.0,4019N 12838E
KP,SAM,Samcha do,,1-------,601.0,3924N 12443E
KP,SIN,Sinpo,,1-------,601.0,4004N 12816E
KP,SON,Songjin,,1-------,9506.0,
KP,SGN,Songnim,06,1-------,1901.0,3846N 12535E
KP,TCH,Tanchon,08,1-------,1901.0,4025N 12856E
KP,WON,Wonsan,07,1-------,1901.0,
KR,AWL,Aewol,49,1-------,1207.0,3327N 12619E
KR,ANJ,Anjeong,48,1-------,1007.0,3457N 12826E
KR,BIN,Biin,44,1-------,1207.0,3607N 12629E
KR,BOR,Boryeong,44,123-----,601.0,3619N 12630E
KR,BUK,Bupyong/Incheon,28,123-----,601.0,3730N 12908E
KR,PUS,Busan,26,1234567-,1001.0,3508N 12903E
KR,BNP,Busan New Port,26,1-------,1401.0,3505N 12849E
KR,BJG,Busanjin-Gu,26,1-3-----,1007.0,3509N 12903E
KR,CJA,Chuja,49,1-------,1207.0,3357N 12618E
KR,CGY,Chungyang,30,1-------,901.0,
KR,DBL,Daebul/Yeongam-gun,46,123-----,601.0,3445N 12626E
KR,DCN,Daecheon,44,1-------,1207.0,3619N 12630E
KR,DHS,Daeheuksando,46,1-------,1207.0,3441N 12526E
KR,TSN,Daesan/Seosan,44,1-------,601.0,3700N 12622E
KR,TJI,Dangjin,44,1-3-----,1307.0,3658N 12647E
KR,DDO,Dokdo,47,1-------,507.0,3714N 13151E
KR,TGH,Donghae,42,123-----,601.0,3729N 12907E
KR,GGH,Gageohyangri,46,1-------,1207.0,3404N 12505E
KR,GDO,Galdoo,46,1-------,1207.0,3418N 12631E
KR,KCN,Gamcheon/Busan,26,1-------,601.0,3505N 12900E
KR,GGU,Ganggu,46,1-------,1207.0,3621N 12923E
KR,KJE,Geoje,48,1-3-----,607.0,3451N 12835E
KR,GMD,Geomundo,46,1-------,1207.0,3401N 12718E
KR,KHN,Gohyeon/Geoje,48,1-------,601.0,3453N 12837E
KR,KUV,Gunsan,45,1234----,507.0,3559N 12643E
KR,GRP,Guryongpo,47,1-------,1207.0,3559N 12933E
KR,KAN,Gwangyang,46,123-----,507.0,3456N 12742E
KR,GIN,Gyeongin,28,1-------,1207.0,3732N 12636E
KR,HLM,Hallim,49,1-------,1207.0,3325N 12615E
KR,HAR,Haryana,26,1-------,901.0,
KR,HDO,Hongdo,46,1-------,1207.0,3439N 12511E
KR,HAS,Hosan,42,1-------,1207.0,3710N 12921E
KR,HPO,Hupo,47,1-------,1207.0,3640N 12927E
KR,HHP,Hwahungpo,46,1-------,1207.0,3418N 12640E
KR,HSN,Hwasun,49,123-----,1307.0,3314N 12620E
KR,INC,Incheon,28,123-----,901.0,3727N 12637E
KR,CHG,Janghang/Seocheon-gun,44,1-------,601.0,3600N 12641E
KR,CHA,Jeju,49,1-34----,601.0,3330N 12631E
KR,CHF,Jinhae,48,1234----,507.0,3508N 12839E
KR,JMJ,Jumunjin,42,1-------,1207.0,3753N 12850E
KR,JHA,Junghwa,48,1-------,1207.0,3447N 12822E
KR,KDO,Kukdo,47,1-------,1207.0,3432N 12826E
KR,KWA,Kwangyang,49,1-------,901.0,3330N 12632E
KR,MAS,Masan,48,123-----,507.0,3512N 12834E
KR,MIP,Mipo/Ulsan,31,1-3-----,601.0,3531N 12926E
KR,MOK,Mokpo,46,123-----,601.0,3448N 12623E
KR,MUK,Mukho/Donghae,42,123-----,601.0,3732N 12906E
KR,NRD,Narodo,46,1-------,1207.0,3423N 12715E
KR,NDS,Nokdongsin,46,1-------,1207.0,3431N 12708E
KR,OKK,Okgye/Gangneung,42,12------,601.0,3736N 12902E
KR,OKP,Okpo/Geoje,48,1-3-----,601.0,3453N 12842E
KR,ONS,Onsan/Ulsan,31,1-------,601.0,3526N 12921E
KR,KPO,Pohang,47,1234----,507.0,3602N 12922E
KR,PTK,Pyeongtaek,41,123--6--,1207.0,3658N 12706E
KR,SUK,Samcheok,42,1234----,601.0,3726N 12911E
KR,SCP,Samcheonpo/Sacheon,48,1-3-----,601.0,3455N 12804E
KR,SWD,Sangwangdeungdo,45,1-------,1207.0,3539N 12608E
KR,SPO,Seogwipo,49,1-3-----,507.0,3314N 12633E
KR,SSP,Seongsan-po,49,1-3-----,1207.0,3327N 12655E
KR,SEL,Seoul,11,12345---,1207.0,3731N 12656E
KR,SMA,Shinma,46,1-------,1207.0,3426N 12651E
KR,SHG,Sinhang/Pohang,48,1-3-----,601.0,3605N 12933E
KR,SHO,Sokcho,42,1-3-----,1601.0,3812N 12835E
KR,SGG,Songgong,46,1-------,1207.0,3450N 12613E
KR,SBU,South Busan,26,1-------,1207.0,3505N 12909E
KR,SUO,Suwon,41,123-----,601.0,3715N 12714E
KR,TAN,Taean-gun,44,1-3-----,601.0,3643N 12616E
KR,TGA,Tonghae,42,1-3-----,1101.0,3732N 12906E
KR,TYG,Tongyeong,48,1-3-----,601.0,3450N 12825E
KR,ULL,Ulleung,47,1-------,1207.0,3728N 13054E
KR,USN,Ulsan,31,1234----,507.0,3532N 12919E
KR,WND,Wando-gun,46,1-3-----,601.0,3418N 12645E
KR,YPD,Yeonpyeongdo,28,1-------,1207.0,3739N 12542E
KR,YOS,Yeosu,46,123-----,507.0,3445N 12743E
KR,YOC,Yochon,47,1-3-----,307.0,3639N 12827E
KR,YGP,Yonggipo,28,1-------,1207.0,3757N 12443E
KW,SAL,As Salimiyah,,1-3-----,607.0,2920N 04805E
KW,KHT,As Sulaybikhat,AH,1-3-----,901.0,
KW,DOH,Doha,KU,1-------,1901.0,2923N 04748E
KW,JBD,Jebel Dhana,,1-------,8103.0,
KW,KWM,Khor al Mufatta,,1-------,8103.0,
KW,KWI,Kuwait,,1--45---,9601.0,
KW,MIB,Mina' 'Abd Allah,,1-------,212.0,2901N 04810E
KW,MEA,Mina' al Ahmadi,,1-------,212.0,2904N 04809E
KW,MZR,Mina Al Zour,AH,1-------,1907.0,2843N 04824E
KW,MIS,Mina Saud,,1-------,1907.0,2846N 04828E
KW,SMY,Salmiya,HA,1-------,1607.0,2920N 04805E
KW,SAA,Shuaiba,,1-3--6--,1301.0,2902N 04808E
KW,SWK,Shuwaikh,,1-------,1907.0,2921N 04756E
KY,GEC,"Georgetown, Grand Cayman",,1-34----,307.0,1918N 08123W
KZ,AAU,Aktau,47,12-4----,2007.0,4339N 05109E
KZ,BTN,Bautino,,1----6--,901.0,4432N 05015E
KZ,TAU,Temirtau,35,1-3-----,901.0,5003N 07257E
LB,ACT,Amchit,JL,1-------,1601.0,3409N 03538E
LB,BEY,Beirut,BA,1--45---,1601.0,3350N 03529E
LB,LN8,Bekaa,BI,1-3-----,1401.0,3400N 03608E
LB,BRU,Brummana,JL,1-3--6--,907.0,3553N 03537E
LB,BYL,Byblos,JL,1-3-----,1301.0,3407N 03539E
LB,CHK,Chekka,,1-------,8103.0,
LB,DRA,Dora,JL,1-------,1601.0,3355N 03534E
LB,JIE,Jieh,,1-------,9601.0,
LB,KHA,Khalde,,1-------,9601.0,
LB,OUZ,Ouzai,,1-------,9506.0,
LB,SAY,Sayda,,1-3-----,401.0,3333N 03522E
LB,SEL,Selaata,,1-------,9506.0,
LB,SUR,Sur (Tyre),,1-------,8103.0,
LB,KYE,Tripoli,,1--4----,9601.0,
LB,ZHR,Zahrani Terminal,,1-------,9506.0,
LB,ZUK,Zouk,JL,1-------,1601.0,3358N 03538E
LC,CAS,Castries,,1-3-----,212.0,1401N 06058W
LC,CDS,Cul de Sac,,1-------,9506.0,
LC,VIF,Vieux Fort,,1-------,9506.0,
LK,BTC,Batticoloa,,1--4----,9601.0,
LK,BRW,Beruwala,,1-------,8311.0,
LK,CMB,Colombo,11,12345---,1601.0,0655N 07951E
LK,GAL,Galle,,1-------,8311.0,
LK,HBA,Hambantota,,1-------,1101.0,0607N 08107E
LK,JAF,Jaffna,,1--4----,9601.0,
LK,JCT,Jaya Container Terminal,,1-------,207.0,
LK,KAL,Kalpitiya,,1-------,8311.0,
LK,KNK,Kankesanturai,,1-------,8311.0,
LK,KAY,Kayts,,1-------,8311.0,
LK,KCT,Koggala,,1234----,901.0,0559N 08020E
LK,KON,Kondavattavan,,1-3-----,507.0,0717N 08138E
LK,MAN,Mannar,,1-------,8311.0,
LK,MAW,Mawella,,1-3-----,601.0,0559N 08044E
LK,MUL,Mulativu,,1-------,8311.0,
LK,OLU,Oluvil,,1-------,1101.0,0717N 08151E
LK,PPE,Point Pedro,,1-------,8311.0,
LK,SGT,South Asia Gateway Terminal,,1-------,207.0,
LK,TAL,Talaimannar,,1-------,8311.0,
LK,TRR,Trincomalee,,1--4----,9601.0,
LK,UCT,Unity Container Terminal,,1-------,207.0,
LR,UCN,Buchanan,,1--4----,9601.0,
LR,CMT,Cape Mount,,1-------,8103.0,
LR,CPA,Cape Palmas,,1--4----,9601.0,
LR,FIM,Fimibo,,1-------,8103.0,
LR,GBS,Grand Bassa,,1-------,8103.0,
LR,GRE,Greenville,,1-------,8103.0,
LR,HAR,Harper,MY,1-3-----,1207.0,0422N 00743W
LR,LOB,Lower Buchanan,,1-------,8103.0,
LR,MAR,Marshall,,1-------,8103.0,
LR,MLW,Monrovia,MO,1-345---,1207.0,0618N 01048W
LR,RVC,River Cess,,1--4----,212.0,0528N 00935W
LR,ROX,Robertsport,,1-------,8103.0,
LR,SAB,Sarioe Bay,,1-------,8103.0,
LR,SAZ,Sasstown,,1--4----,9601.0,
LR,SNI,Sinoe,,1--4----,9601.0,
LR,TRT,Trade Town,,1-------,8103.0,
LT,BOT,Botinge,,1-------,101.0,5604N 02107E
LT,KLJ,Klaipeda,,12-4----,2007.0,
LT,MLM,Malku ilankos juru uosto PVP/Klaipeda,KL,1-3----B,1307.0,5543N 02107E
LT,MOM,Molo juru uosto PVP/Klaipeda,KL,1-3----B,1307.0,5543N 02106E
LT,PLM,Pilies juru uosto PVP/Klaipeda,KL,1-3----B,1307.0,5543N 02105E
LU,BKM,Bech-Kleinmacher,,1-3-----,601.0,4932N 00621E
LU,EZT,Esch-sur-Alzette,,1-3-----,601.0,4930N 00559E
LU,ZXC,Grundhof,G,1-3-----,1401.0,4950N 00619E
LU,HDK,Huldange,D,1-3-----,1401.0,5009N 00600E
LU,LUX,Luxembourg,,1-345---,9601.0,
LU,MRT,Mertert,,1-------,901.0,4942N 00629E
LU,XXX,RIS Inland waterways,,1-------,1101.0,
LU,ROD,Rodange,,1-------,9307.0,
LU,WLG,Wormeldange,L,1----6--,1201.0,4936N 00624E
LV,EGE,Engure,029,1-3-----,1307.0,5710N 02313E
LV,ZJA,Jurmala,JUR,1----6--,2101.0,5657N 02345E
LV,LPX,Liepaja,LPX,1-34----,501.0,5631N 02101E
LV,MRX,Mersrags,063,123-----,1307.0,5720N 02306E
LV,PVT,Pavilosta,071,1-3-----,2101.0,5653N 02111E
LV,RIX,Riga,RIX,12-45---,2007.0,
LV,ROJ,Roja,079,1-3-----,1307.0,5730N 02248E
LV,SAL,Salacgriva,054,1-3-----,1307.0,5745N 02421E
LV,SKU,Skulte,054,123-----,1307.0,5719N 02426E
LV,VNT,Ventspils,VEN,1-------,9207.0,
LY,ABK,Abu Kammash,,1-------,9506.0,
LY,ABA,Al Bayda,,1-------,8103.0,
LY,KHO,Al Khums,,1-3-----,507.0,3239N 01416E
LY,APO,Apollonia,,1-------,8103.0,
LY,ESI,As Sidr,,1-------,212.0,3038N 01822E
LY,ZAW,Az Zawiyah,,1-------,212.0,3245N 01243E
LY,BAR,Bardiyah,,1-------,212.0,3146N 02506E
LY,BEN,Bingazi (Benghazi),,1--45---,9601.0,
LY,BUA,Bu'ayrat al Hasun,,1-------,212.0,3124N 01544E
LY,DRX,Darnah,,1-------,607.0,3246N 02238E
LY,BOU,El Bouri,,1-------,9803.0,
LY,ELK,El Choms,,1-3-----,701.0,3239N 01416E
LY,LMQ,Marsa Brega,,1--4----,9601.0,
LY,MEH,Marsa El Hania,,1-------,8103.0,
LY,MHR,Marsa El Hariga,,1-------,2407.0,3203N 02400E
LY,MTH,Melittah,TB,1-----7-,701.0,
LY,MEL,Mellitah (Qasr Ahmed),MI,123-----,901.0,3236N 01521E
LY,MRA,Misurata,,1--4----,9601.0,
LY,RLA,Ras Lanuf,,1-------,8103.0,
LY,SRT,Sirte (Surt),,1-------,8103.0,
LY,SOU,Soussah,,1-------,8103.0,
LY,TAG,Tagiura,,1-------,8103.0,
LY,TOB,Tobruk,,1--4----,9601.0,
LY,TOA,Toulmeitha,,1-------,8103.0,
LY,TIP,Tripoli,,1--4----,9601.0,
LY,TUK,Tukrah,,1-------,8103.0,
LY,ZLI,Zliten,,1-------,8103.0,
LY,ZUA,Zuara,,1-------,8103.0,
MA,AGA,Agadir,,1--4----,9601.0,
MA,SMD,Ait Melloul,13,1----6--,1201.0,3020N 00929W
MA,AHU,Al Hoceima,,1--4----,212.0,3515N 00356W
MA,ANZ,Anza,AGD,1-3-----,1401.0,3027N 00939W
MA,D2V,Ar Rommani,KHE,1----6--,1601.0,3331N 00636W
MA,ASI,Asilah,,1-------,8103.0,
MA,AZE,Azemmour,,1-------,8103.0,
MA,BUJ,Boujdour,BOD,1-3-----,2201.0,2608N 01429W
MA,CAS,Casablanca,CAS,1--45---,1101.0,3335N 00736W
MA,VIL,Dakhla,,1--4----,9506.0,
MA,ELJ,El Jadida,JDI,1-3-----,307.0,3315N 00830W
MA,ESS,Essaouira,ESI,1-3-----,307.0,3125N 00930W
MA,JFL,Jorf Lasfar,,1-3-----,1101.0,
MA,NNA,Kenitra (ex Port Lyautey),,1--4----,9601.0,
MA,EUN,Laayoune (El Aaiun),,1--4----,9506.0,
MA,LAR,Larache,,1-------,8103.0,
MA,MOH,Mohammedia,,1-------,8103.0,
MA,NDR,Nador,,1-------,9601.0,
MA,NPS,"Nouveau Port Safi, Sidi Boudenyan",SAF,1-------,2001.0,3210N 00916W
MA,RBA,Rabat,,1--4----,9601.0,
MA,REM,Ras El Ma,NAD,1----6--,1707.0,3507N 00224W
MA,RNA,Roches Noires,MOH,1-3-----,1401.0,3336N 00734W
MA,SFI,Safi,,1--4----,9601.0,
MA,SAL,Sale,,1-------,212.0,3402N 00648W
MA,SII,Sidi Ifni,,1-------,9901.0,
MA,6KN,Souq Larb'A Al Gharb,KEN,1----6--,1601.0,3440N 00558W
MA,PTM,Tanger Med,TNG,123-----,701.0,
MA,TNG,Tangier,,1--45---,701.0,3547N 00549W
MA,TEM,Temara,06,1-------,1401.0,
MA,TTU,Tetouan,,1--4----,212.0,3534N 00523W
MC,MON,Monaco,,1---5---,8103.0,
MC,MCM,Monte-Carlo,,1--4----,212.0,4344N 00725E
MD,GIU,Giurgiulesti,CA,1-3-----,1401.0,4528N 02811E
MD,XXX,RIS Inland waterways,,1-------,1101.0,
ME,BAR,Bar,,123-----,607.0,4205N 01905E
ME,BIJ,Bijela,,1-3-----,607.0,4227N 01840E
ME,BUD,Budva,05,1-3-----,1307.0,4217N 01850E
ME,HNO,Hercegnovi,,1234----,607.0,4227N 01832E
ME,IGL,Igalo,,1-3-----,607.0,4228N 01831E
ME,KOT,Kotor,10,1-34----,1307.0,4225N 01846E
ME,PVC,Petrovac,,1-3-----,607.0,4212N 01856E
ME,RSN,Risan (Risano),,1-3-----,607.0,4231N 01842E
ME,TIV,Tivat,19,1-34----,1307.0,4226N 01842E
ME,ULC,Ulcinj,20,1-3-----,1307.0,4155N 01912E
ME,ZEL,Zelenika,,123-----,607.0,4227N 01835E
MF,GES,Galisbay,,1-------,1501.0,1804N 06305W
MF,MAR,Marigot,,1-------,1901.0,1804N 06305W
MG,ADK,Androka,,1-------,8103.0,
MG,ANM,Antalaha,,1--4----,9601.0,
MG,DIE,Antsiranana,,1--4----,9506.0,
MG,BRR,Barren Islands,,1-------,8103.0,
MG,BMD,Belo,,1--4----,9601.0,
MG,BPY,Besalampy,,1--4----,9601.0,
MG,BIK,Brickaville,,1-------,8103.0,
MG,EHL,Ehoala,U,1-------,1707.0,2504S 04657E
MG,RVA,Farafangana,,1--4----,9601.0,
MG,FTU,Fort Dauphin (Toalagnaro),,1--4----,9601.0,
MG,HLV,Hell-Ville,,1-------,8103.0,
MG,VVB,Mahanoro,,1--4----,9601.0,
MG,MXT,Maintirano,,1--4----,9601.0,
MG,MJN,Majunga (Mahajanga),,1--4----,9601.0,
MG,WVK,Manakara,,1--4----,9601.0,
MG,WMR,Mananara,,1--4----,9601.0,
MG,MNJ,Mananjary,,1--4----,9601.0,
MG,MOB,Manombo,,1-------,8103.0,
MG,WMN,Maroantsetra,,1--4----,9601.0,
MG,MXM,Morombe,,1--4----,9601.0,
MG,MOQ,Morondava,,1--4----,9601.0,
MG,NOS,Nosy-Be,,1-34----,212.0,1320S 04815E
MG,NOV,Nosy-Varika,,1-------,8103.0,
MG,PSL,Port Saint Louis,,1-------,9506.0,
MG,SVB,Sambava,,1--4----,9601.0,
MG,DWB,Soalala,,1--4----,9601.0,
MG,TMM,Tamatave (Toamasina),,1--45---,9601.0,
MG,TOA,Toamasina,,1-------,9601.0,
MG,TLE,Tulear (Toliara),,1--4----,9601.0,
MG,VAT,Vatomandry,,1--4----,9601.0,
MG,VEH,Vehiperro,,1-------,8103.0,
MH,MAJ,Majuro,MAJ,1--4----,1301.0,0706N 17123E
MH,TAR,Taroa,,1-------,9506.0,
MK,DKJ,Demir Kapija,103,1-3-----,1307.0,4124N 02214E
MK,NOD,Novi Dojran,406,1-------,1307.0,4113N 02242E
MK,RAD,Radovis,409,1----6--,1307.0,4139N 02230E
MK,SNI,Sveti Nikole,108,1-------,1307.0,4151N 02156E
MM,AKY,Akyab (Sittwe),,1--4----,9401.0,
MM,BSX,Bassein,,1--4----,9601.0,
MM,BIL,Bilin,,1-------,8103.0,
MM,BOG,Bogale,,1-------,8103.0,
MM,HEB,Henzada,,1--4----,9601.0,
MM,INS,Insein,,1-------,8103.0,
MM,KYA,Kyaiklat,07,1-3-----,401.0,1634N 09547E
MM,KYP,Kyaukpyu,,1--4----,9601.0,
MM,MXE,Male,,1-3-----,101.0,
MM,MAR,Martaban,,1-------,8103.0,
MM,MNU,Mawlamyine (Moulmein),,1--4----,8103.0,
MM,MER,Mergui,,1-------,8103.0,
MM,MUR,Murdon,,1-------,8103.0,
MM,PEG,Pegu,,1-------,8103.0,
MM,TAS,Tah Sala,,1-------,8103.0,
MM,TEN,Tanintharyi,,1-------,212.0,1205N 09901E
MM,TAV,Tavoy,,1-------,8103.0,
MM,TER,Terutao Island,,1-------,8103.0,
MM,SNW,Thandwe (ex Sandoway),,1--4----,8103.0,
MM,THA,Thaton,,1--4----,8103.0,
MM,TLA,Thilawa,06,123-----,1601.0,1639N 09615E
MM,VIC,Victoria Point,,1-------,8103.0,
MM,RGN,Yangon,,1--45---,9601.0,
MM,XYE,Ye,,1--4----,9601.0,
MO,MFM,Macau,,1--45---,207.0,2212N 11332E
MP,SPN,Saipan,,1--4----,9601.0,
MQ,WF3,Case-Pilote,,1-3-----,2201.0,1438N 06108W
MQ,FDF,Fort-de-France,,1-345---,2101.0,1436N 06103W
MQ,PFI,Le Marigot,,1-3-----,2201.0,1449N 06102W
MQ,SF4,Le Precheur,,1-3-----,2201.0,1448N 06114W
MQ,LER,Le Robert,,1-3-----,1901.0,1440N 06056W
MQ,KF4,Le Vauclin,,1-3-----,2201.0,1433N 06051W
MQ,ADA,Les Anses-d'Arlet,,1-3-----,2201.0,1429N 06105W
MQ,QPC,Port de Fort-de-France Pt.,,1-3-----,1901.0,1436N 06103W
MR,NDB,Nouadhibou,,1--4----,9601.0,
MR,NKC,Nouakchott,,1--45---,9601.0,
MR,PCE,Point Central,,1-------,9506.0,
MR,ROS,Rosso,,1-3----B,701.0,1630N 01555W
MS,LTB,Little Bay,,1-3-----,1607.0,1648N 06212W
MS,PLY,Plymouth,,1---5---,9506.0,
MT,BAL,Balzan,02,1-3-----,1501.0,3554N 01427E
MT,BZE,Birzebbugia,05,1-3-----,1501.0,3550N 01432E
MT,BLA,Blata l'Bajda,18,1-3-----,1501.0,
MT,CKW,Cirkewwa,,1-3-----,701.0,
MT,DMP,Delimara,33,1-3-----,1501.0,3549N 01433E
MT,FLO,Floriana,09,1-34----,1501.0,3553N 01430E
MT,GHA,Ghargur,,1-------,901.0,
MT,GZI,Gzira,12,1-------,1501.0,3554N 01429E
MT,KIR,Kirkop,28,1-------,1501.0,3550N 01429E
MT,DIS,Malta Freeport Distripark,05,1-3-----,1501.0,3550N 01432E
MT,MSA,Marsa,31,1-------,1501.0,3552N 01429E
MT,MSX,Marsamxett,17,1-------,1501.0,3554N 01430E
MT,MSS,Marsaskala,32,1----6--,1501.0,3552N 01433E
MT,MAR,Marsaxlokk,05,1-------,1501.0,3550N 01432E
MT,MGZ,"Mgarr, Gozo",11,1-3-----,1501.0,3601N 01417E
MT,SPB,Saint Paul's Bay (San Pawl il-Bahar),51,1-------,1501.0,3556N 01423E
MT,SLM,Sliema,56,1-------,1501.0,3554N 01430E
MT,TAR,Tarxien,58,1-------,1501.0,3551N 01430E
MT,MLA,Valletta,60,1--456--,1501.0,3553N 01430E
MU,ABN,Albion,BL,1-------,1801.0,2012S 05724E
MU,BAM,Bambous,AG,1-------,901.0,
MU,CUR,Curepipe,,1-3-----,9805.0,
MU,PLU,Port Louis,,1--4----,8111.0,
MU,PMA,Port Mathurin,,1-3-----,607.0,1941S 06325E
MU,TAM,Tamarin,BL,1----6--,1107.0,2019S 05722E
MV,ADU,Addu,01,1-3-----,901.0,
MV,BAL,Baa Atoll,NO,1-------,1601.0,0508N 07257E
MV,CPP,Coastline Private Port,MLE,1-------,1807.0,0410N 07327E
MV,HID,Halaveli,NC,1-------,1601.0,0402N 07255E
MV,HTP,Hithadhoo Port,01,1-------,1807.0,0038S 07306E
MV,HHE,Hulhule Island,MLE,1-------,1601.0,0411N 07331E
MV,KEL,Kelai,UN,1-------,1307.0,
MV,KFP,Koodoo Fisheries,27,1-------,1807.0,0044N 07326E
MV,KUL,Kulhudhuffushi,23,1-3-----,1801.0,0637N 07303E
MV,KDP,Kulhudhuffushi Port,23,1-------,1807.0,0637N 07304E
MV,MMP,Maamigili Port,00,1-------,1807.0,0328N 07250E
MV,MGP,Maldive Gas,MLE,1-------,1807.0,0411N 07327E
MV,MLE,Male,MLE,1--45---,1307.0,0410N 07330E
MV,MCP,Male' Commercial Harbor,MLE,1-------,1807.0,0410N 07330E
MV,RGI,Rangali,NC,1-------,1601.0,0336N 07242E
MV,VHP,Villa Hakatha,MLE,1-------,1807.0,0411N 07326E
MW,CPK,Chipoka,SA,1-3--6--,1901.0,1400S 03431E
MW,THY,Thyolo,,1-3-----,1201.0,1604S 03508E
MX,ANH,Acanceh,YUC,1-------,901.0,
MX,ACA,Acapulco,GRO,1--4----,907.0,1651N 09952W
MX,ACM,Acolman,MEX,1----6--,1107.0,1937N 09855W
MX,APR,Agua Prieta,SON,123--6--,307.0,3118N 10934W
MX,ATM,Altamira,TAM,1-3-----,1101.0,2224N 09755W
MX,AVD,Alvarado,VER,1-------,9401.0,
MX,AOB,Alvaro Obregon,,1-------,8103.0,
MX,ATN,Amatitan,JAL,123-----,907.0,2050N 10343W
MX,ARZ,Arizpe,SON,1-3--6--,307.0,3020N 11010W
MX,ABB,Atunes,MIC,1-------,907.0,
MX,EA2,Barretal,TAM,1----6--,1001.0,2405N 09907W
MX,BDR,Boca del Rio,VER,1-3-----,601.0,1907N 09607W
MX,CSL,Cabo San Lucas,BCS,1-3-----,907.0,2253N 10953W
MX,ZCA,Cadereyta Jimenez,NLE,123--6--,307.0,2536N 10000W
MX,AAO,Camargo,CHH,1----6--,1201.0,2766N 10516W
MX,CPE,Campeche,CAM,1--4----,9601.0,
MX,CAT,Cayo Arcas Terminal,,1-------,907.0,1941N 09205W
MX,CED,Cedros,BCN,1-3-----,212.0,2807N 11510W
MX,CRI,Cedros Island,BCN,1-------,1107.0,2810N 11513W
MX,CTM,Chetumal,ROO,1--4----,9601.0,
MX,TAB,Chiltepec,TAB,1-------,1601.0,1825N 09305W
MX,CME,Ciudad del Carmen,CAM,1-------,907.0,1838N 09150W
MX,CDD,Ciudad Madero,TAM,1-34----,307.0,2216N 09750W
MX,RBV,Ciudad Rio Bravo,TAM,123--6--,701.0,2558N 09805W
MX,CSG,Ciudad Sahagun,HID,123--6--,701.0,1946N 09834W
MX,COA,Coatzacoalcos,VER,1--4----,907.0,1808N 09424W
MX,CTX,Cotaxtla,VER,1-3--6--,701.0,1850N 09623W
MX,CZM,Cozumel,ROO,1--4----,907.0,2031N 08656W
MX,CTL,Cuautla,JAL,1-3--6--,307.0,2012N 10424W
MX,DHD,Dolores Hidalgo,GUA,1-3--6--,307.0,2109N 10055W
MX,DBT,Dos Bocas Terminal,TAB,1-------,907.0,1830N 09311W
MX,ELD,Eldorado,,1-------,8103.0,
MX,EPM,Empalme,SON,1234----,407.0,2758N 11049W
MX,ESE,Ensenada,BCN,1--4----,907.0,3151N 11636W
MX,FRN,Frontera,TAB,1-------,907.0,1832N 09238W
MX,GET,General Teran,NLE,1-3-----,307.0,2516N 09941W
MX,GRA,Granjas,GUA,1----6--,901.0,2111N 10145W
MX,GSV,Guasave,SIN,1-3--6--,307.0,2534N 10827W
MX,GYM,Guaymas,SON,1--4----,907.0,2755N 11053W
MX,HTO,Huatulco (Santa Maria Huatulco),OAX,1-3-----,907.0,1550N 09619W
MX,HUN,Hunucma,YUC,1-------,1407.0,2055N 08948W
MX,ISJ,Isla Mujeres,ROO,1--4----,9601.0,
MX,SMI,Isla San Marcos,BCS,1-------,501.0,2713N 11206W
MX,ZIH,Ixtapa/Zihuatanejo,GRO,1--4----,907.0,1740N 10139W
MX,ZIP,Ixtapaluca,MEX,1-3--6--,307.0,1917N 09833W
MX,JZA,Jerez,ZAC,1-------,901.0,
MX,JMN,Jimenez,CHH,1----6--,1201.0,2820N 10524W
MX,JDZ,Juchitan de Zaragoza,OAX,1-3-----,1401.0,1626N 09501W
MX,LAP,La Paz,BCS,1-34----,1401.0,2408N 11018W
MX,LTJ,La Troje,AGU,1----6--,1201.0,2146N 10232W
MX,LZC,Lazaro Cardenas,MIC,1-------,212.0,1757N 10211W
MX,LTO,Loreto,,1--4----,907.0,2601N 11237W
MX,MHT,Magdalena/Hostotipaquillo,JAL,1----6--,901.0,2055N 10357W
MX,ZLO,Manzanillo,COL,1-34----,1401.0,1903N 10418W
MX,MAZ,Mazamitla,JAL,1-3-----,1401.0,1955N 10302W
MX,MZT,Mazatlan,SIN,1--4----,907.0,2324N 10624W
MX,MID,Merida,YUC,1--4----,212.0,2058N 08937W
MX,MTT,Minatitlan,VER,1--4----,9601.0,
MX,MRE,Morro Redondo,,1-------,9506.0,
MX,NAN,Nanchital,,1-------,9506.0,
MX,NAU,Nautla,VER,1-------,212.0,2013N 09647W
MX,OBR,Obregon,SLP,1-3--6--,701.0,2215N 10116W
MX,PAJ,Pajaritos,VER,1-------,207.0,1807N 09423W
MX,PIC,Pichilingue,BCS,1-3-----,401.0,2418N 11019W
MX,PCM,Playa del Carmen,,1--4----,907.0,2037N 08704W
MX,PIB,Port Isabel,,1-------,9506.0,
MX,PGO,Progreso,YUC,1-------,907.0,2116N 08939W
MX,PTA,Puerta,SIN,1-3--6--,701.0,2322N 10620W
MX,PNG,Puerto Angel,OAX,1-3--6--,307.0,1540N 09629W
MX,PUL,Puerto Libertad,SON,1-3-----,2101.0,2954N 11240W
MX,PMD,Puerto Madero,CHP,1-3-----,907.0,1443N 09225W
MX,PMX,Puerto Mexico,VER,1-------,8103.0,
MX,PMS,Puerto Morelos,ROO,1-3-----,212.0,2050N 08652W
MX,PPE,Puerto Penasco,SON,1--4----,9601.0,
MX,PVR,Puerto Vallarta,JAL,1--4----,907.0,2036N 10513W
MX,PBJ,Punta Baja,BCN,1-3--6--,701.0,2958N 11549W
MX,PVN,Punta Venado,ROO,1-------,407.0,2032N 08709W
MX,RBG,Rabon Grande/Coatzacoalcos,VER,1-3--6--,701.0,1813N 09424W
MX,RST,Rosarito Terminal,BCN,1-------,1307.0,3220N 11706W
MX,SCX,Salina Cruz,OAX,1--4----,907.0,1610N 09511W
MX,SBS,San Blas,NAY,1-------,8103.0,
MX,SCR,San Carlos,BCS,1-------,9401.0,
MX,SJC,San Juan de la Costa,,1-------,9506.0,
MX,SLO,San Lorenzo,,1-------,8103.0,
MX,SGX,San Miguel Xoxtla,PUE,1----6--,1201.0,1911N 09818W
MX,SN2,Santa Ana,SON,1----6--,1407.0,3011N 11031W
MX,TPX,Santa Cruz Tepexpan,MEX,1-3--6--,701.0,1934N 09942W
MX,SRL,Santa Rosalia,BCS,1-------,9601.0,
MX,STT,Santa Teresa,NAY,1-3--6--,307.0,2228N 10444W
MX,SEY,Seybaplaya,CAM,1-------,1801.0,1939N 09042W
MX,TAK,Takuntah,,1-----7-,907.0,1945N 09142W
MX,TMP,Tamaulipas,SIN,1-3--6--,701.0,2454N 10735W
MX,TAM,Tampico,TAM,1--4----,907.0,2215N 09752W
MX,TCU,Tecuala,,1-------,8103.0,
MX,TXH,Telixtlahuaca,OAX,123--6--,307.0,1718N 09654W
MX,TEN,Tenabo,CAM,1-------,212.0,2003N 09014W
MX,4TE,Tepetlixpac,MEX,1----6--,1407.0,1902N 09849W
MX,TXC,Tiaxcala,TLA,1----6--,901.0,1923N 09815W
MX,TIJ,Tijuana,BCN,1-34----,401.0,3232N 11701W
MX,TJT,Tlalpan,,1----6--,1201.0,1917N 09910W
MX,TPB,Topolobampo,SIN,1-------,907.0,2536N 10903W
MX,TUX,Tuxpan,VER,1-------,907.0,2057N 09724W
MX,VER,Veracruz,VER,1-345---,1401.0,1912N 09605W
MX,VNR,Villa Nicolas Romero,MEX,1-3-----,601.0,1938N 09918W
MX,XAL,Xalostoc,MEX,1-3--6--,701.0,1931N 09905W
MX,9AS,Xochimancas,MOR,1-3-----,1401.0,1847N 09906W
MX,YUK,Yukalpeten,,1-------,8103.0,
MX,ZKP,Zakapu,MIC,123-----,601.0,1948N 10148W
MX,ZRZ,Zaragoza,PUE,1-3--6--,701.0,1946N 09732W
MX,XIH,Zihuatanejo,GRO,1-------,907.0,1738N 10133W
MY,ABU,Abu,,1-------,907.0,0607N 10517E
MY,ANG,Angsi,,1-------,907.0,0505N 10441E
MY,BAG,Bagan Datok,,1-------,8103.0,
MY,BWH,Bagan Luar (Butterworth),,1-34----,8103.0,
MY,BKP,Bakapit,,1-------,9506.0,
MY,BMA,Bandar Maharani,,1-------,8103.0,
MY,BTK,Bandar Tenggara,,1-------,1201.0,0152N 10337E
MY,BGU,Bangau,12,1-------,212.0,0657N 11642E
MY,BAK,Batang Kali,10,1-------,1801.0,0328N 10138E
MY,BBA,"Batu Batu, Sabah",12,1-------,2307.0,0502N 11557E
MY,TJH,Batu Gajah,08,1-------,901.0,0428N 10103E
MY,BTW,Batu Kawan,07,12---6--,1701.0,0515N 10025E
MY,BLI,"Batu Lintang, Sarawak",13,1-------,212.0,
MY,BTM,Batu Maung,07,1-------,1707.0,0517N 10017E
MY,BAT,Batu Pahat,,1-------,8103.0,
MY,BAU,"Bau, Sarawak",,1-------,8103.0,
MY,BEA,Beaufort,12,123-----,901.0,0520N 11545E
MY,BLG,"Belaga, Sarawak",,1--4----,9601.0,
MY,BEL,"Beluran, Sabah",12,1-------,2307.0,0553N 11733E
MY,BNT,"Benut, Johor",,1-------,8103.0,
MY,BTG,"Betong, Sarawak",,1-------,8103.0,
MY,BIA,"Biawak, Sarawak",,1-------,8103.0,
MY,BNG,"Binatang, Sarawak",,1-------,8103.0,
MY,BTN,Bintangor,,1-------,9506.0,
MY,BTU,"Bintulu, Sarawak",,1-------,9601.0,
MY,BGG,"Bunan Gega, Sarawak",,1-------,8103.0,
MY,BGR,Bunga Raya,,1-------,907.0,0657N 10406E
MY,CEN,Cendor,,1-------,907.0,0534N 10433E
MY,DDW,Danjindawai,,1-------,8103.0,
MY,DRO,"Daro, Sarawak",,1-------,8103.0,
MY,END,Endau,,1-------,8103.0,
MY,HUM,Hutan Melintang,08,1-------,212.0,0353N 10056E
MY,JAM,"Jambongan, Sabah",12,1-------,2307.0,0640N 11730E
MY,JEL,Jelutong,07,1-------,1707.0,0524N 10019E
MY,JHB,Johor Bahru,,1--4----,9401.0,
MY,KAB,"Kabong, Sarawak",,1-------,8103.0,
MY,TKP,Kampong Tanjong Kupang,01,1-3-----,212.0,0121N 10335E
MY,TLA,Kampung Tanjung Langsat,01,1-------,1101.0,0128N 10401E
MY,KES,Kejit,,1-------,8103.0,
MY,KEM,Kemaman,,1-------,8103.0,
MY,KPN,Kepong,14,1-------,1801.0,0313N 10138E
MY,KET,Kertih,11,1-------,212.0,0431N 10327E
MY,KIJ,Kijal,,1-------,8103.0,
MY,KIM,"Kimanis, Sabah",12,1-------,2307.0,0537N 11554E
MY,KBD,"Kota Belud, Sabah",12,1-------,2307.0,0621N 11626E
MY,KBR,Kota Bharu,,1--4----,9601.0,
MY,BKI,"Kota Kinabalu, Sabah",12,1-345---,2307.0,0558N 11604E
MY,BDV,Kota Marudu,12,1-------,2307.0,0630N 11646E
MY,KSS,Kota Sarang Semut,02,1-------,901.0,5590N 10240E
MY,KTI,Kota Tinggi,,1-------,8103.0,
MY,KRE,Krety,,1-------,8103.0,
MY,KBA,Kuala Baram,13,1-3-----,2407.0,0434N 11359E
MY,KBE,"Kuala Belud, Sabah",,1-------,8103.0,
MY,KBS,Kuala Besar,,1-------,8103.0,
MY,BST,Kuala Besut,,1-------,212.0,0550N 10234E
MY,DGN,Kuala Dungun,11,1-3-----,1101.0,0447N 10326E
MY,KUG,Kuala Gula,,1-------,8103.0,
MY,KKH,Kuala Kedah,,1-------,8103.0,
MY,KPU,"Kuala Penyu, Sabah",,1-------,8103.0,
MY,KPS,Kuala Perlis,,1-------,8103.0,
MY,PRN,Kuala Rompin,,1-------,8103.0,
MY,KSD,Kuala Sedili,,1-------,8103.0,
MY,KSG,"Kuala Segama, Sabah",,1-------,8103.0,
MY,KSL,Kuala Selangor,10,1----6--,1601.0,0320N 10103E
MY,TGG,Kuala Terengganu,,1--4----,9601.0,
MY,KUA,Kuantan (Tanjong Gelang),,1--4----,9601.0,
MY,KCH,"Kuching, Sarawak",,1--45---,9601.0,
MY,KUD,"Kudat, Sabah",,1-34----,9601.0,
MY,KKP,Kukup,,1-------,8103.0,
MY,KUN,"Kunak, Sabah",,1-------,8103.0,
MY,LBU,Labuan,15,1--4----,2307.0,0517N 11514E
MY,LBH,Labuan Haji,12,1-------,212.0,0429N 11838E
MY,LDU,"Lahad Datu, Sabah",,1--4----,8103.0,
MY,LGK,Langkawi,02,1-34----,401.0,0622N 09948E
MY,LWY,"Lawas, Sarawak",,1--4----,9601.0,
MY,LMN,"Limbang, Sarawak",,1-------,9601.0,
MY,LGG,"Lingga, Sarawak",,1-------,8103.0,
MY,LUM,Lumut,,1-------,8103.0,
MY,LUN,"Lundu, Sarawak",,1-------,8103.0,
MY,LUT,"Lutong, Sarawak",,1-------,8103.0,
MY,MKZ,Malacca,,1--4----,9601.0,
MY,MAN,Manjung,08,1-------,307.0,0409N 10037E
MY,MUR,"Marudi, Sarawak",,1--4----,9601.0,
MY,MEM,"Mempakul, Sabah",,1-------,8103.0,
MY,MBS,Menumbok,12,1-3-----,2107.0,0518N 11522E
MY,MBK,Merbok,02,1-3-----,1501.0,0543N 10025E
MY,MEP,Mersing,,1--4----,9601.0,
MY,MYY,"Miri, Sarawak",,1-------,9601.0,
MY,MUA,Muar,,1-------,8103.0,
MY,MUD,Muda Marine Terminal,,1-------,1001.0,0735N 10259E
MY,MKM,"Mukah, Sarawak",,1--4----,9601.0,
MY,MEN,Nenasi,06,1-3-----,212.0,0308N 10327E
MY,NII,Nilai,05,1-------,1407.0,0249N 10148E
MY,SNP,North Pt,10,1-------,901.0,
MY,LPK,Northport/Pt Klang,14,1-------,901.0,
MY,PAL,"Paloh, Sarawak",,1-------,8103.0,
MY,PAN,Panchang,,1-------,8103.0,
MY,PAS,Pasir Gogok,,1-------,8103.0,
MY,PGU,"Pasir Gudang, Johor",,1-------,8103.0,
MY,PHI,Pasir Hitam,,1-------,8103.0,
MY,PED,Pedena,,1-------,8103.0,
MY,PEN,Penang (Georgetown),07,1--4----,1601.0,0525N 10019E
MY,PMT,Penara Marine Terminal,,1-------,501.0,0607N 10501E
MY,PND,Pending,13,1-3-----,1301.0,0133N 11023E
MY,PGG,Pengerang,01,1-------,212.0,0122N 10407E
MY,PKK,Pengkalan Kubor,,1-------,8103.0,
MY,RAI,Perai,,123-----,701.0,0523N 10023E
MY,POW,Pontian,,1-------,8103.0,
MY,PDI,Port Dickson,,1-------,8103.0,
MY,XPQ,Port Klang (Ferry Port),10,1-------,907.0,0301N 10122E
MY,PKG,Port Klang (Pelabuhan Klang),10,123-5---,1101.0,0300N 10124E
MY,PRA,Prai,,1-------,8103.0,
MY,PBA,"Pulau Batik, Sabah",,1-------,8103.0,
MY,BRU,Pulau Bruit,13,1-------,901.0,0235N 11120E
MY,LAU,Pulau Indah,10,1----6--,901.0,0256N 10119E
MY,PJK,Pulau Jarak,,1-------,1307.0,0358N 10005E
MY,PPI,Pulau Pisang,,1-------,8103.0,
MY,PTB,"Pulau Tambisan, Sabah",,1-------,8103.0,
MY,PUN,"Punang, Sarawak",,1-------,8103.0,
MY,REJ,"Rejang, Sarawak",,1-------,8103.0,
MY,SBT,Sabahat,12,1-------,212.0,0504N 11902E
MY,SIP,Samalaju,13,1-3-----,2007.0,0357N 11332E
MY,SAM,Samu,13,1-------,212.0,0133N 11132E
MY,SDK,"Sandakan, Sabah",,1--4----,9601.0,
MY,SAR,Sarikei,13,1-3-----,212.0,0207N 11131E
MY,SGM,Segamat,01,123-----,212.0,0230N 10249E
MY,SEJ,"Sejingkat, Sarawak",,1-------,8103.0,
MY,SEL,"Selalang, Sarawak",,1-------,8103.0,
MY,BSE,"Sematan, Sarawak",,1--4----,9506.0,
MY,SMM,"Semporna, Sabah",,1--4----,9601.0,
MY,SNR,Senari - Sarawak,13,1-3-----,1301.0,0136N 11026E
MY,SEP,"Sepang, Selangor",10,1-3---7-,501.0,0242N 10145E
MY,SHA,Shah Alam,,1-------,9601.0,
MY,SBW,"Sibu, Sarawak",,1--4----,9601.0,
MY,SIJ,Sijingkat,,1-------,9506.0,
MY,SIL,Silay,,1-------,8103.0,
MY,SMG,"Simanggang, Sarawak",,1-------,8103.0,
MY,SPG,"Simpangan, Sabah",,1-------,8103.0,
MY,SMJ,"Simunjan, Sarawak",,1-------,8103.0,
MY,SDM,Sindumin,,1-------,8103.0,
MY,SPT,"Sipitang, Sabah",,1-------,9601.0,
MY,SIR,Siran,,1-------,8103.0,
MY,SRK,"Sirikin, Sarawak",,1-------,8103.0,
MY,SME,Sri Medan,,1-------,8103.0,
MY,SDR,"Sundar, Sarawak",,1-------,8103.0,
MY,SUM,Sungai Merah,13,1-------,901.0,0220N 11150E
MY,SRE,Sungai Rengit,,1-------,8103.0,
MY,SGG,Sungai Udang,04,1-------,1801.0,0215N 10205E
MY,SUP,Sungai Udang Port,,1-------,1607.0,0215N 10208E
MY,SUW,Sungai Way,10,123-----,212.0,0305N 10137E
MY,TAI,Tampoi,01,1-3-----,212.0,0129N 10341E
MY,TTE,Tandjung Tengelili,,1-------,8103.0,
MY,TBA,Tanjong Baran,,1-------,8103.0,
MY,TBE,Tanjong Berhala,,1-------,9506.0,
MY,TBI,Tanjong Bin,01,1-------,307.0,0120N 10333E
MY,TDA,Tanjong Dawai,,1-------,8103.0,
MY,TKI,Tanjong Kidurong,,1-------,9506.0,
MY,TSR,Tanjong Surat,,1-------,8103.0,
MY,TGE,Tanjung Gelang,06,1-3-----,401.0,0359N 10325E
MY,TAG,Tanjung Lembung,02,1-3-----,1301.0,0617N 09947E
MY,TMP,Tanjung Manis,13,1-------,1307.0,0208N 11121E
MY,TPP,Tanjung Pelepas,01,123-----,601.0,0122N 10333E
MY,TAT,Tapis Terminal,,1-------,9506.0,
MY,TWU,"Tawau, Sabah",,1--4----,9601.0,
MY,TRM,Telok Ramunia,,1-------,8103.0,
MY,TAS,Teluk Intan,,1-3-----,2407.0,
MY,TRB,Teluk Rubiah,08,1-3-----,1701.0,4949N 10037E
MY,TEN,"Tengku, Sabah",,1-------,8103.0,
MY,ASQ,Teronoh,08,1----6--,1407.0,0425N 10059E
MY,TOD,Tioman,,1--4----,9601.0,
MY,TMG,Tomanggong,,1--4----,9601.0,
MY,TUB,Tubau,13,1-3-----,1307.0,0308N 11342E
MY,TMB,Tumbum,,1-------,8103.0,
MY,TUM,Tumpat,,1-------,8103.0,
MY,TUN,Tungku,,1-------,8103.0,
MY,WAL,"Wallace Bay, Sabah",,1-------,8103.0,
MY,WES,"Weston, Sabah",,1-------,8103.0,
MZ,ANO,Angoche,,1--4----,9601.0,
MZ,BEW,Beira,,1--45---,9601.0,
MZ,BEL,Bela Vista,,1-------,8103.0,
MZ,INE,Chinde,,1--4----,9601.0,
MZ,COR,Coropoa,N,1-3-----,2207.0,1632S 03941E
MZ,IBO,Ibo,,1--4----,9601.0,
MZ,INH,Inhambane,,1--4----,9601.0,
MZ,MCU,Macuse,,1-------,8103.0,
MZ,MPM,Maputo,,1--45---,9601.0,
MZ,MSG,Massinga,,1-------,8103.0,
MZ,MAT,Matola,,1-------,8103.0,
MZ,MEM,Memba,,1-------,8103.0,
MZ,MZQ,Mocambique,,1-------,8103.0,
MZ,MZB,Mocimboa da Praia,P,1-34----,307.0,1120S 04021E
MZ,MMW,Moma,,1--4----,9601.0,
MZ,MOR,Morrumbene,,1-------,8103.0,
MZ,MNC,Nacala,,1--4----,9601.0,
MZ,NSO,Nova Sofala,,1-------,8103.0,
MZ,PEB,Pebane,,1--4----,9601.0,
MZ,POL,Pemba,,1--4----,9601.0,
MZ,PBE,Porto Belo,,1-------,9506.0,
MZ,UEL,Quelimane,,1--4----,9601.0,
,LUD,Luderitz,,1--4----,212.0,2639S 01510E
,RUA,Ruacana,KU,1----6--,1001.0,1726S 01421E
,WVB,Walvis Bay,,1-------,8103.0,
NC,DUS,Ducos,,1-------,1901.0,2214S 16627E
NC,KOU,Kouaoua,,1-3-----,2207.0,2124S 16550E
NC,MTD,Le Mont-Dore,,1----6--,1901.0,2217S 16635E
NC,LIF,Lifou,,1--4----,2207.0,2058S 16714E
NC,MEE,Mare,,1--4----,2207.0,2130S 16759E
NC,NAK,Nakety,,1-3-----,212.0,2133S 16602E
NC,NEP,Nepoui,,1--4----,1901.0,2119S 16500E
NC,NOU,Noumea,,1--45---,212.0,2216S 16627E
NC,PAA,Paagoumene,,1-------,2101.0,2029S 16412E
NC,POR,Poro,,1-3-----,1901.0,2118S 16543E
NC,PNY,Prony,,1-3-----,1901.0,2219S 16649E
NC,TUD,Teoudie,,1-3-----,1901.0,2046S 16424E
NC,THI,Thio,,1-------,1901.0,
NC,TON,Tontouta Apt,,1--45---,1901.0,
NC,VAV,Vavouto,,1-------,1901.0,2100S 16440E
NC,WAL,Wala,,1-------,1901.0,1943S 16339E
NG,ABO,Abonnema,,1-------,8311.0,
NG,ADO,Ado,,1-------,8311.0,
NG,ABM,Agbami,,1-------,907.0,0331N 00531E
NG,AKP,Akpo,,1-------,901.0,0308S 06049E
NG,ANB,Anambra,KO,1----6--,1107.0,0716N 00724E
NG,ANT,Anta,,1-------,212.0,0927N 00828E
NG,ANA,Antan,,1-------,901.0,0413N 00819E
NG,APP,Apapa,,1-------,8311.0,
NG,BAD,Badagri,,1-------,8311.0,
NG,BON,Bonny,,1-------,8311.0,
NG,BRA,Brass,,1-------,8311.0,
NG,BUR,Burutu,,1-------,8311.0,
NG,CBQ,Calabar,,1--4----,9601.0,
NG,DEN,Denema,,1-------,8311.0,
NG,EAT,Ea Terminal,,1-------,907.0,0447N 00517E
NG,EKE,Eket,,1-------,8311.0,
NG,ERT,Erha Terminal,ON,1-----7-,901.0,0521N 00421E
NG,ESC,Escravos,,1-------,8311.0,
NG,FLM,Falomo,LA,1-3-----,1301.0,0627N 00326E
NG,FOR,Forcados,,1-------,8311.0,
NG,GRP,Greek Port,,1-------,8311.0,
NG,LKK,Ibeju - Lekki,LA,1-3-----,2301.0,0626N 00400E
NG,IMA,Ima,,1-------,901.0,0413N 00723E
NG,KT7,Katsina,KT,1-----7-,1401.0,1259N 00735E
NG,KIR,Kirikakiri,,1-3-----,607.0,0420N 00615E
NG,KOK,Koko,,1-------,8311.0,
NG,KUL,Kula,,1-------,8311.0,
NG,LOS,Lagos,,1--45---,9601.0,
NG,OKN,Okono,,1-------,907.0,0401N 00717E
NG,OKR,Okrika,,1-------,8311.0,
NG,OKW,Okwori,,1-------,907.0,0351N 00658E
NG,ONN,Onne,RI,1-3-----,1301.0,0443N 00709E
NG,ORO,Oron,,1-------,8311.0,
NG,OSO,Oso,,1-------,907.0,0250N 00800E
NG,OYO,Oyo,,1-------,907.0,0523N 00435E
NG,PHC,Port Harcourt,,1--4----,9601.0,
NG,OBO,Que Oboe Terminal/Eket,,1-------,8311.0,
NG,SOT,Sango Otta,LA,1-3-----,1301.0,0642N 00314E
NG,SPL,Sapele,,1-------,8311.0,
NG,TIN,Tincan/Lagos,,1-------,8311.0,
NG,WAR,Warri,,1-------,8311.0,
NI,BEF,Bluefields,,1--4----,9601.0,
NI,CIO,Corinto,,1---5---,9401.0,
NI,ELB,El Bluff,,1-------,9401.0,
NI,LM8,Las Maderas,MN,1----6--,1401.0,1226N 08602W
NI,MAC,Masachapa,MN,1-------,1201.0,1147N 08631W
NI,PTI,Potosi,CI,1-------,1601.0,1300N 08730W
NI,PRI,Prinzapolca,,1-------,9506.0,
NI,PUZ,Puerto Cabezas,,1-------,9601.0,
NI,PIB,Puerto Isabel,,1-3-----,212.0,1322N 08334W
NI,PSN,Puerto Sandino,,1-------,701.0,1211N 08645W
NI,RAM,Rama,AS,1-3--6--,307.0,1209N 08413W
NI,SJS,San Juan del Sur,,1-------,9401.0,
NI,TPA,Tipitapa,MN,1-3-----,901.0,1212N 08606W
NI,8LG,Totogalpa,MD,1----6--,1407.0,1334N 08630W
NL,AAM,Aalsmeer,,1-------,9506.0,
NL,AMB,Aalsmeerderbrug,NH,1-3-----,501.0,5216N 00445E
NL,AAL,Aalst,GE,1-3-----,2107.0,5157N 00532E
NL,ARI,Aarle Rixtel,NB,1-3-----,1607.0,5130N 00538E
NL,AHO,Achthoven,UT,1-3-----,501.0,5203N 00459E
NL,AKL,Akersloot,,1-------,9602.0,
NL,ABL,Alblasserdam,,1-------,9602.0,
NL,AWD,Albrandswaard,ZH,123--6--,907.0,5151N 00425E
NL,ALK,Alkmaar,NH,123-----,1601.0,5238N 00445E
NL,ALM,Almelo,OV,123-----,1601.0,5221N 00640E
NL,AER,Almere,FL,1-3--6--,2007.0,5222N 00513E
NL,APN,Alphen aan den Rijn,ZH,123-----,1607.0,5208N 00440E
NL,AML,Ameland,,1--4----,1607.0,
NL,AMR,Amerongen,UT,1-3-----,1607.0,5200N 00528E
NL,AME,Amersfoort,,123-----,1101.0,5209N 00523E
NL,AMS,Amsterdam,,12345---,1907.0,5224N 00449E
NL,ANP,Anna Paulowna,NH,1-3-----,1607.0,5252N 00452E
NL,APP,Appingedam,GR,1-3-----,1607.0,5319N 00652E
NL,ARC,Arcen,LI,1-3-----,1607.0,5129N 00611E
NL,BGE,Baambrugge,UT,123-----,501.0,5215N 00459E
NL,BRA,Baarland,ZE,1-3-----,607.0,5124N 00352E
NL,BAN,Bant,FL,1-3-----,501.0,5246N 00545E
NL,BRR,Barendrecht,,123-----,1607.0,
NL,BGO,Barsingerhorn,NH,1-3-----,501.0,5247N 00451E
NL,BHM,Bartlehiem,FR,1-3-----,501.0,5317N 00550E
NL,BSL,Beesel,LI,1-3-----,1107.0,5116N 00602E
NL,BTS,Beets,NH,1-3-----,501.0,5235N 00458E
NL,BFD,Belfeld,LI,1-3-----,1607.0,5119N 00607E
NL,BEM,Bemmel,GE,1-3-----,1607.0,5154N 00554E
NL,BGB,Bergambacht,ZH,1-3-----,2307.0,
NL,BEG,Bergen aan Zee,,1-------,1107.0,
NL,BZM,Bergen op Zoom,NB,123-----,1701.0,5130N 00418E
NL,BGI,Bergerheide,,1-3-----,501.0,
NL,BLU,Berlicum,NB,1-3-----,501.0,5140N 00523E
NL,BST,Best,NB,1-3-----,1607.0,5130N 00524E
NL,BNN,Beuningen,GE,1-3-----,1607.0,5152N 00547E
NL,BEV,Beverwijk,,123-----,9602.0,
NL,BNZ,Biddinghuizen,FL,1-3-----,501.0,5227N 00542E
NL,BIT,Biest,NB,1-3-----,501.0,5131N 00509E
NL,BDR,Bilderdam,ZH,1-3-----,501.0,5213N 00443E
NL,BNM,Binnenmaas,,1-------,9901.0,
NL,BDA,Birdaard,FR,1-3-----,501.0,5318N 00553E
NL,BLE,Blerick,LI,123-----,2107.0,5122N 00610E
NL,BNH,Boarnsterhim,FR,1-3-----,501.0,5305N 00549E
NL,BOG,Bodegraven,,1-3-----,1101.0,5205N 00445E
NL,BZW,Boornzwaag,FR,1-3-----,501.0,5253N 00534E
NL,BWW,Boornzwaag over de Wielen,FR,1-3-----,501.0,5257N 00545E
NL,BGW,Borgsweer,GR,1-3-----,501.0,5318N 00701E
NL,BON,Born,LI,1-3-----,1607.0,5102N 00549E
NL,BOR,Borssele,ZE,1-3-----,1501.0,5125N 00343E
NL,BSK,Boskoop,,1-3-----,1607.0,
NL,BSH,Bosscherheide,LI,1-3-----,501.0,5134N 00605E
NL,BOT,Botlek,ZH,1-3-----,207.0,5153N 00417E
NL,BTA,Bourtange,GR,1-3-----,501.0,5301N 00712E
NL,BVI,Bovensmilde,DR,1-3-----,501.0,5259N 00629E
NL,BRD,Breda,NB,123-----,1607.0,5134N 00448E
NL,BRS,Breskens,,1-3-----,1907.0,5123N 00334E
NL,RUK,Breukelen,,1-3-----,1607.0,
NL,BRI,Brielle,,1-3-----,1607.0,
NL,BRO,Brouwershaven,,1-------,9506.0,
NL,BSE,Bruinisse,,1-3-----,1607.0,
NL,BRM,Brummen,,1-3-----,1607.0,
NL,BUD,Budel,,1--4----,1607.0,
NL,BNU,Buggenum,LI,1-3-----,501.0,5114N 00559E
NL,BNE,Bunde,LI,123-----,501.0,5053N 00544E
NL,BUN,Bunschoten,,1-3-----,1607.0,
NL,BVG,Burgervlotbrug,NH,1-3-----,501.0,5245N 00441E
NL,BHS,Burghsluis,ZE,1-------,1107.0,5141N 00345E
NL,BWE,Burgwerd,FR,1-3-----,501.0,5305N 00533E
NL,SSO,Bussloo,GE,1----6--,1201.0,5212N 00608E
NL,CZD,Cadzand,ZE,1-3-----,607.0,5122N 00324E
NL,CPD,Camperduin,NH,1-3-----,1107.0,5245N 00439E
NL,CPI,Capelle aan den IJssel,,1-------,9602.0,
NL,COE,Coevorden,,123-----,1607.0,
NL,CRI,Creil,FL,123-----,501.0,5246N 00540E
NL,CUB,Culemborg,,1-3-----,1607.0,
NL,CDP,De Cocksdorp,NH,1-3-----,1107.0,5309N 00453E
NL,DHK,De Haukes,NH,1-3-----,501.0,5253N 00456E
NL,DHE,De Heen,NB,1-3-----,501.0,5137N 00416E
NL,DKO,De Kooy,NH,1-3-----,501.0,5255N 00448E
NL,DRP,De Rijp,NH,1-3-----,501.0,5234N 00451E
NL,DSO,De Strook,NH,1-3-----,501.0,5247N 00454E
NL,DST,Deest,GE,1-3-----,501.0,5153N 00540E
NL,DEL,Delden,OV,123-----,1607.0,5216N 00643E
NL,DFT,Delft,,123-----,1607.0,
NL,DZL,Delfzijl,,123-----,1907.0,5231N 00656E
NL,DMK,Demmerik,UT,123-----,501.0,5212N 00456E
NL,DBM,Den Bommel,,1-3-----,601.0,
NL,DHR,Den Helder,,123-----,1907.0,5257N 00446E
NL,DHO,Den Hool,DR,1-3-----,501.0,5243N 00647E
NL,DEV,Deventer,,123-----,9602.0,
NL,DVB,Dieverbrug,DR,1-3-----,501.0,5251N 00620E
NL,DWA,Dodewaard,,123--6--,601.0,5155N 00539E
NL,DOE,Doesburg,,1-3-----,1607.0,
NL,DOI,Doetinchem,,1-3-----,1607.0,
NL,DOK,Dokkum,,1-------,9506.0,
NL,DBR,Domburg,ZE,123-----,1301.0,5134N 00330E
NL,DON,Dongen,,1-3-----,1607.0,
NL,DSI,Doodstil,GR,1-3-----,501.0,5324N 00640E
NL,DOR,Dordrecht,,123-----,1907.0,5147N 00438E
NL,ND5,Dreischor,ZE,1----6--,1407.0,5141N 00359E
NL,DUM,Dreumel,,1-3-----,601.0,5151N 00526E
NL,DRL,Driel,GE,1-3-----,501.0,5158N 00549E
NL,DSM,Driesum,FR,1-3-----,501.0,5318N 00603E
NL,DRO,Dronten,,1-3-----,1607.0,
NL,DVT,Duivendrecht,NH,123-----,501.0,5220N 00455E
NL,DUG,Dukenburg,GE,123-----,501.0,5149N 00548E
NL,ECD,Echteld,,1-------,9602.0,
NL,EHU,Echtenerbrug,FR,1-3-----,501.0,5252N 00549E
NL,EDM,Edam,,1-3-----,1607.0,
NL,EFE,Eefde,GE,123-----,501.0,5210N 00614E
NL,EEM,Eemshaven,,123-----,9602.0,
NL,EWO,Eernewoude,FR,1-3-----,501.0,5308N 00556E
NL,EIN,Eindhoven,NB,1234----,1607.0,5127N 00528E
NL,EKK,Ekkersrijt,NB,1-3-----,901.0,5130N 00528E
NL,ELB,Elburg,,1-3-----,1607.0,
NL,ELX,Ell,LI,1-3-----,501.0,5113N 00548E
NL,QCU,Elst,,1-3-----,1607.0,5155N 00551E
NL,EPL,Empel,NB,1-3-----,501.0,5144N 00520E
NL,ENK,Enkhuizen,,1-3-----,1607.0,
NL,ENS,Enschede,,1234----,1607.0,
NL,ERA,Erica,DR,1-3-----,501.0,5243N 00656E
NL,EUR,Europoort,,123-----,9812.0,
NL,ANK,Everingen,ZE,1-------,1907.0,5124N 00345E
NL,EWK,Ewijk,GE,1-3-----,501.0,5152N 00544E
NL,EXZ,Exmorrazijl,FR,1-3-----,501.0,5304N 00528E
NL,FAR,Farmsum,,1-3-----,1607.0,
NL,FJA,Fonejacht,FR,1-3-----,501.0,
NL,FOX,Foxhol,,1-3-----,1901.0,
NL,FKP,Fraamklap,GR,1-3-----,501.0,5320N 00638E
NL,GKN,Gaarkeuken,GR,123-----,501.0,5315N 00619E
NL,GWO,Garmerwolde,GR,1-3-----,501.0,5315N 00639E
NL,GSS,Gasselternijveen,DR,1----6--,1107.0,5259N 06051E
NL,GWU,Geeuwenbrug,DR,1-3-----,501.0,5252N 00622E
NL,GDM,Geldermalsen,,1-3-----,1607.0,
NL,GET,Gendt,GE,1-3-----,1607.0,5153N 00558E
NL,GLL,Geulle,LI,123-----,501.0,5055N 00544E
NL,GHO,Giethoorn,OV,1-3-----,501.0,5244N 00604E
NL,GDR,Goedereede,,1-------,9602.0,
NL,GOE,Goes,,1-3-----,1607.0,
NL,GOO,Goor,,1-3-----,1607.0,
NL,GOR,Gorinchem,,123-----,1901.0,
NL,GOU,Gouda,,123-----,1607.0,
NL,GUN,Goudriaan,ZH,1-3-----,901.0,5154N 00454E
NL,GBG,Gramsbergen,OV,123-----,501.0,5237N 00641E
NL,GRK,Groenendijk,,1-3-----,1101.0,5208N 00434E
NL,GRW,Groeneweg,ZH,1-3-----,501.0,5159N 00436E
NL,GWD,Groenewoud,NB,1-3-----,501.0,5131N 00537E
NL,GRQ,Groningen,,1234----,9602.0,
NL,GDO,Groot Dochteren,GE,123-----,501.0,5210N 00622E
NL,HFN,Haaften,,1-3-----,607.0,5149N 00513E
NL,HBK,Haaldersbroek,NH,1-3-----,501.0,5229N 00450E
NL,HAA,Haarlem,,123-----,1607.0,
NL,HLR,Haarlemmerliede,NH,123-----,501.0,5223N 00441E
NL,HAE,Haelen,,1-3-----,1607.0,
NL,HST,Haghorst,NB,1-3-----,501.0,5130N 00513E
NL,HAN,Hansweert/Schore,,1-3-----,1907.0,5126N 00400E
NL,HBG,Hardenberg,,1-3-----,1607.0,
NL,HRD,Harderwijk,,1-3-----,1607.0,
NL,HGS,Hardinxveld,ZH,1-3-----,701.0,5149N 00452E
NL,HXG,Hardinxveld-Giessendam,ZH,1-3-----,1901.0,5149N 00450E
NL,HRE,Haren,GR,1-3-----,501.0,5310N 00636E
NL,HAR,Harlingen,,123-----,1907.0,5311N 00526E
NL,HSK,Harskamp,GE,1----6--,1201.0,5208N 00545E
NL,HTM,Hattem,GE,123-----,501.0,5228N 00604E
NL,HVE,Havelte,DR,1-3-----,501.0,5246N 00615E
NL,HZK,Hazeldonk,NB,123--6-B,907.0,5130N 00444E
NL,HDL,Hedel,,1-3-----,1607.0,
NL,HEE,Heel,,1-3-----,1607.0,
NL,HMS,Heemstede,,1-3-----,1607.0,
NL,HRV,Heerenveen,,1-3-----,1607.0,
NL,HRW,Heerewaarden,,1-3-----,1607.0,
NL,HSW,Heeswijk,NB,1-3-----,501.0,5139N 00528E
NL,HEJ,Heijen,,123-----,1607.0,
NL,HLO,Heiloo,,1-3-----,1607.0,
NL,HKO,Hekendorp,ZH,123-----,501.0,5201N 00449E
NL,HSL,Hellevoetsluis,,1-------,9506.0,
NL,HLM,Helmond,,123-----,1101.0,5129N 00540E
NL,HPE,Hempens,FR,1-3-----,501.0,5311N 00550E
NL,HGL,Hengelo,,123-----,9602.0,
NL,HNZ,Hengstdijk,ZE,1----6--,1001.0,5121N 00400E
NL,HTR,Heteren,,1-3-----,1607.0,
NL,HUK,Heukelum,GE,1----6--,1001.0,5152N 00504E
NL,HUM,Heumen,GE,123-----,501.0,5146N 00551E
NL,HKM,Hijkersmilde,DR,1-3-----,501.0,5256N 00626E
NL,HIL,Hillegom,,1-3-----,1607.0,
NL,HVK,Hilvarenbeek,NB,1-3-----,307.0,5129N 00508E
NL,HVS,Hilversum,,123-----,1607.0,
NL,HVH,Hoek van Holland,,123-----,1907.0,5158N 00407E
NL,HSO,Holsloot,DR,1-3-----,501.0,5243N 00648E
NL,HOT,Holt,OV,1-3-----,501.0,5232N 00620E
NL,HME,Holtheme,OV,123-----,501.0,5237N 00642E
NL,HLW,Holwerd,FR,1-3-----,1107.0,5323N 00553E
NL,HTN,Hontenisse,,1-------,9901.0,
NL,HPL,Hoofdplaat,ZE,1-3-----,607.0,5122N 00339E
NL,HMI,Hoogersmilde,DR,1-3-----,501.0,5254N 00624E
NL,HOV,Hoogeveen,,1-34----,1607.0,
NL,HKK,Hoogkerk,GR,1-3-----,901.0,5313N 00630E
NL,HGM,Hoogmade,ZH,1-3-----,501.0,5210N 00435E
NL,HRN,Hoorn,,123-----,1607.0,
NL,HPT,Hoptille,FR,1-3-----,501.0,
NL,HOU,Houten,,1-3-----,1607.0,
NL,HUN,Hunsel,LI,1-3-----,501.0,5111N 00549E
NL,IJM,IJmuiden/Velsen,,123-----,1107.0,5228N 00436E
NL,ISM,IJsselmuiden,OV,123-----,901.0,5234N 00555E
NL,SL7,Ijsselsteyn,LI,1----6--,1407.0,5129N 00554E
NL,ILO,Illikhoven,LI,1-3-----,501.0,5104N 00549E
NL,ITR,Itteren,LI,1-3-----,501.0,5054N 00542E
NL,KKO,Kakeshoek,,1-3-----,501.0,
NL,KAM,Kampen,,123-----,1307.0,
NL,KTN,Kantens,GR,1-3-----,501.0,5322N 00638E
NL,KTV,Katerveer,OV,123-----,501.0,5230N 00604E
NL,KAT,Kats,ZE,1-3-----,607.0,5134N 00352E
NL,KWR,Katwijk aan den Rijn,ZH,1-3-----,501.0,5212N 00425E
NL,KNT,Keent,NB,1-3-----,1301.0,5142N 00542E
NL,KZV,Keizersveer,NB,1-3-----,501.0,5143N 00454E
NL,KPE,Kelpen,LI,1-3-----,501.0,5113N 00550E
NL,KRD,Kerkdriel,,1-3-----,601.0,5146N 00520E
NL,KSL,Kessel,,1-3-----,1607.0,
NL,KST,Kesteren,,1-3-----,1607.0,
NL,KHV,Ketelhaven,FL,1-3-----,501.0,5235N 00545E
NL,KLZ,Klazienaveen,DR,1-3-----,501.0,5244N 00700E
NL,KLV,Kloosterveen,DR,1-3-----,501.0,5300N 00631E
NL,KLU,Klundert,,1-------,201.0,
NL,KHR,Kolhorn,NH,1-3-----,501.0,5248N 00453E
NL,KLM,Kollum,FR,1-3-----,501.0,5317N 00609E
NL,IJK,Krabbendijke,ZE,123-----,901.0,5126N 00407E
NL,KMS,Krammersluizen,ZE,1-3-----,501.0,
NL,KRE,Kreil,NH,1-3-----,501.0,5248N 00452E
NL,KAI,Krimpen aan den IJssel,,1-3-----,1901.0,5155N 00436E
NL,KHO,Kuikhorne,FR,1-3-----,501.0,5315N 00601E
NL,LTS,Laatste Stuiver,,1-3-----,501.0,
NL,LAW,Lage Weide,,1-3-----,1607.0,
NL,LZA,Lage Zwaluwe,NB,1-3-----,501.0,5143N 00444E
NL,LGD,Lageland,GR,1-3-----,501.0,5314N 00643E
NL,LWE,Lalleweer,GR,1-3-----,501.0,5317N 00700E
NL,LGB,Landgoed Baest,,1-3-----,501.0,
NL,LGI,Langelille,FR,1-3-----,501.0,5251N 00551E
NL,LWG,Langeweg,NB,1-3-----,607.0,5139N 00440E
NL,LAN,Lauwersoog,,1-------,8601.0,
NL,LES,Leens,GR,1-3-----,501.0,5322N 00623E
NL,LRD,Leerdam,,1-3-----,1607.0,
NL,LWR,Leeuwarden,,1234----,9602.0,
NL,LID,Leiden,,1234----,1607.0,
NL,LDD,Leiderdorp,,1-3-----,1607.0,
NL,LRU,Leimuiderbrug,NH,1-3-----,501.0,5214N 00440E
NL,LEY,Lelystad,,1-34----,1607.0,
NL,LEM,Lemsterland,,1-------,9812.0,
NL,LEO,Leons,FR,1-3-----,501.0,5307N 00528E
NL,TTE,Lettele,OV,1----6--,901.0,5217N 00616E
NL,LIE,Lienden,,1-------,9602.0,
NL,LEN,Lieren,GE,1-------,1601.0,5210N 06000E
NL,LIJ,Lijnden,NH,1-3-----,901.0,5221N 00446E
NL,LME,Limmel,LI,1-3-----,501.0,5052N 00542E
NL,LWO,Lippenwoude,FR,1-3-----,501.0,5258N 00539E
NL,QDG,Lisse,,1-3-----,1607.0,
NL,LIT,Lith,,1-------,9602.0,
NL,LTO,Lithoijen,NB,1-3-----,901.0,5148N 00528E
NL,LAV,Loenen aan de Vecht,,1-3-----,1607.0,
NL,LNO,Loenersloot,UT,123-----,501.0,5214N 00500E
NL,MHU,Maarhuizen,GR,1-3-----,501.0,5321N 00630E
NL,MSB,Maasbracht,,1-------,9602.0,
NL,MSL,Maassluis,,123-----,9602.0,
NL,MST,Maastricht,,1234----,9602.0,
NL,MSV,Maasvlakte,,1-3-----,1701.0,
NL,MAK,Makkum,FR,1-3-----,901.0,5303N 00524E
NL,MJA,Mandjeswaard,OV,1-3-----,501.0,5234N 00555E
NL,MAR,Markelo,,1-3-----,1607.0,
NL,MKN,Marken,NH,1-3-----,501.0,5228N 00506E
NL,MAU,Maurik,,1-3-----,1607.0,
NL,MEW,Meerlo-Wansum,,1-------,9901.0,
NL,MNU,Menaldum,FR,1-3-----,1101.0,5313N 00540E
NL,MSW,Mensingeweer,GR,1-3-----,501.0,5321N 00628E
NL,MEP,Meppel,,123-----,9602.0,
NL,MEH,Mesch,LI,1-3-----,901.0,
NL,GE7,Meteren,GE,1----6--,1407.0,5152N 00517E
NL,MLA,Middelaar,LI,1-3-----,501.0,5144N 00555E
NL,MID,Middelburg,,123-----,9602.0,
NL,MIH,Middelharnis,,1-3-----,1307.0,
NL,MDU,Middelstum,GR,1-3-----,501.0,5321N 00639E
NL,MDI,Middenbeemster,NH,1----6--,1107.0,5233N 04055E
NL,MWD,Midwolda,GR,1-------,907.0,5312N 00700E
NL,MIE,Mierlo,NB,1-3-----,1307.0,5126N 00537E
NL,MNH,Mijnsheerenland,,1-------,1001.0,5148N 00429E
NL,MDT,Mildert,LI,1-3-----,501.0,
NL,MLR,Millingen aan de Rijn,GE,1-3-----,501.0,5152N 00603E
NL,MOE,Moerdijk,,123-----,1907.0,5141N 00434E
NL,MGT,Molengat,NH,1-3-----,607.0,5303N 00439E
NL,MOL,Molenhoek,LI,123-----,701.0,5146N 00552E
NL,MOK,Mook,LI,1-3-----,501.0,5145N 00553E
NL,MUD,Muiden,NH,1-3-----,501.0,5220N 00504E
NL,MDG,Muiderberg,NH,123-----,501.0,5220N 00507E
NL,MKE,Munnekeburen,FR,1-3-----,501.0,5251N 00553E
NL,NAW,Naaldwijk,,1-3-----,1607.0,
NL,NEC,Neck,NH,1-3-----,501.0,5231N 00455E
NL,NST,Nederasselt,,1-3-----,601.0,5146N 00545E
NL,NDB,Nederhorst den Berg,,1-3-----,1607.0,5216N 00503E
NL,NTJ,Neeltje Jans,ZE,1-------,1107.0,5338N 00342E
NL,NES,Nes,FR,123-----,501.0,5303N 00551E
NL,NSA,Nes aan de Amstel,NH,1-3-----,501.0,5216N 00453E
NL,NSU,Nessersluis,UT,1-3-----,501.0,5215N 00452E
NL,NAM,Nieuw-Amsterdam,DR,123--6--,907.0,5243N 00652E
NL,NIU,Nieuwdorp,ZE,1-3-----,207.0,5128N 00344E
NL,NBU,Nieuwe Brug,NH,1-3-----,501.0,5222N 00440E
NL,NSZ,Nieuwe Statenzijl,GR,1-3-----,501.0,5314N 00712E
NL,NWG,Nieuwegein,,1-3-----,1607.0,
NL,NBG,Nieuwerbrug,ZH,123-----,501.0,5205N 00449E
NL,NIE,Nieuwerkerk aan den IJssel,ZH,1-3-----,1607.0,5158N 00437E
NL,N8W,Nieuwerkerke,ZE,1-------,1401.0,5142N 00354E
NL,NWO,Nieuwolda,GR,1-3-----,501.0,5315N 00659E
NL,NSD,Nieuw-Scheemda,GR,1-3-----,501.0,5312N 00656E
NL,NGV,Nigtevecht,UT,1-3-----,607.0,5217N 00502E
NL,NZJ,Nijezijl,FR,1-3-----,501.0,5300N 00537E
NL,NKK,Nijkerk,,1-3-----,1607.0,
NL,NIJ,Nijmegen,,123-----,1901.0,
NL,NZ8,Noordeloos,ZH,1----6--,1407.0,5154N 00457E
NL,NWJ,Noordwelle,ZE,1----6--,1201.0,5143N 00348E
NL,NDL,Noordwijk aan Zee,,1-------,212.0,5215N 00426E
NL,NRG,Norg,,123-5---,907.0,5303N 00627E
NL,ODL,Odiliapeel,NB,1----6--,1007.0,5139N 00542E
NL,OGE,Oegstgeest,,1-3-----,1607.0,
NL,OIH,Oirschot,,1-3-----,1607.0,
NL,OGP,Ooltgensplaat,ZH,1-3-----,501.0,5141N 00421E
NL,OOS,Oosterhout,NB,1-3-----,1101.0,5139N 00453E
NL,OLS,Oosterlittens,FR,1-3-----,501.0,5308N 00539E
NL,OME,Oostermeer,FR,1-3-----,501.0,5310N 00603E
NL,OHM,Oosthem,FR,123-----,501.0,5301N 00536E
NL,OHZ,Oosthuizen,NH,123-----,501.0,5234N 00500E
NL,OMH,Oostmahorn,FR,1-3-----,901.0,5323N 00610E
NL,OSS,Oss,NB,123-----,1601.0,5146N 00532E
NL,OZL,Ossenzijl,OV,1-3-----,501.0,5248N 00555E
NL,ORL,Oterleek,NH,1-3-----,501.0,5238N 00450E
NL,OGN,Oud Gein,,1-3-----,501.0,
NL,A2Z,Oud-Alblas,ZH,1----6--,1401.0,5151N 00442E
NL,OBL,Oud-Beijerland,,1-3-----,1607.0,
NL,OHW,Oude Schouw,FR,123-----,501.0,5304N 00549E
NL,OGA,Oudega,,123--6--,601.0,5300N 00533E
NL,ORJ,Oudenrijn,UT,123-----,501.0,5205N 00504E
NL,ODR,Ouderkerk aan de Amstel,NH,123-----,501.0,5218N 00454E
NL,OHI,Oudeschild,NH,1-3-----,2107.0,5302N 00452E
NL,OSG,Oud-Sabbinge,ZE,1-3-----,501.0,5132N 00348E
NL,OZU,Oud-Zuilen,UT,123-----,501.0,5208N 00504E
NL,OVG,Overberg,UT,1----6--,1001.0,5202N 00530E
NL,OSK,Overschild,GR,1-3-----,501.0,5317N 00647E
NL,PHL,Panheel,,1-3-----,601.0,5111N 00552E
NL,PAP,Papendrecht,,1-3-----,1901.0,
NL,PER,Pernis,ZH,123-----,907.0,5153N 00423E
NL,PZI,Pieterzijl,GR,1-3-----,501.0,5317N 00616E
NL,PTG,Poortugaal,ZH,123--6--,901.0,5152N 00424E
NL,PUM,Purmerend,,1-3-----,1607.0,
NL,QDS,Raalte,,1-3-----,1607.0,
NL,RPL,Ramspol,OV,1-3-----,501.0,
NL,RAS,Ravenstein,,1-3-----,1607.0,
NL,REW,Reimerswaal,,1-------,9901.0,
NL,RNK,Renkum,,1-3-----,1307.0,
NL,RHD,Rheden,,1-3-----,1607.0,
NL,RID,Ridderkerk,,1-3-----,1307.0,
NL,RED,Ried,NB,1-3-----,501.0,5131N 00501E
NL,RSW,Rijnsaterwoude,,1-------,1001.0,5212N 00440E
NL,RBG,Rijnsburg,,1-3-----,1607.0,
NL,RIJ,Rijs,FR,1-3-----,407.0,5252N 00530E
NL,RSH,Rijsenhout,,1-3-----,601.0,5215N 00443E
NL,RYS,Rijswijk,,1-3-----,1607.0,
NL,RLA,Rilland,ZE,123-----,501.0,5125N 00411E
NL,XXX,RIS Inland waterways,,1-------,1101.0,
NL,RBO,Robbenoord,NH,1-3-----,501.0,
NL,ROC,Rockanje,ZH,1-3-----,901.0,5152N 00404E
NL,OMD,Roermond,,1-3-----,1901.0,
NL,RSL,Roompotsluis,,1-3-----,1901.0,
NL,RST,Roosteren,LI,1-3-----,501.0,5105N 00549E
NL,RTM,Rotterdam,ZH,12345---,501.0,5155N 00430E
NL,ROZ,Rozenburg,,1-------,9602.0,
NL,RTG,Rustenburg,NH,1-3-----,501.0,5238N 00453E
NL,RUT,Rutten,FL,1-3-----,501.0,5248N 00542E
NL,SAB,Saba,,1-------,1307.0,1738N 06314W
NL,SVG,Sas van Gent,,1-3-----,212.0,5114N 00348E
NL,SCH,Schagen,,1-3-----,1607.0,5247N 00447E
NL,SBU,Schagerbrug,NH,1-3-----,501.0,5248N 00446E
NL,SKW,Schalkwijk,UT,1-3-----,501.0,5159N 00511E
NL,SRD,Scharendijke,ZE,1-3-----,1301.0,5144N 00351E
NL,SMD,Scheemda,,1-3-----,1901.0,
NL,SMZ,Scheemderzwaag,GR,123-----,501.0,5311N 00657E
NL,SHO,Schermerhorn,NH,1-3-----,501.0,5236N 00453E
NL,ZE5,Scherpenisse,ZE,1----6--,1407.0,5133N 00406E
NL,SCE,Scheveningen,,1-3-----,1907.0,5206N 00415E
NL,SCI,Schiedam,,123-----,9602.0,
NL,SMO,Schiermonnikoog,FR,1-3-----,1407.0,5329N 00610E
NL,SND,Schijndel,,1-3-----,1607.0,
NL,SDW,Schildwolde,GR,1-3-----,501.0,5314N 00649E
NL,SHH,Schoonhoven,,1-3-----,1607.0,
NL,SRL,Schoorl,NH,1-------,1107.0,5244N 00438E
NL,SZL,Schoterzijl,OV,1-3-----,501.0,5249N 00548E
NL,SWL,Schouwerzijl,GR,1-3-----,501.0,5320N 00627E
NL,SBS,Sijbrandahuis,FR,1-3-----,501.0,5319N 00558E
NL,SAR,Sint Andries,GE,1-3-----,1101.0,5148N 00521E
NL,SMV,Sint Maartensvlotbrug,NH,1-3-----,501.0,5247N 00443E
NL,SMG,Sint Michielsgestel,NB,1-3-----,1607.0,5138N 00521E
NL,ANC,Sint Pancras,NH,123-----,901.0,5240N 00447E
NL,SNN,Sint-Annaland,ZE,1----6--,1107.0,5136N 00406E
NL,SWK,Sleeuwijk,,1-3-----,601.0,5149N 00457E
NL,SLD,Sliedrecht,ZH,1-3-----,1901.0,5149N 00446E
NL,SKG,Slijkenburg,FR,1-3-----,501.0,5249N 00551E
NL,SKM,Slikkendam,ZH,1-3-----,501.0,5209N 00451E
NL,SLO,Slochteren,GR,1-3-----,501.0,5313N 00648E
NL,SLT,Sloten,FR,1-3-----,501.0,5254N 00539E
NL,SLU,Sluiskil,ZE,1-3-----,1207.0,5117N 00350E
NL,SML,Smallingerland,,1-------,9901.0,
NL,SMI,Smilde,DR,1-3-----,501.0,5257N 00627E
NL,SON,Son,NB,1-------,1601.0,5130N 00530E
NL,SPI,Spijkenisse,,1-3-----,9602.0,
NL,SCA,Sprang,NB,123-----,501.0,5140N 00503E
NL,SAT,Stad aan 't Haringvliet,ZH,1-3--6--,901.0,5144N 00415E
NL,SDM,Stadsdam,UT,1-3-----,501.0,5205N 00503E
NL,SDB,Standdaarbuiten,NB,1-3-----,501.0,5137N 00431E
NL,SVN,Stavenisse,ZE,1-3-----,701.0,5135N 00400E
NL,SDN,Steenderen,GE,1-3-----,1607.0,5204N 00611E
NL,STD,Stellendam,,1-3-----,1307.0,
NL,SKL,Stieltjeskanaal,DR,1-3-----,501.0,5241N 00650E
NL,SOP,Stolpen,NH,1-3-----,501.0,5249N 00443E
NL,SPV,Stolpervlotbrug,NH,1-3-----,501.0,5248N 00443E
NL,SPT,Stompetoren,NH,1-3-56--,901.0,5237N 00449E
NL,SRE,Streefkerk,ZH,1-3--6--,901.0,5154N 00445E
NL,SRT,Stroe,NH,1-------,1407.0,5256N 00459E
NL,THD,Ter Heijde,ZH,1-------,1107.0,5202N 00410E
NL,TRO,Terhorne,FR,1-3-----,501.0,5302N 00547E
NL,TMZ,Termunterzijl,GR,123-----,1107.0,5318N 00702E
NL,TNZ,Terneuzen,,1-3-----,1907.0,5128N 00349E
NL,TSL,Terschelling,FR,1-3-----,907.0,5324N 00521E
NL,TEX,Texel,,1--4----,1607.0,
NL,THO,Tholen,,1-3-----,9501.0,
NL,TLB,Tilburg,,123-----,1607.0,
NL,TKW,Tjerkwerd,FR,1-3-----,501.0,5303N 00530E
NL,TKM,Tolkamer,GE,1-3-----,501.0,5151N 00606E
NL,TOK,Tollebeek,FL,1-3-----,501.0,5241N 00541E
NL,TOR,Torontostraat,,1-3-----,207.0,
NL,TUL,Tuil,,1-3-----,601.0,5149N 00514E
NL,UFE,Uffelte,DR,1-3-----,501.0,5247N 00617E
NL,UTR,Uitermeer,NH,1-3-----,501.0,5218N 00505E
NL,UTG,Uitgeest,NH,123-----,501.0,5232N 00443E
NL,ULR,Ulrum,,1-------,9602.0,
NL,URK,Urk,,1-3-----,1607.0,
NL,UMO,Urmond,LI,1-3-----,501.0,5100N 00546E
NL,NPZ,Usquert,GR,1-------,1107.0,5326N 00633E
NL,VKS,Valkenisse,ZE,1-3-----,307.0,5130N 00330E
NL,VAR,Varsen,OV,1-3-----,501.0,5231N 00623E
NL,NEV,Veen,GE,1-3--6--,901.0,5147N 00507E
NL,VDM,Veendam,,123-----,1901.0,
NL,VNO,Veenoord,DR,123-----,501.0,5243N 00651E
NL,VER,Veere,ZE,1-------,1407.0,5133N 00340E
NL,VEL,Velsen,,1-------,9602.0,
NL,VSN,Velsen-Noord,NH,1-3--6--,907.0,5228N 00439E
NL,VEN,Venlo,LI,1234----,1901.0,5122N 00610E
NL,VAN,Vianen,,1-3-----,1607.0,
NL,VIE,Vierlingsbeek,,1-------,9602.0,
NL,VVL,Vierverlaten,GR,1-3-----,901.0,5313N 00629E
NL,VLA,Vlaardingen,,123-----,9602.0,
NL,VWD,Vlagtwedde,GR,1-3-----,1607.0,5302N 00707E
NL,VLL,Vlieland,,1-------,9901.0,
NL,VLI,Vlissingen,,123-----,1907.0,5127N 00342E
NL,VGB,Voetangelbrug,NH,1-3-----,501.0,
NL,VKR,Volkerak,NB,1-3-----,901.0,5140N 00417E
NL,VOB,Voorburg,,1-3-----,1607.0,
NL,VOS,Voorschoten,,1-3-----,1607.0,
NL,VDN,Vredenduin,,1-------,9602.0,
NL,VRA,Vrouwenakker,NH,1-3-----,501.0,5214N 00447E
NL,WAA,Waalre,,1-------,9602.0,
NL,WLK,Waalwijk,,1-3-----,1607.0,
NL,WDE,Waarde,ZE,1-3-----,607.0,5125N 00403E
NL,WAD,Waddinxveen,,1-3-----,1607.0,
NL,WGW,Wageningen,,1-3-----,1307.0,
NL,WSO,Walsoorden,ZE,1-3----B,212.0,5123N 00402E
NL,WAS,Wanssum,LI,1-3-----,901.0,5132N 00605E
NL,WHU,Warfhuizen,GR,1-3-----,501.0,5321N 00626E
NL,WRM,Warmond,,1-3-----,1607.0,
NL,WTN,Warten,NH,1-3-----,501.0,
NL,WHZ,Waterhuizen,GR,1-3-----,1401.0,5311N 00639E
NL,WKS,Weakens,FR,1-3-----,501.0,
NL,WRT,Weert,,123-----,1607.0,
NL,WSP,Weesp,,1-3-----,1607.0,
NL,WHO,Wehe-den Hoorn,GR,1-3-----,501.0,5322N 00625E
NL,WEL,Well,LI,1-3-----,501.0,5133N 00606E
NL,WRP,Welsrijp,FR,123-----,501.0,5310N 00536E
NL,WKD,Werkendam,,1-------,9602.0,
NL,WBO,Westbroek,GR,1-3-----,1107.0,5209N 00508E
NL,WBK,Westerbork,DR,1-3-----,1101.0,5251N 00636E
NL,WGD,West-Graftdijk,NH,1-3-----,501.0,5233N 00447E
NL,WKP,Westkapelle,ZE,1-3-----,607.0,5131N 00326E
NL,WTE,West-Terschelling,,1-------,9602.0,
NL,WTZ,Westzaan,,123-----,9602.0,
NL,WEU,Weurt,GE,123-----,501.0,5151N 00549E
NL,WRG,Wieringen/Den Oever,NH,1-3-----,1107.0,5256N 00502E
NL,WGR,Wieringermeer,NH,1-3-----,501.0,5251N 00501E
NL,WIW,Wieringerwerf,,1-3-----,1901.0,
NL,WBD,Wijk bij Duurstede,,1-3-----,1607.0,
NL,WIG,Wijnbergen,GE,1----6--,1401.0,5219N 00601E
NL,WHD,Wilhelminadorp,ZE,123-----,501.0,5132N 00354E
NL,WSC,Winschoten,,1-34----,1607.0,
NL,WNS,Winsum,GR,123-----,501.0,5320N 00631E
NL,WIU,Wiuwert,,1----6--,1107.0,
NL,WOR,Woerden,,1-3-----,1607.0,
NL,WKG,Wolsumerketting,FR,1-3-----,501.0,
NL,MKM,Wonseradeel/Makkum,FR,1-------,1107.0,5303N 00523E
NL,WKU,Workum,FR,1-3-----,307.0,5259N 00527E
NL,WMO,Wormer,,1-3-----,1101.0,5230N 00449E
NL,WCM,Woudrichem,,1-3-----,1101.0,5149N 00500E
NL,YSK,Yerseke,,1-3-----,1901.0,
NL,ZAA,Zaandam,,123-----,9602.0,
NL,ZPO,Zandpol,DR,1-3-----,501.0,5242N 00652E
NL,ZEW,Zeewolde,FL,1-3-----,1607.0,5221N 00533E
NL,ZVG,Zevenbergen,NB,1-3-----,1201.0,5144N 00534E
NL,ZIE,Zierikzee,,1-------,9602.0,
NL,ZPS,Zijpersluis,NH,1-3-----,501.0,5244N 00441E
NL,ZOU,Zoeterwoude,ZH,1-3-----,901.0,5207N 00430E
NL,ZLD,Zoutelande,ZE,1-3-----,607.0,5130N 00328E
NL,ZBO,Zuidbroek,GR,123-----,501.0,5310N 00652E
NL,ZEI,Zuideinde,,1-3-----,501.0,
NL,ZUL,Zuidland,,1-3-----,1607.0,
NL,ZDL,Zuidlaren,DR,1-3-----,501.0,5306N 00641E
NL,ZUT,Zutphen,,123-----,1607.0,
NL,ZHO,Zwaanshoek,NH,1-3-----,501.0,5219N 00437E
NL,ZWS,Zwartsluis,,1-3-----,9811.0,
NL,ZWI,Zwijndrecht,,123-----,9602.0,
NL,ZWN,Zwinderen,DR,1-3-----,501.0,5244N 00641E
NO,AAA,A i Lofoten,18,1-------,1407.0,6753N 01259E
NO,ABE,Abelnes,10,1-3-----,1401.0,5814N 00640E
NO,ABV,Abelvar,17,1-------,1407.0,6444N 01111E
NO,AAF,Afjord,16,1-------,9704.0,
NO,AGD,Agdenes,16,1-------,9704.0,
NO,AFT,Agnefest,10,1-3-----,1501.0,5807N 00702E
NO,AGO,Agotnes,12,1-3-----,401.0,6024N 00501E
NO,AGK,Agskardet,18,1-------,1407.0,6643N 01329E
NO,AHM,Aheim,15,1-------,1101.0,6202N 00531E
NO,AKK,Akkarfjord,20,1-------,1501.0,7047N 02327E
NO,AKM,Akrehamn,11,1-------,1501.0,5915N 00510E
NO,ALE,Alefjar,10,1-------,1407.0,5814N 00801E
NO,AES,Alesund,15,1-34----,1207.0,6228N 00609E
NO,ALS,Alstahaug,18,1-------,9704.0,
NO,ALF,Alta,20,1-34----,1501.0,6958N 02314E
NO,AAV,Alvik,12,1-3-----,1501.0,6025N 00625E
NO,ALV,Alvika,15,1-------,1407.0,6229N 00623E
NO,AND,Andalsnes,15,123--6--,907.0,6234N 00742E
NO,ADN,Andenes,18,1-34----,1501.0,6919N 01608E
NO,ADY,Andoy,18,1-------,9704.0,
NO,AFS,Anfinnsletta,18,1-------,1407.0,6820N 01526E
NO,ANS,Ansnes,16,1-------,1601.0,6338N 00900E
NO,AAN,Ardal,14,1-3-----,9501.0,
NO,ARH,Ardal - Hjelmeland,11,1-------,1407.0,5909N 00610E
NO,ARD,Ardalstangen,14,1-3-----,1501.0,6114N 00742E
NO,ARE,Arendal,09,123-----,1501.0,5827N 00846E
NO,ARF,Arnafjord,14,1-------,1407.0,6101N 00623E
NO,ARM,Arnoyhamn,19,1-------,1601.0,7003N 02038E
NO,ASY,Askoy,12,1-------,9704.0,
NO,ASL,Askvoll,14,1-------,9704.0,
NO,ATA,Atangen,08,1-------,1407.0,5852N 00921E
NO,ATL,Atloy,14,1-------,1407.0,6121N 00453E
NO,AUK,Aukra,15,1-------,1501.0,6249N 00654E
NO,AUE,Aure,15,1-------,1501.0,6316N 00831E
NO,AUL,Aurland,14,1-------,1501.0,6054N 00711E
NO,ASV,Austevoll,12,1-------,1501.0,6006N 00509E
NO,ASH,Austrheim,12,1-------,9704.0,
NO,AUS,Austvika,18,1-------,1007.0,6611N 01314E
NO,AVA,Avaldsnes,11,1-3-----,1501.0,5921N 00516E
NO,AVE,Averoy,15,1-------,1501.0,6303N 00740E
NO,BLS,Balestrand,14,1-------,1501.0,6112N 00632E
NO,BLL,Ballangen,18,1-------,1501.0,6820N 01650E
NO,BSD,Ballstad,18,1-------,1101.0,6804N 01333E
NO,BAF,Balsfjord,19,1-------,1501.0,6914N 01914E
NO,BAL,Baly,10,1-------,1407.0,5802N 00709E
NO,BAM,Bamble,08,1-------,9704.0,
NO,BAR,Barum,02,1-3-----,9501.0,
NO,BJF,Batsfjord,20,1-34----,1501.0,7038N 02943E
NO,BEJ,Beiarn,18,1-------,9704.0,
NO,BEL,Bellvika,19,1-------,1407.0,6947N 01846E
NO,BER,Berg,19,1-------,9704.0,
NO,BGO,Bergen,12,1234----,1501.0,6023N 00519E
NO,BGN,Bergneset,19,1-------,901.0,6915N 01921E
NO,BFJ,Bergsfjord,20,1-------,1407.0,7015N 02147E
NO,BVG,Berlevag,20,1--4----,212.0,7051N 02906E
NO,BIN,Bindal,18,1-------,9704.0,
NO,BIS,Bismo,05,1-3-----,2.0,
NO,BJY,Bjarkoy,19,1-------,1501.0,6859N 01632E
NO,BKV,Bjerkvik,18,1-3-----,212.0,6833N 01733E
NO,BJD,Bjordal,14,1-------,1407.0,6105N 00550E
NO,BJX,Bjorkas,02,1-3-----,1501.0,5947N 01030E
NO,BJU,Bjugn,16,1-------,1501.0,6345N 00945E
NO,BLK,Bleik,18,1-------,1007.0,6916N 01557E
NO,BLO,Blokken,18,1-------,1407.0,6836N 01523E
NO,BLV,Blomvag,12,1-------,1407.0,6032N 00453E
NO,BOO,Bodo,18,1234----,1501.0,6717N 01422E
NO,BOG,Bogen,18,1-3-----,212.0,6831N 01659E
NO,BON,Bognes,18,1-------,1407.0,6813N 01604E
NO,OYB,Bogoy,18,1-------,1407.0,6754N 01511E
NO,BOK,Bokn,11,1-------,1501.0,5913N 00526E
NO,BOM,Bomlo,12,1-------,1501.0,5936N 00513E
NO,BOE,Boneset - Karmoy,11,1-------,1407.0,5922N 00517E
NO,BOS,Borkenes,19,1-3-----,212.0,6846N 01610E
NO,BRR,Borre,07,1-------,9704.0,
NO,SBT,Botn - Sandnessjoen,18,1-------,1407.0,6600N 01239E
NO,BTN,Botnaneset - Flora,14,1-------,1401.0,6137N 00504E
NO,BTH,Botnhamn,19,1-3-----,901.0,6931N 01754E
NO,BOV,Bovagen - Radoy,12,1-3-----,1401.0,6042N 00455E
NO,BKD,Brakstad,12,1-3-----,9501.0,
NO,BRN,Brandasund,12,1-------,1601.0,5954N 00506E
NO,BSF,Brandsfjord,16,1-------,1601.0,6411N 01021E
NO,BRV,Brattvag,15,1-3-----,1501.0,6236N 00626E
NO,BVR,Breiviga,11,1-------,1407.0,5905N 00554E
NO,BVB,Breivikbotn,20,1-3-----,901.0,7035N 02217E
NO,BKS,Brekstad,16,1-------,212.0,6341N 00941E
NO,BRE,Bremanger,14,1-------,9704.0,
NO,BRH,Brensholmen,19,1-------,1407.0,6936N 01802E
NO,BTS,Brettesnes,18,1-------,1201.0,6814N 01452E
NO,BVK,Brevik,08,1-3-----,1501.0,5903N 00942E
NO,BRO,Bronnoy,18,1-------,9704.0,
NO,BNN,Bronnoysund,18,1-34----,1501.0,6528N 01212E
NO,BUG,Bugoynes,20,1-3-----,901.0,6958N 02938E
NO,BUF,Burfjord,19,1-------,1407.0,6956N 02203E
NO,BUV,Buvika,16,1-3-----,1401.0,6208N 01142E
NO,BYN,Byggnes - Karmoy,11,1-------,1407.0,5918N 00518E
NO,BYS,Bygstad,14,1-------,1007.0,6123N 00540E
NO,BYR,Byrknesoy,14,1-------,1601.0,6054N 00450E
NO,DFJ,Dafjord,19,1-------,1407.0,6959N 01924E
NO,DSF,Dale,14,1-3-----,1401.0,6122N 00525E
NO,DIM,Dimmelsvik,12,1-3-----,212.0,5957N 00559E
NO,DIR,Dirdal,11,1-------,1501.0,5850N 00610E
NO,DJU,Djupvik,19,1-3-----,901.0,6945N 02030E
NO,DOL,Dolmoy,16,1-------,1601.0,6339N 00847E
NO,DON,Donna,18,1-------,9704.0,
NO,DRG,Drag,18,1-------,1501.0,6802N 01604E
NO,DRM,Drammen,06,123-----,1501.0,5944N 01014E
NO,DRK,Drobak,02,1-3-----,1501.0,5939N 01037E
NO,DUS,Dusavik,11,1-------,212.0,5900N 00539E
NO,DYY,Dyroy,19,1-------,9704.0,
NO,DYL,Dyroyhamn,19,1-------,1407.0,6901N 01726E
NO,DYD,Dyrstad,14,1-3-----,901.0,6146N 00511E
NO,DYR,Dyrvik,16,1-3-----,1401.0,6346N 00850E
NO,EGE,Egersund,11,1-3-----,1401.0,5827N 00600E
NO,EGG,Eggesbones,15,1-3-----,1407.0,6219N 00538E
NO,EID,Eid,14,1-------,9704.0,
NO,EIF,Eidangerfjorden,08,1-------,1407.0,5904N 00942E
NO,EDE,Eide,15,1-------,1501.0,6254N 00727E
NO,EDS,Eide Sotra,12,1-------,1407.0,6015N 00504E
NO,EDT,Eidet,18,1-------,1407.0,6844N 01435E
NO,EDF,Eidfjord,12,1-------,1501.0,6028N 00704E
NO,EDD,Eidsdal,15,1-------,1407.0,6216N 00710E
NO,EIL,Eidslandet,12,1-3-----,212.0,6043N 00547E
NO,EGD,Eigersund,11,1-------,9704.0,
NO,EKF,Eikefet,12,1-------,1501.0,6042N 00533E
NO,EIK,Eikefjord,14,1-3-----,901.0,6135N 00528E
NO,ELO,Eikelandsosen,12,1-3-----,901.0,6014N 00545E
NO,EVV,Eivindvik,14,1-3-----,901.0,6059N 00505E
NO,ELL,Ellingsoy,15,1-3-----,1401.0,6230N 00620E
NO,ELN,Elnesvagen,15,1-3-----,212.0,6251N 00708E
NO,ENG,Engene,06,1-3-----,901.0,5941N 01032E
NO,ERF,Erfjord - Suldal,11,1-------,1401.0,5920N 00613E
NO,DDY,Espenesbogen,19,1-------,1407.0,6907N 01745E
NO,ESP,Espevik,11,1-3-----,212.0,5919N 00540E
NO,ETN,Etne,12,1-------,1501.0,5939N 00555E
NO,EVT,Evenestangen,18,1-------,1407.0,6801N 01600E
NO,EYD,Eydehavn,09,1-3-----,1501.0,5829N 00852E
NO,FAX,Fagerstrand,08,1-3-----,1101.0,5956N 00848E
NO,FAN,Farsund,10,1-34----,1501.0,5805N 00648E
NO,FAU,Fauske,18,123-----,1501.0,6715N 01523E
NO,FED,Fedje,12,1-------,1501.0,6046N 00442E
NO,FSV,Festvag,18,1-------,1407.0,6726N 01446E
NO,FND,Finneid,18,1-------,1501.0,6715N 01525E
NO,FIN,Finneidfjord,18,1-------,1407.0,6611N 01347E
NO,FFB,Finnfjordbotn,19,1-3-----,901.0,6913N 01805E
NO,FNY,Finnoy,11,1-------,1501.0,5910N 00548E
NO,FNE,Finnsnes,19,1-3-----,1501.0,6913N 01758E
NO,FSK,Fiskabygd - Vanylven,15,1-------,1407.0,6206N 00533E
NO,FST,Fiskarstrand,15,1-------,1407.0,6227N 00617E
NO,FBL,Fiskebol,18,1-------,1407.0,6826N 01449E
NO,FIT,Fitjar,12,1-------,1501.0,5955N 00519E
NO,FJA,Fjaler,14,1-------,9704.0,
NO,FYS,Fjarland,14,1-------,1407.0,6124N 00644E
NO,FJE,Fjell,12,1-------,9704.0,
NO,FJL,Fjelldal,18,1-3-----,1501.0,6833N 01630E
NO,FSD,Fjellstrand,12,1-3-----,1501.0,6013N 00558E
NO,FKS,Flakstad,18,1-------,9704.0,
NO,FLA,Flam,14,123-----,212.0,6052N 00707E
NO,FLT,Flatanger,17,1-------,9704.0,
NO,FLY,Flatoy,12,1-------,1407.0,6032N 00515E
NO,FFD,Flekkefjord,10,123-----,1501.0,5817N 00639E
NO,FLM,Flem,15,1-------,1407.0,6241N 00614E
NO,FLR,Flora,14,1-------,1007.0,6136N 00502E
NO,FRO,Floro,14,1-34----,1501.0,6136N 00501E
NO,FLO,Florvag,12,1-3-----,901.0,6025N 00514E
NO,FOL,Follafoss,17,1-3-----,1207.0,6359N 01106E
NO,FNN,Fonnes,12,1-------,1007.0,6049N 00458E
NO,FDE,Forde,14,1-34----,1501.0,6127N 00550E
NO,FNS,Fornes,19,1-------,1401.0,6852N 01728E
NO,FON,Foroy,18,1-------,1407.0,6644N 01331E
NO,FOR,Forsand,11,1-------,1501.0,5854N 00605E
NO,FSL,Forsol,20,1-------,1407.0,7043N 02349E
NO,FRS,Forus,11,123-----,1501.0,5853N 00545E
NO,FOS,Fosnavag,15,1-3-----,1501.0,6220N 00538E
NO,FSN,Fosnes,17,1-------,9704.0,
NO,FOI,Fossing,08,1-------,1407.0,5856N 00928E
NO,FRE,Fraena,15,1-------,9704.0,
NO,OLT,Frafjord,11,1-3-----,901.0,5850N 00618E
NO,FRK,Fredrikstad,01,123-----,1501.0,5912N 01055E
NO,FRJ,Frei,15,1-------,9704.0,
NO,FKG,Frekhaug,12,1-3-----,1301.0,6031N 00514E
NO,FOA,Froan,16,1-------,1601.0,6359N 00905E
NO,FRN,Frogn,02,1-------,9704.0,
NO,FRT,Frosta,17,1-------,9704.0,
NO,FRA,Froya,16,1-------,9704.0,
NO,FUS,Fusa,12,1-------,1501.0,6012N 00537E
NO,GAM,Gamvik,20,1-------,1501.0,7103N 02815E
NO,GAU,Gaular,14,1-------,9704.0,
NO,GPN,Gaupne,14,1-3-----,601.0,6124N 00718E
NO,GIL,Gildeskal,18,1-------,9704.0,
NO,GIS,Giske,15,1-------,9704.0,
NO,GIK,Gismarvik,11,1-------,1407.0,5919N 00523E
NO,GJM,Gjemnes,15,1-------,9704.0,
NO,ROM,Gjerdsvika,15,1-3-----,1407.0,6215N 00533E
NO,GJS,Gjesdal,11,1-------,9704.0,
NO,GJV,Gjesvar,20,1-------,1407.0,7106N 02523E
NO,GJD,Gjosundet,15,1-------,1007.0,6232N 00608E
NO,NZL,Glesvar,12,1-3--6--,901.0,6012N 00502E
NO,GLO,Glomfjord,18,1-3-----,1501.0,6648N 01356E
NO,GLP,Gloppen,14,1-------,9704.0,
NO,GOO,Godoya,15,1-------,1601.0,6228N 00601E
NO,GRV,Granvin,12,1-------,1501.0,6031N 00642E
NO,GRT,Gratangen,19,1-------,9704.0,
NO,GRD,Gravdal,18,1-------,1101.0,6807N 01330E
NO,GTD,Grimstad,09,1-3-----,1501.0,5820N 00835E
NO,GRP,Grip,15,1-------,1407.0,6313N 00736E
NO,GOT,Grotavar,19,1-------,1601.0,6858N 01615E
NO,GRF,Grovfjord,19,1-------,1407.0,6841N 01707E
NO,GRY,Gryllefjord,19,1-------,1401.0,6922N 01705E
NO,GRS,Grytestranda,15,1-------,1601.0,6232N 00622E
NO,GUD,Gudvangen,14,1-------,212.0,6051N 00649E
NO,GUL,Gulen,14,1-------,9704.0,
NO,GHV,Gunhildvagen,14,1-------,1407.0,6135N 00500E
NO,GUR,Gursken,15,1-3-----,901.0,6214N 00534E
NO,GUT,Gutvik,17,1-------,1601.0,6505N 01149E
NO,HAA,Ha,11,1-------,9704.0,
NO,HAD,Hadsel,18,1-------,9704.0,
NO,HEM,Haeimsvika,15,1-------,1401.0,6229N 00642E
NO,HAL,Halden,01,123-----,1501.0,5906N 01122E
NO,HLS,Halsa,15,1-------,1501.0,6303N 00813E
NO,HSA,Halsa Meloy,18,1-------,1407.0,6644N 01331E
NO,HAZ,Halsnoy,12,1-------,1407.0,5948N 00543E
NO,HAN,Halvorshavn,06,1-3-----,1501.0,5935N 01037E
NO,HMY,Hamaroy,18,1-------,9704.0,
NO,NIA,Hammarvika - Froya,16,1-------,1407.0,6341N 00848E
NO,HFL,Hammerfall,18,1-------,1601.0,6724N 01532E
NO,HFT,Hammerfest,20,1-34----,1501.0,7039N 02340E
NO,HBT,Hamnbukt - Porsanger,20,1-------,1401.0,7005N 02502E
NO,HOT,Hanoytangen,12,1-------,1407.0,6026N 00506E
NO,HAE,Hansnes,19,1-------,1601.0,6958N 01937E
NO,HAR,Haram,15,1-------,9704.0,
NO,HRI,Hareid,15,1-3-----,1501.0,6222N 00602E
NO,HRS,Haroysundet,15,1-3-----,901.0,6253N 00657E
NO,HRD,Harstad,19,1-3-----,1501.0,6847N 01632E
NO,HVK,Hasvik,20,1-------,1501.0,7028N 02209E
NO,HAU,Haugesund,11,1-34----,1501.0,5924N 00515E
NO,HSV,Hausvikstrand,10,1-------,1407.0,5802N 00659E
NO,HVI,Havik,18,1-3-----,1501.0,5918N 00519E
NO,HAV,Havoysund,20,1-------,212.0,7100N 02440E
NO,HGR,Hegreneset,12,1-------,901.0,6025N 00518E
NO,HEK,Hekkelstrand,18,1-------,1407.0,6824N 01650E
NO,HLE,Helle - Forsand,11,1-------,1407.0,5852N 00609E
NO,HKR,Helle - Kragero,08,1-------,1407.0,5854N 00924E
NO,HSY,Hellesylt,15,1-3-----,212.0,6205N 00652E
NO,HEV,Helligvar,18,1-------,1501.0,6724N 01332E
NO,HEL,Hellvik,11,123-----,212.0,5828N 00552E
NO,HME,Hemne,16,1-------,9704.0,
NO,HMS,Hemnes,18,1-------,9704.0,
NO,HNE,Hemnesberget,18,1-------,1101.0,6614N 01338E
NO,HEN,Henningsvar,18,1-------,212.0,6809N 01413E
NO,HEF,Herfjord,16,1-------,1407.0,6400N 01002E
NO,HER,Hermansverk,14,1-3-----,212.0,6111N 00650E
NO,HEY,Heroy,15,1-------,1007.0,6020N 00538E
NO,HRO,Heroy,18,1-3-----,901.0,6559N 01218E
NO,HRY,Heroya,08,123-----,1501.0,5907N 00937E
NO,HET,Heroysundet,12,1-------,1407.0,5955N 00547E
NO,HRR,Herre,08,1-------,1407.0,5906N 00934E
NO,HES,Hestvika,16,1-------,1601.0,6334N 00912E
NO,HIT,Hitra,16,1-------,9704.0,
NO,HJL,Hjelmeland,11,1-3-----,907.0,5914N 00611E
NO,HJJ,Hjelset,15,1-------,1407.0,6247N 00729E
NO,HJO,Hjorungavag,15,1-3-----,212.0,6221N 00604E
NO,HOF,Hof,07,1----6--,1407.0,5933N 01002E
NO,HOG,Hogset,18,1-3-----,1401.0,6708N 01501E
NO,HOA,Holla,16,1-------,1401.0,6319N 00909E
NO,HLL,Hollen,10,1-3-----,601.0,5805N 00749E
NO,HOL,Holmestrand,07,123-----,1501.0,5929N 01018E
NO,HOK,Hommelvik,16,123-----,1501.0,6324N 01046E
NO,HVG,Honningsvag,20,1-34----,1501.0,7058N 02558E
NO,HRV,Hordvik,12,1-3-----,1501.0,6031N 00518E
NO,HOO,Horsoy,12,1-------,1407.0,6026N 00510E
NO,HOR,Horten,07,123-----,1501.0,5924N 01029E
NO,HSL,Hovland,12,1-------,1407.0,6014N 00637E
NO,HYR,Hoyanger,14,1-3-----,1501.0,6113N 00603E
NO,HLB,Hoylandsbygda,12,1-3-----,901.0,5947N 00548E
NO,HHA,Hufthammar,12,1-------,1401.0,6007N 00512E
NO,HMV,Hummelvik,20,1-------,1407.0,7015N 02147E
NO,HUD,Hundeidvika,15,1-------,1401.0,6222N 00625E
NO,HUR,Hurum,06,1-------,9704.0,
NO,HUS,Husnes,12,1-3-----,1501.0,5952N 00546E
NO,HSO,Husoy - Karmoy,11,1-------,1207.0,5920N 00518E
NO,HSS,Husoy - Lenvik,19,1-------,1401.0,6932N 01740E
NO,HOY,Husoy - Tonsberg,07,1-3-----,1401.0,5914N 01027E
NO,HVA,Hvaler,01,1-------,9704.0,
NO,HVS,Hvasser,07,1-------,1601.0,5905N 01027E
NO,HYL,Hyllestad,14,1-------,1501.0,6110N 00517E
NO,IBE,Ibestad,19,1-------,9704.0,
NO,IGE,Igeroy,18,1-------,1407.0,6541N 01208E
NO,IGL,Iglandsvik,14,1-------,1407.0,6150N 00456E
NO,IKR,Ikornnes,15,1-3-----,1501.0,6223N 00633E
NO,IND,Inderoy,17,1-------,9704.0,
NO,ISY,Ingoy,20,1-------,1407.0,7105N 02404E
NO,IDR,Inndyr,18,1-------,1407.0,6702N 01401E
NO,INN,Innhavet,18,1-------,1407.0,6758N 01555E
NO,INV,Innvik,14,1-3-----,607.0,6151N 00637E
NO,JAN,Jakobsnes,20,1-------,1407.0,6944N 03006E
NO,JOY,Jarlsoy,07,1-------,1407.0,5915N 01028E
NO,JEL,Jelsa,11,1-3-----,212.0,5920N 00601E
NO,JON,Jondal,12,1-------,1501.0,6016N 00614E
NO,JOS,Jossingfjord,11,1-------,1407.0,5819N 00621E
NO,JOV,Jovik,19,1-------,1407.0,6936N 01949E
NO,KAB,Kabelvag,18,1-------,1407.0,6813N 01429E
NO,KAF,Kafjord,19,1-------,1401.0,
NO,KDF,Kaldfjord,19,1-------,1407.0,6941N 01844E
NO,KVG,Kalvag,14,1-------,1601.0,6146N 00453E
NO,KAN,Kalvneset,14,1-------,1407.0,6156N 00527E
NO,KMO,Kambo,01,123-----,1501.0,5928N 01041E
NO,KMN,Karhamn,20,1-------,1407.0,7033N 02309E
NO,KAY,Karlsoy,19,1-------,9704.0,
NO,KMY,Karmoy,11,1-3-----,9501.0,
NO,KAR,Karsto,11,1-------,1401.0,5916N 00531E
NO,KAH,Karvikhamn,19,1-------,1407.0,6924N 01809E
NO,KPG,Kaupanger,14,1-3-----,1501.0,6110N 00714E
NO,KIL,Kilvik,18,1-------,1601.0,6644N 01354E
NO,KIV,Kinsarvik,12,1-3-----,1501.0,6022N 00643E
NO,KIR,Kirkehamn,10,1-------,1601.0,5814N 00632E
NO,KKN,Kirkenes,20,1-34----,1501.0,6943N 03002E
NO,KJE,Kjerringoy,18,1-------,1407.0,6731N 01446E
NO,KJF,Kjollefjord,20,1-3-----,212.0,7056N 02720E
NO,KMS,Kjopmannskjar,07,1-------,401.0,5910N 01022E
NO,KJK,Kjopsvik,18,1-3-----,1501.0,6805N 01621E
NO,KJB,Kjorebonn,08,1-------,1407.0,5854N 00929E
NO,KLE,Kleppesto,12,1-3-----,401.0,6025N 00514E
NO,KRV,Knarrevik,12,1-------,1601.0,6022N 00509E
NO,KBV,Kobbvagen,18,1-------,1601.0,6844N 01432E
NO,KON,Kollsnes,12,1-------,212.0,6034N 00449E
NO,KOL,Kollsnes Ost,12,1-------,1501.0,6055N 00453E
NO,KLD,Kolvereid,17,1-------,1601.0,6327N 01025E
NO,KGF,Kongsfjord,20,1-------,1407.0,7043N 02919E
NO,KOP,Kopervik,11,1-3-----,1501.0,5917N 00518E
NO,KRA,Kragero,08,123-----,1501.0,5852N 00924E
NO,KRS,Kristiansand,10,123-----,1501.0,5808N 00759E
NO,KSU,Kristiansund,15,1-34----,1501.0,6306N 00744E
NO,KVL,Kristoffervalen,19,1-------,1407.0,7007N 01959E
NO,KUV,Kuvika,20,1-------,901.0,7103N 02554E
NO,KVR,Kvafjord,19,1-------,1007.0,6846N 01610E
NO,KVF,Kvafjord,19,1-------,212.0,5802N 00718E
NO,KVS,Kvalsund,20,1-------,1501.0,7030N 02358E
NO,KVV,Kvalvika,18,1-------,1407.0,6718N 01423E
NO,KVM,Kvam,12,1-------,9704.0,
NO,KVN,Kvanangen,19,1-------,9704.0,
NO,KDL,Kvanndal,12,1-3-----,901.0,6029N 00636E
NO,KKK,Kvelde,,1-------,2407.0,5912N 00958E
NO,KVH,Kvinnherad,12,1-------,9704.0,
NO,KIA,Kvithylla,16,1-------,1601.0,6334N 00954E
NO,KSY,Kvitsoy,11,1-------,1501.0,5903N 00525E
NO,KYR,Kyrksaterora,16,1-3-----,1501.0,6317N 00905E
NO,LVG,Laksevag,12,1-3-----,607.0,6023N 00518E
NO,LAD,Langesund,08,1-3-----,1501.0,5900N 00944E
NO,LAG,Langevag,12,1-------,1407.0,5937N 00515E
NO,LAN,Langevag - Sula,15,1-3-----,1401.0,6226N 00613E
NO,LAO,Langoya,07,1-------,1407.0,5930N 01023E
NO,LGS,Langstein,17,1-------,1601.0,6333N 01053E
NO,LRD,Lardal,14,1-------,1501.0,6106N 00727E
NO,LRK,Larkollen,01,1-3-----,1501.0,5920N 01039E
NO,NZC,Larsnes,15,1----6--,1401.0,6213N 00536E
NO,LAR,Larvik,07,123-----,1501.0,5902N 01001E
NO,LVK,Laukvik,18,1-------,1007.0,6823N 01425E
NO,LAV,Lavangen,19,1-------,1501.0,6845N 01747E
NO,LEB,Lebesby,20,1-------,9704.0,
NO,LEK,Leikanger,14,1-------,9704.0,
NO,LNE,Leines,18,1-------,1407.0,6744N 01446E
NO,LEF,Leirfjord,18,1-------,1501.0,6603N 01257E
NO,LEP,Leirpollen,20,1-3-----,212.0,7027N 02829E
NO,LRI,Leirvik,12,1-3-----,1501.0,5946N 00530E
NO,LEA,Leirvik i Hyllestad,14,1-------,1407.0,6107N 00520E
NO,LKA,Leka,17,1-------,9704.0,
NO,LKN,Leknes,18,1-34----,1401.0,6809N 01336E
NO,LKV,Leksvik,17,1-------,1501.0,6340N 01037E
NO,LAS,Lenangen Sondre,19,1-------,1407.0,6949N 01959E
NO,LAY,Lenangsoyra,19,1-------,1407.0,6949N 01959E
NO,LES,Lenvik,19,1-------,1007.0,6926N 01809E
NO,LRE,Lessremman,18,1-------,1407.0,6522N 01229E
NO,LEV,Levanger,17,123-----,1501.0,6345N 01117E
NO,LIA,Liavag,15,1-------,1407.0,6221N 00604E
NO,LIE,Lier,06,1-3-----,9704.0,
NO,LID,Liland,18,1-------,1501.0,6820N 01445E
NO,LIL,Lillesand,09,1-3-----,1501.0,5814N 00822E
NO,LIN,Lindas,12,1-------,9704.0,
NO,LDS,Lindesnes,10,1-3-----,9501.0,
NO,LFF,Listraumen,14,1-------,1407.0,6108N 00512E
NO,LIT,Litangen,08,1-------,1407.0,5851N 00918E
NO,LOD,Lodingen,18,1-3-----,1501.0,6825N 01559E
NO,LOE,Loen,14,1-3-----,212.0,6152N 00650E
NO,LON,Lonevag,12,1-------,1407.0,6032N 00529E
NO,LOP,Loppa,20,1-------,9704.0,
NO,LOV,Lovund,18,1-3-----,901.0,6622N 01223E
NO,LRA,Lura,11,1-3-----,701.0,5852N 00544E
NO,LUR,Luroy,18,1-------,1501.0,6625N 01250E
NO,LUS,Luster,14,1-------,1501.0,6126N 00727E
NO,LUL,Lutelandet,14,1-------,1407.0,6115N 00458E
NO,LYN,Lyngen,19,1-------,9704.0,
NO,LYD,Lyngseidet,19,1-------,1407.0,6935N 02013E
NO,LYS,Lysaker,02,123-----,401.0,5954N 01036E
NO,LYF,Lysebotn,11,1-3-----,901.0,5903N 00640E
NO,LSU,Lysoysund,16,1-------,901.0,6353N 00952E
NO,MLM,Malm,17,1-3-----,1501.0,6404N 01114E
NO,MAY,Maloy,14,1-3-----,1207.0,6156N 00506E
NO,MAV,Malselv,19,1-------,9704.0,
NO,MAK,Malvik,16,1-------,9704.0,
NO,MAN,Mandal,10,1-3-----,1501.0,5801N 00727E
NO,MGR,Manger,12,1-------,1007.0,6038N 00500E
NO,MSF,Masfjorden,12,1-------,9704.0,
NO,MSY,Masoy,20,1-------,9704.0,
NO,MAT,Matre - Masfjorden,12,1-------,1401.0,6053N 00534E
NO,MAH,Maurholen,11,1-------,1407.0,5828N 00555E
NO,MAU,Mausund,16,1-------,1601.0,6352N 00840E
NO,MEH,Mehamn,20,1-34----,1501.0,7102N 02750E
NO,MLD,Meland,12,1-------,9704.0,
NO,MEL,Melbu,18,1-3-----,1501.0,6829N 01448E
NO,MLS,Melhus,16,1-------,1501.0,6317N 01016E
NO,MLK,Melkoya,20,1-------,401.0,7041N 02336E
NO,MEY,Meloy,18,1-------,9704.0,
NO,MEV,Melsomvik,07,1-3-----,212.0,5913N 01020E
NO,MEN,Menstad,08,1-------,1601.0,5910N 00938E
NO,MID,Midsund,15,1-------,1501.0,6240N 00640E
NO,MIT,Misten,18,1-------,1407.0,6727N 01444E
NO,MIS,Misvar,18,1-------,1007.0,6707N 01459E
NO,MVV,Mjolkevikvarden,12,1-------,1407.0,6033N 00459E
NO,MSD,Mjolstadneset,15,1-------,1007.0,6219N 00540E
NO,MQN,Mo i Rana,18,1234----,1501.0,6619N 01408E
NO,MOD,Modalen,12,1-------,9704.0,
NO,MOL,Molde,15,1-34----,1501.0,6244N 00709E
NO,MLT,Moldtustranda,15,1-3-----,601.0,6217N 00537E
NO,MOV,Molstrevag,12,1-------,1407.0,5931N 00516E
NO,MON,Mongstad,12,1-3-----,1501.0,6049N 00501E
NO,MOB,Mongstadbase,12,1-------,1407.0,6048N 00504E
NO,MOR,Morsvikbotn,18,1-------,1407.0,6742N 01550E
NO,MJF,Mosjoen,18,1234----,1101.0,6550N 01312E
NO,MSK,Moskenes,18,1-------,1501.0,6753N 01302E
NO,MSS,Moss,01,123-----,1501.0,5925N 01039E
NO,MOS,Mosterhamn,12,1-------,1407.0,5942N 00523E
NO,MSV,Mosvik,17,1-------,9704.0,
NO,MRV,Muruvika,16,123-----,1407.0,6326N 01050E
NO,MYO,Myre-Oksnes,18,1-3-----,1601.0,
NO,OSY,Namsos,17,1234----,1501.0,6427N 01130E
NO,DSN,Nannestad,02,1-------,901.0,
NO,NRY,Naroy,17,1-------,9704.0,
NO,NVK,Narvik,18,1234----,1501.0,6825N 01725E
NO,NAU,Naustdal,14,1-------,9704.0,
NO,NSN,Nesna,18,1-------,1401.0,6612N 01301E
NO,NEO,Nesodden,02,1-------,9704.0,
NO,NSB,Nesseby,20,1-------,9704.0,
NO,NST,Nesset,15,1-------,9704.0,
NO,NEV,Nevlunghamn,07,1-------,1407.0,5858N 00952E
NO,DBY,Nordby,02,1----6--,1807.0,5956N 01134E
NO,NOD,Norddal,15,1-------,9704.0,
NO,NFD,Nordfjordeid,14,1-3-----,1501.0,6154N 00559E
NO,NFO,Nordfosen,16,1-------,1407.0,6357N 01011E
NO,NOK,Nordkapp,20,1-------,9704.0,
NO,NKB,Nordkjosbotn,19,1-3-----,1501.0,6914N 01921E
NO,NOL,Nordlenangen,19,1-------,1407.0,6955N 02010E
NO,NOM,Nordmela,18,1-------,1407.0,6908N 01541E
NO,NOR,Nordreisa,19,1-------,9704.0,
NO,NSF,Nordskaget - Froya,16,1-------,1501.0,6343N 00834E
NO,NHS,Norheimsund,12,1-3-----,1501.0,6022N 00608E
NO,NTY,Notteroy,07,1-------,9704.0,
NO,ZNJ,Nusfjord,18,1-------,1407.0,6802N 01321E
NO,NYE,Nyelv,20,1-------,1407.0,7005N 02852E
NO,NYH,Nyhamna,15,1-------,901.0,6251N 00657E
NO,ODD,Odda,12,1-3-----,1501.0,6004N 00632E
NO,OKF,Oksfjord,20,1-3-----,212.0,7014N 02220E
NO,OKS,Oksnes,18,1-------,9704.0,
NO,OLD,Olden,14,1-------,1501.0,6150N 00648E
NO,OLL,Olderdalen,19,1-------,1401.0,6936N 02031E
NO,OLR,Oldervik,19,1-------,1601.0,6945N 01941E
NO,OLN,Olen,11,1-------,1601.0,5936N 00548E
NO,OLV,Olve,12,1-------,1007.0,6001N 00548E
NO,OMA,Omastranda,12,1-------,1407.0,6013N 00558E
NO,OMB,Ombo,11,1-------,1407.0,5914N 00601E
NO,OPG,Oppegard,02,1-------,9704.0,
NO,ORK,Orkanger,16,1-3-----,1501.0,6319N 00950E
NO,ORD,Orkdal,16,1-3-----,1601.0,
NO,OLA,Orland,16,1-------,9710.0,
NO,SVI,Ornes,18,1-3--6--,901.0,6652N 01342E
NO,OSG,Orskog,15,1-------,9704.0,
NO,ORS,Orsta,15,1-------,1601.0,6211N 00605E
NO,ORV,Ortnevik,14,1-3-----,212.0,6106N 00608E
NO,OOS,Os,12,1-3-----,1501.0,6010N 00528E
NO,OSN,Osen,16,1-------,9704.0,
NO,OSL,Oslo,03,12345---,1501.0,5954N 01044E
NO,OSE,Osnes - Vindafjord,11,1-------,1407.0,5935N 00534E
NO,OST,Osteroy,12,1-------,9704.0,
NO,T8N,Oteren,19,1----6--,1701.0,6916N 01954E
NO,OTO,Ottersoy,17,1-------,1407.0,6452N 01117E
NO,OTA,Ottersoya,18,1-------,901.0,6451N 01117E
NO,OYG,Oygarden,12,1-------,9704.0,
NO,PAR,Porsanger,20,1-------,9704.0,
NO,POR,Porsgrunn,08,123-----,1501.0,5908N 00938E
NO,RAD,Rade,01,1-------,9704.0,
NO,RAY,Radoy,12,1-------,9704.0,
NO,RAF,Rafnes,08,1-------,1501.0,5906N 00934E
NO,RMB,Ramberg,18,1-------,1601.0,6805N 01313E
NO,RAM,Ramsund,18,1-3-----,1501.0,6829N 01630E
NO,RMV,Ramsvika,15,1-------,901.0,6257N 00724E
NO,RNA,Rana,18,1-------,9704.0,
NO,RDB,Randaberg,11,1-------,1501.0,5900N 00538E
NO,RBV,Raudbergvika,15,1-------,1407.0,6216N 00703E
NO,RSD,Raudsand,15,1-3-----,1407.0,6250N 00807E
NO,RAU,Rauma,15,1-------,9704.0,
NO,RES,Raunes - Vindafjord,11,1-------,1407.0,5926N 00545E
NO,REE,Re,07,1-------,1007.0,5929N 01022E
NO,RFJ,Reinfjord,19,1-------,1407.0,7006N 02136E
NO,REK,Rekefjord,11,1-3-----,1501.0,5820N 00615E
NO,REN,Rennesoy,11,1-------,1501.0,5905N 00541E
NO,REP,Repparfjord,20,1-------,1601.0,7027N 02417E
NO,RPV,Repvag,20,1-3-----,901.0,7045N 02541E
NO,RIV,Risavika,11,1-------,1407.0,5856N 00536E
NO,RIS,Risor,09,1-3-----,1501.0,5843N 00914E
NO,RSH,Risoyhamn,18,1-3-----,901.0,6858N 01538E
NO,RSS,Rissa,16,1-3-----,601.0,6335N 00958E
NO,ROA,Roan,16,1-------,9704.0,
NO,RDY,Rodoy,18,1-------,9704.0,
NO,ROG,Rognan,18,123-----,601.0,6706N 01523E
NO,RVK,Rorvik,17,1-34-6--,907.0,6451N 01114E
NO,RET,Rost,18,1--4----,1501.0,6731N 01208E
NO,ROV,Rovde,15,1-------,1407.0,6211N 00545E
NO,RUB,Rubbestadneset,12,1-3-----,701.0,5948N 00516E
NO,RUN,Runde,15,1-------,1407.0,6224N 00540E
NO,RTL,Rutledal,14,1-------,1407.0,6104N 00513E
NO,RYF,Rypefjord,20,1-3-----,901.0,7038N 02340E
NO,SAL,Salangen,19,1-------,1501.0,6852N 01749E
NO,SAC,Salangsverket,19,1-------,1407.0,6854N 01743E
NO,SBU,Salsbruket,17,1-------,1101.0,6448N 01152E
NO,SDL,Saltdal,18,1-------,9704.0,
NO,SAT,Salten,18,1-3-----,1601.0,6722N 01535E
NO,SLH,Salthella,12,1-------,901.0,6000N 00507E
NO,SAM,Samnanger,12,1-------,9704.0,
NO,SAX,Sand,11,1-------,1407.0,5929N 00615E
NO,TRF,Sandefjord,07,1234----,1601.0,5907N 01013E
NO,SAF,Sandeid,11,1-------,1401.0,5933N 00550E
NO,SAS,Sandnes,11,123-----,1501.0,5851N 00544E
NO,SSJ,Sandnessjoen,18,1-34----,1501.0,6601N 01238E
NO,SAY,Sandoya,15,1-------,1401.0,6857N 01640E
NO,SDI,Sandvika,02,1-------,1601.0,5953N 01031E
NO,SAI,Sandviksberget,16,1-------,1601.0,6419N 01027E
NO,ANN,Sannidal,08,1-3-----,601.0,5853N 00917E
NO,SPG,Sarpsborg,01,123-----,1501.0,5916N 01106E
NO,SAU,Sauda,11,1-3-----,1501.0,5938N 00621E
NO,SID,Savareid,12,1-------,1201.0,6011N 00546E
NO,SVL,Savlandsvik,11,1-------,1601.0,5916N 00511E
NO,SJE,Selje,14,1-------,1501.0,6202N 00520E
NO,SEJ,Seljeli,18,1-------,1407.0,6608N 01335E
NO,SEV,Selva,16,1-------,1407.0,6337N 00944E
NO,SJH,Senjahopen,19,1-3-----,1401.0,6930N 01729E
NO,SRD,Sigerfjord,18,1-3-----,701.0,6838N 01532E
NO,SIH,Siholmen,16,1-------,1407.0,6344N 00850E
NO,SRV,Sirevag,11,123-----,1401.0,5830N 00547E
NO,SSS,Sistranda,16,1-------,1407.0,6343N 00850E
NO,SJO,Sjoholt,15,1-3-----,1501.0,6228N 00648E
NO,SJV,Sjovegan,19,1-------,1407.0,6853N 01750E
NO,SJU,Sjursoja/Oslo,03,1-3-----,601.0,5953N 01046E
NO,SAA,Skaland,19,1-------,1601.0,6927N 01718E
NO,SKV,Skalevik,12,1-3-----,601.0,6023N 00514E
NO,SEI,Skanevik,12,1-------,1601.0,
NO,SKL,Skanland,19,1-------,9704.0,
NO,SRH,Skarholmen,12,1-------,1601.0,6024N 00512E
NO,SKZ,Skarsvag,20,1-------,1007.0,7106N 02549E
NO,SAN,Skaun,16,1-------,9704.0,
NO,SKB,Skibotn,19,1-3-----,1501.0,6923N 02015E
NO,SKE,Skien,08,1234----,1501.0,5912N 00936E
NO,SKF,Skiftun,11,1-------,1601.0,5917N 00608E
NO,SPK,Skipavik,12,1-------,1601.0,6004N 00536E
NO,SIP,Skipavik - Gulen,12,1-------,1601.0,6051N 00502E
NO,SKH,Skjarhalden,01,1-------,1407.0,5901N 01102E
NO,SKI,Skjerkoya,08,1-------,1407.0,5900N 00945E
NO,SKY,Skjervoy,19,1-------,1501.0,7002N 02058E
NO,SLN,Skjolden,14,1-3-----,212.0,6129N 00735E
NO,SKO,Skodje,15,1-------,9704.0,
NO,SKX,Skogn,17,123-----,1501.0,6342N 01109E
NO,SGT,Skorgeneset,15,1-------,1007.0,6234N 00707E
NO,SRK,Skrolsvik,19,1-------,1407.0,6904N 01649E
NO,SRO,Skrova,18,1-3-----,1601.0,6810N 01440E
NO,SKU,Skudeneshavn,11,1-3-----,1501.0,5908N 00516E
NO,SLG,Slagentangen,07,1-3-----,1501.0,5919N 01030E
NO,SLM,Slemmestad,06,1-3-----,1501.0,5946N 01029E
NO,SLV,Slovag,14,1----6--,1407.0,6051N 00504E
NO,SMO,Smola,15,1-------,1501.0,6327N 00800E
NO,ROY,Snaroya,02,12---6--,901.0,5953N 01037E
NO,SNF,Snefjord,20,1-------,1501.0,7048N 02434E
NO,SNV,Snekkevik,08,1-------,1407.0,5852N 00918E
NO,SNI,Snillfjord,16,1-------,9704.0,
NO,SOG,Sogndal,14,1--4----,1501.0,6113N 00706E
NO,SNE,Sogne,10,1-------,1101.0,5805N 00749E
NO,SOK,Sokndal,11,1-------,9704.0,
NO,SLD,Solund,14,1-------,1501.0,6104N 00450E
NO,SMN,Somna,18,1-------,9704.0,
NO,SOR,Sorarnoy,18,1-------,1501.0,6708N 01359E
NO,SOF,Sorfold,18,1-------,9704.0,
NO,SOJ,Sorkjosen,19,1-34----,901.0,6948N 02056E
NO,SRA,Sorreisa,19,1-------,1501.0,6908N 01807E
NO,SLX,Sortland,18,1-3-----,1501.0,6842N 01525E
NO,SVR,Sorvar,20,1-3-----,901.0,7038N 02159E
NO,SRX,Sotra,12,1-3-----,9501.0,
NO,SOV,Sovik,15,1-3-----,207.0,6226N 00645E
NO,DER,Sperrebotn,01,1-3-----,1407.0,5927N 01048E
NO,SPV,Spjelkavik,15,1-3-----,1501.0,6227N 00620E
NO,SDT,Stadlandet,14,1-------,1601.0,6208N 00519E
NO,SAK,Stakkvik,19,1-------,1407.0,6957N 01940E
NO,SUZ,Stamsund,18,1-3-----,1501.0,6807N 01350E
NO,SNL,Standal,15,1-------,1601.0,6216N 00626E
NO,SHT,Stanghelle,12,1-------,1407.0,6033N 00544E
NO,STA,Stathelle,08,1-3-----,1501.0,5902N 00942E
NO,SVG,Stavanger,11,1234----,1101.0,5858N 00545E
NO,STV,Stavern,07,1-3-----,1501.0,5859N 01002E
NO,SVT,Stavneset - Rissa,16,1-------,1601.0,6342N 00957E
NO,STG,Steigen,18,1-------,9704.0,
NO,SNS,Steinesjoen,18,1-------,901.0,6836N 01427E
NO,STE,Steinkjer,17,123-----,1401.0,6401N 01129E
NO,STH,Steinshamn,15,1-3-----,307.0,6247N 00629E
NO,STI,Steinvig,11,1-------,1407.0,5858N 00600E
NO,STY,Stjernoya,20,1-------,212.0,7018N 02243E
NO,STJ,Stjordal,17,1234----,1501.0,6328N 01053E
NO,STX,Sto,18,1-------,1407.0,6901N 01508E
NO,STK,Stokke,07,1-------,9704.0,
NO,SKK,Stokksund,16,1-3-----,1601.0,6402N 01003E
NO,STO,Stokkvagen,18,1-------,1401.0,6620N 01300E
NO,SKN,Stokmarknes,18,1-34----,1501.0,6834N 01454E
NO,SRP,Stord,12,1--4----,1501.0,5945N 00529E
NO,SBA,Stord base,12,1-------,1407.0,5945N 00529E
NO,SDZ,Stordal,15,1-3-----,1501.0,6222N 00659E
NO,STB,Storebo,12,1-------,1401.0,6006N 00513E
NO,SRS,Storesund,11,1-------,1601.0,5925N 00516E
NO,STF,Storfjord,19,1-------,9704.0,
NO,SOY,Storoya,11,1-------,901.0,5925N 00514E
NO,STD,Strand,11,1-------,9704.0,
NO,SRN,Stranda,15,1-3-----,1501.0,6218N 00656E
NO,STZ,Stranda - Froya,16,1-------,1601.0,6348N 00841E
NO,UME,Straume,12,1-------,1407.0,6019N 00517E
NO,SGJ,Straumsgjerde,15,1-3-----,1501.0,6220N 00635E
NO,SSO,Straumsjoen,18,1-------,1407.0,6842N 01428E
NO,SRM,Straumsnes,18,1-3-----,601.0,6839N 01438E
NO,STR,Stryn,14,1-3-----,1501.0,6153N 00642E
NO,STU,Stura,12,1-------,1601.0,6037N 00452E
NO,SUA,Sula,15,1-------,9704.0,
NO,SUL,Suldal,11,1-------,9704.0,
NO,SND,Sund,12,1-------,9704.0,
NO,UND,Sund - Karmoy,11,1-------,1407.0,5918N 00514E
NO,SIS,Sunde,12,1-3-----,901.0,5950N 00543E
NO,SUN,Sunndalsora,15,1-3-----,1007.0,6240N 00833E
NO,SUR,Surnadal,15,1-3-----,1501.0,6259N 00838E
NO,SUS,Susort,11,1-------,1007.0,5917N 00528E
NO,SVB,Svartebukt,07,1-------,1407.0,5901N 00950E
NO,SVO,Sveio,12,1-------,212.0,5933N 00521E
NO,SVE,Svelgen,14,1-3-----,1501.0,6146N 00517E
NO,SVV,Svelvik,07,1-3-----,1501.0,5936N 01024E
NO,SVJ,Svolvar,18,1-34----,1501.0,6813N 01433E
NO,SOS,Svolvar Osan,18,1-------,1407.0,6814N 01432E
NO,SYK,Sykkylven,15,1-3-----,1501.0,6224N 00634E
NO,TAL,Talavag,12,1-------,1601.0,6015N 00459E
NO,TAA,Tana,20,1-------,9704.0,
NO,TAE,Tananger,11,1-3-----,1501.0,5855N 00535E
NO,TAU,Tau,11,1-3-----,1501.0,5903N 00554E
NO,TOY,Thoroya,07,1-3-----,901.0,5906N 01014E
NO,TIN,Tingvoll,15,1-------,9704.0,
NO,TBO,Tjeldbergodden,15,1-------,1401.0,6328N 00900E
NO,TJS,Tjeldsund,18,1-------,9704.0,
NO,TJO,Tjome,07,1-------,9704.0,
NO,TJR,Tjorvag,15,1-3-----,1501.0,6217N 00544E
NO,TJL,Tjotta,18,1-------,1407.0,6549N 01226E
NO,TOF,Tofte - Hurum,06,1-3-----,1501.0,5932N 01034E
NO,TOM,Tomrefjord,15,1-3-----,1501.0,6235N 00655E
NO,TNN,Tonnes,18,1-------,1407.0,6631N 01300E
NO,TON,Tonsberg,07,123-----,1501.0,5915N 01025E
NO,TAV,Torangsvag,12,1-------,901.0,6007N 00510E
NO,TJU,Torjulvagen,15,1-------,1407.0,6259N 00815E
NO,TOR,Torsken,19,1-------,1501.0,6920N 01706E
NO,TVA,Torsvag,19,1-------,1407.0,7015N 01930E
NO,TVI,Torvika,15,1-------,1407.0,6220N 00544E
NO,TOV,Tovik,19,1-3-----,212.0,6841N 01654E
NO,TRN,Trana,18,1-------,1001.0,6630N 01206E
NO,TRY,Tranoy,19,1-------,9704.0,
NO,TRO,Trollasen,02,123-----,901.0,6002N 01002E
NO,NZY,Tromsdalen,19,1-3--6--,901.0,6939N 01901E
NO,TOS,Tromso,19,1-34----,1101.0,6940N 01858E
NO,TMV,Tromvik,19,1-3-----,901.0,6947N 01824E
NO,TRD,Trondheim,16,1234----,1501.0,6326N 01024E
NO,TUF,Tufjorden,20,1-------,1407.0,7100N 02354E
NO,TUS,Tustna,15,1-------,9704.0,
NO,TVE,Tvedestrand,09,1-3-----,1501.0,5837N 00855E
NO,TYF,Tysfjord,18,1-------,9704.0,
NO,TYN,Tysnes,12,1-------,9704.0,
NO,TSB,Tyssebotn,12,1-------,1407.0,6037N 00535E
NO,TSX,Tyssedal,12,1-3-----,1501.0,6007N 00633E
NO,TYV,Tysvar,11,1-------,9704.0,
NO,TYT,Tytebarvika,19,1-------,1407.0,6936N 01958E
NO,ULL,Ullensvang,12,1-------,1501.0,6019N 00639E
NO,UBO,Uloybukt,19,1-------,1407.0,6951N 02042E
NO,ULE,Ulstein,15,1-------,1007.0,6222N 00549E
NO,ULS,Ulsteinvik,15,1-3-----,1501.0,6220N 00550E
NO,UVK,Ulvik,12,1-------,1501.0,6034N 00655E
NO,USD,Uskedalen,12,1-3-----,1401.0,5956N 00551E
NO,UTG,Utgardskilen,01,1-------,1601.0,5905N 01052E
NO,UTH,Uthaug,16,1-3-----,901.0,6343N 00936E
NO,UTN,Utne,12,1-3-----,901.0,6025N 00636E
NO,UTS,Utsira,11,1-------,1501.0,5918N 00453E
NO,UTV,Utvorda,17,1-------,1407.0,6436N 01057E
NO,VHM,Vadheim,14,1-------,1601.0,6112N 00549E
NO,VDS,Vadso,20,1-34----,1101.0,7004N 02946E
NO,VOH,Vagaholmen,18,1-------,1407.0,6643N 01317E
NO,VGN,Vagan,18,1-------,9704.0,
NO,VGY,Vagsoy,14,1-------,9704.0,
NO,VVG,Vagsvag,14,1-3-----,901.0,6156N 00503E
NO,VAK,Vaksdal,12,123-----,1501.0,6028N 00544E
NO,VBE,Valberg,08,1-------,1407.0,5853N 00925E
NO,VAG,Valevag,12,1-3-----,607.0,5942N 00528E
NO,VAD,Valldal,15,1-------,1407.0,6218N 00716E
NO,VLS,Vallersund,16,1-------,1601.0,6351N 00945E
NO,VAL,Valloy,07,1-------,1601.0,5916N 01030E
NO,VAE,Valsneset,16,1-------,1407.0,6349N 00938E
NO,VNN,Vannavalen,19,1-------,1307.0,7007N 01958E
NO,VAN,Vanvikan-Leksvik,17,1-3-----,1501.0,6333N 01014E
NO,VAY,Vanylven,15,1-------,9704.0,
NO,VAO,Vardo,20,1-34----,1501.0,7022N 03106E
NO,VEY,Varoy,18,1-------,1501.0,6739N 01242E
NO,VTL,Vartdal,15,1-3-----,1401.0,6218N 00604E
NO,VTS,Vats,11,1-------,1601.0,5929N 00544E
NO,VMD,Vedavagen,11,1-3-----,901.0,5917N 00514E
NO,VEF,Vefsn,18,1-------,9704.0,
NO,VEG,Vega,18,1-------,1501.0,6539N 01200E
NO,VEO,Vengsoy,19,1-------,1407.0,6950N 01835E
NO,VER,Verdal,17,123-----,1501.0,6347N 01126E
NO,VRR,Verran,17,1-------,9704.0,
NO,VST,Vestnes,15,1-3-----,1501.0,6238N 00704E
NO,VVY,Vestvagoy,18,1-------,9704.0,
NO,VEV,Vevelstad,18,1-------,9704.0,
NO,VIS,Vik - Sogn,14,1-3-----,1501.0,6105N 00635E
NO,IKA,Vikan,18,1-------,1407.0,6712N 01433E
NO,VSM,Vikan - Smola,15,1-3-----,1401.0,6323N 00812E
NO,VIL,Vikedal,11,1-------,1401.0,5930N 00555E
NO,VHN,Vikholmen,18,1-------,1501.0,6612N 01258E
NO,VKK,Vikkilen,09,1-------,1407.0,5822N 00837E
NO,VKN,Vikna,17,1-------,9704.0,
NO,VIF,Vindafjord,11,1-------,9704.0,
NO,VNS,Vingsand,16,1-------,1407.0,6421N 01028E
NO,VNJ,Vinjeora,16,1-------,1007.0,6312N 00859E
NO,VSN,Visnes - Eide,15,1-------,1601.0,6257N 00724E
NO,VDL,Vistdal,15,1-------,1007.0,6243N 00756E
NO,VDA,Volda,15,1-3-----,1501.0,6208N 00603E
NO,VLL,Voll,11,1-3-----,307.0,6812N 01341E
NO,SAG,Vormedal,11,1-3-----,901.0,5921N 00519E
NO,YTO,Ytroy,14,1-------,1601.0,6105N 00441E
NP,LLU,Nawalparasi,LU,1----6--,1007.0,2732N 08340E
NR,INU,Nauru Island,,1--45---,1307.0,0033S 16655E
NU,ALO,Alofi,,1-------,9.0,1903S 16955W
NU,IUE,Niue Island,,1--45---,9601.0,
NZ,AKA,Akaroa,CAN,1-------,1207.0,4348S 17257E
NZ,AKL,Auckland,AUK,12345---,1207.0,3650S 17448E
NZ,BLU,Bluff,STL,123-----,501.0,4636S 16819E
NZ,BUW,Burnham Wharf,WGN,1-------,1207.0,4118S 17448E
NZ,CSA,Chelsea,AUK,1-3-----,1207.0,3649S 17443E
NZ,DPC,Deep Cove,STL,1-------,1207.0,4527S 16709E
NZ,DEV,Devonport,AUK,1-------,1207.0,3650S 17447E
NZ,GIS,Gisborne,GIS,1-34----,1207.0,3840S 17802E
NZ,GLE,Glenavy,CAN,1-------,1701.0,4455S 17106E
NZ,GMN,Greymouth,WTC,1-34----,1207.0,4226S 17112E
NZ,KBZ,Kaikoura,CAN,1-34----,1207.0,4225S 17342E
NZ,KAU,Kauri Point,AUK,1-3-----,1207.0,3649S 17441E
NZ,LYT,Lyttelton,CAN,1-3-----,1207.0,4336S 17243E
NZ,MAP,Marsden Point,NTL,1-3-----,401.0,3550S 17430E
NZ,MAB,Matiatia Bay,AUK,1-------,1207.0,3646S 17458E
NZ,MFN,Milford Sound,STL,1-3-----,1207.0,4440S 16755E
NZ,NPE,Napier,HKB,1--4----,1207.0,3928S 17654E
NZ,NSN,Nelson,NSN,1-34----,1207.0,4115S 17316E
NZ,NPL,New Plymouth,TKI,1-34----,1207.0,3903S 17401E
NZ,ONE,Onehunga (Manukau Harbour),AUK,1-------,1207.0,3700S 17440E
NZ,OPX,Opua,NTL,1-------,212.0,3519S 17407E
NZ,ORR,Otago Harbour,OTA,1-------,1207.0,4548S 17037E
NZ,OTT,Otematata,CAN,1----6--,1201.0,4437S 17016E
NZ,PCN,Picton,MBH,1--4----,1207.0,4117S 17400E
NZ,POE,Port Chalmers,OTA,1-------,212.0,4549S 17036E
NZ,PON,Port Nelson,,1----6--,907.0,4116S 17316E
NZ,POR,Portland,NTL,1-3-----,2207.0,3548S 17419E
NZ,RAV,Ravensbourne,OTA,123-----,212.0,4552S 17033E
NZ,OLT,Rolleston,CAN,1----6--,1307.0,4335S 17223E
NZ,RUS,Russel,NTL,1-3-----,1207.0,3516S 17407E
NZ,SEA,Seaview,WGN,123--6--,1207.0,3928S 17655E
NZ,SHB,Shelly Bay,WGN,1-3-----,1207.0,4117S 17449E
NZ,THH,Taharoa,WKO,1-34----,1207.0,3809S 17444E
NZ,TAK,Takapuna,AUK,1-3--6--,1207.0,3647S 17446E
NZ,HMB,Tamaki,AUK,1-------,1207.0,3653S 17454E
NZ,TKH,Tarakohe,TAS,1-------,1207.0,4050S 17253E
NZ,TRG,Tauranga,BOP,1234----,507.0,3741S 17610E
NZ,TIU,Timaru,CAN,1234----,1207.0,4423S 17115E
NZ,TWI,Tiwai Point-Bluff Port,STL,1-3-----,1207.0,4635S 16821E
NZ,TRY,Tryphena,AUK,1-------,1207.0,3618S 17529E
NZ,WKE,Waiheke Island,AUK,1-3--6--,1207.0,3648S 17506E
NZ,WTG,Waitangi,NTL,1-------,1207.0,3515S 17405E
NZ,WAG,Wanganui,MWT,1-34----,1207.0,3956S 17459E
NZ,WLG,Wellington,WGN,1234----,1207.0,4116S 17447E
NZ,WSZ,Westport,WTC,1-34----,1207.0,4144S 17135E
NZ,WHN,Whangaparapara,AUK,1-------,1207.0,3614S 17523E
NZ,WRE,Whangarei,NTL,1-34----,1207.0,3550S 17429E
NZ,WHR,Whangaroa,NTL,1-3-----,1207.0,3502S 17345E
OM,MNH,Al Mudayq,BS,1-34----,2407.0,2349N 05731E
OM,SUW,Al-Suwaiq,BJ,1-------,1807.0,2351N 05726E
OM,DQM,Duqm,WU,1-3-----,1207.0,1939N 05742E
OM,FAH,Fahal,MA,1-------,212.0,2341N 05830E
OM,MFH,Mina' al Fahl,MA,1-------,212.0,2338N 05831E
OM,STQ,"Mina Sultan Qaboos, Muscat",,1-3-----,607.0,2337N 05833E
OM,MCT,Muscat,MA,1--45---,1601.0,2336N 05835E
OM,MUT,Muthra,,1-------,8103.0,
OM,OPQ,Port Qaboos,,1-------,1407.0,
OM,SUL,Port Sultan,,1-------,212.0,2337N 05838E
OM,QAL,Qalhat,SH,1-3-----,307.0,2242N 05922E
OM,QUO,Quoin Island,,1-------,907.0,2635N 05631E
OM,RAY,Raysut,,1-------,8103.0,
OM,SLL,Salalah,,1--4----,9601.0,
OM,SHI,Shinas,BS,1-------,2001.0,2444N 05628E
OM,SOH,Sohar,,1-------,8103.0,
OM,OFC,Sur,SJ,1-------,1707.0,2239N 05926E
PA,AGD,Aguadulce,,1-------,9401.0,
PA,PAM,Almirante,,1-------,9401.0,
PA,ACO,Ancon,8,1-3-----,1807.0,0858N 07933W
PA,PBM,Bahia Las Minas,3,1-------,212.0,0924N 07950W
PA,BLB,Balboa,,1-------,9601.0,
PA,BAY,Bayano,7,1-3-----,1807.0,0738N 08023W
PA,BCC,Boca Chica,4,1-3-----,1401.0,0813N 08213W
PA,BOC,Bocas del Toro,1,1-34----,212.0,0920N 08214W
PA,CZZ,Canazas,,1-3--6--,701.0,0808N 08042W
PA,CHA,Charco Azul,,1-------,9506.0,
PA,CHG,Chiriqui Grande,,1-3-----,212.0,0857N 08207W
PA,CTD,Chitre,6,1--4----,1807.0,0758N 08026W
PA,ONX,Colon,3,1-345---,1207.0,0921N 07952W
PA,CTB,Cristobal,3,1-------,1807.0,0921N 07954W
PA,ELE,El Real,,1--4----,9601.0,
PA,GBA,Gamboa,,1-------,9811.0,
PA,GTN,Gatun,,1-------,8103.0,
PA,G8L,Gualaca,4,1-------,1401.0,0832N 08218W
PA,HER,Herrera,7,1----6--,907.0,0750N 08040W
PA,PLP,La Palma,5,1--4----,1807.0,
PA,MNP,Las Minas,6,1-------,1807.0,
PA,MIT,Manzanillo,,123-----,9701.0,
PA,MEL,Melones,8,1-------,1501.0,0848N 07936W
PA,MFS,Miraflores,,1-------,8103.0,
PA,PTY,"Panama, Ciudad de",8,1-345---,407.0,0858N 07932W
PA,PAI,Paraiso,,1-------,8103.0,
PA,PAY,Payardi,,1-------,8103.0,
PA,PED,Pedregal,4,1-3-----,1207.0,0822N 08226W
PA,PES,Pese,6,1-3-----,1401.0,0754N 08037W
PA,PBE,Portobelo,3,1-3-----,501.0,0933N 07939W
PA,AML,Puerto Armuelles,4,1--4----,1807.0,
PA,PCA,Puerto Caimito,9,1-3--6--,1807.0,0852N 07943W
PA,GDE,Rio Grande,10,1-3--6--,1807.0,0743N 08121W
PA,ROD,Rodman,8,1-------,1207.0,0857N 07934W
PA,SCL,Santa Clara,,1-3-----,601.0,0823N 08007W
PA,TBG,Taboguilla,,1-------,401.0,0848N 07930W
PA,TOC,Tocumen,8,1----6--,1201.0,0905N 07923W
PA,VAC,Vacamonte,8,1-3-----,1207.0,0852N 07940W
PE,ANC,Ancon,LIM,1-------,212.0,1146S 07710W
PE,ATI,Atico,,1-------,8103.0,
PE,PUB,Bayovar,PIU,1-------,212.0,0551S 08104W
PE,CAB,Cabo Blanco,,1-------,9401.0,
PE,CLL,Callao,LMA,1-3-----,2407.0,1203S 07708W
PE,CHY,Chancay,LIM,123-----,2407.0,1134S 07716W
PE,CHM,Chimbote,,1--4----,9601.0,
PE,CON,Conchan,,1-3--6--,701.0,0625S 07840W
PE,EEN,Eten,,1-------,9401.0,
PE,GSM,General San Martin,,1-------,9401.0,
PE,HCO,Huacho,,1-------,9401.0,
PE,HUY,Huarmey,,1-------,8103.0,
PE,ILQ,Ilo,MOQ,1-34----,2407.0,1739S 07120W
PE,IQT,Iquitos,,1--4----,9601.0,
PE,LPP,La Pampilla,,1-------,9506.0,
PE,LAG,Lagunas,LOR,1-------,1007.0,0513S 07540W
PE,LIM,Lima,LMA,1-345---,2407.0,1203S 07703W
PE,LOB,Lobitos,,1-------,9401.0,
PE,LOO,Los Organos,,1-------,212.0,0411S 08107W
PE,SJA,Marcona,ICA,12-4----,9601.0,1522S 07510W
PE,MRI,Matarani,,1-------,9401.0,
PE,MLQ,Mollendo,,1--4----,9601.0,
PE,NGS,Negritos,,1-------,9506.0,
PE,PAC,Pacasmayo,,1-------,9401.0,
PE,PAI,Paita,,1-------,9401.0,
PE,PMC,Pampa Melchorita,LIM,1-------,1207.0,1318S 07747W
PE,PAM,Paramonga,,1-------,9506.0,
PE,PMT,Pimentel,,1-------,9401.0,
PE,PIO,Pisco,,1--4----,9601.0,
PE,PCL,Pucallpa,,1--4----,9601.0,
PE,PCH,Puerto Chicama,,1-------,9401.0,
PE,PEM,Puerto Maldonado,MDD,1-34----,2407.0,1235S 06912W
PE,PUN,Puno,,1-------,9401.0,
PE,PLO,Punta Lobitos,ANC,1-------,212.0,1005S 07811W
PE,SVY,Salaverry,,1-------,9401.0,
PE,BAR,San Bartolo,LIM,1----6--,901.0,1223S 07647W
PE,SNX,San Nicolas,ICA,1-3-----,2407.0,1516S 07514W
PE,SUP,Supe,,1-------,9401.0,
PE,TYL,Talara,,1--4----,9601.0,
PE,TDM,Tambo de Mora,CUS,1-------,212.0,1328S 07612W
PE,TAG,Tambo Grande,,1-3-----,607.0,1600S 07402W
PE,TRU,Trujillo,,1--4----,9601.0,
PE,YMS,Yurimaguas,,1--4----,9401.0,
PF,AHU,Ahurei,,1-------,1901.0,2737S 14421W
PF,AUT,Auti,,1-------,1901.0,2229S 15120W
PF,BOB,Bora Bora,,1--4----,1901.0,1627S 15145W
PF,FAT,Fatu Hiva,,1-------,1901.0,1029S 13839W
PF,HHT,Hereheretue,,1-------,1901.0,1952S 14500W
PF,IKI,Ikitake,,1-------,1901.0,1750S 14051W
PF,MOE,Moerai,,1-------,1901.0,2227S 15121W
PF,TUP,Niau,,1-------,1901.0,1607S 14622W
PF,NHV,Nuku Hiva,,1--4----,2207.0,0852S 14008W
PF,OTP,Otepa,,1-------,1901.0,1807S 14054W
PF,PPT,Papeete,,1-345---,2307.0,1732S 14934W
PF,RFP,Raiatea,,1--4----,2307.0,1644S 15128W
PF,RVV,Raivavae,,1-------,1901.0,2353S 14740W
PF,TAI,Taiohae,,1-3-----,2307.0,0854S 14006W
PF,UTU,Uturoa,,1-------,2407.0,1644S 15127W
PF,VAI,Vaitape,,1-------,9506.0,
PG,ABW,Abau,,1--4----,9601.0,
PG,AHO,Ahioma,,1-------,9811.0,
PG,AIA,Aiambak,WPD,1-------,901.0,0721S 14116E
PG,AKI,Akinum,,1-------,8311.0,
PG,ALC,Alcester Island,MBA,1-------,901.0,0934S 15227E
PG,GUR,Alotau,,1--4----,9601.0,
PG,AMI,Amio,EBR,1-------,901.0,0607S 15045E
PG,ANB,Anewa Bay,NSB,1-------,1307.0,0612S 15533E
PG,BOI,Boigu Island,WPD,1-------,901.0,0916S 14213E
PG,BOR,Boroko,,1---5---,9601.0,
PG,BUA,Buka,,1--4----,9601.0,
PG,BNA,Buna,,1-------,8311.0,
PG,CAU,Caution Bay,CPM,1-------,1407.0,0920S 14656E
PG,CFG,Conflict Group,MBA,1-------,901.0,1047S 15148E
PG,DAU,Daru,,1--4----,9601.0,
PG,DBL,Deboyne Lagoon,MBA,1-------,901.0,1047S 15224E
PG,FIN,Finschhafen,,1--4----,9601.0,
PG,FUB,Fulleborn,,1--4----,9601.0,
PG,GMI,Gasmata Island,,1--4----,9601.0,
PG,GAW,Gawa Island,MBA,1-------,901.0,0858S 15159E
PG,GIL,Gilau,,1-------,8311.0,
PG,GEI,Green Islands,,1--4----,9601.0,
PG,HKN,Hoskins,,1--4----,9601.0,
PG,KAI,Kaibola,MBA,1-------,901.0,0825S 15106E
PG,KRK,Kairuku,CPM,1-3-----,2307.0,0850S 14632E
PG,KPP,Kakapo,,1-------,8311.0,
PG,KLO,Kalo,,1-------,8311.0,
PG,KRX,Karkar Is,,1-34----,207.0,0438S 14558E
PG,KVG,Kavieng,,1--4----,9601.0,
PG,KMA,Kerema,,1--4----,9601.0,
PG,KIE,Kieta,,1--4----,9601.0,
PG,KIM,Kimbe,,1-------,8311.0,
PG,UNG,Kiunga,,1--4----,9601.0,
PG,KOP,Kopi,GPK,1-------,901.0,0718S 14411E
PG,KUL,Kumul,,1-----7-,207.0,0806S 14434E
PG,LAE,Lae,,1--4----,9601.0,
PG,LAK,Lakuramau,NIK,1-------,901.0,0253S 15115E
PG,LAM,Lambom Island,NIK,1-------,901.0,0448S 15250E
PG,LLA,Laughlan Atoll,MBA,1-------,901.0,0917S 15340E
PG,LNV,Lihir Island,,1--4----,9701.0,
PG,LOL,Loloho,,1-------,8311.0,
PG,LOM,Lombrum,MRL,1-------,901.0,0202S 14722E
PG,LDT,Londolovit,,1-3-----,201.0,0304S 15237E
PG,LOR,"Lorengau, Manus Island",,1-------,8311.0,
PG,MAG,Madang,MPM,1--4----,1701.0,0513S 14547E
PG,MAM,Manam Island,,1-------,8311.0,
PG,MIE,Mielelek,,1-------,8311.0,
PG,MIS,Misima Island,,1--4----,9601.0,
PG,MTK,Motukea Island,NCD,1-------,1201.0,0926S 14706E
PG,ATN,Namatanai,,1--4----,9601.0,
PG,NAP,Napa Napa,NCD,1-------,901.0,0927S 14707E
PG,ROR,Orobay,,1-------,8311.0,
PG,PDO,Pondo Harbour,EBR,1-------,401.0,0434S 15137E
PG,POM,Port Moresby,,1--4----,9601.0,
PG,RAB,Rabaul,,1--4----,9601.0,
PG,RAM,Rambutyo Island,,1-------,8311.0,
PG,RNR,Robinson River,,1--4----,9601.0,
PG,RVI,Russel Island,,1-------,8311.0,
PG,SAI,Saibai,WPD,1-------,901.0,0923S 14237E
PG,SMU,Salamaua,,1-------,8311.0,
PG,SQT,Samarai,,1--4----,9601.0,1038S 15038E
PG,SCH,Schauten,,1-------,8311.0,
PG,SPL,Sipul,,1-------,8311.0,
PG,SOI,Sokar Island,,1-------,8311.0,
PG,TGL,Tagula,,1--4----,9601.0,
PG,TLW,Talasea,,1--4----,9601.0,
PG,TAM,Tambanum,ESW,1-------,901.0,0412S 14336E
PG,TAI,Tambutyo Island,,1-------,8311.0,
PG,TMI,Tami Island,MPL,1-------,901.0,0646S 14754E
PG,TAU,Taugu Island,,1-------,8311.0,
PG,TOI,Tolokiwa Island,,1-------,8311.0,
PG,TFI,Tufi,,1--4----,9601.0,
PG,ULA,Ulamona,WBK,1-------,901.0,0500S 15115E
PG,VLA,Vailala,GPK,1-3-----,401.0,0757S 14527E
PG,VAI,Vanimo,,1--4----,9601.0,
PG,WAT,Watabung,EHG,1-3-----,901.0,0605S 14513E
PG,WWK,Wewak,,1--4----,9601.0,
PG,WOK,Woodlark,,1-------,8311.0,
PG,YEN,Yentchan,ESW,1-------,901.0,0408S 14315E
PG,RKU,Yule Island,,1--4----,9601.0,
PH,ABU,Abulug,CAG,1-------,1101.0,1826N 12127E
PH,ADL,Adlay/Bislig,,1-------,8103.0,
PH,AHE,Aheron/Ozamis,,1-------,8103.0,
PH,AJU,Ajuy,ILI,1-------,901.0,1110N 12302E
PH,ALA,Alasang/Siain,,1-------,8103.0,
PH,ALB,Albuera,LEY,1-------,901.0,1058N 12438E
PH,ALC,Alcoy,CEB,1-3-----,1001.0,0941N 12330E
PH,ALE,Aleran/Ozamis,,1-------,8103.0,
PH,AMU,Amunitan/Aparri,CAG,1-------,1607.0,1819N 12203E
PH,ANA,Anakan/Masao,,1-------,8103.0,
PH,ANT,Antipolo,APA,1-------,901.0,
PH,APR,"Aparri, Luzon",,1-------,8103.0,
PH,ARA,Aras Asan/Bislig,DAO,1-------,1607.0,0853N 12618E
PH,AST,Astorga,DAS,1-------,901.0,0653N 12527E
PH,ATI,Atimonan/Siain,QUE,1-------,1607.0,1359N 12154E
PH,BAB,Babato/Dadiangas,,1-------,8103.0,
PH,BCD,"Bacolod, Negros",,1--4----,9601.0,
PH,BCO,Bacon/Legaspi,,1-------,8103.0,
PH,BAC,Bacong,NER,1-------,901.0,0914N 12318E
PH,BCU,Baculin/Mati,,1-------,8103.0,
PH,BGC,Bagac,,1-------,8103.0,
PH,BNQ,Baganga/Mati,,1--4----,9601.0,
PH,BGI,Bagui Bay/San Fernando,,1-------,8103.0,
PH,BAG,Baguio,,1--4----,9601.0,
PH,BAI,Bais/Dumaguete,,1-------,8103.0,
PH,BLC,"Balabac, Palawan",PLW,1-3-----,401.0,0758N 11703E
PH,BAL,Balaboe,,1-------,8103.0,
PH,BLA,Balanga/Batan,,1-------,8103.0,
PH,BLN,Balengan/Siain,,1-------,8103.0,
PH,BQA,Baler/Siain,,1--4----,9601.0,
PH,BGS,Balingasag,,1-3-----,212.0,0845N 12447E
PH,BLT,Balintang/Puerto Princesa,,1-------,8103.0,
PH,BLG,Balogo/Batangas,,1-------,8103.0,
PH,BLU,Balumo/Zamboanga,,1-------,8103.0,
PH,BNW,Banawan/Dadiangas,,1-------,8103.0,
PH,BTY,Bantayon/San Jose,,1-------,8103.0,
PH,BRB,Barobo/Bislig,,1-------,8103.0,
PH,BRT,Barton/Puerto Princesa,,1-------,8103.0,
PH,BSO,Basco,BTN,1--4----,1101.0,2027N 12158E
PH,BSY,Basey/Catbalogan,,1-------,8103.0,
PH,BAS,Basiauang/Dadiangas,,1-------,8103.0,
PH,BTN,"Bataan, Mariveles",,1-------,8103.0,
PH,BTG,Batangas/Luzon,BTG,1-3--6--,1301.0,1345N 12103E
PH,BTS,Batarasa/Puerto Princesa,,1-------,8103.0,
PH,BAT,Batonbaton,PLW,1-------,901.0,0911N 11821E
PH,BAU,Bauan/Batangas,BTG,1-------,1607.0,1348N 12100E
PH,BNG,Bauang,LUN,123-----,407.0,1631N 12019E
PH,BYS,Bayabas/Bislig,,1-------,8103.0,
PH,BYP,Bayang Point,,1-------,8103.0,
PH,BYW,Bayawan/Dumaguete,,1-------,8103.0,
PH,BYB,Baybay/Tacloban,,1-------,8103.0,
PH,BIN,Binan,LAG,1-3-----,1607.0,1420N 12105E
PH,BPH,"Bislig, Mindanao",,1--4----,9601.0,
PH,BIY,Biyawa/Davao,,1-------,8103.0,
PH,BOA,"Boac, Marinduque",MAD,1-------,1607.0,1326N 12150E
PH,BOG,Bogo,,1-3-----,212.0,1103N 12400E
PH,BLP,Bolos Point/Aparri,,1-------,8103.0,
PH,BOR,Boracay,ROM,1-------,901.0,1158N 12155E
PH,BGV,Borongan,,1-------,9506.0,
PH,BOS,Boston/Davao,DAO,1-------,1607.0,0752N 12621E
PH,BRP,"Brookes Point, Palawan",PLW,1-3-----,401.0,0846N 11750E
PH,BGR,Bucar Grande/Suriagao,,1-------,8103.0,
PH,BUD,Budbud/Davao,,1-------,8103.0,
PH,BUG,Bugo,,1-------,8103.0,
PH,BUL,"Bulan, Luzon",,1-------,8103.0,
PH,BUR,"Burdeos, Polillo Isl",QUE,1-3-----,401.0,1450N 12158E
PH,BXU,Butuan Bay/Masao,,1--4----,9601.0,
PH,CAB,Cabugao Bay/Legaspi,,1-------,8103.0,
PH,CAZ,Cadiz,,1-------,9811.0,
PH,CGY,"Cagayan de Oro, Mindanao",,1--4----,9601.0,
PH,CDN,Cagdianao,SUN,1-------,901.0,0955N 12540E
PH,CAJ,"Cajidiocan, Visayan Isl",ROM,1-3-----,401.0,1222N 12241E
PH,CCG,Calag-Calag/Dumaguete,,1-------,8103.0,
PH,CGT,Calaguitan/Tacloban,,1-------,8103.0,
PH,CLP,Calapan/Batangas,,1-------,8103.0,
PH,CBY,"Calbayog, Samar",,1-3-----,401.0,1204N 12436E
PH,CDB,Caldera Bay/Zamboanga,,1-------,8103.0,
PH,CWY,Calowayan/Catabalogan,,1-------,8103.0,
PH,CUG,"Calubian, Leyte",LEY,1-3-----,401.0,1126N 12425E
PH,CGP,Calug Point/Zamboanga,,1-------,8103.0,
PH,CML,Camalagawan/Aparri,,1-------,8103.0,
PH,CAM,Camarines Norte/Jose Panganiban,,1-------,8103.0,
PH,CGM,Camiguin Island/Aparri,,1--4----,9601.0,
PH,CNY,Canaybon/Catbalogan,,1-------,8103.0,
PH,CNT,Cantilan/Surigao,,1-------,8103.0,
PH,CPL,Capalonga/Siain,,1-------,8103.0,
PH,CPC,Capoocan,LEY,1-------,1107.0,1118N 12439E
PH,CRG,Caraga/Mati,,1-------,8103.0,
PH,CRA,Carigara,LEY,1-------,901.0,1118N 12441E
PH,CGG,Casiguran/Siain,,1--4----,9601.0,
PH,CST,Castanas,,1-3-----,212.0,1353N 12133E
PH,CSB,Casul Bay/Ozamis,,1-------,8103.0,
PH,CTB,Catamon Bay/Iloilo,,1-------,8103.0,
PH,CUN,Catanauan,,1-------,8103.0,
PH,CTS,"Catbalogan, Samar",,1-------,8103.0,
PH,CVE,"Cavite, Luzon",,1-------,8103.0,
PH,CEB,Cebu,,1--4----,9601.0,
PH,CLV,Claveria/Aparri,,1-------,8103.0,
PH,CGI,Corregidor Island,BAN,1-------,901.0,1423N 12035E
PH,CBO,"Cotabato, Mindanao",,1--4----,9601.0,
PH,CSI,Culasi,,1-3-----,401.0,1136N 12242E
PH,CUJ,Culion,,1-------,9401.0,
PH,CMO,Currimao,,1-------,9506.0,
PH,CUR,Curuan/Zamboanga,,1-------,8103.0,
PH,DCB,Dahikan Bay,,1-------,9506.0,
PH,DNO,Danao,,1-3-----,401.0,1032N 12402E
PH,DVO,"Davao, Mindanao",,1--4----,9601.0,
PH,DPT,Diapitan/Siain,,1-------,8103.0,
PH,DRB,Diaraboan/Siain,,1-------,8103.0,
PH,DIC,Diculum/Zamboanga,,1-------,8103.0,
PH,DID,Didadongan/Aparri,,1-------,8103.0,
PH,DDW,Dinadiawan/Aparri,,1-------,8103.0,
PH,DNG,Dinagat Island/Surigao,,1-------,8103.0,
PH,DNL,Dinalongan/Siain,,1-------,8103.0,
PH,DGL,Dingalan/Siain,,1-------,8103.0,
PH,DIO,Diotorin/Siain,,1-------,8103.0,
PH,DPL,Dipolog/Ozamis,,1--4----,9601.0,
PH,DIR,Dirgalan,,1-------,8103.0,
PH,DIV,Divilacan/Aparri,,1-------,8103.0,
PH,DUL,Dulag,LEY,1-------,212.0,
PH,DGT,Dumaguete,,1--4----,9601.0,
PH,ENI,El Nido/Puerto Princesa,,1-34----,201.0,1111N 11924E
PH,GAC,Gachitorena/Jose Panganiban,,1-------,8103.0,
PH,GHE,Garcia Hernandez,BOH,1-------,901.0,0937N 12418E
PH,GAS,Gasan,,1-------,8103.0,
PH,GNI,General Island/Bislig,,1-------,8103.0,
PH,GES,General Santos,,1-34----,207.0,0607N 12509E
PH,GGG,"Gigaquit, Mindanao",SUN,1-3-----,401.0,0935N 12541E
PH,GGM,"Gigmoto, Catanduanes",CAT,1-3-----,401.0,1346N 12423E
PH,GIN,Gingoog/Masao,,1-------,8103.0,
PH,GHG,Guihulngan,NER,1-------,901.0,1007N 12317E
PH,GMS,Guimaras/Iloilo,,1-------,8103.0,
PH,GUN,Guiuan,EAS,1-------,901.0,1102N 12543E
PH,HYB,Hagnava Bay,,1-------,9506.0,
PH,AQE,Hamtic,ANT,1-3-----,407.0,1042N 12158E
PH,HIJ,Hijo Wharf/Davao,,1-------,8103.0,
PH,HIL,Hilongos,LEY,1-------,901.0,1022N 12445E
PH,HIM,"Himamaylan, Negros",NEC,1-3-----,401.0,1005N 12252E
PH,HNT,Hinatuan/Bislig,,1-------,8103.0,
PH,HNG,Hinigaran/Iloilo,,1-------,8103.0,
PH,HNB,Hinobaan/Iloilo,,1-------,8103.0,
PH,HMH,Homonhon,EAS,1-3-----,2107.0,1045N 12542E
PH,HON,Hondagua/Siain,,1-------,8103.0,
PH,HOO,Hook Bay/Siain,,1-------,8103.0,
PH,IGN,"Iligan, Mindanao",,1--4----,9601.0,
PH,ILO,"Iloilo, Panay",,1--4----,9601.0,
PH,INP,Inampulugan Island,,1-------,9506.0,
PH,IPE,Ipil/Zamboanga,,1--4----,9601.0,
PH,ISL,Isabel,,1-------,9506.0,
PH,BCT,"Isabela, Basilan",BAS,1-3-----,401.0,0642N 12158E
PH,JAG,Jagna,,1-------,9506.0,
PH,JAS,Jasaan,,1-3-----,212.0,0839N 12445E
PH,JNZ,Jimenez/Ozamis,,1-------,8103.0,
PH,JOL,Jolo,,1--4----,9601.0,
PH,JPM,"Jose Panganiban, Luzon",,1-------,8103.0,
PH,KAS,Kabasalan/Zamboanga,ZAS,1-------,1607.0,0747N 12245E
PH,KLM,Kalamansig,SUK,1-3-----,307.0,0633N 12403E
PH,KAR,Karomatan/Iligan,,1-------,8103.0,
PH,KAT,Katipunan/Ozamis,,1-------,8103.0,
PH,KIA,Kiamba/Dadiangas,,1-------,8103.0,
PH,KIL,Kilbay Point/Jose Panganiban,,1-------,8103.0,
PH,KIN,Kinogitan/Iligan,,1-------,8103.0,
PH,KIP,Kipit/Ozamis,,1-------,8103.0,
PH,KIW,Kiwalan/Iligan,,1-------,8103.0,
PH,KOL,Kolambugan/Iligan,,1-------,8103.0,
PH,KUM,Kumalarang/Zamboanga,,1-------,8103.0,
PH,LAC,La Carlota,NEC,1-------,1807.0,1025N 12255E
PH,LPZ,La Paz/Iloilo,,1-------,8103.0,
PH,LRP,La Rap/Jose Panganiban,,1-------,8103.0,
PH,LAB,Labason/Zamboanga,ZAN,1-------,1607.0,0804N 12231E
PH,LAY,Lagondy River,,1-------,8103.0,
PH,LAG,Lagonoy/Jose Panganiban,,1-------,8103.0,
PH,LGU,Laguna,,1-------,1107.0,1018N 12353E
PH,LAM,Lamit Bay/Jose Panganiban,,1-------,8103.0,
PH,LAN,Lanuza/Bislig,,1-------,8103.0,
PH,LAO,"Laoag, Luzon",ILN,1--4----,1607.0,1811N 12035E
PH,LPU,"Lapu-Lapu, Cebu",,1-3-----,307.0,1019N 12357E
PH,LNA,Larena,SIG,1-------,901.0,0915N 12335E
PH,LZB,Lazi,SIG,1-3-----,401.0,0907N 12338E
PH,LBK,Lebak/Parang,,1-------,8103.0,
PH,LGP,"Legaspi Apt, Luzon",,1-34----,401.0,1308N 12345E
PH,LEY,Leyte,LEY,1-------,1607.0,1122N 12429E
PH,LIA,Lianga/Bislig,,1-------,8103.0,
PH,LIB,Libjo/Surigao,,1-------,8103.0,
PH,LIM,Limay/Bataan,,1-------,8103.0,
PH,LIN,"Lingayen, Luzon",,1-------,8103.0,
PH,LGG,Lingig/Bislig,,1-------,8103.0,
PH,LNK,Linik/Dadiangas,,1-------,8103.0,
PH,LPA,Lipa,,1-------,8103.0,
PH,LOM,Lomuyon/Dadiangas,,1-------,8103.0,
PH,LOP,Long Point/Puerto Princesa,,1-------,8103.0,
PH,LOO,Looc Bay/San Jose,,1-------,8103.0,
PH,LUC,Lucanin,,1-------,1107.0,1428N 12037E
PH,LUG,Lugait,,1-3-----,212.0,0820N 12415E
PH,LUM,Lumasal/Dadiangas,,1-------,8103.0,
PH,LNO,Lunao,,1-3-----,212.0,0852N 12503E
PH,MGD,Mabaguid,,1-------,8103.0,
PH,MAB,"Mabini, Mindanao",MSR,1-3-----,401.0,0857N 12447E
PH,MCO,Maco/Davao,,1-------,8103.0,
PH,MCJ,Macojalan/Ozamis,,1-------,8103.0,
PH,NOP,Mactan Island Apt,,1-34----,401.0,1018N 12400E
PH,MAD,Madaum/Davao,,1-------,8103.0,
PH,MGA,Magalona/Iloilo,,1-------,8103.0,
PH,MLS,Magellanes/Masao,,1-------,8103.0,
PH,MGB,Magueda Bay/Catbalogan,,1-------,8103.0,
PH,MAI,Maitum/Dadiangas,,1-------,8103.0,
PH,MAK,Makar/Dadiangas,,1-------,8103.0,
PH,MTI,Makati,NUV,1-3-----,701.0,1625N 12106E
PH,MKC,Makati City,00,1-------,1607.0,1433N 12102E
PH,MLL,Malalag/Davao,,1-------,8103.0,
PH,MSB,Malasugat Bay/Zamboanga,,1-------,8103.0,
PH,MTP,Malatapay,NER,1-------,901.0,0933N 12309E
PH,MLB,"Maluso, Basilan",BAS,1-3-----,401.0,0632N 12152E
PH,MGI,Mambagid,,1-------,9506.0,
PH,MSY,Manansalay/Batangas,,1-------,8103.0,
PH,MNY,Manay/Mati,,1-------,8103.0,
PH,MGG,Mangogoy/Bislig,,1-------,8103.0,
PH,MNI,Manicani,EAS,1-------,901.0,1100N 12539E
PH,MNL,Manila,,1--45---,9601.0,
PH,MNN,Manila North Harbour,,1-3-----,10.0,
PH,MNS,Manila South Harbour,,1-3-----,9805.0,
PH,MHT,"Marihatag, Mindanao",SUR,1-3-----,401.0,0847N 12617E
PH,MVS,"Mariveles, Luzon",,1-------,8103.0,
PH,MAS,Masao,,1-------,9506.0,
PH,MBT,Masbate,,1--4----,9601.0,
PH,MSC,Masinloc/Sual,,1-------,8103.0,
PH,MAC,Matho Cortez/Bislig,,1-------,8103.0,
PH,MXI,"Mati, Mindanao",,1--4----,9601.0,
PH,MTA,Matina Aplaya/Davao,,1-------,8103.0,
PH,MDN,Medina,,1-3-----,212.0,0855N 12501E
PH,MCD,Mercedes/Jose Panganiban,,1-------,8103.0,
PH,MIL,Milbuk/Dadiangas,,1-------,8103.0,
PH,MIO,Misamis Occ./Ozamis,,1-------,8103.0,
PH,MIC,Misamis Or./Cagayan de Oro,,1-------,8103.0,
PH,MSS,Mission/Aparri,,1-------,8103.0,
PH,MON,Monserrat/Mati,,1-------,8103.0,
PH,MOR,Morong/Mariveles,,1-------,8103.0,
PH,MUL,Mulanay/Siain,,1-------,8103.0,
PH,MNT,Muntinlupa City,00,1-3--6--,1607.0,1437N 12103E
PH,NAB,Nabulao Bay/Iloilo,,1-------,8103.0,
PH,WNP,Naga/Zamboanga,,1--4----,9601.0,
PH,NGH,Nagh,,1-------,8103.0,
PH,NAL,Nalungga/Iloilo,,1-------,8103.0,
PH,NAP,Napsan/Puerto Princesa,,1-------,8103.0,
PH,NAR,Naris Point/Puerto Princesa,,1-------,8103.0,
PH,NAS,Nasipit/Masao,,1-------,8103.0,
PH,NUG,"Nasugbu, Luzon",BTG,1-------,1607.0,1404N 12038E
PH,NTO,Nato,,1-------,9506.0,
PH,NID,Nido Terminal,,1-------,401.0,
PH,NON,Nonoc/Surigao Del Norte,,1-------,8103.0,
PH,ODI,Odiongan,ROM,1-------,901.0,1224N 12159E
PH,OLO,Olongapo,,1-------,9506.0,
PH,OPO,Opol,,1-3-----,212.0,0831N 12434E
PH,ORS,Oras/Catbalogan,,1-------,8103.0,
PH,ORA,Orayuita,,1-------,8103.0,
PH,ORC,Ormoc/Tacloban,,1--4----,9601.0,
PH,ORL,Oroquieta,MSC,1-------,901.0,0829N 12348E
PH,OTE,Oteiza/Bislig,,1-------,8103.0,
PH,OZC,"Ozamis, Mindanao",,1--4----,9601.0,
PH,PDR,Pacio de Rozas/Batangas,,1-------,8103.0,
PH,PAG,Pagadian/Zamboanga,,1--4----,9601.0,
PH,PGB,Pagbilao,QUE,1-3-----,2101.0,1358N 12141E
PH,PPP,"Pagudpud, Luzon",LUN,1-3-----,401.0,1637N 12019E
PH,PLB,Palamit Bay/San Jose,,1-------,8103.0,
PH,PLP,Palapag/San Jose,,1-------,8103.0,
PH,PLW,Palawan/Ozamis,,1-------,8103.0,
PH,PMT,Pamintayan/Zamboanga,,1-------,8103.0,
PH,PAM,Pampanga,,1-3-----,9805.0,
PH,PPL,Pamplona/Aparri,,1-------,8103.0,
PH,PAN,Panabo,DAV,1-3-----,2101.0,0718N 12541E
PH,PNB,Panabutan/Zamboanga,,1-------,8103.0,
PH,PCN,Panacan/Davao,,1-------,8103.0,
PH,PCA,Panacosa/Puerto Princesa,,1-------,8103.0,
PH,PGT,Pangutaran/Jolo,,1-------,8103.0,
PH,PNN,Paninirongan/Sanjose,,1-------,8103.0,
PH,PRA,Parang,,1-------,8103.0,
PH,PSL,"Pasaleng, Luzon",ILN,1-3-----,401.0,1833N 12055E
PH,PAS,"Pasay, Luzon",,1-------,8103.0,
PH,PIS,Philippines,,1-------,1207.0,1435N 12100E
PH,PIN,Pinamalayan/Batangas,,1-------,8103.0,
PH,PLA,Plaridel/Ozamis,,1-------,8103.0,
PH,PDC,"Polanco, Mindanao",ZAN,1-3-----,401.0,0831N 12321E
PH,PLL,"Polillo, Polillo Isl",QUE,1-3-----,401.0,1442N 12156E
PH,PLC,Polloc,,1-3-----,9506.0,
PH,PRO,Poro/San Fernando,,1-------,8103.0,
PH,PBA,Port Barton/Palawan,,1-------,8103.0,
PH,PHD,Port Holland,,1-------,9506.0,
PH,IRN,Port Irene,CAG,1-------,1101.0,1822N 12206E
PH,PGA,Puerto Galera,MDR,1-------,1101.0,1330N 12056E
PH,PPS,"Puerto Princesa, Palawan",,1--4----,9601.0,
PH,PUG,Pugad/Bislig,,1-------,8103.0,
PH,PUL,Pulupandan,,1-------,9506.0,
PH,PTL,Puntalinao/Mati,,1-------,8103.0,
PH,PNT,Punti/Aparri,,1-------,8103.0,
PH,QUE,Queson/Siain,,1-------,8103.0,
PH,QUI,Quiddiao/Aparri,,1-------,8103.0,
PH,QBI,Quinabigan,,1-------,9506.0,
PH,QBL,Quinablagan/Mati,,1-------,8103.0,
PH,QPT,Quipit Bay/Ozamis,,1-------,8103.0,
PH,REA,Real/Siain,,1-------,8103.0,
PH,RLN,Romblon,,1-------,8103.0,
PH,ROM,Romblon,ROM,1-------,901.0,1234N 12216E
PH,RXS,Roxas/Puerto Princesa,,1--4----,9601.0,
PH,SBG,Sabang,,1-------,8103.0,
PH,SBB,Sabbot/Siain,,1-------,8103.0,
PH,SBY,Sablayan/Batangas,,1-------,8103.0,
PH,SAG,Sagay/Iloilo,,1-------,8103.0,
PH,SLM,Salomague,ILS,1-------,901.0,1747N 12025E
PH,SCA,San Carlos/Dumaguete,,1-------,8103.0,
PH,SFE,"San Fernando, Luzon",,1--4----,9601.0,
PH,SIO,San Ignacio/Mati,,1-------,8103.0,
PH,SIS,San Isidro/Sanjose,,1-------,8103.0,
PH,SJI,"San Jose Apt, Mindoro",ZAN,1-34----,401.0,1221N 12105E
PH,SPQ,San Pio Quinto/Aparri,,1-------,8103.0,
PH,STE,San Teodoro/Batangas,,1-------,8103.0,
PH,SNG,Sangi/Cebu,,1-------,8103.0,
PH,SAN,Santa Ana/Aparri,,1-------,401.0,
PH,SCT,Santa Catalina/Dumaguete,,1-------,8103.0,
PH,SCR,Santa Cruz/Sual,,1-------,8103.0,
PH,SLU,Santa Lucia/Puerto Princesa,,1-------,8103.0,
PH,SMA,Santa Maria/Zamboanga,,1-------,8103.0,
PH,SNI,Santa Nino,,1-------,9506.0,
PH,SAS,Sasa/Davao,,1-------,8103.0,
PH,SAY,Sayao/Batangas,,1-------,8103.0,
PH,SMR,Semirara,ANT,1-3-----,401.0,1204N 12124E
PH,SIN,"Siain, Luzon",,1-------,8103.0,
PH,SIR,Siari/Ozamis,,1-------,8103.0,
PH,SIY,Siay/Zamboanga,,1-------,8103.0,
PH,SIG,Sigayan/Parang,,1-------,8103.0,
PH,SDG,Sindangan/Ozamis,,1-------,8103.0,
PH,XSO,Siocon/Zamboanga,,1--4----,9601.0,
PH,SGD,Sogod/Tacloban,,1-------,8103.0,
PH,SOR,Sorsogon/Legaspi,,1-------,8103.0,
PH,SUA,Sual,,1-------,8103.0,
PH,SFS,Subic Bay,,1--4----,9506.0,
PH,SKU,Sultan Kudarat/Dadiangas,,1-------,8103.0,
PH,SUG,"Surigao, Mindanao",,1--4----,9601.0,
PH,TBC,Tabaco/Legaspi,ALB,1-------,1607.0,1321N 12344E
PH,TBG,Tabangoa,,1-------,8103.0,
PH,TAC,"Tacloban, Leyte",,1--4----,9601.0,
PH,TBU,Tagabuli/Davao,,1-------,8103.0,
PH,TTO,Taganito,SUN,1-------,901.0,0933N 12549E
PH,TAG,"Tagbilaran, Bohol",,1--4----,9601.0,
PH,TKW,Tagkawayan/Siain,,1-------,8103.0,
PH,TGO,Tagoloan,,1-3-----,212.0,0832N 12445E
PH,TGD,Tagudin/San Fernando,,1-------,8103.0,
PH,TGL,Taguilon/Ozamis,,1-------,8103.0,
PH,TGT,Taguite Bay/Zamboanga,,1-------,8103.0,
PH,TAL,Talibon,BOH,1-3-----,401.0,1008N 12419E
PH,TLM,Talomo/Davao,,1-------,8103.0,
PH,TGN,Tambungon/Davao,,1-------,8103.0,
PH,TNU,Tanauan/Tacloban,,1-------,8103.0,
PH,TDG,Tandag/Bislig,,1--4----,9601.0,
PH,TAN,Tandayag,NER,1-3-----,401.0,0927N 12313E
PH,TDC,Tandoc,,1-------,8103.0,
PH,TAY,Taytay/Puerto Princesa,,1-------,8103.0,
PH,TIB,Tibungco/Davao,,1-------,8103.0,
PH,TIN,Tindalo Oil Field,,1-------,1001.0,1104N 11854E
PH,TOB,Toboso/Dumaguete,,1-------,8103.0,
PH,TLD,Toledo/Cebu,,1-------,8103.0,
PH,TLG,Tolong/Dumaguete,,1-------,8103.0,
PH,TLP,Tolopo,,1-------,8103.0,
PH,TLS,Tolosa/Tacloban,,1-------,8103.0,
PH,TON,Tubigon,BOH,1-------,901.0,0957N 12358E
PH,TGI,Tuguis/Dadiangas,,1-------,8103.0,
PH,TGW,Tungawan Bay/Zamboanga,,1-------,8103.0,
PH,ULY,Ulugan Bay,,1-------,8103.0,
PH,URR,Umrur,,1-------,8103.0,
PH,VCS,"Victorias, Negros",,1-------,8103.0,
PH,VNV,Villanueva,,1-------,9506.0,
PH,VTL,Vitali/Zamboanga,,1-3-----,212.0,0722N 12217E
PH,VTO,Vito/Iloilo,,1-------,8103.0,
PH,WAS,Wasag/Dadiangas,,1-------,8103.0,
PH,WAW,Wawa/Batangas,,1-------,8103.0,
PH,ZAM,Zamboanga,,1--4----,9601.0,
PK,GWD,Gwadar,BA,1-34----,9601.0,
PK,JIW,Jiwani,BA,1-34----,9601.0,
PK,KHI,Karachi,SD,12345---,9601.0,
PK,KCT,Karachi Container Terminal,SD,1-------,2407.0,2450N 06658E
PK,KBA,Keti Bandar,,1-------,1001.0,2408N 06726E
PK,KBU,Keti Bunder,SD,1-3-----,9304.0,
PK,KIA,Kiamari,SD,1-------,701.0,2449N 06658E
PK,BQM,Muhammad Bin Qasim/Karachi,SD,1-------,1601.0,2446N 06720E
PK,ORW,Ormara,BA,1-34----,9601.0,
PK,PCT,Pakistan International Container Terminal/Karachi,,1-------,701.0,
PK,PSI,Pasni,BA,1-34----,9601.0,
PK,QCT,Qasim International Container Terminal/Karachi,,1-------,1207.0,
PL,BEK,Bielinek,32,1-------,1407.0,5256N 01409E
PL,BRK,Brzostek Policzko,,1-------,1107.0,5103N 01954E
PL,BZI,Burzenin,,1-3--6--,701.0,5127N 01850E
PL,BYC,Byczyna,OP,1-------,901.0,
PL,BZG,Bydgoszcz,,1234----,307.0,5309N 01800E
PL,CPL,Chobienice,30,1-3-----,1401.0,5210N 01556E
PL,CH3,Chroscice,16,1----6--,1201.0,5047N 01749E
PL,ZAA,Czarna,18,1-------,901.0,5004N 02116E
PL,CDB,Czarna Dabrowka,22,1-3-----,1401.0,5421N 01733E
PL,6MA,Dabrowka,14,1-3-----,1401.0,5137N 02057E
PL,DAR,Darlowo,32,123-----,1301.0,5425N 01625E
PL,DCZ,Duczki,14,1-3-----,1401.0,5222N 02117E
PL,ZIC,Dziecmierowo,30,1-------,1107.0,5216N 01716E
PL,DZN,Dziwnow,32,1-------,1401.0,5402N 01445E
PL,ELB,Elblag,,123-----,701.0,5410N 01923E
PL,FBK,Frombork,28,123-----,1301.0,5421N 01941E
PL,GDN,Gdansk,,1--4----,9601.0,
PL,GDY,Gdynia,22,123-----,1301.0,5430N 01833E
PL,GKI,Glinki,,1-------,9811.0,
PL,GKZ,Gorki Zachodnie,22,1-------,1401.0,5422N 01846E
PL,ZIN,Grodziczno,28,1-------,1107.0,5325N 01946E
PL,HEL,Hel,,123-----,701.0,5436N 01848E
PL,IYC,Iwierzyce,,1-3--6--,601.0,5001N 02146E
PL,LUU,Janowiec,06,1-3-----,1401.0,5120N 02153E
PL,JDZ,Jedlina-Zdroj,02,1-3-----,1401.0,5044N 01620E
PL,KAO,Kamien Pomorski,32,1-3-----,1207.0,5358N 01446E
PL,KYK,Kamyk,24,1----6--,1107.0,
PL,SJK,Karsibor,32,1-------,1401.0,5351N 01418E
PL,MA9,Klaj,12,1-3-----,1401.0,4959N 02019E
PL,KOL,Kolobrzeg,32,123-----,1301.0,5411N 01535E
PL,MK9,Konotopa,14,1----6--,1201.0,5255N 02019E
PL,KZ4,Korzenna,12,1-3-----,1401.0,4941N 02051E
PL,KLY,Kostomloty,02,1----6--,1201.0,5103N 01637E
PL,KPW,Kraplewo,30,1----6--,1107.0,5218N 01641E
PL,KOD,Krosno Odrzanskie,08,1-3-----,501.0,5203N 01505E
PL,KMR,Krynica Morska,28,1-3-----,701.0,5423N 01927E
PL,KRM,Krynica Morska,PM,1-3-----,901.0,5423N 01927E
PL,LEA,Leba,22,123-----,1301.0,5445N 01733E
PL,LPN,Lipiany,32,123-----,901.0,5300N 01458E
PL,KUY,Losiow,16,1-3-----,1401.0,5047N 01734E
PL,MNN,Margonin,30,1-------,1001.0,5258N 17600E
PL,MID,Miedzyzdroje,32,1-3-----,1301.0,5356N 01427E
PL,NXA,Mierzyn,32,1-3-----,1401.0,5407N 01553E
PL,MKW,Mietkow,02,1-3-----,501.0,5059N 01639E
PL,MRE,Mrzezyno,32,1-------,1401.0,5409N 01518E
PL,NCH,Niechorze,32,1-------,1401.0,5406N 01504E
PL,NWA,Nowe Warpno,32,1-3-----,1301.0,5344N 01418E
PL,NOW,Nowy Port/Gdansk,,123-----,701.0,5424N 01840E
PL,OLA,Olawa,02,123-----,501.0,5056N 01718E
PL,OSD,Osinow Dolny,32,1-------,1407.0,5251N 01409E
PL,PTN,Piatnica,20,1----6--,1201.0,5311N 02205E
PL,IT5,Piorunow,14,1-3-----,1401.0,5212N 02034E
PL,BLZ,Plblz,30,12------,907.0,5154N 01800E
PL,PNW,Polanow,,1----6--,1201.0,5406N 01642E
PL,PLC,Police,,1-------,9506.0,
PL,PZN,Pszenno,02,1-3-----,1401.0,5052N 01633E
PL,RWL,Rewal,32,1-------,1401.0,5405N 01501E
PL,XXX,RIS Inland waterways,,1-------,1101.0,
PL,ROI,Rokietnica,WP,1----6--,901.0,5231N 01644E
PL,RUC,Ruchocice,WP,1----6--,901.0,5211N 01621E
PL,SCA,Siennica Rozana,26,1-3-----,1401.0,5100N 02119E
PL,SKN,Skolwin,32,1-------,1201.0,5329N 01436E
PL,SKJ,Skolyszyn,18,1----6--,1201.0,4945N 02121E
PL,SOP,Sopot,22,123-----,1301.0,5427N 01834E
PL,SY2,Sroczyn,30,1----6--,1407.0,5233N 01717E
PL,SPA,Stepnica,,123-----,701.0,5339N 01437E
PL,SWI,Swinoujscie,,123-----,701.0,5354N 01415E
PL,SZZ,Szczecin,,1--45---,9601.0,5325N 01434E
PL,TBZ,Trzebiez,32,123-----,407.0,5339N 01431E
PL,URD,Urad,,123-----,601.0,5216N 01442E
PL,UST,Ustka,,123-----,701.0,5435N 01651E
PL,UMS,Ustronie Morskie,32,1-3-----,507.0,5413N 01545E
PL,WZO,Wegorzyno,,123-----,601.0,5332N 01533E
PL,WIU,Widuchowa,32,1-------,1407.0,5307N 14230E
PL,WLA,Wladyslawowo,22,123-----,1301.0,5447N 01825E
PL,WOL,Wolborz,10,1-3-----,501.0,5130N 01950E
PL,WLI,Wolin,32,123-----,1301.0,5351N 01437E
PL,ZGO,Zagorow,30,1-------,1001.0,5210N 17540E
PL,ZNI,Znin,,123--6--,601.0,5251N 01743E
PM,FSP,Saint-Pierre,,1--45---,2101.0,4646N 05610W
PN,PCN,Pitcairn Is,,1---5---,9601.0,
PR,BQN,Aguadilla,,1--4----,9601.0,
PR,ARE,Arecibo,,1--4----,9601.0,
PR,ARR,Arroyo,,1-3-----,1807.0,1758N 06604W
PR,GUX,Guanica,,1-------,212.0,1758N 06655W
PR,GUY,Guayanilla,,1-3-----,701.0,1758N 06649W
PR,LAM,Las Mareas (Guayama),,1-------,9506.0,
PR,MAZ,Mayaguez,,1--4----,9601.0,
PR,PSE,Ponce,,1--4----,9601.0,
PR,PJO,Puerto de Jobos,,1-------,212.0,1757N 06611W
PR,PYA,Puerto Yabucoa,,1-------,212.0,1803N 06550W
PR,SAL,Salinas,,1-------,1107.0,1758N 06615W
PR,SJU,San Juan,,1--45---,1101.0,1827N 06605W
PR,SBS,San Sebastian,,1-------,1201.0,1818N 06658W
PT,AGD,Aguda,13,1-------,1201.0,4103N 00839W
PT,ABF,Albufeira,08,123-----,401.0,3705N 00815W
PT,AGR,Almograve,,1-------,1201.0,3739N 00848W
PT,ADG,Amoreira da Gandara,01,1----6--,1407.0,4029N 00832W
PT,ANG,Angeiras,13,1-------,1201.0,4116N 00843W
PT,ADH,Angra do Heroismo,20,1-3-----,401.0,3839N 02713W
PT,GER,Argeriz,17,1-3-----,1401.0,4135N 00723W
PT,ARP,Armacao de Pera,08,1-3-----,401.0,3706N 00821W
PT,AVE,Aveiro,01,123-----,401.0,4038N 00839W
PT,AZM,Azenhas do Mar,,1-------,1201.0,3850N 00927W
PT,BTR,Baltar,13,1----6--,907.0,4111N 00823W
PT,BAN,Banatica,15,123-----,401.0,3840N 00912W
PT,BAO,Barro,01,1-3-----,901.0,
PT,BEI,Beijos,18,1-3-----,901.0,
PT,BNG,Benagil,,1-------,1201.0,3705N 00826W
PT,BOC,Bouca,17,1-3-----,1401.0,4139N 00713W
PT,BRG,Burgau,,1-------,1201.0,3704N 00846W
PT,BUS,Bustos,,1----6--,1201.0,4030N 00836W
PT,CAC,Cacem,11,1-3-----,401.0,3846N 00918W
PT,CDP,Cais do Pico,20,1-3-----,401.0,3831N 02819W
PT,CAL,"Calheta, Island Sao Jorge",20,1-3-----,401.0,3836N 02801W
PT,CML,Camara de Lobos,30,1-3-----,401.0,3238N 01658W
PT,CES,Cambres,18,1----6--,1201.0,4108N 00748W
PT,CNL,Canical,30,1-3-----,601.0,3244N 01644W
PT,CPL,Capelo,20,1-3-----,401.0,3835N 02847W
PT,CRC,Carrasqueira,15,1-------,1201.0,3829N 00906W
PT,CRB,Casa Branca,,1----6--,1001.0,3830N 00810W
PT,CAS,Cascais,11,1-3-----,401.0,3842N 00925W
PT,CNV,Castelo do Neiva,16,1-------,1201.0,4138N 00848W
PT,CNA,Coina,15,1-3-----,401.0,3836N 00903W
PT,CLS,Colos,,1----6--,1201.0,3744N 00828W
PT,CAP,Costa da Caparica,15,1-------,1201.0,3838N 00913W
PT,DOU,Douro,13,1-------,1201.0,3953N 00816W
PT,XZX,Escariz,01,1-3-----,1401.0,4056N 00825W
PT,EST,Estoril,11,123-----,401.0,3842N 00924W
PT,FAE,Fao,,1-------,1201.0,4131N 00846W
PT,FAO,Faro,08,1234----,401.0,3701N 00756W
PT,FDF,Figueira da Foz,06,123-----,401.0,4009N 00852W
PT,FDT,Fonte da Telha,15,1-------,1201.0,3834N 00911W
PT,FOZ,Foz do Arelho,10,1-------,1201.0,3926N 00913W
PT,FNC,"Funchal, Madeira",30,1-345---,401.0,3238N 01654W
PT,FUZ,Fuzeta,,1-------,1201.0,3703N 00745W
PT,GUA,Guardizela,03,1-3-----,901.0,
PT,GUE,Gueifaes,,1----6--,1201.0,4112N 00836W
PT,GIF,Guifoes,13,123-----,401.0,4112N 00840W
PT,HOR,Horta,20,1-34----,401.0,3832N 02838W
PT,BRA,Joane,03,1-3-----,901.0,
PT,LOS,Lagos,08,123-----,401.0,3706N 00840W
PT,LDP,Lajes,20,1-3-----,401.0,3823N 02816W
PT,LAJ,Lajes das Flores,20,1-3-----,401.0,3923N 03110W
PT,LNS,Lanheses,16,1----6--,901.0,4103N 00840W
PT,LEP,Leca da Palmeira,13,123-----,401.0,4112N 00842W
PT,LEI,Leixoes,13,123-----,401.0,4111N 00841W
PT,LIS,Lisboa,11,12345---,401.0,3843N 00908W
PT,LDR,Lordelo,03,123-----,601.0,4122N 00823W
PT,LE2,Maceira,10,1----6--,1107.0,3941N 00853W
PT,MCH,Machico,30,1-3-----,401.0,3242N 01646W
PT,MAD,Madalena (Madalena do Pico),20,1-3-----,1207.0,3832N 02832W
PT,MDM,Madalena do Mar,30,1-------,1201.0,3241N 01708W
PT,MAT,Matosinhos,13,123-----,401.0,4111N 00842W
PT,MLR,Milharado,11,1-------,901.0,
PT,TGO,Monte Trigo,01,1-------,901.0,
PT,MUS,Murches,11,1-------,901.0,
PT,NAV,Nariz,01,1----6--,1407.0,4032N 00836W
PT,NRD,Nordeste,20,1-3-----,401.0,3750N 02510W
PT,OEI,Oeiras,11,123-----,401.0,3841N 00919W
PT,OLH,Olhao,08,123-----,401.0,3702N 00750W
PT,OLA,Olhos de Agua,,1-------,1201.0,3705N 00811W
PT,PVH,Pegoes Velhos,11,1----6--,1107.0,3841N 00840W
PT,IOR,Penamaior,13,1-------,901.0,
PT,PEN,Peniche,10,1-3-----,401.0,3921N 00923W
PT,PFT,Perafita,13,123-----,307.0,4113N 00842W
PT,AVP,Pindelo,01,1-3--6--,907.0,4052N 00827W
PT,POM,Pomarao,02,1-3-----,401.0,3733N 00732W
PT,PDL,Ponta Delgada,20,1-345---,401.0,3744N 02540W
PT,PDS,Ponte de Sor,12,123-----,401.0,3915N 00801W
PT,PRM,Portimao,08,123-----,401.0,3708N 00832W
PT,OPO,Porto,13,12345---,401.0,4109N 00837W
PT,PCZ,Porto da Cruz,30,1-3-----,401.0,3246N 01650W
PT,PMZ,Porto Moniz,30,1-3-----,401.0,3251N 01710W
PT,PXO,Porto Santo Island,30,1--4---B,501.0,3304N 01620W
PT,PVC,Povoacao,20,1-3-----,401.0,3745N 02515W
PT,PRG,Praia da Graciosa,20,1-3-----,401.0,3903N 02758W
PT,PRV,Praia da Vitoria,20,1-3-----,401.0,3844N 02704W
PT,QRT,Quarteira,08,123-----,401.0,3704N 00806W
PT,RPX,Rabo de Peixe,20,1-3-----,701.0,3748N 02535W
PT,RQU,Requiao,,1----6--,1201.0,4124N 00829W
PT,SAG,Sagres,,1-------,1201.0,3700N 00856W
PT,DFZ,Sandim,13,1-3-----,1401.0,4102N 00831W
PT,SCG,Santa Cruz da Graciosa,20,1-3-----,401.0,3905N 02801W
PT,SCF,Santa Cruz das Flores,20,1-3-----,401.0,3927N 03107W
PT,SLZ,Santa Luzia,,1-------,1201.0,3706N 00739W
PT,SMS,Santa Maria de Sardoura,01,1-3-----,901.0,4103N 00817W
PT,SMO,Sao Martinho do Porto,10,1-------,2101.0,3931N 00908W
PT,SMT,Sao Mateus,20,1-------,1207.0,3839N 02716W
PT,SMI,Sao Miguel,,1-------,401.0,
PT,AFR,Sao Pedro da Afurada,13,1-------,1201.0,4108N 00838W
PT,SHA,Senhora da Hora,13,123-----,401.0,4111N 00839W
PT,SSB,Sesimbra,15,1-3-----,401.0,3826N 00906W
PT,SET,Setubal,15,123-----,401.0,3832N 00854W
PT,SIE,Sines,15,1234----,401.0,3757N 00852W
PT,TER,Terceira Island Apt,20,1--45---,401.0,3843N 02713W
PT,TPO,Topo,20,1-3-----,401.0,3833N 02747W
PT,TOA,Torreira,,1-------,1201.0,4045N 00842W
PT,TRF,Trafaria,15,1-------,1201.0,3840N 00914W
PT,TUN,Tunes,01,1-------,901.0,
PT,VAG,Vagueira,,1-------,1201.0,4033N 00845W
PT,VAB,Valbom,13,1-------,1201.0,4108N 00834W
PT,NGV,Valongo,13,1-3-----,1401.0,4111N 00830W
PT,VAR,Varzea do Douro,13,1-3-----,907.0,4107N 00828W
PT,VEL,Velas,20,1-3-----,401.0,3841N 02813W
PT,VDV,Venda do Pinheiro,11,1-------,901.0,
PT,VDC,Viana do Castelo,16,123-----,401.0,4142N 00850W
PT,VLC,Vila Cha,,1-------,1201.0,4051N 00823W
PT,VFD,Vila de Frades,02,1----6--,1407.0,3813N 00749W
PT,VIC,Vila do Conde,13,123-----,401.0,4121N 00845W
PT,VDP,Vila do Porto,20,1-3-----,401.0,3656N 02509W
PT,VFX,Vila Franca de Xira,11,123-----,401.0,3857N 00859W
PT,VFC,Vila Franca do Campo,20,1-3-----,401.0,3743N 02526W
PT,VNR,Vila Nova da Rainha,11,1----6--,901.0,3902N 00856W
PT,VNC,Vila Nova do Corvo,20,1-------,1207.0,3940N 03106W
PT,VRE,Vila Real de Santo Antonio,08,123-----,401.0,3712N 00725W
PT,ZFM,Zona Franca da Madeira,30,1-3-----,401.0,3240N 01645W
PW,ANG,Angaur,,1-------,9506.0,
PW,ROR,Koror,,1--4----,9601.0,
PY,ASU,Asuncion,ASU,1--45---,212.0,2516S 05740W
PY,BCM,Barrio Caacupe Mi,11,1-3--6--,907.0,2513S 05733W
PY,CAA,Caacupe,3,1-3-----,1207.0,2523S 05708W
PY,CAC,Calera Cue,1,1-------,1601.0,2232S 05749W
PY,AGT,Ciudad del Este,,1--4----,9612.0,
PY,MRA,Colonia Mariano Roque Alonso,11,1-3-----,507.0,2510S 05733W
PY,CNP,Concepcion,1,1-------,212.0,2324S 05726W
PY,ENO,Encarnacion,7,1--45---,212.0,2720S 05554W
PY,FNX,Fenix,ASU,1-------,901.0,
PY,FUO,Fuerte Olimpo,,1-3-----,601.0,2103S 05752W
PY,ITE,Ita Enramada,,1-------,9401.0,
PY,PAN,Puerto Antequera,2,1-------,1601.0,2405S 05712W
PY,PGU,Puerto Guarani,16,1-------,1601.0,2118S 05755W
PY,PCJ,Puerto la Victoria,,123-----,601.0,2217S 05756W
PY,PSA,Puerto Sara,11,1-------,1601.0,2526S 05732W
PY,SAN,San Antonio,,1-------,9506.0,
PY,TER,Terport (San Antonio),,1-3-----,212.0,2523S 05738W
PY,VLL,Villeta,,1-------,9401.0,
QA,RUS,Al Ruwais Qatar,MS,1-------,1801.0,2614N 05120E
QA,ASN,Al Shaheen,,1-----7-,401.0,2633N 05204E
QA,SLW,As Salwa,RA,1-------,1601.0,2444N 05045E
QA,HMD,BGN/PCGN1956 - HAMAD,WA,1-------,1501.0,2500N 05137E
QA,DOH,Doha,DA,1--45---,1307.0,
QA,HAL,Halul,,1-----7-,2201.0,
QA,HNA,Hanna,,1-------,8103.0,
QA,QAP,Qapco,US,1-------,1707.0,2455N 05134E
QA,QCH,Qchem,US,1-------,1707.0,2451N 05132E
QA,RLF,Ras Laffan,KH,1-------,1307.0,2556N 05132E
QA,UMS,Umm Sa'id (Mesaieed),WA,1-3-----,501.0,2459N 05132E
RE,LPT,Le Port,,1-3-5---,2101.0,2056S 05519E
RE,POS,Possession,,1-------,1901.0,2056S 05520E
RE,RUN,Saint-Denis,,1-34----,2207.0,2054S 05531E
RE,RSE,Sainte-Rose,,1-3-----,2307.0,2108S 05548E
RE,SSZ,Sainte-Suzanne,,1-------,1901.0,2054S 05536E
RE,LEU,Saint-Leu,,1-------,1901.0,
RE,SPL,Saint-Paul,,123-5---,2201.0,2059S 05516E
RO,AGI,Agigea,CT,1-------,1101.0,4405N 02837E
RO,BAB,Basarabi,,1-------,1101.0,4410N 02822E
RO,BZI,Bazias,CS,1-3-----,507.0,4448N 02123E
RO,BCT,Bechet,DJ,1-3-----,507.0,4346N 02356E
RO,BCN,Beclean,HR,123-----,1101.0,4619N 02518E
RO,BEZ,Bezdead,DB,1----6--,1201.0,4509N 02531E
RO,CAF,Calafat,DJ,123----B,1101.0,4359N 02256E
RO,CAS,Calarasi,CL,1------B,1101.0,4412N 02720E
RO,CEV,Cernavoda,IL,1------B,1101.0,4421N 02801E
RO,CHL,Chilia Veche,TL,1-------,907.0,4542N 02928E
RO,CHN,Chiscani,BR,1----6--,1007.0,4511N 02756E
RO,CNM,Comisani,DB,1----6--,1107.0,
RO,CND,Constanta,CT,1234-6--,1101.0,4411N 02839E
RO,COB,Corabia,OT,1------B,1101.0,4346N 02430E
RO,CTS,Cristuru Secuiesc,HR,1----6--,1107.0,4617N 02502E
RO,DTS,Drobeta-Turnu Severin,MH,12-----B,1101.0,4438N 02239E
RO,EFS,Eforie Sud,CT,1----6--,1007.0,4403N 02838E
RO,FET,Fetesti,IL,1-3-----,1101.0,4423N 02750E
RO,FTE,Frecatei,,1----6--,1107.0,
RO,GAL,Galati,GL,1------B,1101.0,4526N 02803E
RO,GRG,Giurgiu,GR,1------B,1101.0,4353N 02557E
RO,GUU,Gruiu,B,1----6--,1107.0,4444N 02614E
RO,HAU,Halchiu,BV,1----6--,1007.0,4546N 02533E
RO,RVA,Harsova,CT,1-3-----,507.0,4441N 02757E
RO,HDC,Hodac,MS,1----6--,1107.0,4646N 02455E
RO,ISC,Isaccea,TL,1-3-----,907.0,4516N 02828E
RO,JRT,Jaristea,VN,1----6--,1201.0,4547N 02704E
RO,ZUI,Lazuri,DB,1----6--,1107.0,
RO,5LI,Livezeni,MS,1----6--,1407.0,4633N 02438E
RO,LUM,Luminita,CT,1-------,907.0,4415N 02837E
RO,LUT,Lutita,HR,1----6--,1107.0,
RO,MAC,Macin,TL,1-------,907.0,4515N 02810E
RO,MGU,Magureni,PH,1----6--,1007.0,4504N 02544E
RO,MAH,Mahmudia,TL,1-------,907.0,4508N 02908E
RO,MAG,Mangalia,CT,123-----,1101.0,4350N 02835E
RO,MED,Medgidia,CT,1-------,1101.0,4415N 02816E
RO,MID,Midia,CT,123-----,1101.0,4420N 02837E
RO,NDI,Navodari,,123-----,601.0,4420N 02837E
RO,OJD,Ojdula,CV,1----6--,1007.0,4559N 02615E
RO,OLT,Oltenita,CL,1------B,1101.0,4405N 02639E
RO,ORV,Orsova,MH,12-----B,1101.0,4442N 02224E
RO,OVI,Ovidiu,CT,1-------,907.0,4416N 02834E
RO,PAU,Paulesti,PH,1----6--,1007.0,4500N 02559E
RO,PTA,Petelea,MS,1----6--,1007.0,4644N 02443E
RO,PES,Pielesti,DJ,1----6--,1007.0,4420N 02357E
RO,PSE,Pietroasele,BZ,1----6--,1007.0,4606N 02634E
RO,PAL,Poarta Alba,CT,1-------,907.0,4413N 02824E
RO,PPC,Prelipca,SV,1----6--,1107.0,4736N 02621E
RO,RDE,Rediu,IS,1----6--,1007.0,4654N 02735E
RO,XXX,RIS Inland waterways,,1-------,1101.0,
RO,RNN,Rosia Montana,,1----6--,1107.0,4618S 02308E
RO,SUL,Sulina (Port et Zone Franche),TL,1-3----B,1101.0,4509N 02940E
RO,TCE,Tulcea,TL,1--4---B,1101.0,4511N 02848E
RO,TR5,Tureni,CJ,1----6--,1407.0,4637N 02342E
RO,TUM,Turnu Magurele,TR,1------B,1101.0,4345N 02453E
RO,TUT,Turturesti,BZ,1----6--,1001.0,4507N 02638E
RO,VTR,Vanatori Neamt,NT,1----6--,1007.0,4712N 02619E
RO,ZIC,Zimnicea,TR,1------B,1101.0,4339N 02521E
RS,APT,Apatin,,123-----,607.0,4540N 01859E
RS,BPA,Backa Palanka,,123-----,607.0,4515N 01923E
RS,BZD,Bezdam,,1-3-----,607.0,4551N 01855E
RS,4SN,Bresnica,17,1-3-----,1401.0,4352N 02035E
RS,DIM,Dimitrovgrad,,1-3-----,607.0,4300N 02246E
RS,DOB,Dobanovci,00,1-------,1801.0,4449N 02013E
RS,GNJ,Gnjilane,25,1----6--,1201.0,4228N 02127E
RS,KMA,Kursumlija,,123-----,607.0,4308N 02116E
RS,MSD,Mesarci,08,1-3-----,1401.0,4436N 01955E
RS,PHO,Prahovo,,123-----,607.0,4417N 02235E
RS,XXX,RIS Inland waterways,,1-------,1101.0,
RS,SKA,Sremski Karlovci,,123-----,607.0,4512N 01956E
RS,VGS,Veliko Gradiste,,1-3-----,607.0,4445N 02130E
RS,VS4,Veternik,06,1-------,1401.0,4515N 01945E
RS,VRA,Vranje,,123-----,607.0,4233N 02154E
RU,ABK,Abinsk,KDA,123-----,1701.0,4452N 03809E
RU,AKS,Aksay,ROS,1-------,901.0,4715N 03953E
RU,SAK,Aleksandrovsk-Sakhalinskiy,,1-3-----,601.0,5054N 14209E
RU,ABC,Ambarchik,SA,1-------,901.0,6937N 16218E
RU,AMV,Amderma,NEN,1--4----,1001.0,6946N 06140E
RU,AMU,Amursk,KHA,1-------,901.0,5013N 13654E
RU,DYR,Anadyr,,1--4----,9601.0,
RU,AGK,Angarsk,IRK,123-----,1001.0,5232N 10353E
RU,ARH,Arkhangelsk,,1--4----,9601.0,
RU,ARM,Arman (Magadan),,1-------,8012.0,
RU,ASF,Astrakhan,,1--4----,9601.0,
RU,AZO,Azov,,1-------,9207.0,
RU,BGV,Bagaevskaya,ROS,1-3-----,1007.0,4719N 04023E
RU,BLK,Balakhna,NIZ,1-------,907.0,5629N 04337E
RU,BLN,Balakhnya,IRK,1-------,901.0,5648N 10549E
RU,ZCA,Balozhi,NGR,1-3-----,1401.0,5822N 03153E
RU,BLT,Baltiysk,,1-------,9207.0,
RU,BKH,Bektyashka,,1-------,8012.0,
RU,BKT,Belaya Kalitva,ROS,1----6--,1201.0,4810N 04047E
RU,BEM,Belomorsk,,1-------,9207.0,
RU,BEL,Belushye,,1-------,9207.0,
RU,BER,"Beringovskiy, Port",,1-------,9207.0,
RU,BKN,Bolshoy Kamen,KHM,1-------,901.0,6227N 06614E
RU,BOR,Borisova,IRK,1-------,901.0,5701N 10614E
RU,BOS,Boshnyakovo,,12------,212.0,4939N 14210E
RU,BNK,Bronka Port,SPE,123-----,1701.0,5955N 02940E
RU,OLB,Bukhta Ol'ga,KAM,1-------,1501.0,5433N 16107E
RU,CHA,Chamgu,SAK,1-3-----,212.0,5056N 14336E
RU,CHB,Chebarkul',,123-----,601.0,5458N 06022E
RU,CHM,Chemashi,KHM,1-------,901.0,6302N 06511E
RU,CEE,Cherepovets,,1--4----,9601.0,
RU,CIH,Chikacheva,,1-------,8012.0,
RU,CHU,Chuya,IRK,1-------,901.0,5916N 11226E
RU,CPC,Cpc Terminal,,1-------,907.0,4440N 03739E
RU,DKA,De-Kastri,,1-------,9207.0,
RU,DHA,Derbeshkinskiy,,1-3-----,601.0,5552N 05330E
RU,DKS,Dikson,,1--4----,2301.0,7330N 08030E
RU,DUB,Dubna,TVE,1-------,901.0,5645N 03708E
RU,DBK,Dubovka,VLG,1-------,907.0,4903N 04449E
RU,DUD,Dudinka,,1-------,9207.0,
RU,EGV,Egvekinot,,1-------,9207.0,
RU,EKO,Ekonomiya,ARK,1-3-----,212.0,6442N 04038E
RU,POK,Engels,SAR,1-------,1801.0,5130N 04607E
RU,FPT,Fish Port Terminal,,1-------,1201.0,4308N 13154E
RU,GVY,Gavrilov-Yam,,123-----,601.0,5718N 03951E
RU,GSA,Gorskaya,LEN,123-----,507.0,6003N 02958E
RU,GRH,Gremikha,,1-------,9207.0,
RU,HTG,Hatanga,,1--4----,2301.0,7159N 10228E
RU,IAA,Igarka,,1--4----,9601.0,
RU,IOY,Ikryanoye,AST,1-3-----,401.0,4605N 04744E
RU,IDG,Indiga,NEN,1-------,901.0,6739N 04901E
RU,IOK,Iokanka,,1-------,9207.0,
RU,IVO,Ivanovo,,123-----,601.0,5701N 04100E
RU,KGD,Kaliningrad,,1--4----,9601.0,5442N 02027E
RU,KLY,Kalyazin,TVE,1-------,901.0,5714N 03750E
RU,KMU,Kamskoye Ustye,,1--4----,9207.0,
RU,KAN,Kandalaksha,,1-------,9207.0,
RU,KAS,Kashira,,123-----,601.0,5450N 03810E
RU,KSI,Kasimov,,123--6--,601.0,5456N 04124E
RU,KZP,Kavkaz,KDA,123--6--,907.0,4525N 03646E
RU,KEM,Kem,,1-------,9207.0,
RU,KER,Keret,,1-------,9207.0,
RU,KHV,Khabarovsk,,1--4----,9601.0,
RU,KSA,Kharasavey,NEN,1-------,901.0,7106N 06646E
RU,KTY,Khatyrka,CHU,1-------,901.0,6204N 17518E
RU,KHO,Kholmsk,SAK,123-----,507.0,4703N 14203E
RU,KNY,Khvalynsk,SAR,1-3-----,401.0,5229N 04806E
RU,KDN,Kildin,,1-------,9207.0,
RU,KIM,Kimry,TVE,1-------,901.0,5653N 03722E
RU,KIN,Kineshma,,1-------,9207.0,
RU,KIK,Kirensk,IRK,1-------,901.0,5746N 10806E
RU,KYK,Kireyevskoye,TOM,1-------,901.0,5602N 08405E
RU,KIY,Kirovskiy,,1-3-----,601.0,4505N 13330E
RU,KSL,Kislaya Guba,,1-------,9207.0,
RU,KLR,Klinsky Rayon,MOS,1-3-----,901.0,
RU,KYI,Kolguyev Island,NEN,1-------,901.0,6905N 04909E
RU,KVO,Kolpashevo,TOM,1-------,901.0,5818N 08256E
RU,KLT,Koltogorskiye,TOM,1-------,901.0,6040N 07728E
RU,KOK,Konakovo,,123-----,601.0,5642N 03647E
RU,KPA,Kondopoga,,123-----,601.0,6212N 03417E
RU,KNL,Konets Lug,IRK,1-------,901.0,5709N 10655E
RU,KRF,Korf,,1-------,9709.0,
RU,KOR,Korsakov,,1-------,9207.0,
RU,KMA,Kostomuksha,,1-3-----,601.0,6441N 03049E
RU,XC2,Kotel'niki,MOS,1----6--,1407.0,5538N 03751E
RU,KOT,Kotel'nyy,SA,1-------,1501.0,7600N 13756E
RU,KZH,Kozhevnikovo,TOM,1-------,901.0,5616N 08359E
RU,KZM,Kozmino Port,,1-------,1001.0,4243N 13301E
RU,KRR,Krasnodar,,1--4----,9601.0,
RU,KJA,Krasnojarsk,,1--4----,9601.0,
RU,RYK,Krasnoturansk,KYA,1-3-----,901.0,5419N 09133E
RU,KSO,Krasnotur'insk,SVE,123-----,901.0,5946N 06028E
RU,KNV,Krasnovodsk,,1-------,9506.0,
RU,KRA,Krasnoyarsk,,123-----,601.0,5601N 09304E
RU,KRY,Krasnyy Yar,NVS,1-------,901.0,5513N 08252E
RU,KYB,Krasnyye Barrikady,AST,1-3-----,401.0,4612N 04751E
RU,KRI,Krivosheino,TOM,1-------,901.0,5720N 08357E
RU,KDT,Kronshtadt,,1-------,2407.0,6000N 02946E
RU,KUB,Kubekovo,KYA,1-------,901.0,5609N 09808E
RU,KLK,Kulakovo,KYA,1-------,901.0,5806N 09346E
RU,KUR,Kureysk,IRK,1-------,901.0,5857N 11120E
RU,BVV,Kuril'skiy Burevestnik AFB (Burevestnik AFB),SAK,1--4----,1207.0,4456N 14738E
RU,LVR,Lavrentiya,CHU,1-3-----,501.0,6535N 17100W
RU,LAZ,Lazarev,,1-------,9506.0,
RU,LDY,Lebedyan',,123--6--,601.0,5300N 03909E
RU,LNK,Lensk,SA,1-------,901.0,6043N 11456E
RU,LEO,Leonova,IRK,1-------,901.0,5720N 10727E
RU,LES,Lesogorsk,,12------,212.0,4926N 14207E
RU,LEU,Leushinskiye,KHM,1-------,901.0,6211N 06711E
RU,LNR,Linakhamari,,1-------,8012.0,
RU,BRK,Lomonosov,SPE,123-----,1607.0,5954N 02944E
RU,LUG,Lugovoye,TOM,1-------,901.0,5743N 08348E
RU,LBU,Lyubim,YAR,1-3-----,701.0,5821N 04041E
RU,MAG,"Magadansky, Port",,1-------,9207.0,
RU,MGO,Mago,,1-------,9506.0,
RU,MKR,Makarovo,IRK,1-------,901.0,5729N 10748E
RU,MCX,Makhachkala,,1234----,401.0,4258N 04730E
RU,KMM,Malaya Kheta,,1-------,8012.0,
RU,MA2,Malino,MOS,1----6--,1407.0,5506N 03810E
RU,MDY,Mamadysh,TA,1-------,901.0,5542N 05123E
RU,MEG,Medvezhyegorsk,,1-------,9207.0,
RU,MEZ,Mezen,,1-------,9207.0,
RU,MAS,Miass,,123-----,601.0,5459N 06006E
RU,MOG,Mogochin,TOM,1-------,901.0,5742N 08335E
RU,MON,Molchanovo,TOM,1-------,901.0,5736N 08348E
RU,MVO,Moskalvo,,1-------,9207.0,
RU,MOW,Moskva,MOW,123456--,1207.0,5545N 03736E
RU,MMK,Murmansk,,1--4----,9601.0,
RU,MSH,Mys Shmidta,CHU,1-3-----,501.0,6853N 17926W
RU,NAC,Naberezhnyye Chelny,,123-----,401.0,5545N 05225E
RU,NJK,Nakhodka,,1-------,9207.0,
RU,NNM,Naryan Mar,,1--4----,9601.0,
RU,NAR,Narym,TOM,1-------,901.0,5855N 08135E
RU,NLK,Neftelensk,IRK,1-------,901.0,5720N 10704E
RU,NEV,Nevelsk,,1-------,9506.0,
RU,NIA,Nikolayevsk-na-Amure,,1-------,9207.0,
RU,NJC,Nizhnevartovsk,KHM,1--4----,1001.0,6056N 07634E
RU,GOJ,Nizhniy Novgorod (ex Gorkiy),,12-4----,2007.0,
RU,NPE,Nizhnyaya Pesha,NEN,1-------,901.0,6645N 04746E
RU,NOG,Nogliki,SAK,123-----,212.0,5149N 14306E
RU,NDK,Novodvinsk,,123-----,601.0,6425N 04050E
RU,NMK,Novomoskovsk,,123-----,601.0,5405N 03811E
RU,NVS,Novorossiysk,KDA,123--6--,907.0,4443N 03746E
RU,OKA,"Okha, Sakhalin",,12------,207.0,5334N 14300E
RU,OHO,Okhotsk,,1-------,9207.0,
RU,OKZ,Okruzhnoe,SAK,1-------,901.0,5019N 14348E
RU,OKT,Oktyabr'skiy,,1-34----,401.0,
RU,OYE,Oktyabrskoye,KHM,1-------,901.0,6227N 06603E
RU,OMK,Olekminsk,SA,1-------,901.0,6022N 12025E
RU,OLO,Oleniy Ostrov,,1-3-----,401.0,6202N 03520E
RU,OLG,"Olenya, Guba",,1-------,9207.0,
RU,OLP,Ol'ga,PRI,1-------,1707.0,4344N 13517E
RU,OYA,Olya,AST,1-3-----,401.0,4547N 04732E
RU,ONG,Onega,,1-------,9207.0,
RU,OZE,Oranzherei,AST,1-3-----,401.0,4550N 04734E
RU,HZO,Orekhovo-Zuevo,MOS,1----6--,901.0,5549N 03858E
RU,OZK,Ozerko,MUR,123-----,401.0,6943N 03207E
RU,OZY,Ozery,,123-----,601.0,5451N 03833E
RU,PCE,Pechenga,,1-------,9207.0,
RU,PEX,Pechora,,1--4----,9601.0,
RU,PGE,Peregrebnoye,KHM,1-------,901.0,6259N 06504E
RU,PEK,Petrokrepost,,1-------,9207.0,
RU,PKC,Petropavlovsk-Kamchatskiy,,1--4----,9601.0,
RU,PES,Petrozavodsk,,1--4----,9601.0,
RU,PWE,Pevek,,1--4----,9601.0,
RU,PNY,Pionerskiy,KGD,123-----,507.0,5457N 02013E
RU,PTN,Plastun,,1-------,9207.0,
RU,PNV,Polnovat,KHM,1-------,901.0,6347N 06554E
RU,PRN,Poronaisk,,1-------,9207.0,
RU,PSE,Posyet,,1-------,9207.0,
RU,PTP,Potapova,IRK,1-------,901.0,5723N 10731E
RU,PYO,Poyarkovo,AMU,1-3-----,401.0,4936N 12841E
RU,PRY,Preobrazheniye,,1-3-----,401.0,4254N 13354E
RU,PGN,Prigorodnoye,SAK,1-3-----,401.0,4637N 14254E
RU,PRI,Primorsk (Koivisto),,1-------,9506.0,
RU,PHS,Prokhorovskiy,TOM,1-------,901.0,5930N 07925E
RU,PVS,"Provideniya, Bukhta",,1-34----,401.0,6423N 17318W
RU,PUD,Pudozh,,1-------,9207.0,
RU,ROV,Rostov,,1--4----,9601.0,
RU,RND,Rostov-na-Donu,ROS,1-3-----,1701.0,4714N 03943E
RU,RUB,Rubnoye,KYA,1-------,901.0,5807N 09431E
RU,RDP,Rudnaya Pristan,,1-------,9207.0,
RU,RYB,Rybinsk,,1--4----,9601.0,
RU,RZV,Rzhev,,123-----,601.0,5615N 03420E
RU,SAB,Sabetta,YAN,1--4----,1501.0,7115N 07205E
RU,LED,Saint Petersburg (ex Leningrad),SPE,12345---,401.0,5953N 03015E
RU,SLH,Salekhard,YAN,1-------,1201.0,6631N 06636E
RU,KUF,Samara,,1234-6--,601.0,5313N 05010E
RU,RTW,Saratov,,1--4----,9601.0,
RU,SEG,Segezha,,1-------,9207.0,
RU,SZZ,Sestroretsk,LEN,1-3-----,901.0,6006N 02957E
RU,SEW,Severodvinsk,,1-------,9207.0,
RU,SVK,Severo-Kurilsk,,1-------,9207.0,
RU,SRM,Severomorsk,,1-------,9207.0,
RU,SHA,Shakhtersk,,1-------,9506.0,
RU,B2L,Shebekino,BEL,1----6--,1407.0,5024N 03654E
RU,SIZ,Siziman,,1-------,212.0,5043N 14025E
RU,SKA,Slavyanka,,1-------,9207.0,
RU,AER,Sochi,KDA,1234----,1301.0,4336N 03943E
RU,SNG,Solnechnogorsk,,123-----,601.0,5611N 03658E
RU,SLK,Solovki,ARK,1-------,1501.0,6525N 03541E
RU,SSK,Sovetsk,,123-----,601.0,5504N 02153E
RU,SOG,Sovetskaya Gavan,,1-------,9207.0,
RU,SPA,"Spafaryeva, O",,1-------,9207.0,
RU,STR,Streika,KYA,1-------,901.0,5805N 09302E
RU,SVE,Svetlaya,,1-------,9207.0,
RU,STY,Svetlyy,KGD,1-------,1207.0,5442N 02030E
RU,SYZ,Syzran,,1-------,9207.0,
RU,TAG,Taganrog,,1-------,9207.0,
RU,TAM,Taman',KDA,1-------,1101.0,4513N 03643E
RU,TAU,Tauisk,,1-------,9207.0,
RU,TAY,Tayura,IRK,1-------,901.0,5700N 10639E
RU,TAZ,Tazovskiy,NEN,1-------,901.0,6728N 07844E
RU,IKS,Tiksi,,1--4----,9601.0,
RU,TVK,Timashevsk,,123-----,601.0,4537N 03856E
RU,TTI,Tolyatti,,1-------,9207.0,
RU,TOI,Tol'yatti,,1----6--,701.0,5328N 04930E
RU,TRR,Trifonov Ruchey,,1-------,9207.0,
RU,TDO,Trudfront,AST,1-3-----,401.0,4555N 04740E
RU,TUA,Tuapse,,1-------,9207.0,
RU,UEL,Uelen,CHU,1-------,901.0,6610N 16949W
RU,UGL,Uglegorsk,,1-------,9506.0,
RU,UGC,Uglich,YAR,123-----,401.0,5731N 03819E
RU,UMB,Umba,,1-------,9207.0,
RU,URA,Ura-Guba,,1-------,212.0,6917N 03248E
RU,UCH,Ust Chaun,CHU,1-------,901.0,6848N 17030E
RU,UKK,Ust-Kamchatsk,,1-------,9207.0,5013N 16239E
RU,ULU,Ust'-Luga,LEN,123-----,901.0,5940N 02819E
RU,VNN,Vanino,,1-------,9207.0,
RU,VKR,Vankarem,CHU,1-------,901.0,6750N 17552W
RU,VAR,Varandey,,1-3-----,601.0,6847N 05759E
RU,VAY,Vaygach,NEN,1-------,901.0,7025N 05845E
RU,KMV,Velikaya Kema,,1-------,9207.0,
RU,VNY,Venyov,,1----6--,1107.0,
RU,VYE,Vertikoye,TOM,1-------,901.0,5923N 07941E
RU,VTM,Vitim,SA,1-------,901.0,5925N 11234E
RU,VIT,Vitino,MUR,1-------,212.0,6705N 03220E
RU,VTZ,Vityaz,,1-3-----,212.0,4236N 13110E
RU,VVO,Vladivostok,,12-4----,2007.0,
RU,FIP,Vladivostok,PRI,12------,2007.0,4308N 13154E
RU,VLG,Volga,YAR,1-------,901.0,5757N 03824E
RU,VOG,Volgograd,,12-4----,2007.0,4848N 04435E
RU,VZH,Volzhsk,,123-----,601.0,5550N 04815E
RU,VYP,Vostochnyy Port,,12------,2007.0,4246N 13303E
RU,VMS,Vostokmorservice,PRI,1-------,1301.0,4305N 13152E
RU,VZB,"Vozrozhdeniya, Bukhta",,1-------,9207.0,
RU,VYG,Vyborg,,1--4----,9207.0,
RU,VYK,Vyksa,NIZ,123-----,507.0,5519N 04210E
RU,VYS,Vysotsk,,1-------,901.0,6038N 02834E
RU,YAB,Yagelnaya Bukhta,,1-------,9207.0,
RU,YAM,Yamburg,NEN,1-------,901.0,6817N 07709E
RU,IAR,Yaroslavl,,1--4----,9601.0,
RU,YTS,Yartsevo,SMO,1-34----,1201.0,5504N 03240E
RU,YEY,Yeysk,,1-------,9506.0,
RU,DEE,Yuzhno-Kuril'sk,SAK,1--4----,1207.0,4402N 14551E
RU,ZAR,Zarubino,,1-------,212.0,4237N 13105E
RU,ZAO,"Zavyalova, O",,1-------,9207.0,
RU,ZEM,Zeleniy Mys,,1-------,8012.0,
RU,ZDK,Zelenodol'sk,,123-----,601.0,5550N 04831E
RW,NSA,Nyagatare,02,1-3-----,1401.0,0117S 03019E
RW,RUB,Rubengera,,1----6--,1107.0,
RW,RW4,Rwamagana,02,1----6--,1407.0,0157N 03026E
SA,DMM,Ad Dammam,04,12345---,2107.0,2630N 05012E
SA,AHA,Al Hada,,1-------,8103.0,
SA,JBI,Al Jubayl Industrial City,,1-3-----,2107.0,2705N 04942E
SA,ALK,Al Khobar,,1-------,9506.0,
SA,AQK,Al Khobar,04,1-------,1601.0,2617N 05012E
SA,KHU,Al Khuraibah,07,1-------,901.0,2803N 03510E
SA,AMU,Al Muajjiz,,1-------,907.0,2328N 03823E
SA,QAH,Al Qahmah,09,1-------,901.0,1801N 04140E
SA,QUN,Al Qunfudah,09,1-------,901.0,1907N 04104E
SA,BUR,Buraydah,,1----6--,1001.0,2619N 04358E
SA,DHA,Dhahran,,1--4----,9401.0,
SA,JEC,Jazan Economic City,09,1-3-----,2007.0,1717N 04220E
SA,JED,Jeddah,02,1--45---,2107.0,2128N 03910E
SA,JYC,Jeddah Yachts Club Port,02,1-------,2207.0,2139N 03906E
SA,GIZ,Jizan,,1--4----,2107.0,1654N 04230E
SA,JUT,Juaymah Terminal,,1-------,2107.0,2655N 05001E
SA,JUB,Jubail,,1-------,2107.0,2701N 04940E
SA,KAC,King Abdullah City,02,1-3-----,1301.0,2224N 03905E
SA,LIT,Lith,,1-------,8103.0,
SA,MAK,Makkah,,1-------,8103.0,
SA,MAN,Manailih,,1-------,8103.0,
SA,MUF,Manfouha,,1-------,8103.0,
SA,NEO,Neom,14,1234-67-,2407.0,2734N 03533E
SA,DHU,Port of NEOM,,1-------,2301.0,2734N 03433E
SA,QAL,Qalsn,,1-------,8103.0,
SA,QUR,Qurayyah,,1-------,8103.0,
SA,RAB,Rabigh,,1-------,8103.0,
SA,RAR,Ras al Khafji,,1-------,8103.0,
SA,RAM,Ras al Mishab,,1-------,8103.0,
SA,RAZ,Ras Al-Khair,04,1-3-----,2107.0,2733N 04912E
SA,RTA,Ras Tanura,,1-------,2107.0,2638N 05009E
SA,SUH,Salboukh,,1-------,8103.0,
SA,SHU,Shuaibah,,1-------,2207.0,2041N 03931E
SA,VLA,Umm Lajj,,1-3-----,401.0,2501N 03716E
SA,EJH,Wedjh,,1--4----,9601.0,
SA,YNB,Yanbu commercial city,03,1-34----,2107.0,2404N 03803E
SA,YBI,Yanbu Industrial City,03,1-3-----,2107.0,2356N 03815E
SA,ZUY,Zulayfayn,,1-------,8103.0,
SB,ALB,"Allardyce Harbour, Sta Isabel Is",,1-------,9506.0,
SB,AOB,Aola Bay,,1-------,9506.0,
SB,AKS,"Auki, Malaita Is",,1--4----,9601.0,
SB,CHY,Choiseul Bay,,1--4----,212.0,0642S 15626E
SB,GZO,Gizo,,1--4----,212.0,0806S 15651E
SB,HIR,"Honiara, Guadalcanal Is",,1--45---,9601.0,
SB,IRA,"Kirakira, San Cristobal Is",,1--4----,9601.0,
SB,LAT,Lata,TE,1-34----,2307.0,1043S 16548E
SB,LEV,Lever Harbour,,1-------,212.0,0801S 15736E
SB,LOF,Lofung,,1-------,9506.0,
SB,RUS,"Marau Sound, Guadalcanal Is",,1--4----,9601.0,
SB,NEM,Nemba,,1-3-----,212.0,1046S 16542E
SB,NOR,"Noro, New Georgia",,1-------,9401.0,
SB,RIN,"Ringgi Cove, Kolombangara",,1--4----,212.0,0807S 15707E
SB,SCZ,Santa Cruz Is,,1--4----,9601.0,
SB,SHH,Shortland Harbour,,1-------,212.0,0705S 15552E
SB,TLG,"Tulagi, Ngella",,1--4----,9601.0,
SB,VIU,Viru Harbour,,1--4----,9506.0,
SB,XYA,"Yandina, Russell Island",,1-34----,401.0,0907S 15913E
SC,MAW,Mahe,,1-------,8103.0,
SC,POV,Port Victoria,,1-------,8103.0,
SC,VIC,Victoria,22,1-3-----,901.0,0437S 05527E
SD,MBH,Marsa Bashayer,,1-------,212.0,1923N 03718E
SD,PZU,Port Sudan,RS,1--45---,1307.0,
SD,SWA,Swakin,,1-------,8103.0,
SE,AGB,Agnesberg,O,123-----,207.0,5747N 01159E
SE,AHU,Ahus,M,123-----,1601.0,5555N 01417E
SE,ALA,Ala,X,1-------,1601.0,6113N 01709E
SE,ALF,Alfredshem,Y,1-------,8312.0,
SE,AGN,Alvangen,O,123-----,207.0,5757N 01207E
SE,ALN,Alvenas,S,1-------,1601.0,5923N 01311E
SE,AMA,Amal,O,123-----,1601.0,5903N 01242E
SE,AGE,Ange,Y,123-----,601.0,6231N 01537E
SE,ANK,Ankarsvik,C,1-------,8312.0,
SE,ANN,Ann,Z,123-----,601.0,6319N 01232E
SE,AAR,Ar,I,1-------,8312.0,
SE,ARA,Arboga,U,123-----,207.0,5923N 01551E
SE,ARB,Arbra,X,123-----,8312.0,
SE,ADG,Arildslage,M,1-------,9901.0,
SE,ASU,Arkosund,E,1-------,9901.0,
SE,ARK,Arnoviken,C,1-------,8312.0,
SE,ARV,Arvika,S,123-----,9704.0,
SE,ASD,Askersund,T,1-------,9901.0,
SE,BAC,Backviken,M,1-------,9704.0,
SE,BAA,Balsta,C,1-3-----,1601.0,5935N 01730E
SE,BBH,Barsebackshamn,M,1-------,1607.0,5545N 01254E
SE,BAS,Bastad,M,1-------,9704.0,
SE,BAT,Batskarsnas,BD,1-------,8312.0,
SE,BTF,Bengtsfors,O,1-3-----,9806.0,
SE,BGA,Berga Orlogsskolor,,1-------,507.0,5905N 01809E
SE,BEA,Bergkvara,H,1-------,1601.0,5623N 01605E
SE,BER,Bergs oljehamn,AB,1-------,1601.0,5919N 01810E
SE,BJR,Bjarred,M,1-3-----,101.0,5543N 01301E
SE,BLA,Blankaholm,H,1-------,8312.0,
SE,BDQ,Boda,H,1-------,9704.0,
SE,BOH,Bohus,O,123-----,1601.0,5751N 01200E
SE,BOL,Bollstabruk,Y,123-----,1601.0,6300N 01741E
SE,BOG,Borensberg,E,1-------,207.0,
SE,BOM,Borgholm,H,1-------,9704.0,
SE,BLD,Bovallstrand,O,1-------,9901.0,
SE,BVK,Braviken,E,1-3-----,1601.0,5838N 01632E
SE,BRE,Bredviken,,1-------,8312.0,
SE,BRO,Brofjorden,O,1-------,1601.0,5821N 01123E
SE,BRT,Brottby,AB,1-------,8312.0,
SE,BRU,Brunflo,Z,1-3-----,901.0,6305N 01449E
SE,BUR,Burea,AC,1-------,8312.0,
SE,BUV,Burgsvik,I,1-------,9704.0,
SE,BYX,Byxelkrok,H,1-------,9704.0,
SE,DLA,Dalaro,AB,1-------,1301.0,
SE,DEG,Degerhamn,H,1-------,1601.0,
SE,DJP,Djupvik,O,1-------,9901.0,
SE,DJU,Djurmo,W,1-------,8312.0,
SE,DJN,Djuron,E,1-------,1601.0,5838N 01621E
SE,DOM,Domsjo,Y,1-------,9704.0,
SE,DON,Donso,O,1-------,9704.0,
SE,DRT,Drottningholm,AB,1-------,507.0,5919N 01753E
SE,DYN,Dynas,Y,123-----,8312.0,
SE,ELL,Elleholm,K,1-3-----,1601.0,5610N 01445E
SE,ELO,Ellos,O,1-3-----,1601.0,5811N 01128E
SE,ENK,Enkoping,C,123-----,1601.0,5940N 01706E
SE,ESS,Essvik,Y,1-3-----,307.0,6218N 01723E
SE,FAK,Fagervik,X,1-------,9704.0,
SE,FAG,Falkenberg,N,123-----,1601.0,5653N 01230E
SE,FKG,Falkoping,O,123-----,207.0,
SE,FSB,Falsterbo,M,1-------,9901.0,
SE,FAR,Farjestaden,H,1-3-----,1301.0,5639N 01627E
SE,FSD,Farosund,I,1-------,9704.0,
SE,FIG,Figeholm,H,1-------,8312.0,
SE,FIL,Filipstad,S,1-3-----,207.0,
SE,FIS,Fiskeback,O,1-------,9704.0,
SE,FBK,Fiskebackskil,O,1-------,9901.0,
SE,FJA,Fjallbacka,O,1-------,9704.0,
SE,FLI,Flivik,H,1-------,1007.0,5733N 01635E
SE,FOR,Forsmark,C,1-------,1601.0,6022N 01809E
SE,FRA,Frano,Y,123-----,8312.0,
SE,GAM,Gamleby,H,123-----,1601.0,5754N 01624E
SE,GVX,Gavle,X,1--4----,1601.0,6040N 01710E
SE,GLM,Glommen,N,1-------,1601.0,5656N 01221E
SE,GOR,Gorsingeholm,D,1-------,507.0,5921N 01703E
SE,GOA,Gota,O,123-----,1601.0,5807N 01208E
SE,GOT,Goteborg,O,12345---,1601.0,5743N 01158E
SE,GKV,Grankullavik,H,1-3-----,1207.0,5720N 01706E
SE,GVN,Gravarne,O,1-------,9901.0,
SE,GRE,Grebbestad,O,1-3-----,9704.0,
SE,GRH,Grisslehamn,AB,1-------,1601.0,6006N 01850E
SE,GNR,Grono,C,1-------,1201.0,6031N 01744E
SE,GRD,Grundsund,O,1-3-----,9704.0,
SE,GRU,Gruvon,S,1-------,1601.0,5920N 01307E
SE,GUN,Gunnebo,E,1-------,9704.0,
SE,GUB,Gustavsberg,AB,1-------,9704.0,
SE,GUS,Gustavsvik,Y,123-----,1601.0,6250N 01753E
SE,GKS,Gustavsvik/Stockholm,AB,1-------,212.0,5919N 01818E
SE,HAC,Hackas,Z,123-----,901.0,6255N 01431E
SE,HLS,Hallekis,O,123-----,9307.0,
SE,HAS,Hallstanas,Y,1-------,8312.0,
SE,HAK,Hallstavik,AB,123-----,1601.0,6003N 01836E
SE,HAD,Halmstad,N,1234----,1601.0,5640N 01251E
SE,HBG,Hamburgsund,O,1-------,9901.0,
SE,HMR,Hammar,T,1-3-----,901.0,5849N 01457E
SE,HAA,Haparanda,BD,123-----,8312.0,
SE,HAH,Haraholmen,BD,1-------,1601.0,6514N 02139E
SE,HAN,Hargshamn,C,123-----,1601.0,6010N 01828E
SE,HND,Harnosand,Y,123-----,1601.0,6238N 01756E
SE,HBV,Hasselbyverket/Stockholm,AB,1-------,1601.0,5921N 01729E
SE,HST,Heestrand,O,1-------,901.0,5831N 01117E
SE,HEL,Helsingborg,M,12-4----,9704.0,
SE,HER,Herrang,AB,1-------,8312.0,
SE,HOG,Hoganas,M,123-----,1601.0,5612N 01233E
SE,HGS,Hogsjo,Y,1-------,9307.0,
SE,HLD,Holmsund,AC,123-----,1601.0,
SE,HON,Honsater,O,1-3-----,1601.0,5838N 01325E
SE,HNB,Horneborg,,1-------,8312.0,
SE,HNF,Hornefors,AC,1-3-----,1601.0,6338N 01954E
SE,HUV,Hudiksvall,X,1234----,1601.0,6144N 01706E
SE,HUN,Hunnebostrand,O,1-3-----,1201.0,
SE,HUS,Husum,Y,1-------,1601.0,6320N 01910E
SE,HYP,Hyppeln,O,1-------,9704.0,
SE,IGG,Iggesund,X,123-----,1601.0,6138N 01704E
SE,JAR,Jarfalla,AB,123-----,907.0,5924N 01752E
SE,JAT,Jatterson,H,1-------,9704.0,
SE,JOH,Johannedal,,1-------,8312.0,
SE,JKG,Jonkoping,F,1--4----,9601.0,
SE,JNA,Jorlanda,O,123--6--,601.0,5759N 01149E
SE,KAG,Kage,AC,1-------,8312.0,
SE,KGG,Kagghamra,,1-------,507.0,5905N 01747E
SE,KAX,Kalix,BD,123-----,8312.0,
SE,KLR,Kalmar,H,1234----,1601.0,5640N 01622E
SE,KAL,Kalmarsand,C,1-------,507.0,5933N 01733E
SE,KVK,Kalvik,O,1-------,1901.0,5904N 01111E
SE,KPS,Kapellskar,AB,1-3-----,1601.0,5943N 01904E
SE,KPH,Kappelshamn,I,1-------,1601.0,5751N 01847E
SE,KRH,Karehamn,H,1-------,1201.0,5657N 01654E
SE,KBK,Karlholmsbruk,C,1-------,1601.0,6031N 01737E
SE,KXV,Karlsborg Axelvik,BD,1-------,1601.0,6548N 02317E
SE,KAN,Karlshamn,K,123-----,1601.0,5610N 01451E
SE,KAA,Karlskrona,K,123-----,1601.0,5610N 01535E
SE,KSD,Karlstad,S,1--4----,1601.0,5922N 01330E
SE,KAK,Karlsvik,X,1-------,8312.0,
SE,KAS,Karskar,X,1-------,1601.0,6041N 01716E
SE,KAT,Katthammarsvik,I,1-------,9704.0,
SE,KLD,Kladesholmen,O,1-3--6--,901.0,5757N 01132E
SE,KGM,Klagshamn,M,1-3-----,901.0,5532N 01255E
SE,KLA,Klavrestrom,G,123-----,601.0,5708N 01508E
SE,KLI,Klintehamn,I,1-------,1601.0,5724N 01812E
SE,KOG,Koping,U,123-----,1601.0,5931N 01559E
SE,KMH,Kopmanholmen,Y,1-------,1601.0,6310N 01834E
SE,KVH,Kopparverkshamnen,M,1-------,9704.0,
SE,KRF,Kramfors,Y,1234----,1601.0,6256N 01747E
SE,KID,Kristianstad,M,1234----,9601.0,
SE,KHN,Kristinehamn,S,123-----,1601.0,5920N 01407E
SE,KUB,Kubikenborg,X,1-------,1601.0,
SE,KUV,Kungalv,O,1-3-----,207.0,
SE,KUA,Kungsbacka,N,1-3-----,1201.0,5729N 01205E
SE,KUN,Kungshamn,O,1-------,1601.0,5821N 01115E
SE,KGR,Kungsor,U,1-3-----,307.0,5926N 01606E
SE,KVA,Kvarnholmen,AB,1-------,9704.0,
SE,KYR,Kyrkebyn,S,1-------,8312.0,
SE,KKS,Kyrkesund,O,1-3-----,407.0,5801N 01131E
SE,LAA,Landskrona,M,123-----,1601.0,5552N 01250E
SE,LAV,Landvetter,O,1234----,901.0,5741N 01212E
SE,LIO,Lidingo,AB,123-----,8312.0,
SE,LDK,Lidkoping,O,1234----,1601.0,5830N 01330E
SE,LED,Lilla Edet,O,123-----,1601.0,5808N 01208E
SE,LIM,Limhamn,M,123-----,1601.0,5535N 01257E
SE,LIS,Linanas,AB,1-3-----,401.0,5946N 01908E
SE,LJP,Ljungsarp,O,123-----,1207.0,5734N 01335E
SE,LJU,Ljusne,X,123-----,1601.0,6113N 01708E
SE,LOD,Loddekopinge,M,1-3--6--,901.0,5546N 01301E
SE,LDO,Lodose,O,123-----,1601.0,5802N 01208E
SE,LOM,Lomma,M,123-----,9704.0,
SE,LOT,Loten,,1-------,507.0,5925N 01735E
SE,LOU,Loudden/Stockholm,AB,1-------,9703.0,
SE,LVR,Lovanger,AC,1-------,8312.0,
SE,LUN,Lovholmen,BD,1-------,8312.0,
SE,LUG,Lugnvik,Y,1-------,1601.0,6317N 01844E
SE,LLA,Lulea,BD,1--4----,1601.0,6535N 02209E
SE,LYS,Lysekil,O,123-----,1601.0,5817N 01126E
SE,MMA,Malmo,M,1234----,1601.0,5536N 01300E
SE,MAR,Marieberg,,1-------,1601.0,
SE,MRF,Mariefred,D,1-3-----,207.0,
SE,MAD,Mariestad,O,123-----,1601.0,5842N 01349E
SE,MSD,Marstrand,O,1-3-----,1601.0,5753N 01335E
SE,MAN,Marsviken,D,1-------,9704.0,
SE,MAV,Marviken,E,1-------,1501.0,5833N 01650E
SE,MEM,Mem,E,1-3-----,9901.0,
SE,MOO,Mo,Y,1-------,8312.0,
SE,MLE,Molle,M,1-3-----,1301.0,5617N 01230E
SE,MLO,Mollosund,O,1-3-----,9901.0,
SE,MON,Monsteras,H,123-----,1601.0,5702N 01626E
SE,MOR,Morbylanga,H,1-------,1601.0,5631N 01623E
SE,MDM,Munkedalshamn,O,123-----,9901.0,
SE,MUN,Munksund,BD,123-----,8312.0,
SE,MSK,Musko,AB,1-------,507.0,5858N 01807E
SE,NAS,Nas,W,1-------,8312.0,
SE,NAV,Navekvarn,D,1-------,8312.0,
SE,NOL,Nol (ports),O,123-----,1601.0,5755N 01204E
SE,NST,Norastrom,Y,1-------,1201.0,6252N 01802E
SE,NOG,Nordmaling,AC,1-3-----,401.0,6340N 01925E
SE,NJA,Norrbottens Jarnverk-SSAB,BD,1-------,9704.0,
SE,NOR,Norrbyskar,Y,1-------,8312.0,
SE,NRK,Norrkoping,E,1234----,1601.0,5836N 01611E
SE,NOT,Norrsundet,X,123-----,1601.0,6057N 01708E
SE,NOE,Norrtalje,AB,1-------,1601.0,5945N 01843E
SE,NRR,Norvik,AB,1-3-----,2107.0,5856N 01758E
SE,NHN,Nyhamn,X,1-------,8312.0,
SE,NYO,Nykoping,D,1234----,1601.0,5855N 01710E
SE,NYN,Nynashamn,AB,123-----,1601.0,5854N 01757E
SE,OAX,Oaxen,D,1-------,8312.0,
SE,OBB,Obbola,AC,1-------,9704.0,
SE,OCO,Ockero,O,1-------,9704.0,
SE,OEN,On,C,1-------,507.0,5928N 01723E
SE,OGR,Oregrund,C,1-------,9704.0,
SE,OER,Ornskoldsvik,Y,1234----,1601.0,6318N 01843E
SE,ORT,Ortviken,Y,1-------,1601.0,6223N 01721E
SE,ORV,Orviken,AC,1-------,8312.0,
SE,OSK,Oskarshamn,H,123-----,1601.0,5716N 01626E
SE,OST,Ostrand,X,1-------,1601.0,6228N 01719E
SE,OTT,Otterbacken,O,123-----,1601.0,5857N 01402E
SE,OXE,Oxelosund,D,123-----,1601.0,5840N 01706E
SE,PAS,Paskallavik,H,1-------,8312.0,
SE,PHM,Pataholm,H,1-3-----,901.0,5655N 01625E
SE,PIT,Pitea,BD,123-----,1601.0,6520N 02130E
SE,RAA,Raa,M,1-------,8312.0,
SE,RAM,Ramvik,Y,123-----,8312.0,
SE,RIN,Ringhals,N,1-------,1601.0,5715N 01205E
SE,RNH,Ronehamn,I,1-------,1601.0,5710N 01829E
SE,RNG,Ronnang,O,1-3-----,1601.0,5756N 01135E
SE,RNB,Ronneby,K,1234----,1601.0,5612N 01518E
SE,RBY,Ronnebyhamn,K,123-----,1601.0,5611N 01518E
SE,ROR,Ronnskar,X,1-------,8312.0,
SE,ROV,Ronnskarsverken,X,1-------,8312.0,
SE,RUV,Rundvik,AC,1-3-----,1601.0,6332N 01926E
SE,SAF,Saffle,S,123-----,207.0,5908N 01255E
SE,SMS,Salmis,BD,1-------,9811.0,
SE,STL,Saltkallan,O,1-3-----,9901.0,
SE,SBN,Saltsjobaden,D,123-----,8312.0,
SE,SBB,Saltsjo-Boo,AB,1-------,8312.0,
SE,SAE,Sandarne,X,123-----,9704.0,
SE,SAK,Sandvik,,1-------,9704.0,
SE,STR,"Sandvik, Styrso",O,1-3-----,1301.0,5737N 01146E
SE,SES,Seskaro,BD,1-------,8312.0,
SE,SGT,Sigtuna,AB,123-----,207.0,5937N 01743E
SE,SIK,Sikea,AC,1-------,8312.0,
SE,SPP,Simpevarp,H,1-------,1601.0,5725N 01640E
SE,SIM,Simrishamn,M,123-----,1601.0,5533N 01420E
SE,SGM,Skagshamn,Y,1-------,1601.0,6313N 01901E
SE,SKL,Skalhamn,O,1-------,9704.0,
SE,SNR,Skanor,M,1-3-----,901.0,5525N 01251E
SE,SKB,Skarblacka,E,123-----,8312.0,
SE,SKM,Skarhamn,O,1-3-----,1601.0,5759N 01133E
SE,SKT,Skattkarr,S,1-------,1601.0,5925N 01338E
SE,SFT,Skelleftea,AC,1234----,1601.0,6446N 02057E
SE,SKE,Skelleftehamn,AC,1-------,1601.0,6441N 02114E
SE,SKO,Skoghall,S,123-----,1601.0,5920N 01326E
SE,SKR,Skredsvik,O,1-3-----,9012.0,
SE,SKN,Skuthamn,BD,1-------,8312.0,
SE,SSR,Skutskar,C,123-----,1601.0,6038N 01725E
SE,SLI,Slite,I,1-------,1601.0,5743N 01848E
SE,SMO,Smogen,O,1-3-----,9901.0,
SE,SOO,Soderhamn,X,1234----,9601.0,
SE,SOG,Soderkoping,E,123-----,1201.0,
SE,SOE,Sodertalje,AB,123--6--,1601.0,5912N 01737E
SE,SOL,Solvesborg,K,123-----,1601.0,5603N 01433E
SE,SOR,Soraker,Y,123-----,1601.0,6230N 01730E
SE,SPR,Sprangsviken,Y,123-----,8312.0,
SE,STJ,Stavsjo,G,1----6--,1201.0,5650N 01348E
SE,STE,Stenungsund,O,123-----,1601.0,5845N 01149E
SE,STG,Stigtomta,D,123-----,307.0,5848N 01647E
SE,STA,Stocka,X,1-------,1601.0,6153N 01720E
SE,STO,Stockholm,AB,12345---,1601.0,5920N 01803E
SE,SUD,Stocksund,AB,1-------,8312.0,
SE,STK,Stockviksverken,Y,1-3-----,1601.0,6220N 01721E
SE,STV,Stora Vika,AB,1-3-----,401.0,5856N 01748E
SE,SUS,Storugns,I,1-3-----,1601.0,5745N 01849E
SE,SMN,Storuman,AC,123-----,901.0,6506N 01706E
SE,KAF,Stra,I,1-------,1601.0,5753N 01901E
SE,STQ,Strangnas,D,123-----,1601.0,5923N 01702E
SE,SMD,Stromstad,O,123-----,1601.0,5856N 01111E
SE,SDS,Studsvik,D,1-------,1601.0,5846N 01723E
SE,STU,Stugsund,X,123-----,1601.0,6118N 01703E
SE,SUN,Sund,,1-------,8312.0,
SE,SUG,Sundbyberg,AB,123-----,8312.0,
SE,SDK,Sundsbruk,Y,123-----,901.0,6227N 01721E
SE,SDL,Sundsvall,Y,1-34----,1601.0,6223N 01718E
SE,SUR,Surte,O,1-3-----,1601.0,5749N 01201E
SE,SND,Svanesund,O,1-3-----,1201.0,5808N 01150E
SE,SVX,Svano,Y,1-------,8312.0,
SE,SVK,Svartvik,X,1-------,8312.0,
SE,SEA,Svedala,M,1-3-----,1601.0,
SE,TTD,Tomtbod,I,1-3-----,607.0,5711N 01832E
SE,TOE,Tore,BD,1-------,1601.0,6554N 02239E
SE,TOV,Torekov,M,1-------,9704.0,
SE,TOA,Torshalla,D,1-3-----,207.0,5925N 01627E
SE,TSL,Traslovslage,N,1-------,1601.0,5703N 01216E
SE,TRG,Trelleborg,M,1-------,1601.0,5522N 01310E
SE,THN,Trollhattan,O,1234----,1601.0,5816N 01218E
SE,TUN,Tunadal,Y,123-----,1601.0,6224N 01722E
SE,UDD,Uddevalla,O,123-----,1601.0,5822N 01156E
SE,UGN,Ulebergshamn,O,1-3-----,9901.0,
SE,ULF,Ulfvik,,1-------,8312.0,
SE,UME,Umea,AC,1234----,212.0,6350N 02015E
SE,UND,Underas,AB,1-------,1601.0,5916N 01732E
SE,UPP,Uppsala,C,123-----,1207.0,5952N 01738E
SE,URS,Ursviken,AC,123-----,8312.0,
SE,UTA,Utansjo,Y,1-------,1601.0,
SE,VAJ,Vaja,Y,123-----,9704.0,
SE,VAA,Valberg,S,1-3-----,1601.0,5924N 01310E
SE,VAK,Valdemarsvik,E,1-------,9704.0,
SE,VAL,Vallvik,X,123-----,1601.0,6111N 01711E
SE,VAN,Vanersborg,O,123-----,1601.0,5822N 01219E
SE,VAG,Varberg,N,123-----,1601.0,
SE,VRB,Varby,AB,1-------,507.0,5915N 01752E
SE,VGN,Vargon,O,123-----,1601.0,5822N 01222E
SE,VST,Vasteras,U,1234----,1601.0,5937N 01633E
SE,VVK,Vastervik,H,1234----,1601.0,5745N 01638E
SE,VXH,Vaxholm,AB,1-3-----,212.0,5924N 01820E
SE,VER,Verkeback,H,1-------,9704.0,
SE,VBY,Visby,I,1234----,1601.0,5738N 01818E
SE,VIV,Vivstavarv,X,123-----,9704.0,
SE,VGO,Vrango,O,1-3-----,201.0,5734N 01147E
SE,WAL,Wallhamn,O,1-------,1601.0,5801N 01142E
SE,YST,Ystad,M,123-----,1601.0,5525N 01349E
SG,BKM,Bukit Merah Estate,01,1-3-----,1401.0,0117N 10349E
SG,CHG,Changi,,1-34----,901.0,0119N 10400E
SG,JUR,Jurong/Singapore,,1-3-----,207.0,0120N 10342E
SG,KEP,Keppel Wharves,,1-------,8103.0,
SG,PPT,PASIR PANJANG Terminal,05,1-3-----,1601.0,0117N 10346E
SG,PAP,Pasir Panjang Wharves,,1-------,401.0,0116N 10347E
SG,AYC,Pulau Ayer Chawan,,1-------,1501.0,0116N 10342E
SG,PUB,Pulau Bukom,,1-------,9506.0,
SG,SEB,Pulau Sebarok,,1-------,9506.0,
SG,SLT,Seletar,,1-------,9506.0,
SG,SEM,Sembawang Port,,1-------,8103.0,
SG,SIN,Singapore,,1--45---,2407.0,0117N 10351E
SG,SCT,Singapore Container Terminal,,1-------,8103.0,
SG,TPG,Tanjong Pagar,,1-------,9506.0,
SG,TPN,Tanjong Penjuru,,1-------,9506.0,
SG,TAY,Telok Ayer Basin,,1-------,8103.0,
SG,TUA,Tuas,,1-3-----,1207.0,0119N 10339E
SH,ASC,Ascension,,1-------,307.0,0757S 01421W
SH,ASI,Georgetown,,1--4----,9506.0,
SH,SHN,Jamestown,,1-------,8103.0,
SH,RPT,Rupert's Bay,HL,1-------,1801.0,1555S 00542W
SH,TDC,Tristan da Cunha,,1---5---,9810.0,
SI,DBO,Dobrovo,007,1----6--,901.0,4559N 13315E
SI,IZO,Izola,,1-------,201.0,
SI,JAR,Jarenina,001,1-------,901.0,
SI,JCE,Jesenice,041,123-----,701.0,4625N 01404E
SI,KOP,Koper,,1-------,201.0,
SI,SLV,Lukovica pri Domzalah,,1----6--,1107.0,4610N 14420W
SI,SML,Mala Nedelja,063,1-3-----,1401.0,4631N 01603E
SI,PIR,Piran,,1-------,201.0,
SI,POW,Portoroz,,1--4----,8103.0,
SI,ROG,Rogasovci,105,1----6--,901.0,4648N 01602E
SI,SEC,Secovlje,090,1----6--,901.0,4528N 01337E
SI,S8L,Selca,146,1-------,1401.0,4613N 01412E
SI,TOL,Tolmin,128,1-------,701.0,4610N 01343E
SI,LU6,Trojane,068,1-3-----,1401.0,4611N 01452E
SI,VOJ,Vojnik,139,1----6--,1601.0,4617N 01518E
SI,VRA,Vransko,190,1----6--,1601.0,4614N 01457E
SI,VB9,Vremski Britof,019,1----6--,1601.0,4539N 01401E
SI,VUH,Vuhred,101,1----6--,1601.0,4635N 01514E
SI,ZAB,Zabnica,052,1----6--,1601.0,4611N 01419E
SI,ZBU,Zabukovje nad Sevnico,110,1----6--,1601.0,4603N 01522E
SI,Z42,Zagorje ob Savi,142,1----6--,1601.0,4608N 01500E
SI,ZAG,Zagradec,039,1----6--,1601.0,4551N 01450E
SI,ZAV,Zavrc,028,1----6--,1601.0,4623N 01602E
SI,ZDO,Zdole,054,1----6--,1601.0,4558N 01532E
SI,ZET,Zetale,069,1----6--,1601.0,4616N 01547E
SI,ZGB,Zgornja Besnica,052,1----6--,1601.0,4616N 01417E
SI,ZGK,Zgornja Korena,026,1----6--,1601.0,4631N 01545E
SI,ZGL,Zgornja Loznica,113,1----6--,1601.0,4620N 01539E
SI,ZGP,Zgornja Polskava,113,1----6--,1601.0,4625N 01536E
SI,ZGV,Zgornja Velka,118,1----6--,1601.0,4640N 01546E
SI,Z95,Zgornje Jezersko,095,1----6--,1601.0,4623N 01428E
SI,XZA,Zgornji Jakobski Dol,089,1-3-----,1401.0,4638N 01545E
SI,Z35,Zgornji Leskovec,135,1----6--,1601.0,4619N 01556E
SI,ZID,Zidani Most,057,1----6--,1601.0,4605N 01510E
SI,ZIR,Zirovnica,041,1----6--,1601.0,4624N 01408E
SI,ZUZ,Zuzemberk,085,1----6--,1601.0,4550N 01455E
SJ,BAR,Barentsburg,,1-------,1601.0,7804N 01412E
SJ,LYR,Longyearbyen,,1-34----,307.0,7813N 01538E
SJ,NYA,Ny-Alesund,,1-------,212.0,7856N 01157E
SJ,SVE,Sveagruva,,1-------,1601.0,7751N 01639E
SK,BCK,Beckov,TA,1-------,701.0,
SK,BAB,Bratislava Port,BL,1-------,9803.0,
SK,DVO,Dvorniky,KI,1----6--,901.0,4836N 02050E
SK,GLT,Galanta,TA,123-----,407.0,4812N 01743E
SK,KAO,Kolarovo,NI,123-----,701.0,4754N 01759E
SK,KNP,Komarno Port,NI,1-------,9803.0,
SK,FD3,Krasno,TC,1-3-----,1401.0,4836N 01819E
SK,KVE,Kvetoslavov,TA,1----6--,1201.0,4803N 01721E
SK,XCV,Mala Trna,KI,1-3-----,1401.0,4827N 02141E
SK,MAT,Martovce,,1-3-----,601.0,4751N 01807E
SK,MOD,Modra,,1----6--,1001.0,4820N 01719E
SK,HIL,Mojmirovce,NI,1-3-----,1401.0,4813N 01804E
SK,POP,Poprad,PV,1-------,1201.0,4903N 02018E
SK,PLB,Praha,BC,1-------,1401.0,4822N 01931E
SK,XXX,RIS Inland waterways,,1-------,1101.0,
SK,K87,Sady nad Torysou,KI,1-3-----,1401.0,4842N 02120E
SK,SLK,Siladice,TA,1----6--,1601.0,4822N 01745E
SK,DF4,Spissky Stiavnik,PV,1-3-----,1401.0,4900N 02022E
SK,TEP,Teplicka nad Vahom,ZI,1----6--,901.0,4914N 01848E
SK,TLM,Tlmace,,1-3-----,501.0,4817N 01832E
SK,TBE,Trencianske Bohuslavice,TC,1-3-----,701.0,
SK,TNA,Trnava,TA,123-----,401.0,4822N 01735E
SK,TUT,Turcianske Teplice,ZI,1-3-----,1401.0,4852N 01852E
SK,DXZ,Valaska,BC,1-3-----,1401.0,4849N 01935E
SK,VZK,Vel'ke Zlievce,BC,1----6--,1201.0,4812N 01927E
SK,ZIA,Ziar nad Hronom,,123-----,601.0,4835N 01852E
SL,BTE,Bonthe,,1--4----,9601.0,
SL,FNA,Freetown,,1--45---,9401.0,
SL,KSY,Kissy,W,1-3--6--,2007.0,0828N 01311W
SL,NIT,Nitti,,1-------,8103.0,
SL,PEP,Pepel,,1-------,8103.0,
SL,SBO,Sherbro,,1-------,8103.0,
SM,AQ8,Gualdicciolo,01,1-3-----,1401.0,4357N 01224E
SN,DKR,Dakar,,1--45---,9601.0,
SN,FOU,Foundiougne,,1-------,9506.0,
SN,KLC,Kaolack,,1--4----,9601.0,
SN,LYN,Lyndiane,,1-------,9506.0,
SN,MBA,M'bao Terminal,,1-------,9506.0,
SN,XLS,Saint Louis,SL,1--4----,1101.0,1602N 01630W
SN,ZIG,Ziguinchor,,1--4----,9601.0,
SO,BBO,Berbera,,1--4----,9601.0,
SO,ELM,El Maan,,1-3-----,401.0,0210N 04536E
SO,GRC,Garacad,MU,1-3-----,2307.0,0656N 04919E
SO,GHR,Giohar,,1-3-----,601.0,0246N 04531E
SO,KMU,Kismayu,,1--4----,9601.0,
SO,MER,Merca,,1-------,8103.0,
SO,MGQ,Mogadishu,,1--45---,9601.0,
SR,ABN,Albina,,1--4----,9601.0,
SR,LLW,Lelydorp,WA,12---6--,1701.0,0542N 05514W
SR,MOJ,Moengo,,1--4----,9601.0,
SR,ICK,Nieuw Nickerie,,1--4----,9601.0,
SR,PBM,Paramaribo,,1--45---,9601.0,
SR,PRM,Paranam,,1-------,9401.0,
SR,SMA,Smalkalden,,1-------,9401.0,
SR,AGI,Wageningen,,1--4----,9601.0,
ST,PCP,Principe,,1--4----,9601.0,
ST,SAA,Santo Antonio,,1-------,9506.0,
ST,TMS,Sao Tome Island,,1--45---,9601.0,
SV,AQJ,Acajutla,,1-3-----,9401.0,
SV,APO,Apopa,SS,1----6--,1107.0,1348N 08910W
SV,SSO,Armenia,SO,1----6--,1201.0,1344N 08929E
SV,BEL,Belfast,SM,1----6--,1107.0,
SV,MAN,El Manzanillo,SM,1----6--,1107.0,
SV,LLD,La Libertad,LI,1-3-----,1301.0,1329N 08919W
SV,LUN,La Union,,1-------,9401.0,
SV,MIR,Miramar,AH,1-------,901.0,
SV,TUE,Moncagua,AH,1-------,901.0,
SV,NHZ,Nahuizalco,SO,1-------,901.0,
SV,NCU,Nuevo Cuscatlan,LI,1----6--,1107.0,1338N 08915W
SV,SAL,San Salvador,,1--45---,9601.0,
SX,GES,Gallis Bay,,1-3-----,1101.0,1801N 06304W
SX,MAR,Marigot,,1-------,1107.0,1804N 06304W
SX,PHI,Philipsburg,,1-3-----,1101.0,1801N 06302W
SX,SXM,Sint-Maarten Apt,,1--45---,1307.0,1803N 06307W
SY,ALD,Al Ladhiqiyah,,123-----,601.0,3531N 03547E
SY,ARW,Arwad,TA,1-3-----,1101.0,3451N 03551E
SY,BEN,Banghazi,,1-3-----,607.0,3207N 02004E
SY,BAN,Baniyas,TA,1-3-----,1101.0,3511N 03557E
SY,DAM,Damascus (Damas),,1--45---,9601.0,
SY,LTK,Latakia,,1--4----,1001.0,3531N 03547E
SY,TTS,Tartus,TA,1-3-----,1001.0,3454N 03554E
SY,TAO,Tartus Oil Terminal,TA,1-------,907.0,3458N 03553E
SZ,MAL,Malkerns,LU,1-3-----,407.0,2634S 03111E
SZ,NHL,Nhlangano,,1-3-----,307.0,2707S 03112E
SZ,7DS,Sidvokodvo,MA,1-3-----,1401.0,2637S 03127E
TC,9CB,Cockburn Harbour,,1-3-----,2101.0,2129N 07132W
TC,GDT,Grand Turk Island,,1--45---,9601.0,
TC,NCA,North Caicos,,1--4----,9601.0,
TC,PLS,Providenciales,,1--4----,9506.0,
TC,SLX,Salt Cay,,1--4----,9601.0,
TC,XSC,South Caicos,,1--4----,9601.0,
TF,PFR,Port-aux-Francais,,1-------,1901.0,4920S 07013E
TG,ANE,Aneho,,1-------,212.0,0614N 00136E
TG,KPE,Kpeme,,1-------,8103.0,
TG,LFW,Lome,,1--45---,9601.0,
TH,SHT,Actu-lum,11,1-------,1607.0,1339N 10033E
TH,BND,Ban Don,84,1-------,2107.0,0911N 09922E
TH,BNK,Ban Kantang,92,1-3-----,2107.0,0725N 09930E
TH,BNL,Ban Laem,76,1-------,2107.0,1307N 10007E
TH,BPG,Ban Pong,,123-----,501.0,1348N 09952E
TH,BPK,Ban Prakop Customs House,90,1-3-----,1601.0,0628N 10043E
TH,BTP,Ban Talat Takua Pa,82,1-3-----,401.0,0850N 09822E
TH,BSP,Bang Saphan,,123-----,601.0,1112N 09931E
TH,BKK,Bangkok,10,12345---,1207.0,1345N 10031E
TH,BMT,Bangkok Modern Terminals/Bangkok,,1-3-----,201.0,1336N 10035E
TH,BNG,Bangnara,96,1-------,2107.0,0626N 10150E
TH,BTC,Bangpakong Terminal,24,1-------,1807.0,1328N 10059E
TH,BAI,Bangpoomai,11,1-3-----,2407.0,1332N 10040E
TH,BEN,Benchamas,,1-------,907.0,1031N 10119E
TH,CHA,Chanthaburi,22,1-------,2107.0,1218N 10214E
TH,CHS,Chiang Saen Customs House,57,1-3-----,1601.0,2019N 10004E
TH,CHU,Chumphon,86,1-3-----,2107.0,1026N 09916E
TH,ECT,Ekachai Container Terminal,74,1-------,1607.0,1335N 10019E
TH,ERA,Erawan,,1-------,907.0,0904N 10124E
TH,HOP,Hoping,,1-------,401.0,2416N 12144E
TH,KPT,Kamphaeng Phet,62,1-3-----,2407.0,1628N 09931E
TH,KAN,Kantang,92,123-----,1801.0,0724N 09931E
TH,KHA,Khanom,80,1-------,1801.0,0912N 09953E
TH,KLY,Khlong Yai,23,1-3-----,1801.0,1146N 10254E
TH,KLA,Ko Lanta,81,1-------,2107.0,0803N 09854E
TH,KSM,Ko Samui,84,1-------,1601.0,0932N 09956E
TH,KSI,Ko Sichang,20,1-------,2107.0,1308N 10049E
TH,KYO,Ko Yao,82,1-------,2107.0,0754N 09836E
TH,KRV,Krabi,81,1-------,1807.0,0804N 09844E
TH,LCH,Laem Chabang,20,1-3-----,401.0,1305N 10053E
TH,LAS,Lang Suan,86,1-------,2107.0,0957N 09909E
TH,MEK,Mae Klong,75,1-------,2107.0,1322N 09959E
TH,MAT,Map Ta Phut,21,1-3-----,2107.0,1239N 10118E
TH,NKT,Nakhon Si Thammarat,80,1-------,1801.0,0914N 09952E
TH,NRW,Narathiwat,96,1-------,1601.0,0625N 10149E
TH,NHP,NH Prosperity,10,1-------,1807.0,1311N 10048E
TH,NIM,Nim Port,11,1-------,2107.0,1336N 10034E
TH,PKN,Pak Nam,11,1-------,2107.0,1336N 10034E
TH,PKP,Pak Phanang,80,1-------,2107.0,0912N 09953E
TH,PKB,Pakbara,91,1-------,2107.0,0652N 09943E
TH,PTN,Pattani,94,1-------,1601.0,0653N 10116E
TH,PYT,Phahon Yothin Customs House,10,12------,1601.0,1348N 10032E
TH,PHA,Phang-Nga,82,1-------,2107.0,0824N 09831E
TH,PTR,Photharam,70,123-----,501.0,1341N 09951E
TH,KRU,Phra Khanong,10,1-3-----,1401.0,1342N 10036E
TH,PPA,Phra Pradaeng,11,1-3-----,2107.0,1337N 10033E
TH,PKT,Phuket Port,83,1-------,1807.0,0749N 09824E
TH,PLA,Platong,,1-------,907.0,0939N 10128E
TH,PPC,Prachuap Port,77,1-------,1607.0,1112N 09935E
TH,RNN,Ranong,85,1-------,1601.0,0958N 09838E
TH,SCS,Sahathai Coastal Seaport,11,1-3-----,1207.0,1339N 10032E
TH,SAP,Samut Prakan,11,1-3--6--,2407.0,1336N 10036E
TH,SAT,Sattahip,20,1-------,2107.0,1238N 10055E
TH,SNT,Satun,91,1-3-----,2107.0,0637N 10004E
TH,SRI,Si Racha,20,123--6--,2107.0,1310N 10053E
TH,SBP,Siam Bangkok Port,,1-3-----,201.0,1339N 10033E
TH,SSW,Siamgas and Petrochemicals,11,1-------,1607.0,1338N 10033E
TH,SIC,Sichon,80,1-------,2107.0,0901N 09955E
TH,SGK,Songkhla,90,1-3-----,1801.0,0714N 10034E
TH,URT,Surat Thani,84,1--4----,2107.0,0908N 09908E
TH,I6C,T S Transport and Logistics,11,1-------,1607.0,1339N 10034E
TH,TAB,Tak Bai Customs House,96,1-3-----,1601.0,0615N 10203E
TH,TAC,Tha Chaleap,22,1-------,2107.0,1235N 10153E
TH,THA,Tha Sala,80,1-------,2107.0,0840N 09957E
TH,TRG,Trang,92,1-------,1601.0,0733N 09936E
TH,TPP,Tungprong Pt,20,1-------,901.0,1242N 10050E
TH,UCT,Unithai Container Terminal,11,1-3-----,1801.0,1335N 10035E
TK,AFU,Atafu,,1-------,307.0,0832S 17231W
TK,FKO,Fakaofo,,1-------,307.0,0922S 17115W
TK,NKU,Nukunonu,,1-------,307.0,0910S 17151W
TL,DIL,Dili,DI,1-34----,307.0,0833S 12534E
TM,ALT,Altyn Asyr,,1----6--,907.0,3753N 05822E
TM,CHE,Cheleken,B,1-3-----,901.0,3924N 05308E
TM,HAL,Halach,,1-3-----,601.0,3804N 06453E
TM,KRA,Krasnovodsk,B,1-3-----,307.0,4001N 05258E
TM,TMZ,Termez,,1-------,8012.0,
TM,KRW,Turkmenbashi,B,1234----,501.0,4001N 05258E
TN,HMM,Al Hammamat,,123--6--,601.0,3624N 01037E
TN,TZE,Al Marsa,11,123--6--,901.0,3653N 01020E
TN,ARI,Ariana,11,1----6--,901.0,3651N 01011E
TN,ASH,Ashtart Terminal,,1-------,9506.0,
TN,BIZ,Bizerte,,1234----,8103.0,
TN,BJC,Borj Cedria,21,1-3-----,1401.0,3642N 01024E
TN,CHB,Chebba,53,1-3-----,401.0,3514N 01106E
TN,DID,Didon,,1-------,907.0,3346N 01154E
TN,DJE,Djerba,,1-34----,9601.0,
TN,GAE,Gabes,,1--4----,212.0,3353N 01007E
TN,JAR,Jarjis,,1-------,106.0,3330N 01106W
TN,KEB,Kebili,73,1----6--,901.0,3342N 00858E
TN,KEM,Ksibet el Mediouni,52,1-------,701.0,3540N 01050E
TN,LGN,La Goulette Nord (Halqueloued),,123-----,8103.0,
TN,LSK,La Skhirra,,123-----,8103.0,
TN,MAD,Mahdia,53,123-----,401.0,3530N 01103E
TN,MBA,Menzel Bourguiba,,123-----,8103.0,
TN,OUD,Oudna,,1-------,907.0,3616N 01139E
TN,RDS,Rades,11,123-----,1207.0,3646N 01016E
TN,SFA,Sfax,,1234----,9601.0,
TN,SLN,Soliman,21,1-3-----,1401.0,3641N 01029E
TN,SUS,Sousse,,1234----,8103.0,
TN,TAT,Tazerka Terminal,,1-------,307.0,3636N 01141E
TN,TUN,Tunis,,12345---,9601.0,
TN,ZRZ,Zarzis,82,1-3-----,701.0,3330N 01107E
TO,HPA,Ha'apai,,1--4----,9601.0,
TO,NEI,Neiafu,,1-------,8103.0,
TO,TBU,Nuku'alofa,,1--45---,212.0,2108S 17512W
TO,PAN,Pangai,,1-------,9506.0,
TR,ADA,Adana,01,1--4----,9601.0,
TR,AKB,Akcaabat,61,1-------,212.0,4101N 03934E
TR,AKC,Akcansa,17,1-------,901.0,4006N 02623E
TR,GKV,Akcapinar,48,1-------,212.0,3701N 02822E
TR,AKY,Akcay,10,1-------,212.0,3935N 02656E
TR,AKD,Akdeniz,,1-------,1201.0,3652N 03442E
TR,ALA,Alanya,07,1-------,1901.0,3632N 03159E
TR,ALI,Aliaga,35,1-------,1901.0,
TR,AYD,Altinkum,09,1-------,8103.0,
TR,AMA,Amasra,67,1-------,1901.0,
TR,AMR,Ambarli,34,1-3-----,1807.0,4058N 02842E
TR,ANA,Anamur,33,1-------,1901.0,3604N 03251E
TR,AYT,Antalya,07,1234----,1901.0,3650N 03036E
TR,AYA,Ayancik,57,1-------,1901.0,4156N 03435E
TR,AYV,Ayvalik,10,1-------,1901.0,3919N 02641E
TR,BBP,Baba Point,17,1-------,901.0,3928N 02604E
TR,BZI,Balikesir,10,1--4----,9710.0,
TR,BDM,Bandirma,10,1234----,212.0,4021N 02758E
TR,BTS,Besiktas,34,1-3-----,407.0,4103N 02901E
TR,BEY,Beykoz,34,1-------,9710.0,
TR,BBI,Beylerbeyi,34,1-3-----,407.0,4103N 02903E
TR,BXN,Bodrum,48,1--4----,1901.0,3702N 02725E
TR,BOG,Bogazagzi,67,1-------,8103.0,
TR,BOL,Bolu,14,1-------,9710.0,
TR,BOT,Botas,01,1-------,1901.0,3649N 03610E
TR,BZB,Bozburun,48,1-------,8103.0,
TR,BZC,Bozcaada,17,1-------,1901.0,3950N 02604E
TR,BHN,Burhaniye,10,1-------,9710.0,
TR,BUY,Buyukcukur,16,1-------,212.0,4104N 03558E
TR,CAM,Camalti,35,1-------,212.0,4139N 03223E
TR,CKZ,Canakkale,17,1-------,212.0,4009N 02624E
TR,CES,Cesme,35,1-------,212.0,3819N 02618E
TR,CID,Cide,37,1-------,1901.0,4154N 03259E
TR,CUB,Cubuklu,34,1-------,8103.0,
TR,DAR,Darica,41,1-------,9506.0,
TR,DAT,Datca,48,1-------,212.0,3645N 02740E
TR,DRC,Derince,41,1-3-----,8103.0,
TR,DIK,Dikili,35,1-------,1901.0,3904N 02653E
TR,DIL,Diliskelesi,41,1-------,9710.0,
TR,DYL,Dortyol,31,1-------,212.0,3652N 03612E
TR,EDI,Edirne,22,1-------,8103.0,
TR,EDO,Edremit,10,1-34----,1901.0,3935N 02701E
TR,ENE,Enez,22,1-------,1901.0,4043N 02604E
TR,ERK,Erdek,10,1-------,1901.0,4023N 02747E
TR,ERE,Eregli,67,1-3-----,1901.0,4117N 03124E
TR,EYP,Evyap Port /Kocaeli,41,123-----,1207.0,4046N 02942E
TR,FAS,Fatsa,52,1-------,1901.0,4102N 03729E
TR,FET,Fethiye,48,1-------,1901.0,3637N 02906E
TR,FIN,Finike,07,1-------,1901.0,3617N 03008E
TR,FRZ,Firuzkoy,34,1-3-----,1301.0,4100N 02842E
TR,FOC,Foca,35,1-------,212.0,3840N 02645E
TR,GTA,Galata,34,1-------,8103.0,
TR,GEB,Gebze,41,123-----,1101.0,4047N 02925E
TR,GEL,Gelibolu,17,1-3-----,8103.0,
TR,GEM,Gemlik,16,1-------,1901.0,4025N 02909E
TR,GZE,Gerze,57,1-------,1901.0,4138N 03611E
TR,GIR,Giresun,28,1-------,1901.0,4055N 03823E
TR,GCK,Gocek,48,1-------,1901.0,3645N 02856E
TR,GCA,Gokceada,17,1-------,1901.0,4011N 02555E
TR,GOR,Gorele,28,1-------,212.0,4102N 03900E
TR,GUL,Gulluk,48,1-------,212.0,3714N 02736E
TR,HAR,Haramidere,34,1-------,212.0,
TR,HAS,Haskoy,34,1-------,212.0,4102N 02858E
TR,HAY,Haydarpasa,34,1-3-----,8103.0,
TR,HER,Hereke,41,1-------,8103.0,
TR,HIS,Hisaronu,48,1-3-----,212.0,3647N 02808E
TR,HOP,Hopa,08,1-3-----,1901.0,4124N 04125E
TR,IDS,Icdas Jetty,17,1-------,1901.0,4027N 02718E
TR,IGN,Igneada,39,1-------,1901.0,4153N 02801E
TR,INE,Inebolu,37,1-------,1901.0,4158N 03346E
TR,IDM,Isdemir,31,1-------,1901.0,3643N 03611E
TR,ISK,Iskenderun,31,123-----,1901.0,3635N 03610E
TR,IST,Istanbul,34,12345---,1901.0,4101N 02858E
TR,IZM,Izmir,35,12345---,601.0,3825N 02709E
TR,IZT,Izmit,41,123-----,907.0,4047N 02957E
TR,KBS,Kabatas,,123--6--,901.0,4102N 02900E
TR,KRB,Karabiga,17,1-------,1901.0,4024N 02718E
TR,KBY,Karacabey,16,1-------,9710.0,
TR,KKY,Karakoy/Istambul,34,1-3-----,601.0,4102N 02859E
TR,KRS,Karasu,54,1-3-----,1901.0,4104N 03047E
TR,KRT,Karatas,01,1----6--,1901.0,3633N 03523E
TR,KAR,Kartal,34,1-------,8103.0,
TR,KPE,Kartepe,41,1-3-----,1301.0,4044N 02958E
TR,KAS,Kas,07,1-------,1901.0,3611N 02938E
TR,KFK,Kefken,41,1-------,1901.0,4112N 03015E
TR,KMR,Kemer,07,1-3-----,1901.0,3635N 03033E
TR,KN2,Konak,35,1-3-----,1801.0,3824N 02706E
TR,KFZ,Korfez,41,123-----,1807.0,4047N 02944E
TR,KMX,Kumport,34,123-----,401.0,4057N 02849E
TR,KUS,Kusadasi,09,1-3-----,307.0,3751N 02715E
TR,KOC,Kusukkuyu,10,1-------,8103.0,
TR,LMA,Limas,41,12------,2107.0,4043N 02953E
TR,MAL,Maltepe,34,1-------,9710.0,
TR,MVG,Manavgat,07,1-3-----,1901.0,3646N 03127E
TR,MAD,Mardas,34,123-----,607.0,4101N 02857E
TR,MRA,Marmara Adasi,10,1-------,1901.0,4035N 02733E
TR,MRM,Marmaris,48,1-------,1901.0,3651N 02816E
TR,MPT,Marport,34,123-----,607.0,
TR,MER,Mersin,33,123-----,501.0,3643N 03438E
TR,MFZ,Mersin-Free Zone,33,123-----,501.0,3648N 03438E
TR,MIM,Mimarsinan,34,1-------,1201.0,4101N 02833E
TR,MUD,Mudanya,16,1-3-----,1901.0,4022N 02853E
TR,NEM,Nemrut Bay,35,1-------,9506.0,
TR,M47,Nusaybin,47,1-3-----,1401.0,3704N 04113E
TR,ODU,Odunluk,17,1-------,8103.0,
TR,ORD,Ordu,52,1-------,1901.0,4059N 03752E
TR,9AK,Pasakoy,34,1-3-----,1301.0,4101N 02916E
TR,PZR,Pazar,53,1-------,1901.0,4110N 04053E
TR,PEN,Pendik,34,1-------,9710.0,
TR,PLP,Poliport,41,1-------,1601.0,3759N 04203E
TR,KSP,Port of Karasu,54,1-------,1607.0,4107N 03040E
TR,RIZ,Rize,53,1-------,1901.0,4102N 04029E
TR,RZY,Rota-Izmit Bay,35,1-------,1301.0,2943N 04046E
TR,SSX,Samsun,55,1--4----,1901.0,4117N 03620E
TR,SRL,Saraylar,10,1-------,901.0,4040N 02740E
TR,SRS,Sariseki,31,123-----,2307.0,3640N 03613E
TR,SER,Serviburun,34,1-------,8103.0,
TR,SLE,Sile,34,1-------,1901.0,4110N 02936E
TR,SIL,Silivri,34,1-3-----,1901.0,4104N 02815E
TR,SIC,Sinop,57,1--4----,1901.0,4201N 03508E
TR,SUR,Surmene,61,1-------,1901.0,4054N 04007E
TR,SUT,Sutluce,34,1-------,9710.0,
TR,TAS,Tasucu,33,1-------,1901.0,3619N 03352E
TR,TEK,Tekirdag,59,1234----,1901.0,4058N 02731E
TR,TIR,Tirebolu,28,1-------,1901.0,4100N 03848E
TR,TGT,"Toros Gubre Terminal, Gubre",31,123-----,607.0,3655N 03559E
TR,TZX,Trabzon,61,1-34----,1901.0,4100N 03944E
TR,TUR,Turan,35,1-------,8103.0,
TR,TUT,Tutunciftlik,41,1-------,8103.0,
TR,TUZ,Tuzla,34,1-------,1901.0,4050N 02915E
TR,UNY,Unye,52,1-------,212.0,4108N 03717E
TR,URL,Urla,35,1-------,9710.0,
TR,USK,Uskudar,34,1-------,212.0,4101N 02903E
TR,VAK,Vakfikebir,61,1-------,1901.0,4102N 03916E
TR,YAL,Yalova,77,1-3-----,1901.0,4039N 02916E
TR,YAR,Yarimca,41,1-------,8103.0,
TR,AUT,Yenikoy-Autoport,41,1-------,1301.0,4043N 02952E
TR,YIK,Yesilovacik,33,1-------,1601.0,3612N 03340E
TR,YPO,Yilport,41,1-3-----,701.0,4046N 02932E
TR,ADY,Yumurtalik,01,1-------,1901.0,3646N 03547E
TR,ZEY,Zeytinburnu,34,1-------,9710.0,
TR,ZON,Zonguldak,67,1-------,1901.0,4127N 03147E
TT,CRN,Carenage,,1-3-----,601.0,1041N 06136W
TT,CHA,Chaguaramas,,1-------,8103.0,
TT,CHV,Charlotteville,ETO,1-3-----,901.0,1119N 06033W
TT,CLA,Claxton Bay,CTT,1-3-----,1101.0,1021N 06128W
TT,CVA,Couva,,1-3-----,901.0,1025N 06127W
TT,FRE,Freeport,CTT,1-3-----,2107.0,1027N 06125W
TT,GUA,Guayaguayare,,1-3-----,901.0,1008N 06102W
TT,LAB,La Brea (Brighton),,1-------,9401.0,
TT,PLY,Plymouth,,1-------,9506.0,
TT,PTF,Point Fortin,,1-------,8103.0,
TT,PTG,Point Galeota,,1-------,8103.0,
TT,PTS,Point Lisas,,1-------,9401.0,
TT,PTP,Pointe a Pierre,,1-------,8103.0,
TT,POS,Port-of-Spain,POS,1--45---,212.0,1039N 06131W
TT,FPT,Saint Mary's,CTT,1-3-----,1101.0,1013N 06132W
TT,SFE,San Fernando,,1-------,8103.0,
TT,SCA,Scarborough/Tobago,,1-------,8103.0,
TT,TEM,Tembladora,,1--4----,8103.0,
TV,FUN,Funafuti,,1--45---,9601.0,
TW,APG,An Ping,,1-------,9811.0,
TW,BAL,Bali,,1-3-----,1001.0,2509N 12124E
TW,BDA,Budai,,1-------,2101.0,2322N 12006E
TW,HOP,Hoping,HUA,1-------,901.0,
TW,HTC,Hsin-t'ien,TPE,1-3-----,901.0,
TW,HUN,Hualien,,1--4----,9601.0,
TW,HUK,Hukou,HSQ,1-------,1401.0,2454N 12103E
TW,KHH,Kaohsiung,,1--4----,9601.0,
TW,KEL,Keelung (Chilung),,1-------,8103.0,
TW,LGM,Lung-men,,1-------,701.0,2334N 11940E
TW,MAL,Mai-Liai,,1-------,101.0,2345N 12015E
TW,MLI,Mai-liao,,1-------,212.0,2306N 12008E
TW,NAN,Nantou,,1-3-----,1001.0,2354N 12041E
TW,SHL,Sha-lun,,1-3-----,212.0,2506N 12113E
TW,SUO,Suao,,1-------,8103.0,
TW,TXG,Taichung,TXG,1--4----,1701.0,
TW,TNN,Tainan,,1--4----,9601.0,
TW,TPE,Taipei,TPE,1--45---,1101.0,2502N 12131E
TW,TTT,Taitung,,1--4----,9601.0,
TW,TYN,Taoyuan,,1-34----,607.0,
TW,WTU,Wu-tu,,123--6--,407.0,2505N 12140E
TW,YGE,Ying-Ge,TPE,1-------,901.0,
TW,YLN,Yunlin,YUN,1-------,901.0,
TZ,DAR,Dar es Salaam,,12345---,307.0,0648S 03917E
TZ,IKW,Ikwiriri,,1-3-----,607.0,0759S 03901E
TZ,KAG,Kagera,,1----6--,1201.0,0439S 03040E
TZ,TKQ,Kigoma,,1--4----,9601.0,
TZ,KIK,Kilwa Kivinje,,1-------,8103.0,
TZ,KIM,Kilwa Masoko,,1-------,8103.0,
TZ,LDI,Lindi,,1--4----,9601.0,
TZ,MIC,Michiuja,,1-------,8103.0,
TZ,MIK,Mikindani,,1-------,8103.0,
TZ,MKO,"Mkokotoni, Zanzibar",,1-------,8103.0,
TZ,MOH,Mohoro,,1-------,8103.0,
TZ,MTS,Mtsora,,1-------,8103.0,
TZ,MYW,Mtwara,,1--4----,9601.0,
TZ,MWZ,Mwanza,18,1--4----,1701.0,0231S 03254E
TZ,PAN,Pangani,,1-------,8103.0,
TZ,PMA,Pemba,,1--4----,9601.0,
TZ,RIJ,Rijiju,,1-------,8103.0,
TZ,SAM,Samanga,,1-------,8103.0,
TZ,TGT,Tanga,,1--4----,9601.0,
TZ,ZNZ,Zanzibar,,1--45---,9601.0,
UA,ERD,Berdiansk,23,1-------,1707.0,4645N 03646E
UA,BGD,Bilhorod-Dnistrovskyi,51,1-------,1707.0,4611N 03022E
UA,ILK,Chornomorsk,51,123--6--,2001.0,4619N 03040E
UA,IZM,Izmail,51,1-------,1707.0,4519N 02851E
UA,KHE,Kherson,65,1--4----,1707.0,4637N 03237E
UA,KIA,Kiliia,,1-------,2001.0,4526N 02916E
UA,MPW,Mariupol,14,1--4----,2001.0,4703N 03730E
UA,NLV,Mykolaiv,48,1-34----,1707.0,4656N 03200E
UA,OCH,Ochakiv,48,1-3--6--,2107.0,4636N 03134E
UA,ODS,Odesa,51,1234-6--,2007.0,4630N 03045E
UA,OCT,Olviia,48,123-----,1707.0,4650N 03157E
UA,YUZ,Pivdennyi,51,1-------,2001.0,4636N 03101E
UA,RNI,Reni,51,12------,1707.0,4525N 02817E
UA,SKD,Skadovsk,65,1-3-----,1707.0,4606N 03254E
UA,DSK,Svitlovodsk,35,1-3-----,2001.0,4903N 03314E
UA,UDY,Ust-Dunaisk/Vylkove,51,1-------,2001.0,4528N 02942E
UA,VYL,Vylkove,51,1-------,901.0,4524N 02935E
UA,ZPR,Zaporizhzhia,23,1--4-6--,2001.0,4749N 03510E
UG,MKN,Galiraya,108,1-------,1601.0,0118N 03252E
UG,JIN,Jinja,,1--4----,9501.0,
UG,YMB,Yumbe,303,1----6--,1107.0,
UM,JON,Johnston Atoll,67,1--4----,9501.0,
UM,MDY,Midway Islands,71,1--4----,9501.0,
UM,AWK,Wake Island,79,1--4----,9501.0,
US,AQW,Abbottstown,PA,1----6--,1001.0,3953N 07659W
US,AEK,Aberdeen,MS,123-----,601.0,3349N 08833W
US,AB3,Aberdeen,NJ,1-3--6--,607.0,4023N 07415W
US,A8C,Accord,MA,1-3-----,1401.0,4210N 07053W
US,DST,Adamston,WV,123--6--,407.0,3917N 08021W
US,IAB,Addison,ME,1-3--6--,601.0,4437N 06745W
US,DIA,Adrian,WI,1-3-----,407.0,4356N 09036W
US,AFK,Afognak,AK,1-------,105.0,5800N 15246W
US,AF5,Afton,IA,1-3-----,1401.0,4101N 09411W
US,AA2,Alabama Pt.,AL,1-------,1307.0,3021N 08806W
US,AHU,Alachua,FL,1-3-----,212.0,2947N 08229W
US,NGZ,Alameda,CA,1--4----,1.0,
US,YAN,Alanson,MI,123--6--,307.0,4526N 08447W
US,ALB,Albany,NY,1--4----,207.0,
US,AL7,Aldie,VA,1-------,1201.0,3858N 07738W
US,AXR,Alexandria,VA,123-----,1101.0,3848N 07702W
US,AGQ,Algonquin,IL,1-3-----,601.0,4210N 08818W
US,EDL,Allendale,SC,123-----,407.0,3300N 08118W
US,ATX,Allenstown,NH,123--6--,601.0,4308N 07127W
US,AL3,Alliance,LA,1-------,901.0,3131N 09339W
US,XAM,Alma,WI,123-----,901.0,4419N 09155W
US,APY,Alpine,NJ,1-3--6--,701.0,4057N 07356W
US,AFA,Alstead,NH,1-3--6--,601.0,4309N 07222W
US,TAJ,Alta Loma,CA,1----6--,1001.0,3407N 11735W
US,XAK,Alva,OK,1-------,207.0,3648N 09839W
US,ZAD,Alvarado,TX,1-------,1501.0,3224N 09712W
US,AMF,Amagansett,NY,123-----,601.0,4058N 07209W
US,QHH,Ambrose Channel Light,NJ,1-------,1201.0,4027N 07350W
US,ALC,Amelia City,FL,1-3--6--,701.0,3035N 08127W
US,NKO,Anadarko,OK,1-------,207.0,3504N 09814W
US,ANC,Anchorage,AK,1--45---,1.0,
US,ACQ,Ancram,NY,1-3--6--,601.0,4203N 07338W
US,AXZ,Andover,KS,1----6--,901.0,3742N 09708W
US,ARB,Ann Arbor,MI,1--4----,1.0,
US,ANP,Annapolis,MD,1-34----,2107.0,
US,NQH,Annisquam Harbour,MA,1-------,1201.0,4240N 07041W
US,VFR,Ansonville,NC,1----6--,901.0,3506N 08006W
US,AAF,Apalachicola,FL,1--4----,1.0,
US,ATW,Appleton,WI,1--4----,1.0,
US,YAS,Aransas Pass,TX,123--6--,601.0,2754N 09709W
US,JYR,Argyle,NY,1----6--,1001.0,
US,IOA,Arion,IA,123-----,601.0,4157N 09528W
US,AEZ,Armstrong,IA,123-----,407.0,4323N 09428W
US,ASX,Ashland,WI,1--4----,9601.0,
US,ASF,Ashtabula,OH,1-3-----,105.0,
US,A22,Ashville,PA,1-------,1401.0,4033N 07832W
US,OAX,Asotin,WA,1-3--6--,701.0,4620N 11703W
US,AST,Astoria,OR,1--4----,1.0,
US,THN,Athena,OR,123--6--,407.0,4548N 11829W
US,TBH,Atlantic Beach,NC,1-3-----,901.0,3442N 07644W
US,AHZ,Atlantic Highlands,NJ,1-3--6--,701.0,4024N 07402W
US,ATR,Atreco,TX,1-------,105.0,2958N 09352W
US,VR9,Augusta,MO,1-3-----,1401.0,3834N 09052W
US,VAU,Augusta Springs,VA,1-------,1401.0,3806N 07919W
US,YAO,Aurora,IN,123--6--,601.0,3903N 08454W
US,AGV,Autaugaville,AL,1-3-----,407.0,3226N 08639W
US,AOU,Avalon,CA,1-3-----,701.0,3320N 11819W
US,AV9,Averill Park,NY,1-------,1201.0,4238N 07333W
US,ANW,Avon,CO,123--6--,601.0,3938N 10631W
US,AVD,Avondale,LA,1-3-----,105.0,
US,AZL,Azle,TX,1-3-----,401.0,3253N 09732W
US,GAJ,Bagley,MN,123--6--,601.0,4731N 09524W
US,FL8,Bal Harbour,FL,1----6--,1307.0,2553N 08007W
US,LDK,Baldwin,LA,123--6--,601.0,2950N 09133W
US,2BY,Ballston Lake,NY,1-------,1407.0,4254N 07352W
US,BA7,Balmorhea,TX,1-------,1201.0,3059N 10344W
US,BAL,Baltimore,MD,123-----,207.0,3917N 07637W
US,BGR,Bangor,ME,1--4----,1.0,
US,BHB,Bar Harbor,ME,1--4----,1.0,
US,RGA,Baraga,MI,123-----,601.0,4647N 08830W
US,RUX,Barboursville,VA,1----6--,1001.0,3810N 07816W
US,BG7,Barnegat,NJ,123-----,901.0,3945N 07413W
US,YTJ,Bartow,WV,1----6--,1001.0,3832N 07947W
US,ZBP,Bastrop,TX,123--6--,701.0,3007N 09719W
US,BTH,Bath,ME,1-3-----,401.0,4354N 06949W
US,AFH,Bath,NC,1-3--6--,601.0,3528N 07648W
US,BTR,Baton Rouge,LA,1--4----,207.0,3027N 09108W
US,AFV,Battenville,NY,1-3-----,601.0,4306N 07326W
US,BN9,Battle Ground,IN,1----6--,1201.0,4030N 08650W
US,BDE,Baudette,MN,1--4----,1.0,
US,YBZ,Bay City,WI,123-----,701.0,4436N 09227W
US,BAY,Bayonne,NJ,1-3-----,105.0,
US,HPY,Baytown,TX,1--4----,1.0,
US,BFO,Beaufort,NC,1-3-----,105.0,
US,BPT,Beaumont,TX,1--4----,1.0,
US,BD3,Beaver Dam,KY,123-----,901.0,3724N 08453W
US,BI2,Beaver Island,MI,1-------,901.0,4539N 08533W
US,BKO,Becker,MN,1-3-----,601.0,4523N 09352W
US,ZGG,Beggs,OK,1-------,207.0,3545N 09604W
US,YYX,Bel Ridge,MO,1----6--,901.0,3842N 09019W
US,YBD,Belden,MS,123--6--,307.0,3418N 08847W
US,BA3,Belfair,WA,123--6--,1001.0,4741N 12284W
US,BEL,Belfast,ME,1-3-----,105.0,
US,BPV,Belhaven,NC,1-3-----,701.0,3532N 07637W
US,B44,Bellbrook,OH,1-------,1401.0,3938N 08404W
US,BE8,Belle Harbor,NY,1-------,1207.0,4034N 07350W
US,BLI,Bellingham,WA,1-34----,1701.0,
US,EWO,Bellwood,PA,123--6--,601.0,4036N 07820W
US,BNC,Benicia,CA,1-3-----,106.0,3803N 12209W
US,IJM,Benton City,WA,1----6--,901.0,4615N 11929W
US,JBK,Berkeley,CA,1--4----,1.0,
US,BCI,Berlin,MD,1-3-----,212.0,3819N 07513W
US,EIE,Bernie,MO,123--6--,501.0,3640N 08958W
US,3BR,Berry Creek,CA,1-3-----,1401.0,3938N 12124W
US,BVV,Berryville,AR,1-3-----,212.0,3622N 09334W
US,RWK,Berwick,LA,123-----,701.0,2941N 09113W
US,BBA,Bethany Beach,DE,1-3-----,601.0,3832N 07503W
US,BZJ,Bethel,NY,1----6--,1107.0,
US,EHL,Bethlehem,GA,1-3-----,212.0,3356N 08343W
US,BEX,Bethlehem,PA,1-34----,307.0,4037N 07522W
US,BCL,Beulaville,NC,1-3-----,212.0,3455N 07746W
US,BSM,Big Sandy,MT,1-3-----,212.0,4811N 11007W
US,IGS,Big Stone,DE,1-------,401.0,3859N 07519W
US,GQJ,Big Stone City,SD,1-3-----,1301.0,4517N 09627W
US,BWH,Bigelow,AR,123-----,601.0,3500N 09237W
US,AFM,Bingham,ME,123--6--,601.0,4504N 06953W
US,IWO,Birchwood,WI,1-3--6--,601.0,4540N 09133W
US,XY2,Birmingham,OH,1-------,1401.0,4119N 08221W
US,WO4,Birnamwood,WI,1----6--,1201.0,4456N 08912W
US,BDS,Biscoe,NC,1-3-----,212.0,3522N 07947W
US,HWJ,Black Hawk,CO,1----6--,1201.0,3947N 10529W
US,BZZ,Blacklick,OH,1-3-----,307.0,3959N 08248W
US,BV6,Blairesville,GA,1-------,1201.0,3451N 08356W
US,LXW,Blawnox,PA,123-----,701.0,4030N 07952W
US,OOM,Bloomer,WI,1-3--6--,307.0,4506N 09129W
US,BI8,Blount Island,FL,1-3-----,1301.0,3024N 08131W
US,LUF,Blue Earth,MN,123--6--,601.0,4338N 09406W
US,BCG,Boca Grande,FL,1-34----,401.0,2644N 08215W
US,DHB,Bodega Bay,CA,1-3-----,901.0,3820N 12303W
US,ZZB,Bogart,GA,123--6--,307.0,3356N 08332W
US,B27,Bolinas,CA,1-3-----,1401.0,3754N 12241W
US,ZBI,Bolton Landing,NY,1-3--6--,307.0,4333N 07339W
US,YBG,Bongards,MN,123-----,307.0,4445N 09350W
US,YBY,Bonifay,FL,123--6--,307.0,3047N 08540W
US,BF6,Bonners Ferry,ID,123-----,701.0,4841N 11619W
US,OYH,Boothbay Harbor,ME,1-3-----,901.0,4351N 06938W
US,BOS,Boston,MA,1--45---,9601.0,
US,YTH,Bothell,WA,123-----,307.0,4745N 12212W
US,USA,Bourbonnais,IL,123--6--,601.0,4109N 08753W
US,TUB,Boutte,LA,1-3-----,1401.0,2954N 09023W
US,YBN,Boylston,MA,1-3-----,212.0,4223N 07142W
US,BYZ,Boyne City,MI,1-3-----,601.0,4513N 08500W
US,BRA,Bradwood,OR,1-------,105.0,4611N 12326W
US,BHF,Brandon,MS,1-3-----,212.0,3216N 08959W
US,BNP,Brayton Point,MA,1-3-----,507.0,4142N 07111W
US,ZWB,Breezewood,PA,1-------,1001.0,5739N 07814W
US,PWT,Bremerton,WA,1--4----,9601.0,
US,BM4,Brevort,MI,1-------,901.0,4601N 08502W
US,BCW,Brewster,MA,1-3-----,212.0,4146N 07005W
US,BFJ,Briarcliff Manor,NY,1-3-----,212.0,4109N 07349W
US,BHC,Bridgehampton,NY,1-3-----,212.0,4056N 07218W
US,BDR,Bridgeport,CT,1--4----,1.0,
US,BDB,Bridgeport,NY,1-3-----,212.0,4309N 07558W
US,B7S,Bridgewater,SD,1-3-----,1401.0,4333N 09730W
US,TJB,Brilliant,OH,1----6--,1001.0,4015N 08073W
US,B2N,Brinnon,WA,1-------,1201.0,4740N 12253W
US,BB8,Broad Brook,CT,1-3-----,1301.0,4154N 07232W
US,BM3,Bromley,KY,1-------,901.0,3838N 08450W
US,TSZ,Bronston,KY,1-3--6--,307.0,3659N 08437W
US,BOC,Brooklyn,CT,1-3-----,212.0,4147N 07157W
US,BOY,Brooklyn/New York,NY,1-3-----,1701.0,4044N 07356W
US,BKQ,Brooksville,IN,1-3--6--,601.0,3925N 08500W
US,QXY,Browns Mills,NJ,1-3-----,1401.0,3958N 07435W
US,BWB,Brownsburg,IN,1234----,401.0,3950N 08623W
US,BV8,Brownsville,PA,1-3-----,1301.0,4001N 07953W
US,BRO,Brownsville,TX,1234----,207.0,2554N 09729W
US,ZVB,Brownsville,WI,1-3-----,212.0,4337N 08829W
US,BHI,Bruce,WI,1-3-----,212.0,4527N 09116W
US,BCM,Bruceton Mills,WV,1-3-----,212.0,3940N 07938W
US,SSI,Brunswick,GA,1--4----,1.0,
US,BCH,Brushvale,MN,1-3-----,212.0,4622N 09639W
US,BFY,Buckeye Lake,OH,123-----,601.0,3956N 08228W
US,BUP,Bucksport,ME,1-3-----,105.0,
US,B2V,Buena Vista,GA,1----6--,901.0,3219N 08431W
US,BUF,Buffalo,NY,1--45---,207.0,
US,FFO,Buffalo,WV,123--6--,601.0,3837N 08159W
US,ZBA,Bunker Hill,IL,1-------,1301.0,3902N 08957W
US,ULO,Bunola,PA,1-3--6--,601.0,4014N 07957W
US,BHJ,Burlington,KY,1-3-----,212.0,3902N 08443W
US,BTV,Burlington,VT,1--4----,207.0,
US,QRI,Burlison,TN,1-3-----,212.0,3533N 08947W
US,BNH,Burnham,ME,123--6--,601.0,4441N 06926W
US,BNB,Burns Harbor,IN,1-3-----,1607.0,4137N 08708W
US,BNI,Burnsville,NC,1-3-----,307.0,3555N 08218W
US,BS9,Bushkill,PA,1-------,1201.0,4105N 07500W
US,BUI,Butler,IN,1-3-----,212.0,4125N 08452W
US,BUJ,Butler,KY,1-3-----,212.0,3847N 08422W
US,BU2,Butte Meadows,CA,1-------,1201.0,4004N 12133W
US,XYB,Byron,IL,123--6--,601.0,4207N 08915W
US,YCZ,Cadiz,KY,123--6--,601.0,3652N 08749W
US,LBQ,Calabash,NC,1-3-----,601.0,3353N 07834W
US,MI3,Calcite,MI,1-------,901.0,4524N 08347W
US,CDZ,Caledonia,MI,1-3-----,212.0,4247N 08531W
US,CCT,Calvert City,KY,1-------,9307.0,
US,AEO,Calverton,VA,1-3-----,401.0,3837N 07740W
US,CGE,Cambridge,MD,1-34----,105.0,
US,CBD,Cambridge,MN,1-3-----,212.0,4534N 09313W
US,AMG,Cambridge,WI,1-3-----,601.0,4300N 08900W
US,CDD,Camden,AL,1-3-----,212.0,3159N 08717W
US,XAE,Camden,DE,1-3-----,212.0,3907N 07532W
US,AQQ,Camden,ME,1----6--,1201.0,4412N 06903W
US,CDE,Camden,NJ,1-3-----,105.0,
US,CMU,Cameron,NC,1-3-----,212.0,3520N 07915W
US,CUM,Canaan,CT,1-3-----,307.0,4201N 07320W
US,CDF,Candler,NC,1-3-----,212.0,3532N 08242W
US,CUQ,Caney,KS,1-3-----,212.0,3701N 09556W
US,CUU,Cannelton,IN,1-3-----,212.0,3755N 08645W
US,PB7,Cape Blanco,OR,1-------,901.0,4250N 12434W
US,TPC,Cape Carteret,NC,1-3-----,701.0,3441N 07704W
US,CCJ,Cape Charles,VA,1-3-----,105.0,
US,CC2,Cape Coral,FL,1-3-----,607.0,2634N 08157W
US,XPY,Cape Henry,VA,1-------,1201.0,3655N 07601W
US,CGF,Cape May,NJ,123-----,601.0,3856N 07455W
US,CVI,Cape Vincent,NY,1-3-----,105.0,
US,CAP,Capitan,CA,123-----,105.0,3427N 12002W
US,CGP,Capitola,CA,1-3-----,701.0,3658N 12157W
US,4CP,Captiva,FL,1----6--,1107.0,2631N 08211W
US,CUZ,Carlisle,AR,1-3-----,212.0,3447N 09145W
US,CSJ,Carlisle,MA,1-3-----,212.0,4232N 07121W
US,CNM,Carlsbad,NM,1234-6--,307.0,3225N 10413W
US,CJO,Caro,MI,1-3-----,212.0,4329N 08324W
US,CPT,Carpinteria,CA,1-3-----,105.0,
US,CRB,Carrabelle,FL,1-3-----,105.0,
US,ZRR,Carrboro,NC,1-3-----,212.0,3555N 07905W
US,CM9,Carrier Mills,IL,1----6--,1107.0,3741N 08837W
US,CWU,Carroll,OH,1-3-----,212.0,3948N 08242W
US,CSF,Carteret,NJ,1-3-----,105.0,
US,QCH,Carthage,NY,1-3-----,212.0,4359N 07537W
US,CGX,Carthage,TN,123-----,907.0,3615N 08557W
US,YCE,Carver,MA,1-3-----,212.0,4153N 07046W
US,CIB,Casselberry,FL,1-3-----,212.0,2841N 08120W
US,RWX,Casselton,ND,1----6--,901.0,4654N 01239W
US,CZI,Cassopolis,MI,123--6--,501.0,4154N 08600W
US,XSS,Cassville,MO,1-3-----,212.0,3641N 09352W
US,OMW,Castile,NY,1-3-----,1401.0,4237N 07803W
US,C4H,Castle Hills,TX,1-------,1201.0,2931N 09830W
US,XSD,Castle Island,AK,1-------,1201.0,5665N 17768W
US,CKI,Catalina Island,CA,1--4----,1101.0,3323N 11825W
US,UMO,Cataumet,MA,123-----,701.0,4140N 07037W
US,YCD,Cathedral City,CA,1-3-----,212.0,3347N 11628W
US,QAC,Cato,NY,1-3-----,212.0,4310N 07634W
US,CCS,Cave City,KY,1-3-----,212.0,3708N 08558W
US,YU5,Cayucos,CA,1-------,1207.0,3526N 12053W
US,ZCZ,Cazenovia,NY,1-3-----,212.0,4256N 07551W
US,C3B,Cedar Bluffs,NE,1-------,1201.0,4123N 09636W
US,YCG,Cedar Grove,NC,1-3-----,212.0,3610N 07910W
US,XZA,Cedar Grove,WV,1----6--,901.0,3913N 08130W
US,CDU,Cedar Lake,MI,1-3-----,212.0,4324N 08458W
US,DIV,Cedar River,MI,1-3-----,701.0,4524N 08721W
US,ZRH,Center Hill,FL,1-3-----,212.0,2839N 08200W
US,CWQ,Center Valley,PA,1-3-----,212.0,4032N 07524W
US,CBS,Centerburg,OH,1-3-----,212.0,4018N 08242W
US,L99,Centerville,IN,1----6--,1201.0,3948N 08459W
US,CWF,Centerville,MN,1-3-----,401.0,4509N 09303W
US,ETI,Centerville,UT,123--6--,407.0,4055N 11152W
US,YCP,Central Point,OR,1-3-----,212.0,4223N 12255W
US,ZCT,Centralia,MO,1-3-----,212.0,3913N 09208W
US,VVZ,Centre Hall,PA,1-3-----,1401.0,4050N 07741W
US,W6T,Ceredo,WV,1-3-----,1401.0,3823N 08233W
US,CGJ,Cerro Gordo,IL,1-3-----,212.0,3953N 08844W
US,CLQ,Chalmette,LA,1-3-----,105.0,
US,NMH,Champlin,MN,123-----,407.0,4511N 09323W
US,9CP,Chapman,KS,1-------,1407.0,3858N 09701W
US,P3N,Chappaqua,NY,1-3-----,1401.0,4109N 07345W
US,ZOI,Charleroi,PA,1-3-----,212.0,4008N 07954W
US,CHS,Charleston,SC,1--4----,1.0,
US,CRW,Charleston,WV,1--4----,207.0,
US,ZGT,Charleston Heights,SC,1-3-----,212.0,3251N 07958W
US,CA3,Chatham,MA,1-------,901.0,4140N 06956W
US,TS4,Chatsworth,IL,1----6--,1201.0,4045N 08817W
US,QCQ,Chautauqua,NY,1-3--6--,307.0,4212N 07928W
US,YSC,Chelsea,AL,1----6--,1001.0,3320N 08637W
US,DGE,Chenango Bridge,NY,123-----,607.0,4210N 07552W
US,CKG,Cherokee,AL,1-3-----,212.0,3445N 08758W
US,CFF,Cherryfield,ME,1-3-----,307.0,4436N 06755W
US,UFG,Chesapeake,VA,1-34----,9601.0,
US,CC8,Chesapeake City,MD,1-3-----,701.0,3931N 07548W
US,KQC,Cheshire,OH,123-----,701.0,3857N 08207W
US,CHT,Chester,PA,1-3-----,105.0,
US,CR5,Chester,WV,123-----,701.0,4037N 08034W
US,CFG,Chesterfield,NH,1-3-----,212.0,4253N 07228W
US,XTK,Chetek,WI,1-3-----,212.0,4519N 09139W
US,QCC,Chevy Chase,MD,1-3-----,212.0,3858N 07705W
US,ZYN,Cheyenne Wells,CO,1-3-----,212.0,3849N 10221W
US,CHI,Chicago,IL,1--45---,1301.0,
US,CGW,Chickasaw,AL,1-3-----,212.0,3046N 08804W
US,ZCG,Childersburg,AL,1-3-----,212.0,3317N 08621W
US,CI6,Chimayo,NM,1-------,1201.0,3600N 10556W
US,CJC,Chinook,WA,1-3-----,701.0,4616N 12356W
US,ZCB,Cibolo,TX,1-3-----,212.0,2934N 09814W
US,CVG,Cincinnati,OH,1-34----,207.0,
US,ZLP,Circle Pines,MN,1-3-----,212.0,4509N 09309W
US,IS3,City Island,NY,1-3-----,1401.0,4050N 07347W
US,XMY,Clallam Bay,WA,1-------,901.0,4816N 12416W
US,ZCY,Clancy,MT,1-3-----,212.0,4628N 11159W
US,ZCC,Clara City,MN,1-3-----,212.0,4457N 09522W
US,QAI,Clare,IL,1-3-----,212.0,4201N 08850W
US,CO3,Claremont,VA,1-------,901.0,3716N 07658W
US,RNN,Clarendon,AR,123--6--,407.0,3441N 09118W
US,ZDC,Clarendon Heights,PA,1-3-----,212.0,4147N 07906W
US,CWW,Clarkesville,GA,1-3-----,212.0,3437N 08332W
US,CG4,Clarksburg,NJ,123-56--,1001.0,4050N 07459W
US,YCK,Clatskanie,OR,1-3-----,212.0,4606N 12312W
US,VXJ,Claves,OH,1----6--,1001.0,3992N 08444W
US,ZCS,Clawson,MI,123--6--,307.0,4232N 08308W
US,CLA,Claymont,DE,1-3-----,105.0,
US,QCB,Claysburg,PA,1-3-----,212.0,4018N 07827W
US,CN3,Clayton,GA,1-------,1201.0,3452N 08324W
US,CLY,Clayton,NY,1-3-----,105.0,
US,RXO,Clearlake Oaks,CA,1-3-----,901.0,3902N 12240W
US,2PA,Clearville,PA,1-3-----,1401.0,3955N 07823W
US,EWG,Clearwater,MN,123--6--,601.0,4525N 09403W
US,IUH,Clendenin,WV,1----6--,1107.0,3829N 08120W
US,ERN,Clermont,IA,1-3-----,212.0,4300N 09139W
US,CWX,Cleveland,MO,1-3-----,212.0,3841N 09436W
US,CLE,Cleveland,OH,1234----,207.0,4130N 08140W
US,2TO,Clifford Township,PA,1-3-----,1401.0,4140N 07533W
US,IFT,Clifton,TN,1-3--6--,407.0,3523N 08759W
US,JMX,Climax,CO,1----6--,1107.0,3922N 10610W
US,ZQC,Clinchfield,GA,1-3-----,212.0,3225N 08338W
US,C4N,Clinton,LA,1-------,1201.0,3051N 09100W
US,CBT,Clinton,MO,1-3-----,212.0,3822N 09347W
US,CWZ,Clinton,WI,1-3-----,212.0,4233N 08852W
US,CXV,Clover,SC,1-3-----,212.0,3507N 08114W
US,XVR,Clover,WI,1-3-----,212.0,4402N 08742W
US,CYI,Cloverdale,CA,123--6--,601.0,3848N 12301W
US,CU2,Clute,TX,123-----,701.0,2901N 09524W
US,QCN,Coal Center,PA,123--6--,307.0,4004N 07954W
US,ZCV,Coal Valley,IL,1-3--6--,307.0,4125N 09027W
US,ZQZ,Coalfield,TN,1-3--6--,307.0,3601N 08425W
US,CK2,Cobbs Creek,VA,1-------,1201.0,3730N 07623W
US,C55,Cochise,AZ,1-3-----,1401.0,3206N 10955W
US,COJ,Cochranton,PA,123-----,601.0,4131N 08003W
US,CK9,Cockrell Hill,TX,1----6--,1201.0,3244N 09653W
US,NVV,Coconut Grove,FL,1-3-----,701.0,2543N 08015W
US,YWW,Cokeville,WY,1----6--,901.0,4204N 11016W
US,HQ2,Cold Spring Harbor,NY,1-------,1301.0,4052N 07327W
US,QIM,Coldwater,MS,1-3--6--,307.0,3242N 08912W
US,CU6,Colesburg,IA,1-------,1201.0,4238N 09112W
US,OFX,Colfax,NC,123--6--,401.0,3606N 08000W
US,L55,Collegeville,CA,1-3-----,1401.0,3754N 12108W
US,YNJ,Columbia,NJ,1-3-----,901.0,4056N 07506W
US,YCU,Columbia Falls,MT,123-----,307.0,4822N 11410W
US,ZEC,Commerce,GA,123--6--,307.0,3412N 08327W
US,OMM,Commerce Township,MI,1-3-----,601.0,4234N 08329W
US,JQQ,Concord,GA,1----6--,1201.0,3208N 08422W
US,CDY,Conneaut,OH,1-3-----,105.0,
US,C25,Connelly Springs,NC,1----6--,1001.0,3544N 08130W
US,GCL,Coolidge,GA,123-----,507.0,3100N 08352W
US,COB,Coos Bay,OR,1-3-----,9501.0,
US,OPB,Copan,OK,123-----,901.0,3654N 09556W
US,CO9,Copper Canyon,TX,123--6--,1001.0,3310N 09709W
US,CDV,Cordova,AK,1--4----,1.0,
US,C35,Cornville,AZ,1-3-----,1401.0,3443N 11155W
US,ZZC,Corolla,NC,1-3-----,901.0,3623N 07550W
US,CD4,Coronado,CA,1-3-----,607.0,3241N 11710W
US,CRP,Corpus Christi,TX,1--4----,1.0,
US,TO3,Corralitos,CA,1-3-----,1401.0,3659N 12148W
US,CJ8,Cortland,IN,1-3-----,1401.0,3858N 08557W
US,2TT,Cottrellville,MI,1----6--,901.0,4241N 08232W
US,UGE,Council Grove,KS,123-----,901.0,3840N 09630W
US,CP6,Cove Point,MD,1-------,901.0,3822N 07623W
US,YHE,Cowiche,WA,123--6--,307.0,4640N 12042W
US,CS6,"Coxsackie, Greene",NY,123-----,607.0,4221N 07348W
US,QCZ,Cozad,NE,1-3--6--,307.0,4051N 09959W
US,ZRC,Cramerton,NC,1-3--6--,307.0,3514N 08104W
US,ZCE,Creedmoor,NC,123-----,307.0,3607N 07841W
US,QAP,Creekside,PA,123--6--,307.0,4040N 07911W
US,CEC,Crescent City,CA,1-34----,1307.0,
US,C8T,Creston,CA,1----6--,1107.0,3531N 12031W
US,C74,Crimora,VA,1-------,1401.0,3809N 07851W
US,CRM,Crockett,CA,1-3-----,105.0,
US,ZCW,Cromwell,CT,123-----,701.0,4136N 07239W
US,THU,Croton-on-Hudson,NY,123--6--,607.0,4112N 07353W
US,V7X,Croxton,NJ,1-3-----,1401.0,4044N 07403W
US,HXD,Cumberland,KY,1----6--,901.0,3658N 08259W
US,UDC,Cumberland City,TN,1-3--6--,701.0,3623N 08737W
US,USB,"Curtis Bay, Baltimore",MD,123-----,601.0,3913N 07635W
US,YXB,Cypress Bend,AR,1-------,1201.0,3336N 09112W
US,D5W,Dagsboro,DE,1-3-----,1401.0,3832N 07514W
US,YDE,Dale,WI,123--6--,307.0,4416N 08840W
US,DC6,Dallas Center,IA,1-3-----,1401.0,4141N 09357W
US,AR5,Damascus,AR,1-------,1201.0,3522N 09224W
US,DNE,Dane,WI,123--6--,307.0,4315N 08930W
US,DHA,Daphne,AL,1-3-----,701.0,3036N 08754W
US,DDR,Darien,WI,123--6--,401.0,4236N 08842W
US,DA8,Dauphin,PA,1-------,1201.0,4022N 07655W
US,DVT,Davant,LA,1-3-----,9501.0,
US,DAV,Davenport,CA,1-3-----,9501.0,
US,DVN,Davenport,IA,1-34----,207.0,
US,DVV,Davisville,RI,1-3-----,9501.0,
US,DY2,Dayton,KY,123-----,607.0,3907N 08428W
US,DU5,De Funiak Springs,FL,1-------,1201.0,3043N 08606W
US,DRW,De Pere,WI,123-----,607.0,4427N 08803W
US,DT4,De Tour Village,MI,1-3--6--,607.0,4559N 08354W
US,DWX,De Witt,NE,123--6--,501.0,4023N 09655W
US,DEC,Decatur,IL,1--4----,1.0,
US,E5P,Deep Gap,NC,1-3-----,1401.0,3614N 08130W
US,DP5,Deer Park,CA,1-3-----,1401.0,3831N 12228W
US,FJY,Deer Park,IL,1-------,1301.0,4209N 08805W
US,DWD,Deerwood,MN,123--6--,307.0,4628N 09353W
US,DCB,DeKalb,IL,123--6--,307.0,4155N 08845W
US,DN2,Del Norte,CO,123-----,607.0,3741N 10621W
US,DCI,Delaware City,DE,1-3-----,1101.0,3934N 07535W
US,DVA,Delevan,NY,123-----,607.0,4229N 07829W
US,YDP,Delhi,NY,1-3--6--,607.0,4217N 07456W
US,DIJ,Delhi,OH,1----6--,901.0,3906N 08436W
US,DVQ,Delmont,PA,123-----,307.0,4024N 07934W
US,AL5,Delta,AL,1-------,1201.0,3326N 08541W
US,DTC,Delta,CO,1-------,901.0,3845N 10804W
US,DE5,Depue,IL,1----6--,1201.0,4119N 08918W
US,QDQ,DeQuincy,LA,123-----,307.0,3027N 09325W
US,DE3,Deridder,LA,1----6--,1107.0,
US,DSM,Des Moines,IA,1--4----,1.0,
US,DSR,Deshler,NE,1-3--6--,607.0,4008N 09743W
US,DSH,Deshler,OH,123-----,307.0,4112N 08353W
US,NEW,Destrehan,LA,1-3-----,9501.0,
US,7AL,Detroit,AL,1-3-----,1401.0,3401N 08810W
US,DTT,Detroit,IL,1-3-----,207.0,
US,DET,Detroit,MI,1234----,401.0,4219N 08302W
US,QDV,Devenscrest,MA,123--6--,307.0,4233N 07134W
US,DM4,Diamondville,WY,1-------,1201.0,4146N 11032W
US,ZKN,Dickson,TN,123--6--,307.0,3604N 08723W
US,DCY,Dill City,OK,1----6--,901.0,3517N 09908W
US,JHO,District Heights,MD,1----6--,901.0,3851N 07653W
US,QDY,Dolgeville,NY,1-3--6--,307.0,4306N 07446W
US,ZDE,Dolores,CO,1-3--6--,307.0,3728N 10830W
US,DSL,Donalsonville,GA,123--6--,307.0,3102N 08452W
US,DPH,Doniphan,MO,123-----,307.0,3637N 09049W
US,DZM,Dorchester,MA,1-3-----,407.0,4217N 07104W
US,DOG,"Douglas, Allegan",MI,1-3--6--,501.0,4238N 08612W
US,DWQ,Downsville,NY,1----6--,1001.0,4204N 07459W
US,DR3,Drytown,CA,1-3-----,1401.0,3826N 12051W
US,DBQ,Dubuque,IA,1-34----,207.0,
US,DLH,Duluth,MN,1--4----,207.0,
US,DKK,Dunkirk,NY,1-34----,1101.0,4229N 07916W
US,DU3,Dunmore,WV,1-------,1201.0,3821N 07952W
US,DFU,Dunnellon,FL,123-----,407.0,2902N 08227W
US,DUP,Dupo,IL,123--6--,307.0,3830N 09012W
US,ZDQ,Duquesne,PA,123--6--,307.0,4022N 07951W
US,DUT,Dutch Harbor,AK,1--4----,1.0,
US,ZDZ,Dutzow,MO,123--6--,307.0,3836N 09059W
US,DUH,Duxbury,MA,1-3-----,701.0,4203N 07040W
US,QEY,Eakly,OK,1-3--6--,307.0,3518N 09833W
US,ERE,Earl,NC,123-----,307.0,3511N 08132W
US,EPA,Earl Park,IN,123-----,501.0,4040N 08724W
US,QEO,Earlington,KY,123--6--,307.0,3716N 08730W
US,QEV,Earlville,IA,123--6--,307.0,4228N 09116W
US,ZTB,East Bloomfield,NY,1-3--6--,307.0,4253N 07726W
US,ECH,East Chicago,IN,1-3-----,105.0,
US,EQE,East Dubuque,IL,123--6--,307.0,4229N 09038W
US,4HE,East Fairfield,OH,1----6--,1407.0,4049N 08038W
US,ZEF,East Falmouth,MA,1-3-----,307.0,4134N 07033W
US,EFN,East Freetown,MA,1-3--6--,607.0,4146N 07057W
US,EKB,East Keansburg,NJ,1----6--,901.0,4026N 07407W
US,E2L,East Lake,OH,1-------,1207.0,4139N 08127W
US,EQ4,East Lansing,MI,1----6--,1001.0,4244N 08429W
US,XXY,East Leroy,MI,1----6--,901.0,4258N 08513W
US,EM7,East Machias,ME,123-----,607.0,4444N 06723W
US,EOG,East Orange,NJ,123--6--,401.0,4046N 07412W
US,YEP,East Palestine,OH,123--6--,307.0,4050N 08032W
US,EPY,East Point,KY,123-----,607.0,3745N 08247W
US,QET,East Setauket,NY,123--6--,307.0,4056N 07306W
US,TYY,East Troy,WI,1-3-----,307.0,4247N 08824W
US,ZEP,East Walpole,MA,123--6--,307.0,4209N 07112W
US,99W,East Windsor,CT,1----6--,1201.0,4155N 07233W
US,EPM,Eastport,ME,1-------,106.0,4454N 06659W
US,E2D,Eddington,ME,1-------,1207.0,4449N 06841W
US,EDV,Eddyville,KY,123--6--,401.0,3705N 08804W
US,EV6,Eden,VT,1-------,1201.0,4442N 07232W
US,ZVY,Eden Valley,MN,123--6--,307.0,4519N 09432W
US,ETW,Edgartown,MA,1-3-----,607.0,4123N 07031W
US,GME,Edgemere,MD,1-------,1201.0,3914N 07627W
US,QEB,Edinboro,PA,1-3--6--,307.0,4152N 08007W
US,EOW,Edmonds,WA,1-3-----,105.0,
US,ZYL,Edson,KS,1----6--,901.0,3920N 10132W
US,EGH,Effingham,SC,1-3--6--,607.0,3403N 07945W
US,ECP,El Campo,TX,123--6--,307.0,2911N 09616W
US,EHI,El Dorado Hills,CA,1-3--6--,701.0,3840N 12104W
US,ELS,El Segundo,CA,1-3-----,105.0,
US,EB4,Elbert,CO,1-------,1201.0,3913N 10432W
US,ILW,Eleanor,WV,123-----,701.0,3832N 08156W
US,KHW,Eleele,HI,1-3-----,901.0,2155N 15935W
US,E3K,Elk Horn,KY,1-3-----,1401.0,3718N 08517W
US,ER2,Elk River,MN,123-----,607.0,4518N 09334W
US,EKI,Elkhart,IN,1--4----,9506.0,
US,ZEM,Elkmont,AL,1-3-----,307.0,3455N 08658W
US,EKT,Elkton,KY,1-3--6--,307.0,3648N 08709W
US,EKZ,Elkton,SD,123--6--,701.0,4414N 09629W
US,EBZ,Ellabell,GA,1----6--,901.0,3207N 08129W
US,ZEV,Ellaville,GA,123--6--,307.0,3214N 08418W
US,YEB,Ellenboro,NC,123--6--,307.0,3519N 08145W
US,ZEW,Ellenwood,GA,123--6--,307.0,3336N 08417W
US,ZEN,Ellettsville,IN,1-3--6--,307.0,3914N 08637W
US,ZET,Ellington,CT,1-3-----,307.0,4154N 07228W
US,EQZ,Ellport,PA,1-3--6--,307.0,4051N 08015W
US,EL3,Ellwood,CA,1-------,901.0,3425N 11953W
US,EL4,Elmer,NJ,1-------,1201.0,3935N 07510W
US,QDM,Elmont,NY,123--6--,307.0,4042N 07342W
US,EOY,Eloy,AZ,123--6--,307.0,3245N 11133W
US,ERY,Elroy,WI,123-----,307.0,4344N 09016W
US,EQW,Elwood,CA,1-------,901.0,3426N 11953W
US,ZZX,Emerald Isle,NC,1-------,901.0,
US,EMY,Emery,SD,123-----,407.0,4336N 09737W
US,EM4,Emigrant Gap,CA,1-------,1201.0,3917N 12040W
US,EMG,Emmetsburg,IA,123--6--,601.0,4307N 09441W
US,YEM,Emory,TX,1-3--6--,307.0,3252N 09545W
US,EPE,Empire,LA,123-----,607.0,2923N 08936W
US,EN5,Ennice,NC,123--6--,1001.0,3652N 08096W
US,QRL,Erial,NJ,1-3-----,307.0,3946N 07500W
US,XEH,Erie,CO,123--6--,601.0,4003N 10503W
US,ERI,Erie,PA,1--4----,1.0,
US,QEW,Erwins,NY,123--6--,307.0,4206N 07708W
US,ESC,Escanaba,MI,1--4----,1.0,
US,ESG,Estero,FL,123--6--,601.0,2626N 08149W
US,EFS,Etiwanda,CA,1----6--,1001.0,3407N 11731W
US,E2T,Etna,CA,1-------,901.0,
US,ETT,Etter,TX,123--6--,307.0,3601N 10159W
US,EUD,Eudora,AR,123--6--,307.0,3306N 09115W
US,EKA,Eureka,CA,1--4----,1.0,
US,EVV,Evansville,IN,1234----,307.0,3758N 08733W
US,EV7,Evendale,OH,1-------,1401.0,3915N 08425W
US,PAE,Everett,WA,1-34----,1601.0,
US,QEI,Ewing,NJ,1-3--6--,307.0,4016N 07448W
US,ZEO,Excelsior Springs,MO,123--6--,307.0,3920N 09413W
US,FH2,Fair Haven,NJ,1-3--6--,607.0,4022N 07402W
US,FPL,Fair Play,CA,1-3-----,1401.0,3835N 12039W
US,FAI,Fairbanks,AK,1--4----,1.0,
US,FGX,Fairfield,GA,1----6--,1001.0,3335N 08349W
US,FDF,Fairfield,NC,1----6--,1001.0,3532N 07613W
US,QFY,Fairmont City,IL,1-3--6--,307.0,3838N 09005W
US,QFC,Fairmont City,PA,123--6--,307.0,4101N 07919W
US,FMW,"Fairmont, Will",IL,123--6--,501.0,4133N 08803W
US,FMU,Fairmount,GA,123--6--,307.0,3426N 08442W
US,FPT,Fairport Harbor Village,OH,1-3-----,105.0,4145N 08116W
US,NJF,Fairton,NJ,1-3-----,1401.0,3922N 07513W
US,TX3,Fairview,TX,1----6--,1201.0,3230N 09748W
US,FVP,Fairview Park,OH,1----6--,1001.0,4126N 08151W
US,FAV,Fall River,MA,1-3-----,2101.0,4142N 07110W
US,EWB,Fall River-New Bedford Apt,MA,1--4----,201.0,
US,FSY,Falls City,NE,1-3-----,407.0,4003N 09536W
US,FA3,Farmington,KY,1-3-----,1301.0,3640N 08831W
US,QFM,Farmington Hill,PA,1-3--6--,307.0,4155N 07714W
US,FGQ,Farmingville,NY,1----6--,1001.0,4049N 07301W
US,F2S,Fawnskin,CA,1-------,1207.0,3416N 11656W
US,FA2,Felda,FL,1-3-5---,607.0,2632N 08126W
US,FEL,Fellsmere,FL,1-3-----,307.0,2746N 08036W
US,ZGU,Ferguson,MO,123--6--,307.0,3844N 09018W
US,FEB,Fernandina Beach,FL,1-3-----,105.0,3040N 08127W
US,QFI,Ferriday,LA,123--6--,307.0,3137N 09133W
US,FI3,Fiddletown,CA,1-3-----,1401.0,3830N 12045W
US,ZFI,"Fisher Island, Miami",FL,1-3-----,607.0,2546N 08008W
US,FIK,Fishkill,NY,123-----,207.0,4132N 07354W
US,FBF,Flagler Beach,FL,1-3-----,901.0,2928N 08107W
US,FI7,Fleming Island,FL,1-------,1307.0,3005N 08143W
US,FW2,Floodwood,MN,123-----,607.0,4656N 09254W
US,FNE,Florence,AL,123-----,401.0,3447N 08740W
US,FLZ,Florence,CO,123--6--,601.0,3823N 10508W
US,YFA,Florida City,FL,1-3--6--,601.0,2527N 08029W
US,FCC,Forest City,IL,123--6--,601.0,4022N 08950W
US,FSQ,Forest Dale,VT,1-3--6--,307.0,4349N 07303W
US,FTA,Forest Park,AR,1----6--,901.0,3426N 09223W
US,RA3,Forest Ranch,CA,1-3-----,1401.0,3952N 12140W
US,FO9,Forestville,CA,1-3-----,1401.0,3828N 12253W
US,ZYF,Forsyth,GA,123--6--,307.0,3302N 08356W
US,XFO,Fort Atkinson,WI,123-----,701.0,4256N 08850W
US,FOB,Fort Bragg,CA,1--4----,1.0,
US,FTC,Fort Calhoun,NE,123-----,307.0,4127N 09601W
US,QFA,Fort Davis,TX,1-3--6--,307.0,3035N 10353W
US,FLL,Fort Lauderdale,FL,1-34----,1101.0,2607N 08008W
US,QFU,Fort Lupton,CO,123--6--,307.0,4005N 10448W
US,FTM,Fort Monmouth,NJ,123-----,607.0,4019N 07402W
US,FPR,Fort Pierce,FL,1--4----,1.0,
US,FVR,Fort Recovery,OH,1-3-----,407.0,4024N 08446W
US,TSN,Fort Snelling,MN,1-3-----,901.0,4454N 09310W
US,QWI,Fountain Hills,AZ,1-------,901.0,
US,FR6,Four Oaks,NC,1-------,1201.0,3526N 07825W
US,YFX,Fox Lake,WI,1-3--6--,307.0,4333N 08854W
US,FCV,Francesville,IN,123--6--,307.0,4059N 08652W
US,FNF,Frankfort,MI,123-----,701.0,4438N 08614W
US,FAU,Franklin Furnace,OH,123--6--,501.0,3838N 08250W
US,YFZ,Frazeysburg,OH,123--6--,307.0,4007N 08207W
US,XZD,Frederick,PA,1----6--,901.0,4018N 07531W
US,FDE,Fredericksburg,OH,1----6--,1107.0,4040N 05214W
US,FZZ,Freedom,PA,123--6--,307.0,4041N 08015W
US,FNB,Freeland,WA,1-3-----,701.0,4800N 12232W
US,XAS,Freeport,FL,1----6--,901.0,3029N 08608W
US,EE8,Freeport,PA,1----6--,1001.0,4040N 07941W
US,FPO,Freeport,TX,1-3-----,105.0,
US,JWY,Frenchtown,NJ,123-----,901.0,4031N 07503W
US,FSP,Friendship,ME,1-3-----,1301.0,4359N 06920W
US,RXR,Fruitland,ID,1-------,901.0,
US,ZFM,Fruitland,MD,123-----,307.0,3819N 07537W
US,GSF,Gales Ferry,CT,123-----,607.0,4125N 07205W
US,ZGQ,Galeton,PA,123--6--,307.0,4143N 07738W
US,GQQ,Galion,OH,1234-6--,307.0,4044N 08247W
US,GG2,Gallatin Gateway,MT,1-3-----,607.0,4536N 11113W
US,AWY,Gallaway,TN,1-3--6--,407.0,3519N 08936W
US,GLS,Galveston,TX,1--4----,1.0,
US,GVR,Gansevoort,NY,123--6--,307.0,4311N 07339W
US,GBV,Garberville,CA,1-3--6--,601.0,4006N 12348E
US,TXU,Garden City,ID,1----6--,901.0,4430N 11413W
US,G44,Garden Valley,CA,1-------,1401.0,3851N 12051W
US,GT9,Gardendale,TX,1-3-----,1401.0,3201N 10222W
US,NXR,Gardiner,NY,1-3--6--,1101.0,4140N 07409W
US,GDR,Gardiner,OR,1-3-----,105.0,
US,GNR,Garner,IA,123-----,307.0,4306N 09336W
US,GNC,Garner,NC,123--6--,401.0,3542N 07836W
US,QGT,Garrett,IN,123--6--,307.0,4120N 08508W
US,GA7,Garrison,NY,1-------,1207.0,4123N 07356W
US,GYY,Gary,IN,1--4----,1.0,
US,GT4,Gary,TX,1-------,1201.0,3201N 09422W
US,GSQ,Gasport,NY,1----6--,1001.0,4311N 07834W
US,ZGZ,Geneseo,IL,1-------,1401.0,4126N 09009W
US,GGE,Georgetown,SC,1--4----,1.0,
US,TUV,Gertrude Cove,AK,1-------,901.0,5156N 17727E
US,GHE,Ghent,KY,1-3-----,401.0,3844N 08503W
US,GBC,Gibson City,IL,123--6--,307.0,4027N 08822W
US,GID,Gideon,MO,123--6--,307.0,3627N 08955W
US,GEZ,Gilbertville,MA,123--6--,607.0,4219N 07212W
US,ZLO,Glen Flora,WI,1----6--,901.0,4529N 09035W
US,GJQ,Glen Ridge,NJ,1-------,1001.0,4048N 07412W
US,OR8,Glendale,OR,1-3-----,1401.0,4244N 12325W
US,G2H,Glendale Heights,IL,1-------,1207.0,4154N 08804W
US,YNN,Glenndale,MD,1-3--6--,307.0,3858N 07648W
US,YGL,Glennville,GA,1-3--6--,307.0,3156N 08155W
US,GKX,Glenwood,GA,1----6--,901.0,3408N 08510W
US,ZGE,Glidden,WI,123--6--,607.0,4608N 09036W
US,GLO,Gloucester,MA,1-3-----,105.0,
US,GLC,Gloucester City,NJ,1-3-----,105.0,
US,N3E,Goehner,NE,1-3-----,1401.0,4049N 09713W
US,GCA,Golconda,NV,123-----,401.0,4057N 11729W
US,GXR,Gold River,CA,1----6--,901.0,3836N 12116W
US,GLA,Goldendale,WA,123-----,601.0,4549N 12049W
US,QGX,Goldthwaite,TX,123--6--,307.0,3126N 09834W
US,VZZ,Goochland,VA,1----6--,901.0,3741N 07753W
US,GOP,Good Hope,LA,1-------,105.0,2959N 09024W
US,LLJ,Gordonville,KY,1-3--6--,607.0,3650N 08701W
US,GVZ,Gordonville,PA,123--6--,307.0,4001N 07608W
US,GVA,Gore,VA,1-3--6--,307.0,3915N 07819W
US,GOH,Goshen,CT,12345---,1001.0,4151N 07314W
US,OEN,Goshen,NY,123--6--,401.0,4124N 07419W
US,GP2,Gosport,IN,123-----,607.0,3921N 08640W
US,GZB,Grabill,IN,123--6--,307.0,4112N 08458W
US,GRY,Gramercy,LA,1-3-----,105.0,
US,QGB,Grand Blanc,MI,123--6--,307.0,4255N 08337W
US,GHN,Grand Haven,MI,1-3-----,105.0,
US,GRA,Grand Portage,MN,1-3-----,105.0,
US,GRR,Grand Rapids,MI,1--4----,1.0,
US,GZI,Granite City,IL,123-----,1801.0,3843N 09007W
US,GHC,Grays Harbor City,WA,123--6--,407.0,4659N 12357W
US,YYG,Grayson,GA,1-------,1201.0,3353N 08357W
US,GRB,Green Bay,WI,1234----,207.0,4431N 08801W
US,FWZ,Green Town,IN,1-3-----,901.0,
US,GEB,Greenboro,NY,1-3-----,407.0,4338N 07553W
US,GP4,Greenport,NY,123-----,607.0,4106N 07222W
US,PA9,Greentown,PA,1-3-----,1401.0,4119N 07518W
US,GLH,Greenville,MS,1--4----,1.0,
US,GNS,"Greenwood, Guernsey",OH,1-3-----,407.0,3955N 08128W
US,QR5,Grimes,CA,1-3-----,1401.0,3904N 12153W
US,G77,Griswold,CT,1-------,1401.0,4135N 07155W
US,ZGP,Grosse Ile,MI,1-------,901.0,
US,GPW,Grosse Point Woods,MI,1----6--,1001.0,4226N 08254W
US,GON,Groton-New London Apt,CT,1-34----,2101.0,
US,GVB,Grover Beach,CA,123-----,601.0,3507N 12037W
US,YGS,Groves,TX,123--6--,307.0,2956N 09355W
US,GTG,Grovetown,GA,1-------,207.0,3327N 08209W
US,GDJ,Guildhall,VT,123-----,607.0,4434N 07134W
US,GUM,Gulfmex Lightering Area,,1-------,1001.0,2745N 09050W
US,GPT,Gulfport,MS,1--4----,1.0,
US,GUG,Guttenberg,NJ,1-3-----,901.0,4047N 07400W
US,G8Y,Guy,AR,1-------,1401.0,3519N 09220W
US,GM2,Gypsum,CO,123--6--,607.0,3939N 10657W
US,HS2,Hackensack,MN,123-----,607.0,4656N 09431W
US,HWN,Hagerstown,IN,123-----,607.0,3954N 08510W
US,HAH,Hahnville,LA,1-3-----,105.0,
US,HXK,Haiku,HI,1----6--,901.0,2055N 15619W
US,HNS,Haines,AK,1--4----,1.0,
US,HA7,Haleiwa,HI,1-------,1201.0,2135N 15806W
US,HLJ,Halls,TN,1-3--6--,307.0,3608N 08810W
US,HS6,Hallstead,PA,123--6--,607.0,4158N 07545W
US,HMR,Hamer,ID,123--6--,307.0,4355N 11212W
US,HM7,Hamilton,NC,1-3--6--,901.0,3556N 07712W
US,HR3,Hampton Roads Pt,VA,1-3-----,907.0,3658N 07621W
US,H2N,Hancock,MD,123--6--,901.0,3942N 07811W
US,HB4,Harbor Beach,MI,123--6--,607.0,4351N 08239W
US,HJS,Harbor Island,TX,1-------,1201.0,2752N 09704W
US,HS3,Harbor Springs,MI,1-3-----,607.0,4526N 08459W
US,HXG,Hardinsburg,KY,1----6--,901.0,
US,5MN,Hardwick,MN,1-3-----,1401.0,4346N 09611W
US,H9R,Harris,IA,1-3-----,1301.0,4326N 09525W
US,HB3,Harrisburg,OR,123--6--,607.0,4416N 12310W
US,ZHW,Harwood,MD,1-3--6--,307.0,3851N 07637W
US,HHT,Harwood Heights,IL,123--6--,307.0,4158N 08748W
US,ZHU,Hasbrouck Heights,NJ,1-3-----,307.0,4051N 07404W
US,HG2,Hastings,MI,123-----,607.0,4238N 08517W
US,QHA,Hatton,ND,123--6--,307.0,4738N 09727W
US,HL5,Havelock,NC,123--6--,607.0,3453N 07655W
US,HZZ,Hawesville,KY,123--6--,307.0,3754N 08645W
US,XVB,Hawthorne,FL,1----6--,901.0,2845N 08152W
US,YHR,Hebron,NE,123-----,607.0,4010N 09736W
US,HR4,Hector,NY,1----6--,1107.0,4230N 07652W
US,ZEH,Helen,GA,1-3--6--,307.0,3442N 08343W
US,H99,Henderson,MN,1----6--,1201.0,4431N 09354W
US,HM4,Herculaneum,MO,123--6--,607.0,3816N 09023W
US,HXU,Hercules,CA,123-----,901.0,3801N 12217W
US,RMA,Hermann,MO,123-----,307.0,3842N 09126W
US,HWX,Hewlett,NY,123-----,701.0,4039N 07341W
US,YHB,Heyburn,ID,1-3--6--,307.0,4233N 11345W
US,HM3,Hickman,KY,123--6--,607.0,3634N 08911W
US,HCO,Hickory Creek,TX,1-------,1201.0,3307N 09702W
US,HKG,"Hickory Grove, York",SC,1----6--,901.0,3459N 08125W
US,HID,Hidalgo,TX,1-3-----,105.0,2606N 09816W
US,HRQ,High Ridge,MO,1-3--6--,307.0,3827N 09032W
US,HVG,Highland Village,TX,1----6--,1107.0,
US,HR5,Hilger,MT,1-------,1201.0,4715N 10921W
US,HIF,Hill Air Force Base,UT,1234-6--,607.0,4107N 11159W
US,ZHM,Hilmar,CA,1-3--6--,307.0,3724N 12050W
US,ITO,Hilo,HI,1--4----,1.0,
US,TLQ,Hilton,NY,1----6--,907.0,4317N 07737W
US,HBK,Hoboken,NJ,1-3-----,105.0,
US,HHK,Ho-Ho-Kus,NJ,123-----,607.0,4100N 07406W
US,ZHT,Hoisington,KS,123--6--,307.0,3831N 09846W
US,HLM,Holland,MI,1234----,607.0,4247N 08606W
US,HRM,Hollister,MO,123-----,501.0,3637N 09312W
US,ZPP,Hollsopple,PA,1-3-----,307.0,4012N 07855W
US,YHM,Holmes,NY,123--6--,307.0,4131N 07338W
US,HOM,Homer,AK,1--4----,1.0,
US,HOR,Homer,NY,1-3-----,407.0,4238N 07610W
US,HNL,Honolulu,HI,1-345---,401.0,2118N 15751W
US,9WA,Hoodsport,WA,1-3-----,1401.0,4724N 12308W
US,QHE,Hooker,OK,123--6--,307.0,3651N 10112W
US,KSH,Hooksett,NH,123-----,601.0,4306N 07128W
US,HO7,Hooper,UT,1-------,1307.0,4109N 11207W
US,QHK,Hopkinton,IA,1-3--6--,307.0,4220N 09114W
US,HU8,House Springs,MO,1-3-----,1401.0,3824N 09034W
US,HOU,Houston,TX,1-345---,1207.0,2945N 09521W
US,H4H,Howland Hook,NJ,1-------,1801.0,4038N 07411W
US,YKL,Hoyt Lakes,MN,123-5---,607.0,4731N 09207W
US,QHT,Huber Heights,OH,1-3-----,307.0,3950N 08407W
US,HSF,Hudson,FL,1-3-----,607.0,2821N 08242W
US,H8N,Hudson,IN,1-------,1407.0,4131N 08504W
US,QHG,Huger,SC,1-3--6--,307.0,3305N 07948W
US,HV2,Hughesville,PA,1-3--6--,607.0,4117N 07643W
US,HGU,Huguenot,NY,123-----,607.0,4125N 07438W
US,HXF,Hungerford,TX,123-----,607.0,2924N 09605W
US,HGW,Huntington Woods,MI,1-3--6--,307.0,4228N 08310W
US,HN9,Huron,MO,1----6--,1201.0,3743N 09321W
US,QIL,Idabel,OK,123--6--,307.0,3353N 09449W
US,IVG,Incline Village,NV,1-3-----,607.0,3915N 11959W
US,YIL,Indialantic,FL,1-3--6--,607.0,2805N 08034W
US,TGB,Indian Mills,NJ,1----6--,901.0,3947N 07444W
US,IO2,Indian Orchard,MA,123-----,607.0,4210N 07320W
US,IR2,Indian River City,FL,1-3--6--,607.0,2834N 08048W
US,IEG,Ingleside,IL,1----6--,1001.0,4222N 08808W
US,YIG,Ingleside,TX,123--6--,307.0,2752N 09712W
US,ZIK,Inkom,ID,123-----,307.0,4247N 11215W
US,INL,International Falls,MN,1--4----,9601.0,
US,QIS,Inverness,CA,1-3--6--,607.0,3806N 12251W
US,IVK,Irvine,KY,1-------,207.0,3741N 08358W
US,IFL,Island Falls,ME,123--6--,307.0,4600N 06816W
US,IVA,Isle,MN,123-----,607.0,4608N 09329W
US,IUK,Iuka,MS,123--6--,307.0,3448N 08811W
US,JCX,Jacinto City,TX,1-3-----,2107.0,2946N 09514W
US,JAM,Jackman,ME,1-3----B,105.0,4537N 07014W
US,JQK,Jacksboro,TN,123--6--,307.0,3619N 08411W
US,JS3,Jackson,KY,123-----,607.0,3733N 08322W
US,JAX,Jacksonville,FL,1--4----,1.0,
US,J3C,Jacksonville,OR,1-3-----,1401.0,4218N 12257W
US,JKF,Jakolof Bay,AK,1-34----,1201.0,5927N 15131W
US,JA2,Jamaica,VA,1-------,1201.0,3742N 07641W
US,JMB,Jamesburg,NJ,123--6--,307.0,4021N 07426W
US,JPY,Jamesport,NY,123--6--,701.0,4057N 07235W
US,JVL,Janesville,WI,1234----,401.0,4240N 08901W
US,JAY,Jay,ME,123--6--,307.0,4430N 07013W
US,JFZ,Jefferson,NC,1----6--,901.0,3625N 08128W
US,JE2,Jefferson Hills,PA,1----6--,1107.0,4017N 07955W
US,ZJ9,Jeffersonville,KY,1-------,1201.0,3758N 08350W
US,JUK,Jenks,OK,123-----,407.0,3601N 09558W
US,JEC,Jersey City,NJ,1-3-----,105.0,
US,QJB,Jobstown,NJ,123-----,307.0,4002N 07441W
US,KDC,John F Kennedy Space Center/Cape Canaveral,FL,123-----,901.0,2840N 08042W
US,JBG,Johnsburg,IL,1----6--,1401.0,4223N 08815W
US,JOA,Johnson,AR,1-3-----,907.0,3608N 09410W
US,JON,Jonesport,ME,1-------,105.0,4431N 06737W
US,JSA,Judsonia,AR,123--6--,307.0,3516N 09138W
US,JNU,Juneau,AK,1--4----,1.0,
US,KAG,Kaguyak,AK,1-3--6--,607.0,5652N 15347W
US,KL9,Kahuku,HI,1----6--,1201.0,2140N 15757W
US,OGG,Kahului,HI,1-34----,2007.0,2053N 15628W
US,KA7,Kailua,HI,1-------,1301.0,2124N 15744W
US,KCK,Kansas City,KS,1--4----,1207.0,
US,MKC,Kansas City,MO,12345---,207.0,3906N 09434W
US,KW7,Kawkawlin,MI,1-------,1307.0,4339N 08356W
US,KAY,Kaysville,UT,123--6--,307.0,4102N 11156W
US,KHB,Keego Harbor,MI,123-----,701.0,4236N 08320W
US,KLS,Kelso,WA,1--4----,1.0,
US,KU4,Kendall Park,NJ,1----6--,1001.0,4025N 07433W
US,KMR,Kenmore,NY,123--6--,307.0,4257N 07852W
US,ENW,Kenosha,WI,1-34----,1001.0,
US,C3A,Kensington,CA,1-3-----,1401.0,3754N 12216W
US,KE7,Kenwood,CA,1----6--,1201.0,3824N 12232W
US,KTZ,Keota,OK,1----6--,901.0,3510N 09455W
US,QKK,Keswick,IA,1-3-----,307.0,4127N 09214W
US,KTN,Ketchikan,AK,1--4----,1.0,
US,QKM,Ketchum,ID,123--6--,307.0,4340N 11421W
US,KWU,Kewaunee,WI,123-----,901.0,4427N 08730W
US,EYW,Key West,FL,1--4----,1.0,
US,YEJ,Keyes,CA,1----6--,1001.0,3733N 12054W
US,KYP,Keyport,WA,1-3-----,701.0,4742N 12237W
US,ZYK,Keysville,MD,1-3--6--,307.0,3938N 07715W
US,KIH,Kihei,HI,1-3-----,607.0,2047N 15627W
US,QKC,Kimberling City,MO,1-3--6--,307.0,3638N 09325W
US,KWM,King William,VA,1-3-----,307.0,3741N 07700W
US,KGM,Kings Mills,OH,1-3--6--,607.0,3921N 08415W
US,XKW,Kirkwood,MO,123--6--,307.0,3835N 09024W
US,KAB,Kiska Harbour,AK,1-------,1201.0,5158N 17734E
US,KIS,Kiska Island,AK,1-------,212.0,5157N 17733E
US,KXK,Kittery,ME,1-3--6--,1601.0,4305N 07044W
US,KTT,Kitty Hawk,NC,1-3-----,607.0,3604N 07542W
US,K99,Knob Noster,MO,1----6--,1107.0,3846N 09333W
US,KW2,Konawa,OK,123--6--,607.0,3458N 09645W
US,KPP,Koppel,PA,123-----,307.0,4050N 08019W
US,KUB,Kuluk Bay,AK,1-------,1201.0,5152N 17634W
US,LGK,La Grange,MO,123--6--,607.0,4003N 09130W
US,LGZ,La Grange Highlands,IL,1----6--,1107.0,
US,XXL,Ladera Ranch,CA,1-------,901.0,3415N 11738W
US,ZYT,Ladysmith,WI,123--6--,307.0,4527N 09106W
US,YFQ,Lafayette,OR,1-3-----,1401.0,4514N 12306W
US,L9G,LaGrange,GA,1-------,1607.0,3302N 08501W
US,L5A,Lagunitas,CA,1-3-----,1401.0,3800N 12242W
US,LA2,Lake Arrowhead,CA,1-3--6--,607.0,3415N 11711W
US,LCH,Lake Charles,LA,1--4----,1.0,
US,LE3,Lake Elsinore,CA,1-3-----,607.0,3340N 11720W
US,ZLG,Lake Garfield,FL,123--6--,307.0,2753N 08145W
US,LG2,Lake George,NY,1-3-----,607.0,4326N 07343W
US,LU7,Lake Huntington,NY,1----6--,1201.0,4141N 07459W
US,LRP,Lake Orion,MI,123--6--,607.0,4247N 08314W
US,LPQ,Lake Park,FL,123--6--,601.0,2648N 08004W
US,QJC,Lake Park,IA,1----6--,1001.0,4327N 09519W
US,YLP,Lake Providence,LA,123--6--,307.0,3248N 09110W
US,6ER,Lake Saint Louis,MO,1-3-----,1401.0,3847N 09047W
US,WCW,Lake Waccamaw,NC,1-3-----,407.0,3419N 07830W
US,LS4,Lakeshore,CA,1-------,1201.0,4053N 12223W
US,LZC,Lancaster,MN,123-----,607.0,4851N 09649W
US,KAJ,Land O'Lakes,FL,1----6--,1001.0,2813N 08227W
US,LZV,Landing,NJ,123--6--,307.0,4054N 07439W
US,L54,Lanesville,IN,1----6--,1201.0,3814N 08559W
US,YLT,Lanett,AL,123-----,607.0,3251N 08511W
US,LB9,Lansdowne-Baltimore,MD,1----6--,1001.0,3914N 07639W
US,URE,Laurel,DE,1234-6--,601.0,3833N 07534W
US,QLR,Laureldale,PA,123--6--,307.0,4023N 07555W
US,UA7,Laurelton,NY,1----6--,1001.0,4040N 07345W
US,QLH,Laurelville,OH,1-3--6--,307.0,3928N 08244W
US,5BL,Laurence Harbor,NJ,1----6--,1607.0,4027N 07414W
US,LWM,Lawrence,MA,1-34----,1.0,
US,LWE,Lawrence,NY,123--6--,607.0,4037N 07343W
US,LVU,Lawrenceburg,IN,1-3-----,105.0,
US,LW5,Lawton,MI,1----6--,1001.0,4210N 08550W
US,AY5,Laytonville,CA,1----6--,1201.0,3941N 12328W
US,LUU,Le Sueur,MN,123-----,307.0,4427N 09354W
US,ZLT,League City,TX,123--6--,307.0,2930N 09505W
US,YLB,Lebec,CA,1-3-----,307.0,3450N 11851W
US,LCF,Leitchfield,KY,123--6--,307.0,3728N 08617W
US,LLC,Leland,NC,123--6--,401.0,3415N 07802W
US,LMY,Lemay,MO,123--6--,607.0,3832N 09016W
US,LH7,Lenard Harbour,AK,1-------,1201.0,5507N 16225W
US,QLO,Leonia,NJ,123--6--,307.0,4051N 07359W
US,EU3,Leucadia,CA,1----6--,1007.0,3304N 11718W
US,LEQ,Lewis Center,OH,123-----,307.0,4011N 08300W
US,LWD,Lewisport,KY,123--6--,307.0,3756N 08654W
US,QDU,Lexington,MO,1----6--,901.0,3901N 09229W
US,LIB,Liberty,MO,123--6--,307.0,3914N 09425W
US,L2P,Lighthouse Point,FL,1-3-----,1401.0,2616N 08005W
US,LIZ,Limestone,ME,1-34---B,1.0,4654N 06749W
US,YOC,Lincoln City,OR,1-------,901.0,4458N 12401W
US,YLD,Lind,WA,1-3--6--,307.0,4658N 11836W
US,DD6,Linden Hill,NY,1-3-----,1401.0,4042N 07355W
US,QLF,Linn Creek,MO,1-3--6--,307.0,3802N 09242W
US,LN5,Linnton,OR,1-------,1201.0,4536N 12247W
US,LLB,Lino Lakes,MN,1-3-----,607.0,4509N 09308W
US,L2D,Little Deer Isle,ME,1-------,1207.0,4417N 06841W
US,LTG,Little Genesee,NY,1-3-----,1401.0,4201N 07812W
US,LHK,Little Hocking,OH,123--6--,307.0,3915N 08142W
US,LR3,Little River,SC,1-3-----,607.0,3352N 07837W
US,YLR,Littlerock,CA,1-3--6--,307.0,3431N 11758W
US,LXQ,Llano,CA,1----6--,1107.0,3430N 11749W
US,XLT,Locust,NJ,1-3--6--,607.0,4023N 07402W
US,LO7,Lodi,NY,1----6--,1201.0,4236N 07649W
US,YLO,Logan Township,NJ,123--6--,607.0,3947N 07521W
US,OIT,Lolita,TX,123--6--,401.0,2850N 09632W
US,LGB,Long Beach,CA,1234----,307.0,3346N 11811W
US,LCJ,Long Branch,NJ,123--6--,701.0,4018N 07400W
US,LRC,Long Reach,WV,123-----,307.0,3929N 08105W
US,L9K,Longboat Key,FL,1-3-----,1307.0,2724N 08239W
US,ZLW,Longmeadow,MA,123--6--,307.0,4203N 07235W
US,LOG,Longview,WA,1--4----,9601.0,
US,LO9,Loop Terminal,LA,1-------,1301.0,2853N 09001W
US,LOR,Lorain,OH,1-3-----,105.0,
US,QLT,Loretto,PA,123--6--,307.0,4030N 07837W
US,LAT,Los Alamitos,CA,1-3-----,507.0,3348N 11804W
US,LAX,Los Angeles,CA,1--45---,2407.0,3403N 11815W
US,LLU,Los Lunas,NM,1-3-----,407.0,3448N 10643W
US,TSO,Lost Hills,CA,1-3--6--,607.0,3537N 11941W
US,QYL,Loudonville,NY,1-3--6--,307.0,4242N 07345W
US,LO8,Louisiana Offshore Oil Port (Loop),LA,1-------,1207.0,2853N 09001W
US,LUI,Louisville,KY,1-34----,1101.0,3814N 08546W
US,LC2,Loup City,NE,123-----,607.0,4117N 09858W
US,QLI,Loves Park,IL,123--6--,307.0,4219N 08903W
US,VTT,Lovettsville,VA,1-------,1201.0,3916N 07738W
US,TOZ,Low Moor,VA,1----6--,1001.0,3747N 07953W
US,7SD,Lowden,WA,1-3-----,1401.0,4603N 11835W
US,LWY,Lowell,AR,1-------,207.0,3615N 09407W
US,LB2,Lubec,ME,1-3-----,607.0,4451N 06659W
US,LDM,Ludington,MI,1--4----,207.0,
US,YLU,Lula,GA,123-----,307.0,3423N 08339W
US,LP2,Lupton,MI,1-------,1201.0,4425N 08401W
US,LTZ,Lutz,FL,123--6--,307.0,2809N 08227W
US,LYR,Lyerly,GA,123--6--,307.0,3424N 08524W
US,3WA,Lyle,WA,1-3-----,1401.0,4541N 12117W
US,QLY,Lyles,TN,123--6--,307.0,3555N 08720W
US,LYM,Lynn Haven,FL,1-3-----,601.0,3014N 08539W
US,7YT,Lynnfield,MA,1-3-----,1401.0,4232N 07102W
US,YVO,Lynnhaven Roads,VA,1-------,1201.0,3656N 07606W
US,3SD,Mabscott,WV,1-3-----,1401.0,3746N 08112W
US,ZAN,Mabton,WA,123--6--,307.0,4612N 11959W
US,MP5,Machesney Park,IL,1-3--6--,607.0,4220N 08903W
US,MCD,Mackinac Island,MI,1--4----,1.0,
US,EJK,Macks Creek,MO,1----6--,907.0,3757N 09258W
US,EIF,Madeira Beach,FL,1----6--,1001.0,2747N 08247W
US,YMD,Madison Park,WA,1-3--6--,307.0,4738N 12216W
US,INV,Madisonville,LA,1-3--6--,607.0,3024N 09010W
US,MG5,Malaga,WA,123-----,607.0,4721N 12011W
US,AQJ,Maltby,WA,1----6--,1201.0,4748N 12206W
US,ZMQ,Manasquan,NJ,1-3--6--,307.0,4007N 07402W
US,MCR,Manchester,WA,1-------,106.0,4733N 12232W
US,MH8,Manhasset,NY,1-3--6--,607.0,4048N 07342W
US,MNH,Manhattan/New York,NY,1-3-----,401.0,4047N 07358W
US,ZMY,Manheim Center,NY,123--6--,307.0,4302N 07447W
US,MTW,Manitowoc,WI,1--4----,207.0,
US,IA2,Manning,IA,1----6--,1001.0,4154N 09503W
US,NSV,Mannsville,NY,123--6--,607.0,4343N 07604W
US,QMU,Mantua,NJ,123-----,307.0,3947N 07510W
US,ZPU,Maple Bluff,WI,123--6--,307.0,4307N 08922W
US,XUY,Mapleton,MN,1-3-----,1401.0,4355N 09357W
US,MH2,Marblehead,MA,1-3-----,607.0,4230N 07051W
US,MAH,Marcus Hook,PA,1-3-----,1607.0,3949N 07525W
US,ZAY,Marcy,NY,123--6--,307.0,4310N 07517W
US,QMK,Markleville,IN,123--6--,307.0,3958N 08536W
US,QMM,Marne,MI,1-3-----,401.0,4302N 08549W
US,MR2,Marseilles,IL,123-----,607.0,4119N 08842W
US,NMA,Marshall,NC,1-3-----,407.0,3547N 08241W
US,TAW,Matawan,NJ,123--6--,407.0,4024N 07413W
US,MP2,Mauckport,IN,1-3-----,607.0,3801N 08612W
US,TSX,Mauston,WI,1----6--,907.0,4350N 09038W
US,MY6,Mayo,SC,1----6--,1007.0,3505N 08151W
US,AY7,Mayville,NY,1-------,1201.0,4215N 07930W
US,QMW,McCleary,WA,123-----,307.0,4703N 12315W
US,ZWM,McEwen,TN,123--6--,307.0,3606N 08737W
US,MF6,McFarland,WI,123--6--,607.0,4301N 08918W
US,MKJ,McKees Rocks,PA,123--6--,307.0,4027N 08003W
US,QMC,McLeansville,NC,123--6--,307.0,3606N 07939W
US,JJQ,Meadows of Dan,VA,1----6--,1001.0,3644N 08023W
US,EAZ,Mechanic Falls,ME,1----6--,1001.0,4406N 07023W
US,UMQ,Mecosta,MI,1-------,1401.0,4337N 08513W
US,MP7,Mediapolis,IA,1----6--,1001.0,4100N 09109W
US,MGF,Melvindale,MI,123-----,407.0,4216N 08310W
US,MEM,Memphis,TN,1-34----,207.0,
US,M8N,Mendon,NY,1-3-----,1401.0,4259N 07730W
US,MN5,Menemsha,MA,1-3-----,607.0,4121N 07046W
US,MT6,Mentone,AL,1-------,1201.0,3434N 08535W
US,ZXE,Mer Rouge,LA,123--6--,307.0,3246N 09147W
US,MXP,Meraux,LA,123--6--,307.0,2955N 08956W
US,MD5,Meredith,NH,123-----,607.0,4340N 07130W
US,OIS,Meredosia,IL,123--6--,1901.0,3950N 09034W
US,MTM,Metlakatla,AK,1--4----,9506.0,
US,XXX,Mexico,ME,1-------,901.0,4439N 07032W
US,MIA,Miami,FL,1--45---,1.0,
US,IYH,Miami Beach,FL,1-3-5---,901.0,2547N 08008W
US,ZMG,Miami Gardens,FL,123--6--,307.0,2558N 08012W
US,KKV,Miami River,FL,1----6--,907.0,2546N 08011W
US,M4I,Miami Shores,FL,1-------,1207.0,2551N 08011W
US,IAM,Miamisburg,OH,123-----,407.0,3938N 08417W
US,ZIX,Middle Island,NY,1-3-----,901.0,4053N 07256W
US,M44,Middletown,MD,1-------,1401.0,3926N 07732W
US,M2P,Midway Park,NC,1-------,1207.0,3443N 07720W
US,M2B,Milburn,OK,1-------,1201.0,3414N 09632W
US,MRQ,Milford,OH,123--6--,307.0,3910N 08417W
US,MKW,Mill Creek,WA,1-3-----,501.0,4751N 12212W
US,T9X,Millican,TX,1-3-----,1401.0,3028N 09612W
US,IPR,Millport,AL,123-----,407.0,3333N 08804W
US,MW4,Millwood,WV,123--6--,607.0,3853N 08152W
US,MT5,Milton,VT,123-----,607.0,4438N 07307W
US,MKE,Milwaukee,WI,1--4----,207.0,
US,MS6,Mims,FL,123--6--,607.0,2840N 08051W
US,MES,Minneapolis,MN,1234----,207.0,
US,MOB,Mobile,AL,1--4----,1.0,
US,ZOH,Mohnton,PA,1-3--6--,307.0,4017N 07559W
US,M47,Molena,GA,1-------,1401.0,3301N 08430W
US,OO9,Monmouth,OR,1----6--,1201.0,4450N 12313W
US,M9O,Monmouth Beach,NJ,1-3-----,1401.0,4019N 07358W
US,M4X,Monroe,NH,1-3-----,1401.0,4415N 07203W
US,MY3,Monterey,CA,1-3-----,607.0,3636N 12154W
US,QOR,Moravia,IA,123--6--,307.0,4053N 09248W
US,MRH,Morehead City,NC,1-3-----,105.0,
US,YRE,Morehouse,MO,123--6--,307.0,3650N 08941W
US,9OH,Moreland Hills,OH,1-3-----,1401.0,4126N 08125W
US,MPP,Morgans Point,TX,1-3-----,2.0,
US,M5V,Morrisonville,IL,1-------,1201.0,3925N 08927W
US,MRT,Morristown,NY,1-------,105.0,
US,MW3,Moscow,IA,1-3-----,607.0,4133N 09106W
US,YMR,Mosier,OR,123-----,307.0,4541N 12123W
US,INX,Mosinee,WI,1-34-6--,1101.0,4447N 08942W
US,XZS,Mound House,NV,1----6--,1401.0,3912N 11940W
US,MTK,Mount Carmel,PA,123--6--,307.0,4047N 07624W
US,MGQ,Mount Gilead,NC,1-3--6--,307.0,3512N 08000W
US,QHS,Mount Holly Springs,PA,123--6--,307.0,4007N 07711W
US,YMV,Mount Vernon,NY,123--6--,307.0,4245N 07853W
US,MU4,Mountain,WI,1-------,1201.0,4511N 08828W
US,MKI,Mukilteo,WA,123-----,212.0,4757N 12218W
US,MKZ,Mukwonago,WI,123-----,601.0,4252N 08820W
US,ZMW,Muldrow,OK,123--6--,307.0,3524N 09435W
US,YMK,Murdock,NE,123--6--,307.0,4055N 09616W
US,ZMU,Murphy,NC,123--6--,307.0,3505N 08402W
US,XYS,Murrysville,PA,123--6--,307.0,4025N 07941W
US,MKG,Muskegon,MI,1-34----,1.0,4313N 08614W
US,MYG,Myrtle Grove,LA,1-3-----,105.0,
US,MYC,Mystic,CT,1-3-----,1101.0,4121N 07157W
US,YNA,Naches,WA,1-3--6--,307.0,4643N 12041W
US,YUD,Naples,ME,1----6--,907.0,4358N 07036W
US,VQV,Nashville,MI,1----6--,1001.0,4236N 08505W
US,BNA,Nashville,TN,1--4----,207.0,
US,NYU,Nassau,NY,1-3--6--,307.0,4230N 07336W
US,HEZ,Natchez,MS,1--4----,207.0,
US,NAK,Natick,MA,123-----,307.0,4217N 07121W
US,NVA,Navarre,FL,1-3--6--,601.0,3024N 08651W
US,NIJ,Nawiliwili,HI,1-3-----,601.0,2158N 15922W
US,NEJ,Necedah,WI,123--6--,601.0,4402N 09004W
US,NZQ,Needmore,PA,1-3--6--,307.0,3950N 07808W
US,NB4,Neets Bay,AK,1-3-----,1001.0,5547N 13136W
US,NOQ,Nelsonia,VA,1----6--,1001.0,3749N 07535W
US,NDA,Neodesha,KS,123--6--,307.0,3725N 09540W
US,N8P,Neponset,IL,1----6--,1201.0,4117N 08947W
US,NPC,Neptune City,NJ,1-3--6--,307.0,4012N 07401W
US,NXZ,Nesbit,MS,123--6--,307.0,3452N 09000W
US,NBD,New Bedford,MA,1-3-----,201.0,4138N 07056W
US,EWB,New Bedford-Fall River Apt,MA,1--4----,9506.0,
US,NBL,New Bloomfield,MO,1-3--6--,307.0,3843N 09205W
US,BW5,New Brockton,AL,1-------,1201.0,3123N 08555W
US,NCY,New Caney,TX,123--6--,307.0,3009N 09512W
US,NSX,New Castle,CO,1----6--,901.0,3922N 10709W
US,ZWC,New Columbia,PA,123--6--,307.0,4102N 07652W
US,NP7,New Enterprise,PA,1-------,1401.0,4010N 07824W
US,4NJ,New Era,MI,1-3-----,1401.0,4333N 08620W
US,NFR,New Freedom,PA,123--6--,307.0,3944N 07642W
US,HVN,New Haven,CT,1--4----,1.0,
US,NH2,New Haven,MO,123-----,607.0,3836N 09113W
US,NHN,New Hudson,MI,123--6--,307.0,4230N 08336W
US,QNN,New Ipswich,NH,1-3--6--,307.0,4244N 07151W
US,NLI,New Lisbon,WI,123--6--,307.0,4352N 09009W
US,NQV,New London,MO,1----6--,907.0,3935N 09124W
US,NED,New London,OH,1-3-----,401.0,4105N 08224W
US,GON,New London-Groton Apt,CT,1-34----,2101.0,
US,XNW,New Madrid,MO,1-3--6--,307.0,3635N 08931W
US,NM2,New Martinsville,WV,123-----,607.0,3938N 08052W
US,MSY,New Orleans,LA,12345---,9811.0,
US,QZN,New Point,VA,1-3--6--,607.0,3721N 07617W
US,NPX,New Providence,NJ,1-3-----,407.0,4041N 07424W
US,NSB,New Smyrna Beach,FL,123--6--,607.0,2902N 08056W
US,N5T,New Tripoli,PA,1-3-----,1401.0,4040N 07545W
US,NYC,New York,NY,12345---,401.0,4042N 07400W
US,EWR,Newark,NJ,1234----,1101.0,4044N 07410W
US,ZMP,Newburyport,MA,123--6--,307.0,4248N 07052W
US,AWS,Newcastle,ME,123-----,507.0,4402N 06932W
US,NFE,Newfane,NY,1-3--6--,607.0,4317N 07843W
US,NWZ,Newington,NH,1-3-----,2101.0,4306N 07049W
US,NOZ,Newport,ME,123--6--,607.0,4450N 06917W
US,NPO,Newport,OR,1-3-----,106.0,4438N 12403W
US,NPT,Newport,RI,1--4----,1.0,
US,JNP,Newport Beach,CA,1-3-----,507.0,3337N 11755W
US,NNS,Newport News,VA,123-----,1101.0,3658N 07625W
US,NRP,"Newport, Perry",PA,123--6--,501.0,4028N 07707W
US,QNE,Newportville,PA,123--6--,307.0,4007N 07454W
US,ICH,Nicholls,GA,123--6--,401.0,3131N 08238W
US,N5B,Niobrara,NE,1-3-----,1401.0,4245N 09801W
US,NIX,Nixon,PA,1-3--6--,307.0,4156N 07608W
US,NK3,Noank,CT,1----6--,1001.0,4119N 05179W
US,OLS,Nogales,AZ,1--4----,9601.0,
US,QNV,Nokesville,VA,123--6--,307.0,3841N 07734W
US,OME,Nome,AK,1--4----,9601.0,
US,NCM,Norco,LA,1-3-----,105.0,
US,NCX,Norcross,VA,123--6--,407.0,3721N 08042W
US,ORF,Norfolk,VA,1234----,9601.0,3651N 07617W
US,NI2,Norman,IN,1-------,1201.0,3857N 08616W
US,NAU,North Augusta,SC,123-----,307.0,3328N 08159W
US,N99,North Bay Village,FL,1-3-----,1401.0,2550N 08009W
US,N4B,North Beach,MD,1-------,1307.0,3842N 07631W
US,OTH,North Bend,OR,1-34----,1.0,
US,NTS,North Charleston,SC,1-3-----,1801.0,
US,NDB,North Dartmouth,MA,1----6--,1001.0,4138N 07058W
US,ZGN,North Grosvenor Dale,CT,123--6--,307.0,4159N 07153W
US,NHQ,North Hartland,VT,123-----,501.0,4335N 07221W
US,N2R,North Houston,TX,1-3-----,1401.0,2955N 09530W
US,QNM,North Miami,FL,123--6--,307.0,2553N 08011W
US,UHO,North Monmouth,ME,1-3-----,1401.0,4416N 07001W
US,NQZ,North Rose,NY,123--6--,307.0,4311N 07653W
US,ZNR,North Royalton,OH,1-3-----,307.0,4118N 08143W
US,NY5,North Salem,NY,1----6--,1001.0,4120N 07334W
US,NSC,North Sioux City,SD,123--6--,307.0,4231N 09628W
US,NW2,North Wildwood,NJ,1-3-----,607.0,3859N 07449W
US,YNO,North Woodstock,NH,123--6--,307.0,4401N 07141W
US,NHM,Northampton,MA,123-----,607.0,4220N 07238W
US,ZZH,Northport,MI,123--6--,607.0,4507N 08537W
US,NTR,Norton Shores,MI,1-------,207.0,4309N 08615W
US,NOW,Norwell,MA,1-3--6--,401.0,4209N 07047W
US,NXL,Norwood,PA,1-------,1201.0,3953N 07518W
US,TXQ,Noti,OR,1----6--,1201.0,4403N 12326W
US,NYX,Nyack,NY,123-----,401.0,4105N 07355W
US,OB2,Oak Bluffs,MA,1-3-----,607.0,4127N 07034W
US,AKJ,Oak Grove,VA,1-3-----,1401.0,3859N 07724W
US,QOP,Oak Park,IL,123--6--,307.0,4153N 08747W
US,YOB,Oakboro,NC,123--6--,307.0,3513N 08019W
US,OAK,Oakland,CA,1--45---,1.0,
US,OKV,Oakville,CT,123-----,307.0,4135N 07305W
US,XOR,Oberlin,OH,123--6--,307.0,4117N 08213W
US,OBI,Obion,TN,123--6--,307.0,3615N 08911W
US,OAM,Ocean Gate,NJ,1-3-----,701.0,3955N 07408W
US,OCX,Ocean View,DE,123--6--,1001.0,3854N 07510W
US,OCP,Oceanport,NJ,123-----,701.0,4019N 07401W
US,OC7,Ocoee,TN,1-------,1301.0,3507N 08443W
US,O82,Odessa,MN,1-------,1607.0,4515N 09619W
US,OGS,Ogdensburg,NY,1--4----,1.0,
US,OGY,Oglesby,IL,123--6--,307.0,4117N 08903W
US,YOQ,Ogunquit,ME,1-3--6--,607.0,4315N 07036W
US,ZHE,Okarche,OK,123-----,307.0,3543N 09758W
US,OKX,Okemos,MI,123-----,601.0,4243N 08425W
US,DXX,Old Brookville,NY,1-3-----,1401.0,4049N 07336W
US,DKH,Old Rock Hill,GA,1----6--,1001.0,3100N 08334W
US,OL2,Oleum,CA,1-------,901.0,3802N 12214W
US,ZOT,Olivette,MO,123--6--,307.0,3839N 09022W
US,QOT,Olton,TX,1-3--6--,307.0,3411N 10208W
US,OLM,Olympia,WA,1--4----,9601.0,
US,QOA,Olyphant,PA,123--6--,307.0,4128N 07536W
US,OMA,Omaha,NE,1--4----,207.0,
US,IA3,Onawa,IA,1-3-----,1401.0,4201N 09605W
US,OT5,Ontario,OH,1----6--,1107.0,4045N 08235W
US,ONG,Ontonagon,MI,123-----,212.0,4652N 08917W
US,ZOW,Ooltewah,TN,123-----,307.0,3504N 08503W
US,OBC,Orange Beach,AL,1-3-----,501.0,3017N 08734W
US,OSZ,Orca,AK,1-3-----,1307.0,6034N 14542W
US,8MN,Orcutt,CA,1-3-----,1401.0,3451N 12026W
US,OEG,Oregon,OH,1-3--6--,607.0,4138N 08329W
US,YDO,Orondo,WA,123--6--,307.0,4737N 12013W
US,M2S,Osceola,MO,1-------,1201.0,3803N 09342W
US,OS3,Oskaloosa,KS,1-------,1201.0,3912N 09518W
US,OV3,Osterville,MA,1-3-----,901.0,4138N 07023W
US,OSW,Oswego,NY,1-3-----,106.0,4327N 07630W
US,OTL,Ottawa Lake,MI,1-3--6--,307.0,4145N 08344W
US,OSV,Ottsville,PA,1-3--6--,601.0,4028N 07510W
US,OTM,Ottumwa,IA,1-34----,1.0,
US,3VC,Outlook,WA,1-3-----,1401.0,4619N 12005W
US,ZOD,Oviedo,FL,123--6--,307.0,2840N 08112W
US,OWB,Owensboro,KY,1-34----,207.0,
US,OXR,Oxnard-Ventura Apt,CA,1-34----,9506.0,
US,PAH,Paducah,KY,1234----,207.0,3705N 08837W
US,PGE,Pagedale,MO,123--6--,307.0,3841N 09018W
US,PY6,Paisley,FL,1-------,1201.0,2859N 08132W
US,PBE,Palatine Bridge,NY,123--6--,607.0,4255N 07434W
US,PQM,Palm,PA,1-3--6--,307.0,4025N 07532W
US,PMZ,Palmertown,PA,123--6--,407.0,4028N 07910W
US,P64,Palmetto Bay,FL,1-------,1401.0,2537N 08019W
US,PGZ,Palo Pinto,TX,1-------,1201.0,3246N 09817W
US,QPM,Pamplin,VA,123--6--,307.0,3715N 07840W
US,PFN,Panama City,FL,1--4----,1.0,
US,P77,Panora,IA,1-------,1401.0,4141N 09421W
US,PK3,Parks,AZ,1-------,1201.0,3516N 11157W
US,PKT,Parkton,NC,123-----,307.0,3454N 07900W
US,PAS,Pasadena,TX,1-3-----,1101.0,2941N 09512W
US,PGL,Pascagoula,MS,1--4----,1.0,
US,PCP,Patchogue,NY,123--6--,607.0,4046N 07301W
US,PWG,Paterson,WA,123-----,701.0,4556N 11936W
US,YL2,Peach Bottom,PA,1-------,901.0,3945N 07616W
US,PEA,Pearl Harbor,HI,1-3-----,105.0,
US,PS6,Pearson,WI,1-------,1201.0,4521N 08900W
US,QPN,Peconic,NY,123--6--,307.0,4102N 07227W
US,JUY,Pembroke,NH,1-3-----,1101.0,4308N 07127W
US,ZPB,Pembroke Park,FL,123--6--,307.0,2559N 08010W
US,7CA,Penn Valley,CA,1-3-----,1401.0,3911N 12111W
US,9DK,Penngrove,CA,1-3-----,1401.0,3817N 12239W
US,PPS,Pennsauken,NJ,1-3-----,1101.0,3957N 07503W
US,PNS,Pensacola,FL,1--4----,1.0,
US,PB4,Pensacola Beach,FL,1-3-----,607.0,3020N 08708W
US,PQN,Pequannock,NJ,123--6--,401.0,4057N 07417W
US,XPE,Perdue Hill,AL,1-3--6--,307.0,3130N 08729W
US,PYB,Perryman,MD,123--6--,607.0,3928N 07612W
US,PAY,Perth Amboy,NJ,1-3-----,105.0,
US,YPB,Peterborough,NH,123--6--,307.0,4252N 07157W
US,PHL,Philadelphia,PA,1--45---,1.0,3952N 07512W
US,YPH,Philomath,OR,123--6--,307.0,4432N 12321W
US,YPF,Pigeon Forge,TN,1-3--6--,307.0,3547N 08333W
US,PGX,Pillager,MN,123-----,901.0,4620N 09428W
US,PM8,Pilot Mountain,NC,1----6--,1001.0,3623N 08028W
US,PIW,Pilottown,LA,1-3-----,907.0,2911N 08915W
US,PAA,Pine Apple,AL,1-3-----,307.0,3152N 08659W
US,QPS,Pine Bluffs,WY,123--6--,307.0,4110N 10404W
US,YPN,Pine Bush,NY,1-3--6--,307.0,4136N 07417W
US,QPY,Pine Plains,NY,1-3--6--,307.0,4158N 07339W
US,P9O,Pinto Island,AL,1-3-----,2101.0,3040N 08801W
US,PIT,Pittsburgh,PA,1--4----,207.0,
US,ITV,Pittsville,WI,1-3--6--,407.0,4426N 09007W
US,EUU,Placida,FL,1-3--6--,901.0,2650N 08216W
US,TJJ,Platte,MO,1----6--,1001.0,3921N 09446W
US,PI7,Pleasant Island,AK,1-------,1201.0,5821N 13538W
US,P2L,Pleasant Lake,IN,1-------,1201.0,4134N 08500W
US,PLP,Pleasant Prairie,WI,123--6--,307.0,4233N 08756W
US,QPH,Pocahontas,TN,1-3--6--,307.0,3538N 08602W
US,PA2,Point Arena,CA,1-------,901.0,3854N 12341W
US,TBW,Point Barrow,AK,1-------,901.0,7117N 15640W
US,PP5,Point Conception,CA,1-------,1201.0,3427N 12028W
US,PP3,Point Pleasant Beach,NJ,123-----,607.0,4005N 07403W
US,9IU,Point Reyes Station,CA,1-3-----,1401.0,3804N 12248W
US,PRS,Point Roberts,WA,1-3----B,106.0,4859N 12304W
US,OW4,Point Wells,WA,1-------,1201.0,4747N 12224W
US,QPD,Poland,OH,123--6--,307.0,4101N 08036W
US,PO8,Pompton,NJ,1----6--,1001.0,4059N 07416W
US,4NM,Ponce de Leon,FL,1-3-----,1401.0,3043N 08556W
US,PO7,Ponsford,MN,1-------,1201.0,4658N 09523W
US,PAL,Port Allen,HI,1-3-----,1101.0,2154N 15935W
US,PLL,Port Allen,LA,1-3-----,1101.0,3027N 09112W
US,CLM,Port Angeles,WA,1--4----,1101.0,
US,POA,Port Arthur,TX,1-3-----,1101.0,2953N 09355W
US,PRY,Port Blakely,WA,1-------,1101.0,4736N 12230W
US,POB,Port Bolivar,TX,1-------,1101.0,2922N 09445W
US,PCV,Port Canaveral,FL,1-------,401.0,2824N 08036W
US,UXZ,Port Chester,NY,1-3-----,1101.0,
US,PZH,Port Chicago,CA,1-------,1201.0,3803N 12201W
US,QPR,Port Eads,LA,1-------,1201.0,2900N 08910W
US,PEB,Port Elizabeth,NJ,123-----,1101.0,3918N 07458W
US,PEF,Port Everglades,FL,1-34----,701.0,2606N 08008W
US,PE2,Port Ewen,NY,123--6--,607.0,4154N 07359W
US,FOC,Port Fourchon,LA,1-3-----,307.0,2906N 09011W
US,PGH,Port Gamble,WA,1-------,1101.0,4751N 12235W
US,ABC,Port Hadlock,WA,1-------,1101.0,4801N 12245W
US,NTD,Port Hueneme,CA,1234-6--,407.0,3408N 11911W
US,PHN,Port Huron,MI,1--4----,1101.0,4258N 08225W
US,PIS,Port Isabel,TX,1-3-----,104.0,
US,PTJ,Port Jefferson,NY,1-3-----,1101.0,4056N 07304W
US,JDT,Port Laudania,FL,1----6--,1101.0,2603N 08007W
US,PLV,Port Lavaca,TX,1-3-----,401.0,2836N 09637W
US,PLU,Port Ludlow,WA,1-------,1101.0,4755N 12241W
US,PMV,Port MacKenzie,AK,123--6--,607.0,6116N 14955W
US,PDI,Port Madison,WA,1-3-----,607.0,4742N 12234W
US,PME,Port Manatee,FL,1-3-----,407.0,2738N 08233W
US,PM3,Port Monmouth,NJ,1-3--6--,607.0,4026N 07406W
US,PM4,"Port Morris, Bronx",NY,123-----,607.0,4048N 07355W
US,URR,Port Murray,NJ,123--6--,307.0,4047N 07454W
US,PNJ,Port Newark,NJ,1-3-----,1101.0,4041N 07407W
US,LU8,Port Of South Louisiana,LA,1----6--,1601.0,3003N 09030W
US,QOC,Port Orchard,,1-------,1001.0,4732N 12238W
US,PO2,Port Orford,OR,1-3-----,607.0,4245N 12430W
US,YPR,Port Republic,VA,123--6--,607.0,3818N 07849W
US,RI4,Port Richmond,PA,123-----,1101.0,3959N 07506W
US,PSJ,Port Saint Joe,FL,123-----,307.0,2948N 08518W
US,PSL,Port San Luis,CA,1-------,1101.0,3510N 12045W
US,SUL,Port Sulphur,LA,123-----,701.0,2928N 08941W
US,TWD,Port Townsend,WA,1--4----,1101.0,
US,POW,Port Washington,NY,1-3-----,1101.0,4049N 07341W
US,POJ,Portage,IN,123-----,207.0,4135N 08712W
US,ZPT,Portageville,NY,1-3--6--,307.0,4234N 07802W
US,POD,Porterdale,GA,1-3--6--,307.0,3334N 08353W
US,PWM,Portland,ME,1--4----,9601.0,
US,PWQ,Portland,MI,1-------,901.0,
US,PDX,Portland,OR,1--4----,9601.0,
US,DTP,Portland,TX,123-----,607.0,2752N 09719W
US,XPT,Portola Valley,CA,1-3--6--,307.0,3723N 12214W
US,PSM,Portsmouth,NH,1--4----,9506.0,4304N 07045W
US,PTM,Portsmouth,VA,1-3-----,105.0,
US,VTP,Portville,NY,1----6--,901.0,4202N 07820W
US,PG8,Pound Ridge,NY,1----6--,1201.0,4112N 07334W
US,TXX,Powderly,TX,1-------,1201.0,3348N 09531W
US,PP4,Powells Point,NC,1----6--,1201.0,3609N 07551W
US,ZPW,Powhatan,VA,1-3--6--,307.0,3732N 07755W
US,PS3,Prairie du Sac,WI,123-----,607.0,4317N 08943W
US,ZWZ,Premont,TX,1----6--,901.0,2721N 09807W
US,PS9,Preston,ID,1-------,1201.0,4205N 11152W
US,P43,Priceville,AL,123-56--,1007.0,3454N 08688W
US,PT7,Prichard,WV,1-3--6--,1207.0,3814N 08235W
US,PP9,Prospect,VA,1-------,1201.0,3718N 07833W
US,QPX,Prosper,TX,123--6--,307.0,3314N 09648W
US,PVD,Providence,RI,1--4----,1.0,
US,PVC,Provincetown,MA,1--4----,9601.0,
US,PGQ,Puget Sound,WA,1-------,1301.0,4749N 12226W
US,YP5,Purchase,NY,1----6--,1001.0,4102N 07324W
US,ZQE,Quarryville,PA,123--6--,307.0,3953N 07609W
US,ZQU,Queen City,TX,123--6--,307.0,3308N 09409W
US,QUI,Quincy,CA,12------,207.0,3955N 12055W
US,RAC,Racine,WI,1-34----,1.0,
US,YRG,Ragland,AL,1-3--6--,307.0,3344N 08609W
US,XRC,Rainbow City,AL,1-3-----,307.0,3357N 08602W
US,RAI,Rainier,OR,1-3-----,105.0,
US,RBO,Rancho Bernardo,CA,1-3--6--,307.0,3301N 11703W
US,RHG,Rancho Mirage,CA,1-3--6--,907.0,3344N 11625W
US,8DD,Ranchos de Taos,NM,1-3-----,1401.0,3621N 10536W
US,YRP,Rapidan,VA,1-3--6--,307.0,3818N 07803W
US,XRA,Ravena,NY,123--6--,307.0,4228N 07349W
US,ACC,Raymond,WA,1-3-----,201.0,4641N 12343W
US,YRO,Raytown,MO,123--6--,307.0,3900N 09427W
US,RF5,Red Feather Lakes,CO,1-------,1201.0,4048N 10535W
US,RHY,Red Hill,PA,123-----,601.0,4022N 07529W
US,RDK,Red Oak,IA,123--6--,307.0,4100N 09513W
US,RWC,Redwood City,CA,1-3-----,105.0,
US,RR6,Redwood Valley,CA,1-3-----,1401.0,3915N 12312W
US,IZK,Renick,WV,1----6--,901.0,3728N 08019W
US,JE7,Renville,MN,1-------,907.0,4447N 09512W
US,RXF,Rexford,MT,1-3--6--,701.0,4854N 11510W
US,YRY,Reynoldsville,PA,123--6--,307.0,4105N 07853W
US,ZBK,Rhinebeck,NY,123--6--,307.0,4155N 07354W
US,RCH,Richmond,CA,1-3-----,105.0,
US,RIC,Richmond,VA,1-34----,1101.0,3733N 07727W
US,ZIC,Rickreall,OR,123--6--,307.0,4455N 12313W
US,RIM,Rimer,OH,123--6--,307.0,4053N 08412W
US,RAF,Ringle,WI,1-3-----,407.0,4453N 08925W
US,R88,Rio,WI,1----6--,1201.0,4327N 08914W
US,RG6,River Grove,IL,1-3-----,1401.0,4155N 08750W
US,QQN,River Ridge,LA,1-3-----,1401.0,2957N 09012W
US,ZRB,Riverbank,CA,123--6--,307.0,3744N 12056W
US,RV5,Riverdale,NY,1----6--,1001.0,4312N 07525W
US,RGJ,Rivergate,OR,123--6--,607.0,4537N 12246W
US,VRD,Riverside,CT,123-----,701.0,4123N 07310W
US,VSE,Riverside,RI,123-----,701.0,4146N 07121W
US,R55,Rochelle,VA,1-3-----,1401.0,3817N 07816W
US,ROC,Rochester,NY,1--4----,9601.0,
US,RC6,Rock Creek,OH,1-------,1201.0,4139N 08051W
US,XRT,Rock Tavern,NY,1-3--6--,307.0,4127N 07411W
US,RYK,Rockaway Parks,NY,1----6--,1001.0,4034N 07350W
US,RKD,Rockland,ME,1-34----,9601.0,
US,R63,Rockport,IL,1----6--,1201.0,3932N 09100W
US,RP3,Rockport,ME,1-3-----,607.0,4411N 06905W
US,R2V,Rockville,VA,1-------,1201.0,3743N 07740W
US,RYF,Rocky Face,GA,1----6--,1107.0,3448N 08501W
US,RKY,Rocky River,OH,123--6--,307.0,4128N 08150W
US,RD4,Rodeo,CA,1-------,901.0,3801N 12215W
US,RGS,Rogers,CT,1-3-5---,601.0,4150N 07154W
US,RCY,Rogers City,MI,1-3-----,105.0,
US,RH2,Rogers Haven,DE,1-3--6--,607.0,3834N 07506W
US,RJQ,Roggen,CO,1----6--,1001.0,4010N 10422W
US,R3O,Rollinsford,NH,123-----,1401.0,4314N 07049W
US,OMD,Romoland,CA,123--6--,307.0,3344N 11710W
US,ROJ,Ronks,PA,1----6--,1001.0,4001N 07610W
US,RLT,Roosevelt,WA,1-3-----,307.0,4544N 12012W
US,R34,Rootstown,OH,1----6--,1107.0,4105N 08114W
US,RSG,Rosenberg,TX,123--6--,407.0,2933N 09548W
US,RJT,Roseton,NY,1-------,1201.0,4134N 07400W
US,RV9,Roseville,NC,1-------,1107.0,
US,RSK,Rosiclare,IL,1-3--6--,601.0,3725N 08821W
US,RYN,Roslyn Heights,NY,1----6--,1001.0,4047N 07338W
US,RAJ,Rotterdam,NY,123-----,407.0,4247N 07358W
US,R5W,Rowena,SD,1-------,1401.0,4331N 09633W
US,ZRE,Rowlett,TX,123--6--,307.0,3254N 09633W
US,YRF,Ruffin,SC,123--6--,307.0,3300N 08048W
US,YRD,Runnemede,NJ,123--6--,307.0,3951N 07504W
US,ZRY,Rye,NY,123--6--,307.0,4058N 07341W
US,ZHB,Sabetha,KS,123--6--,307.0,3954N 09548W
US,SBB,Sabina,OH,123--6--,307.0,3929N 08338W
US,SAB,Sabine,TX,1-3-----,105.0,
US,QSK,Saco,ME,123-----,607.0,4330N 07027W
US,SAC,Sacramento,CA,1--4----,1101.0,3834N 12129W
US,RV4,Saddle River,NJ,1----6--,1001.0,4101N 07406W
US,GXH,Sag Harbor,NY,1-------,1201.0,4101N 07218W
US,SP2,Sagaponack,NY,1-3-----,607.0,4055N 07217W
US,XSG,Sagola,MI,123--6--,307.0,4605N 08804W
US,SA3,Saint Albans,WV,123-----,1101.0,3823N 08149W
US,S7T,Saint Charles,MO,1-------,1301.0,3847N 09030W
US,SKZ,Saint Clair,PA,123--6--,307.0,4043N 07611W
US,CS4,Saint Clair Shores,MI,1-3--6--,1101.0,4229N 08253W
US,ST9,Saint George,ME,1----6--,1101.0,4401N 06911W
US,STG,Saint George Island,AK,1--4----,1101.0,
US,STH,Saint Helens,OR,1-3-----,1101.0,
US,HZA,Saint Henry,OH,123--6--,307.0,4025N 08438W
US,JSY,Saint James City,FL,1-3--6--,1101.0,2629N 08205W
US,JO4,Saint Johns,FL,1-------,1401.0,3005N 08135W
US,TOU,Saint Johnsville,NY,1-3-----,1101.0,4300N 07441W
US,YSJ,Saint Joseph,LA,123--6--,307.0,3155N 09114W
US,UTS,Saint Louis,LA,1-3-----,1101.0,3015N 09114W
US,STL,Saint Louis,MO,1-34----,1601.0,3837N 09011W
US,OK9,Saint Louis,OK,1----6--,1101.0,3504N 09651W
US,STP,Saint Paul,MN,1-34----,1101.0,
US,S67,Saint Paul Park,MN,1-3-----,1401.0,4450N 09259W
US,6TT,Saint Pete Beach,FL,1-3-----,1401.0,2743N 08244W
US,PIE,Saint Petersburg,FL,1234----,1101.0,2746N 08241W
US,SRE,Saint Rose,LA,123-----,1101.0,2957N 09019W
US,XTM,Saint Thomas,PA,1-3--6--,307.0,3955N 07747W
US,SLM,Salem,MA,1-3-----,105.0,
US,S2B,Salemburg,NC,1-------,907.0,3556N 07811W
US,IOR,Samoa,CA,12------,507.0,4047N 12412W
US,ZSI,San Acacio,CO,1-3--6--,307.0,3712N 10533W
US,SAN,San Diego,CA,1-34----,1101.0,3242N 11709W
US,SFO,San Francisco,CA,1--45---,9601.0,
US,SJC,San Jose,CA,1--4----,9506.0,
US,ZXZ,San Lucas,CA,1-3-----,1401.0,3607N 12101W
US,SXF,San Mateo,CA,1-3-----,105.0,
US,SPQ,San Pedro,CA,1--4----,9601.0,
US,BMH,Sandoval,IL,123-----,507.0,3837N 08907W
US,ZDS,Sands Point,NY,1-3--6--,307.0,4051N 07343W
US,SKY,"Sandusky, Erie",OH,1234----,501.0,4126N 08242W
US,SYP,Sandy Point,ME,1-3-----,105.0,
US,YSG,Sandy Springs,GA,1-3--6--,307.0,3355N 08422W
US,FU7,Sanford,MI,1----6--,1201.0,4340N 08422W
US,SBA,Santa Barbara,CA,1-34----,9601.0,
US,SRU,Santa Cruz,CA,1--4----,9506.0,
US,JQJ,Santa Rosa Beach,FL,1-------,701.0,3024N 08614W
US,RO2,Santa Rosa Island,CA,1-------,901.0,3357N 12006W
US,SA6,Santee,SC,1-------,1201.0,3328N 08029W
US,SRN,Saranac,MI,123--6--,307.0,4255N 08512W
US,ZOR,Sarasota,FL,123-----,607.0,2720N 08232W
US,S4Y,Sarita,TX,1-3-----,1401.0,2713N 09747W
US,ZOP,Satsop,WA,123--6--,307.0,4700N 12328W
US,SSM,Sault Sainte Marie,MI,1--4----,1101.0,
US,JMC,Sausalito,CA,1-34----,1701.0,
US,SAV,Savannah,GA,1--4----,9601.0,
US,TSA,Savannah,TN,1-3-----,507.0,3513N 08814W
US,XNA,Sayreville,NJ,123-----,307.0,4027N 07421W
US,QJZ,Scales Mound,IL,1----6--,1201.0,4228N 09015W
US,S44,Scio,OR,1-------,1401.0,4442N 12250W
US,XOT,Scott,MS,123--6--,307.0,3335N 09104W
US,STZ,Scottsdale,AZ,1-3--6--,401.0,3330N 11153W
US,TTS,Scottsville,VA,123-----,701.0,3747N 07829W
US,7OL,Sea Cliff,NY,1-3-----,1401.0,4050N 07338W
US,SRP,Searsport,ME,1-3-----,105.0,
US,SEA,Seattle,WA,1--45---,9601.0,4736N 12220W
US,YSB,Sebree,KY,123--6--,307.0,3736N 08731W
US,SE4,Sedan,KS,1-------,1201.0,3707N 09611W
US,OSM,Selma,OR,1-3-----,407.0,4216N 12336W
US,XSK,Shaker Heights,OH,123--6--,307.0,4128N 08132W
US,SR4,Shalimar,FL,123-----,607.0,3027N 08635W
US,YSH,Shamokin,PA,123--6--,307.0,4047N 07633W
US,YSD,Shedd,OR,123--6--,307.0,4427N 12306W
US,NE5,Shelby,NE,1-3-----,1401.0,4111N 09725W
US,Z4X,Sheldon,WI,1-3-----,1401.0,4518N 09057W
US,XSI,Shelter Island,NY,1-3--6--,307.0,4104N 07220W
US,ZSO,Sherborn,MA,123-----,307.0,4214N 07122W
US,XSH,Shingle Springs,CA,123--6--,307.0,3839N 12055W
US,SBQ,Ship Bottom,NJ,1-------,701.0,3939N 07411W
US,IPX,Ship Island,MS,1-------,1201.0,3012N 08857W
US,XSY,Short Hills,NJ,1-3--6--,307.0,4044N 07419W
US,S7I,Sidney,KY,1-------,1401.0,3737N 08221W
US,SI7,Sierra Vista,CA,1-------,1201.0,3709N 12017W
US,ZVA,Silva,MO,1-------,1201.0,3710N 09028W
US,SIB,Silver Bay,MN,1-3-----,105.0,
US,VKY,Silver Grove,KY,123-----,701.0,3902N 08423W
US,XVN,Silverton,OR,123--6--,307.0,4500N 12246W
US,2SI,Sinton,TX,1-3-----,1401.0,2802N 09730W
US,SUX,Sioux City,IA,1--4----,207.0,
US,YER,Sisters,OR,1-3--6--,307.0,4417N 12132W
US,SGY,Skagway,AK,1--4----,9506.0,
US,SI2,Sledge Island,AK,1-3-----,607.0,6429N 16612W
US,SK4,Smackover,AR,1-------,901.0,3321N 09243W
US,YSV,Smelterville,ID,1-3--6--,307.0,4732N 11610W
US,ITN,Smithton,PA,123--6--,407.0,4009N 07944W
US,YSK,Smokey Point,WA,1-3--6--,307.0,4809N 12210W
US,S7Y,Smyrna,NC,1-------,1401.0,3445N 07631W
US,SE3,Soap Lake,WA,123--6--,1001.0,4723N 11929W
US,YSS,Soda Springs,ID,123--6--,307.0,4239N 11136W
US,SOD,Sodus Point,NY,1-3-----,105.0,
US,OMU,Solomons,MD,1-3-----,701.0,3819N 07627W
US,SS3,Somerset,MA,1-3--6--,607.0,4144N 07110W
US,ACJ,South Bend,WA,1-3-----,105.0,
US,ODT,South Dartmouth,MA,1-3--6--,607.0,4135N 07056W
US,QPZ,South Fallsburg,NY,1-------,1107.0,
US,YSY,South Glastonbury,CT,1----6--,901.0,4141N 07235W
US,ZYX,South Hamilton,MA,1-------,1201.0,4236N 07052W
US,SOH,South Haven,MI,1-3-----,105.0,
US,XSJ,South Jordan,UT,123--6--,307.0,4033N 11155W
US,S7K,South Kingstown,RI,1-------,1307.0,4126N 07131W
US,AA9,South Mills,NC,1-3-----,1401.0,3626N 07619W
US,2OG,South Ogden,UT,1-------,1401.0,4111N 11158W
US,OZN,South Ozone Park,NY,1----6--,1001.0,4040N 07349W
US,PXD,South Padre Island,TX,1-3-----,1101.0,2606N 09709W
US,SPT,South Saint Paul,MN,1234----,1101.0,4453N 09303W
US,S8K,South Salt Lake,UT,1-3-----,1401.0,4043N 11153W
US,QSW,South Walpole,MA,1-3-----,307.0,4206N 07115W
US,IOH,South Willamsport,PA,123-----,701.0,4114N 07700W
US,UWH,South Windham,CT,123--6--,601.0,4141N 07210W
US,HH7,Southhaven,MS,1-3-----,1401.0,3459N 09007W
US,7BA,Speedwell,TN,1-3-----,1401.0,3627N 08352W
US,RWQ,Spencer,IN,1----6--,901.0,3917N 08645W
US,ECR,Spencer,NC,123-----,407.0,3541N 08026W
US,LX8,Spillville,IA,1----6--,1201.0,4312N 09157W
US,XXO,Spotsylvania,VA,1----6--,901.0,3812N 07735W
US,QSG,Spring Green,WI,123--6--,307.0,4310N 09004W
US,SG3,Spring Grove,IL,1-3-----,607.0,4226N 08811W
US,ZSG,Spring Grove,PA,123-----,307.0,3952N 07651W
US,S3G,Spring Grove,VA,1-------,1201.0,3716N 07951W
US,PGY,"Spring Valley, San Diego",CA,1-3--6--,501.0,3244N 11659W
US,SFY,Springfield,MA,1-3-----,105.0,
US,XPG,"Springville, Suffolk",NY,1----6--,901.0,4052N 07232W
US,YSP,Sproul,PA,1-3--6--,307.0,4016N 07827W
US,SR9,Stansbury park,UT,1----6--,1201.0,4038N 11217W
US,YRX,Star,NC,1----6--,901.0,3524N 07947W
US,RL5,Starlight,IN,1----6--,1201.0,3824N 08553W
US,XAR,Starr,SC,123--6--,307.0,3422N 08241W
US,UYU,Staten Island,NY,1-3-----,1807.0,4035N 07409W
US,QQX,Steelton,PA,1----6--,901.0,4014N 07650W
US,ZSP,Stephen,MN,1234-6--,307.0,4827N 09652W
US,TEP,Stephentown,NY,1-3--6--,307.0,4232N 07322W
US,SGI,Sterling,IL,123-----,401.0,4147N 08941W
US,ZSB,Stevensburg,VA,1-3--6--,307.0,3826N 07754W
US,TWM,"Stewart, McLeod",MN,123--6--,501.0,4443N 09421W
US,SKT,Stickney,IL,123--6--,401.0,4149N 08746W
US,LLM,Stillmore,GA,1-3--6--,307.0,3226N 08212W
US,TIS,Stillwater,MN,123-----,607.0,4503N 09248W
US,TK9,Stockett,MT,1----6--,1201.0,4721N 11110W
US,SCK,Stockton,CA,1-34----,1101.0,3757N 12117W
US,SGN,Stonington,CT,123--6--,607.0,4120N 07154W
US,S8T,Stony Point,NY,1-------,1301.0,4113N 07359W
US,NYI,"Stony Point, Rockland",NY,123--6--,607.0,4114N 07359W
US,SO9,Stookey,IL,1----6--,1201.0,3830N 09005W
US,ZST,Stormville,NY,1-------,201.0,4134N 07344W
US,VOW,Stow,NY,1-3-----,901.0,4209N 07924W
US,QST,Stoystown,PA,123--6--,307.0,4006N 07856W
US,TFO,Stratford,WI,1-3-----,601.0,4448N 09004W
US,HJD,Sugar City,ID,1-3-----,1101.0,4352N 11144W
US,ZSU,Sugarcreek,OH,123--6--,307.0,4030N 08138W
US,ASZ,Sumiton,AL,123-----,507.0,3345N 08703W
US,SK3,Summerland Key,FL,1-3-----,607.0,2439N 08127W
US,SUT,Sunny Point,NC,1-------,101.0,3359N 07757W
US,SUW,Superior,WI,1--4----,9601.0,
US,UIT,Susitna,AK,1-------,1201.0,6132N 15030W
US,ZSD,Sutherland,VA,1-3--6--,307.0,3711N 07733W
US,ZYY,Suttons Bay,MI,123-----,607.0,4458N 08539W
US,ZS2,Swoope,VA,1-------,1201.0,3809N 07912W
US,YL9,Sylvania,OH,1----6--,1201.0,4143N 08342W
US,SYR,Syracuse,NY,1--4----,1.0,
US,TB3,Tabor,SD,1-------,1201.0,4256N 09739W
US,QTB,Tabor City,NC,1-3--6--,307.0,3408N 07852W
US,TIW,Tacoma,WA,1--4----,9601.0,
US,TCH,Taconite Harbor,MN,1-3-----,401.0,4731N 09055W
US,TFT,Taft,LA,1-3-----,1207.0,2959N 09026W
US,TA3,Tahuya,WA,1-------,1207.0,4722N 12303W
US,ZAO,Taintor,IA,1-3--6--,307.0,4130N 09244W
US,YTL,Talent,OR,123-----,307.0,4214N 12247W
US,TA2,Talihina,OK,1-------,1201.0,3445N 09502W
US,YTA,"Tallassee, Elmore",AL,1-3--6--,607.0,3232N 08553W
US,TRK,Tamarac,FL,123--6--,307.0,2612N 08015W
US,TMM,Tamms,IL,123--6--,307.0,3714N 08916W
US,TPA,Tampa,FL,1--45---,9601.0,
US,XTS,Tams,WV,123--6--,307.0,3739N 08118W
US,TBJ,Tanaga Bay,AK,1-------,1201.0,5144N 17802W
US,ZTG,Tangent,OR,123-----,307.0,4432N 12306W
US,ZKL,Tarpon Springs,FL,1----6--,907.0,2845N 02845W
US,TWZ,Tarrytown,NY,123-----,607.0,4104N 07352W
US,TDI,Tatoosh Island,WA,1-------,1201.0,4823N 12444W
US,TNE,Tavernier,FL,1-3--6--,601.0,2500N 08031W
US,UTA,Tchula,MS,123-----,601.0,3311N 09013W
US,TMZ,Tecumseh,MO,1-3-----,607.0,3635N 09218W
US,TSL,Ten Sleep,WY,1-3--6--,307.0,4402N 10727W
US,ZNH,Tenants Harbour,ME,1-3--6--,607.0,4357N 06913W
US,VVC,Terra Bella,CA,1-3-----,1401.0,3557N 11902W
US,NJQ,Terrebonne,OR,1----6--,1201.0,4421N 12110W
US,QTY,Terry,MS,123--6--,307.0,3205N 09017W
US,TXT,Texas City,TX,1-3-----,105.0,
US,CY2,The Colony,TX,1-3--6--,607.0,3305N 09653W
US,OJL,Thenard,CA,1-3-----,701.0,3347N 11814W
US,TPS,Thompson,OH,1-3--6--,307.0,4141N 08103W
US,THF,Thompson Falls,MT,123--6--,607.0,4736N 11521W
US,TPW,Thompsontown,PA,1-3-----,307.0,4049N 07837W
US,QTF,Three Forks Junction,MT,1-3--6--,307.0,4553N 11135W
US,OI7,Three Oaks,MI,1-3-----,1401.0,4147N 08636W
US,XTN,Tiburon,CA,1-3--6--,307.0,3752N 12227W
US,ZTR,Tillar,AR,123--6--,307.0,3342N 09127W
US,TL8,Tillson,NY,1----6--,1007.0,4149N 07404W
US,XTE,Timmonsville,SC,123-----,307.0,3408N 07956W
US,TQT,Tionesta,PA,1----6--,1007.0,4129N 07927W
US,TSI,Tishomingo,OK,1-3-----,601.0,3415N 09641W
US,TOL,Toledo,OH,1--4----,207.0,"4139N, 08332W"
US,QTH,Tomah,WI,123--6--,307.0,4358N 09030W
US,YTO,Tomhicken,PA,1-3--6--,307.0,4058N 07605W
US,TKN,Tomkins Cove,NY,1-------,1201.0,4115N 07359W
US,QTO,Tonica,IL,123--6--,307.0,4112N 08904W
US,QTN,Tornillo,TX,123--6--,307.0,3126N 10605W
US,TTV,"Tottenville, Staten Island",NY,1-3-----,601.0,4031N 07415W
US,ZTU,Toughkenamon,PA,123-----,307.0,3949N 07545W
US,T5W,Tow,TX,1-3-----,1401.0,3053N 09828W
US,TC4,Town and Country,MO,1-------,1401.0,3836N 09027W
US,TFG,Trafalgar,IN,1-3--6--,307.0,3924N 08609W
US,TFR,Transfer,PA,1-3-----,401.0,4119N 08025W
US,T2R,Trempealeau,WI,1-------,901.0,4420N 09131W
US,8YI,Tres Pinos,CA,1-3-----,1401.0,3647N 12119W
US,TNV,Triangle,VA,1-3--6--,701.0,3833N 07720W
US,YTC,Tri-Cities,WA,1-3--6--,307.0,4615N 11907W
US,QTI,Trinity,AL,123-----,307.0,3335N 08552W
US,OYY,Troy,IN,123--6--,607.0,3800N 08648W
US,TRY,Troy,NY,1-3-----,1101.0,4243N 07341W
US,TMN,Trumann,AR,123--6--,307.0,3540N 09030W
US,ZNT,Tryon,NC,123--6--,307.0,3512N 08214W
US,TBZ,Tubac,AZ,1----6--,901.0,3137N 11103W
US,XTY,Tuckahoe,NY,123--6--,307.0,4053N 07224W
US,UQQ,Tulalip,WA,1-3-----,901.0,4804N 12217W
US,TNI,Tunica,MS,123--6--,307.0,3441N 09022W
US,TP2,Tupper Lake,NY,1-------,1201.0,4413N 07428W
US,M4U,Turners Falls,MA,1-3-----,1801.0,4235N 07233W
US,TT9,Tuscan,NY,1-------,1107.0,4235N 07446W
US,TW2,Twin Lake,MI,1-------,1201.0,4321N 08609W
US,ZYI,Tybee Island,GA,1-3-----,307.0,3200N 08050W
US,TE8,Tyee,AK,1-------,901.0,5703N 13433W
US,4TP,Ulm,AR,1-3-----,1301.0,3434N 09127W
US,3DV,Ulupalakua,HI,1-3-----,1401.0,2039N 15623W
US,9QA,Umpqua,OR,1-3-----,1401.0,4321N 12328W
US,ZUC,Union Center,WI,123-----,307.0,4341N 09016W
US,YUG,Union Gap,WA,123-----,307.0,4633N 12028W
US,UT2,Uniontown,KY,123-----,607.0,3746N 08756W
US,UHI,Unity,ME,123-----,407.0,4436N 06920W
US,UKK,University Park,TX,1----6--,901.0,3251N 09648W
US,YUP,Upper Brookville,NY,1-3-----,307.0,4050N 07333W
US,QUS,Upper Saint Regis,NY,1-3--6--,307.0,4424N 07416W
US,UCR,Urbancrest,OH,1-3--6--,607.0,3954N 08305W
US,UWC,Uwchland,PA,1-3--6--,307.0,4004N 07541W
US,UXX,Uxbridge,MA,123-----,307.0,4204N 07137W
US,VDZ,Valdez,AK,1-34----,2101.0,6106N 14612W
US,8QA,Vallecito,CA,1-3-----,1401.0,3805N 12028W
US,VLS,Van Alstyne,TX,123--6--,307.0,3325N 09634W
US,VBE,Van Buren,WI,123--6--,701.0,4240N 09043W
US,VGS,Vanceburg,KY,123--6--,607.0,3836N 08319W
US,VAN,Vancouver,WA,1-3-----,105.0,
US,YVR,Varnell,GA,123--6--,307.0,3454N 08458W
US,YVI,Vashon Island,WA,1-3--6--,307.0,4725N 12228W
US,VN3,Venice,LA,1-------,901.0,2916N 08921W
US,VNT,Ventura,CA,1-3-----,401.0,3416N 11917W
US,OXR,Ventura-Oxnard Apt,CA,1-34----,9506.0,
US,VE9,Vermilion,OH,1-3-----,1401.0,4125N 08221W
US,VKB,Vicksburg,MI,1----6--,901.0,4207N 08531W
US,VKS,Vicksburg,MS,1--4----,207.0,
US,3DU,Victor,CA,1-3-----,1401.0,3808N 12112W
US,VMD,Vienna,MD,1-------,901.0,3829N 07549W
US,VJ2,Villard Junction,WA,123-----,701.0,4610N 11900W
US,3TR,Vineburg,CA,1-3-----,1401.0,3816N 12226W
US,VED,Vineyard,UT,123-----,601.0,4019N 11145W
US,VIX,Viola,WI,1----6--,1007.0,3027N 04013W
US,VOT,Violet,LA,123-----,701.0,2953N 08953W
US,VIR,Viroqua,WI,123--6--,307.0,4333N 09053W
US,WR4,Wading River,NY,1-------,1201.0,4057N 07250W
US,WY2,Wadley,AL,123--6--,607.0,3307N 08534W
US,WW9,Wadmalaw Island,SC,1-3-----,1201.0,3240N 08010W
US,QWD,Waelder,TX,123--6--,307.0,2941N 09717W
US,WG2,Waggaman,LA,1-------,901.0,2955N 09012W
US,9AI,Waianae,HI,1-3-----,1401.0,2126N 15811W
US,WH7,Waianae,HI,1-------,1307.0,2126N 15811W
US,WA7,Wakeman,OH,1-------,1201.0,4115N 08223W
US,8UY,Waldo,OH,1-3-----,1401.0,4027N 08304W
US,WU7,Walnut,IA,1----6--,1201.0,4128N 09513W
US,H9S,Walnut Shade,MO,1-3-----,1401.0,3643N 09311W
US,WA4,Walsh,CO,1----6--,1107.0,3723N 10216W
US,YWD,Ward,SC,123-----,307.0,3351N 08143W
US,ASS,Ware Shoals,SC,1-3-----,407.0,3423N 08214W
US,VWR,Warren,OR,123-----,607.0,4549N 12251W
US,JCQ,Warrensburg,IL,1----6--,1001.0,3955N 08903W
US,RRT,Warroad,MN,1--4----,9601.0,
US,WZS,Warsaw,KY,1-3-----,701.0,3847N 08454W
US,WTU,Wartburg,TN,1-3--6--,307.0,3606N 08435W
US,KJH,Washington,CT,1----6--,901.0,4139N 07319W
US,WAB,Washington,GA,123-----,207.0,3344N 08244W
US,HQJ,Washington,LA,1----6--,1107.0,
US,W9A,Washington Terrace,UT,1-------,1401.0,4110N 11158W
US,WVA,Water Valley,MS,123--6--,307.0,3409N 08937W
US,WPF,Waterproof,LA,123--6--,601.0,3148N 09122W
US,999,Waterville,PA,1-3-----,1401.0,4113N 07622W
US,UGN,Waukegan,IL,1-34----,1101.0,4221N 08750W
US,WQU,Wauna Range,OR,1-------,1201.0,4609N 12324W
US,WUP,Waupaca,WI,123--6--,307.0,4421N 08905W
US,ZAL,Waverly Hall,GA,123--6--,307.0,3241N 08444W
US,YWZ,Wayzata,MN,123-----,701.0,4458N 09330W
US,XBW,Webb City,MO,123--6--,307.0,3708N 09427W
US,AFW,"Webster, Harris",TX,123--6--,601.0,2932N 09507W
US,EOM,Welcome,LA,1-3-----,401.0,3003N 09052W
US,WCO,Welcome,NC,123--6--,401.0,3554N 08015W
US,3OL,Wellfleet,MA,1-3-----,1401.0,4156N 07002W
US,WNH,Wentworth,NH,1-3--6--,601.0,4352N 07155W
US,WEQ,West Allis,WI,1-3--6--,307.0,4301N 08800W
US,WBM,West Boylston,MA,123--6--,307.0,4222N 07147W
US,4WR,West Glocester,RI,1-3-----,1401.0,4155N 07147W
US,L3Y,West Grove,PA,1-3-----,1401.0,3949N 07549W
US,YWE,West Homestead,PA,123--6--,307.0,4023N 07954W
US,WLQ,West Long Branch,NJ,1-3--6--,307.0,4017N 07401W
US,JWQ,West Milton,OH,1----6--,1201.0,3957N 08419W
US,3TU,West Newton,MA,1-3-----,1401.0,4221N 07114W
US,PBI,West Palm Beach,FL,1--4----,9401.0,
US,WOT,West Point,NY,1-3-----,1101.0,4123N 07357W
US,WR3,West Portsmouth,OH,1-------,1201.0,3845N 08301W
US,ZDG,West Reading,PA,123--6--,307.0,4020N 07556W
US,XTR,West Rutland,VT,123--6--,307.0,4335N 07302W
US,YLY,West Sayville,NY,1----6--,901.0,4044N 07306W
US,WMU,West Yarmouth,MA,1-3--6--,601.0,4139N 07015W
US,WEP,Westampton,NJ,1-3--6--,307.0,4001N 07450W
US,WE2,Westerlo,NY,1----6--,1001.0,4230N 07402W
US,WY7,Weston,WY,1-3-----,1401.0,4438N 10520W
US,ZXQ,Westover,MD,1-3-----,1401.0,3807N 07542W
US,WPT,Westport,CA,1-3-----,106.0,3938N 12346W
US,3DC,Westwood,CA,1-3-----,1401.0,3403N 11825W
US,WWI,Weyauwega,WI,123-----,907.0,4419N 08855W
US,U3V,Weybridge,VT,1-3-----,1401.0,4403N 07312W
US,YWH,Whately,MA,123--6--,307.0,4226N 07238W
US,WKT,Whitakers,NC,123-----,307.0,3606N 07742W
US,XWE,White Lake,WI,123--6--,307.0,4509N 08845W
US,WXB,White Oak,PA,1-3--6--,907.0,4020N 07948W
US,ZTP,White Pine,MI,123--6--,307.0,4645N 08935W
US,XWT,Whitestown,IN,123--6--,307.0,3959N 08620W
US,WQA,Whitman,MA,1-3--6--,701.0,4205N 07056W
US,WMP,Whitmore Lake,MI,1-3--6--,607.0,4325N 07554W
US,WCP,Wicker Park,IL,1-3--6--,307.0,4154N 08740W
US,WC4,Wicomico Church,VA,1-3--6--,607.0,3749N 07624W
US,YWI,Wilcox,PA,123--6--,307.0,4134N 07841W
US,VTD,Wilder,VT,123-----,607.0,4340N 07219W
US,YWA,Willacoochee,GA,123-----,307.0,3120N 08302W
US,IIW,Williams,CA,123--6--,701.0,3909N 12209W
US,WUS,Williamsburg,IA,1-3--6--,607.0,4140N 09201W
US,IIM,Williamston,MI,123--6--,701.0,4241N 08417W
US,XZW,Willianstown,NY,1-3--6--,607.0,4325N 07553W
US,QWL,Willimantic,CT,123--6--,307.0,4142N 07212W
US,W26,Willow Park,TX,1----6--,1601.0,3245N 09739W
US,WPB,Wills Point,NJ,1-3--6--,607.0,2945N 09000W
US,WMA,Wilma,WA,123--6--,307.0,4640N 11708W
US,WTN,Wilmington,CA,1-3-----,212.0,3346N 11816W
US,ILG,Wilmington,DE,1--4----,9601.0,
US,ILM,Wilmington,NC,1--4----,1301.0,3413N 07756W
US,YST,Winchester,WA,1-3--6--,607.0,4715N 11943W
US,WMJ,Windham,CT,123-----,601.0,4142N 07209W
US,QZJ,Windsor,ME,1----6--,1201.0,4418N 06934W
US,WGX,Wingate,TX,1-3--6--,701.0,3203N 10007W
US,WGB,"Winnebago, Faribault",MN,1-3--6--,607.0,4346N 09411W
US,YEC,Winneconne,WI,1-3-----,607.0,4407N 08844W
US,ZTK,Winnetka,IL,123--6--,307.0,4206N 08744W
US,ONA,Winona,MN,1--4----,1101.0,4403N 09138W
US,WNK,Winooski,VT,1-3--6--,607.0,4429N 07312W
US,WNS,Winsted,CT,1-3--6--,307.0,4155N 07303W
US,ZIW,Winter Springs,FL,1-------,207.0,2841N 08118W
US,WQZ,Wintersville,OH,1-3--6--,307.0,4022N 08042W
US,WRP,Winterthur,DE,1-3--6--,607.0,3948N 07537W
US,WNF,Wisconsin Dells,WI,123-----,601.0,4337N 08946W
US,XWO,Wolcott,CT,1-3-----,307.0,4136N 07259W
US,TIE,Wolcottville,IN,123--6--,601.0,4131N 08522W
US,WFB,Wolfeboro,NH,1-3-----,701.0,4335N 07112W
US,8DC,Woodacre,CA,1-3-----,1401.0,3800N 12238W
US,8TT,Woodbury,NY,1-3-----,1401.0,4121N 07406W
US,UO4,Woodfin,NC,123--6--,901.0,3538N 08235W
US,WO7,Woodgate,NY,1-------,1201.0,4331N 07509W
US,8XC,Woodmere,NY,1-3-----,1401.0,4037N 07342W
US,8XD,Woodmere,OH,1-3-----,1401.0,4127N 08128W
US,WDZ,Woodside,CA,1-3--6--,701.0,3726N 12216W
US,WOV,Woodsville,NH,123--6--,601.0,4408N 07201W
US,YWR,Woolrich,PA,1-3--6--,307.0,4111N 07722W
US,ORH,Worcester,MA,1--4----,9601.0,
US,WXS,Wrightstown,WI,123-----,601.0,4419N 08810W
US,WUR,Wurtland,KY,1-3--6--,307.0,3833N 08246W
US,XYT,Wyatt,IN,123--6--,307.0,4131N 08610W
US,ZWK,Wyckoff,NJ,123--6--,307.0,4100N 07410W
US,QWW,Wynnewood,PA,1-3--6--,307.0,4000N 07516W
US,YAZ,Yazoo City,MS,123--6--,307.0,3251N 09024W
US,YOK,Yoke Bay,AK,1-------,601.0,5201N 17602W
US,YKB,York Beach,ME,1-3-----,501.0,4310N 07036W
US,ZYH,York Harbor,ME,1-3--6--,307.0,4308N 07038W
US,YTW,Youngstown,NY,1-3-----,407.0,4314N 07903W
US,8PR,Zamora,CA,1-3-----,1401.0,3847N 12152W
US,ZR9,Zirconia,NC,1----6--,1201.0,3514N 08224W
US,ZUM,Zumbrota,MN,1-3--6--,307.0,4417N 09240W
UY,CAR,Carmelo,,1-------,9701.0,
UY,CYR,Colonia,,1--4----,9701.0,
UY,CPP,Cuenca del Plata,,1-------,1007.0,1437S 04367W
UY,DZO,Durazno,,1--4----,9701.0,
UY,FZB,Fray Bentos,,1-------,9701.0,
UY,JIT,Jose Ignacio Terminal,,1-------,9701.0,
UY,JLC,Juan L. Lacaze,CO,1-------,1307.0,3426S 05727W
UY,LAP,La Paloma/Rocha,,1-------,9701.0,
UY,MER,Mercedes,,1-------,9701.0,
UY,MVD,Montevideo,,1--45---,9701.0,
UY,NVP,Nueva Palmira,,1-------,9701.0,
UY,PDU,Paysandu,,1--4----,9701.0,
UY,PIR,Piriapolis,MA,1-------,1307.0,3452S 05516W
UY,PDP,Punta del Este,,1--4----,9701.0,
UY,STY,Salto,,1--4----,9701.0,
UZ,AKT,Akaltyn,,1-3-----,601.0,4126N 06104E
UZ,ASA,Asaka,AN,1-3-----,1001.0,4038N 07214E
VC,CRP,Campden Park,,1-3-----,1207.0,1310N 06114W
VC,CAN,Canouan Island,,1-------,901.0,1243N 06119W
VC,GRG,Georgetown,,1-3--6--,607.0,1316N 06107W
VC,KTN,Kingstown,,1--45---,212.0,1308N 06113W
VC,MQS,Mustique Island,,1--4----,9501.0,
VC,BQU,"Port Elizabeth, Bequia",,1-34----,207.0,1300N 06113W
VC,SVD,Saint Vincent,,1--4----,1101.0,
VC,UNI,Union Island,,1--4----,9501.0,
VE,AMY,Amuay,,1-------,9501.0,
VE,ARA,Araya,,1-------,9501.0,
VE,BAV,Bachaquero/Maracaibo L,,1-------,9501.0,
VE,BJV,Bajo Grande/Maracaibo L,,1-------,9501.0,
VE,CBS,Cabimas/Maracaibo L,,1--4----,9501.0,
VE,CXA,Caicara de Orinoco,,1--4----,9501.0,
VE,CAR,Caripito,N,1-3-----,1301.0,1008N 06302W
VE,CUP,Carupano,,1--4----,9501.0,
VE,CHV,Chichiriviche,,1-------,9501.0,
VE,CHQ,Chiquinquira,V,1-3-----,1101.0,1026N 07138W
VE,CBL,Ciudad Bolivar,F,1--4----,212.0,0807N 06333W
VE,CGU,Ciudad Guayana,,1--4----,9501.0,
VE,CZE,Coro,,1--4----,9501.0,
VE,CUM,Cumana,,1--4----,9501.0,
VE,ELC,El Chaure,B,1-------,1007.0,1015N 06437W
VE,EGU,El Guamache,,1-------,9501.0,
VE,ELP,El Palito,,1-------,9501.0,
VE,ETV,El Tablazo/Maracaibo L,,1-------,9501.0,
VE,GUT,Guanta,,1-------,9501.0,
VE,GUA,Guaranao,,1-3-----,701.0,1142N 07009W
VE,GUB,Guaranao Bay,,1-------,9501.0,
VE,GUI,Guiria,,1--4----,9501.0,
VE,JOT,Jose Terminal,B,1-----7-,401.0,1006N 06451W
VE,LCV,La Ceiba/Maracaibo L,,1-------,9501.0,
VE,LEC,La Estacada,,1-------,9501.0,
VE,LAG,La Guaira,,1--4----,9501.0,
VE,LSV,La Salina/Maracaibo L,,1-------,9501.0,
VE,LVL,La Vela de Coro,,1-------,9501.0,
VE,LGY,Lagunillas,,1--4----,9501.0,
VE,LSP,Las Piedras,,1--4----,9501.0,
VE,MAR,Maracaibo,,1--45---,9501.0,
VE,MTV,Matanzas,,1-------,9501.0,
VE,MOR,Moron,G,1-3-----,2101.0,1029N 06812W
VE,PMR,Palmarejo/Maracaibo L.,,1-------,9506.0,
VE,PLA,Palua,,1--4----,212.0,0821N 06240W
VE,PMP,Pampatar,,1-------,9501.0,
VE,PCT,Paracotos,L,1----6--,901.0,1016N 06657W
VE,PAR,Paradero,,1-------,9501.0,
VE,PRC,Paraguana Refinery Center,,1-------,907.0,1137N 07014W
VE,PRG,Pertigalete,,1-------,9501.0,
VE,PTZ,Petrozuata,,1-------,907.0,1009N 06451W
VE,PYH,Puerto Ayacucho,,1--4----,9501.0,
VE,PBL,Puerto Cabello,,1--4----,9501.0,
VE,PCO,Puerto Carenero,R,1-3-----,307.0,1029N 06410W
VE,CMR,Puerto Cumarebo,I,1-3-----,1301.0,1129N 06921W
VE,PHO,Puerto de Hierro,,1-------,9501.0,
VE,PCZ,Puerto La Cruz,,1-------,9501.0,
VE,MIV,Puerto Miranda/Maracaibo L.,,1-------,9501.0,
VE,PZO,Puerto Ordaz,,1--4----,9501.0,
VE,PPZ,Puerto Paez,,1--4----,212.0,0613N 06727W
VE,PSU,Puerto Sucre,,1-------,9501.0,
VE,PCA,Punta Camacho,,1-------,9501.0,
VE,PCN,Punta Cardon,I,1-------,212.0,1139N 07013W
VE,PCU,Punta Cuchillo,,1-------,9501.0,
VE,PLV,Punta de Palmas,,1-------,9501.0,
VE,PPD,Punta de Piedra,,1-------,9501.0,
VE,PFI,Punto Fijo,I,1-3-----,1301.0,1141N 07011W
VE,SFX,San Felix,,1-------,9501.0,
VE,SFD,San Fernando de Apure,,1--4----,9501.0,
VE,SLV,San Lorenzo/maracaibo L,,1-------,2407.0,0947N 07104W
VE,TJV,Tia Juana/Maracaibo L,,1-------,9501.0,
VE,TUR,Turiamo,,1-------,9501.0,
VE,YUR,Urena,S,1-3--6--,307.0,0755N 07227W
VG,EIS,"Beef Island, Tortola",,1--4----,9501.0,
VG,JVD,Jost Van Dyke,,1-------,901.0,1827N 06444W
VG,NIS,Norman Island,,1-------,901.0,1819N 06437W
VG,PUR,Port Purcell,,1----6--,1001.0,1825N 06436W
VG,RAD,"Road Town, Tortola",,1--45---,9501.0,
VG,SHO,Sopers Hole,,1-------,901.0,1823N 06442W
VG,TOV,Tortola,,1--4----,9501.0,
VI,CHA,"Charlotte Amalie, Saint Thomas",,1-------,1101.0,
VI,CTD,"Christiansted, Saint Croix",,1-------,1707.0,1745N 06445W
VI,CZB,"Cruz Bay, Saint John",,1-3-----,1101.0,1820N 06448W
VI,ENP,Enighed Pond,,1-------,701.0,
VI,FRD,"Frederiksted, Saint Croix",,1-------,1101.0,
VI,HOC,Hovic,,1-------,9501.0,
VI,LIB,Limetree Bay,,1-------,9501.0,
VI,PAX,Port Alucroix,,1-3--6--,607.0,1742N 06446W
VI,STT,Saint Thomas,,1--4----,212.0,1821N 06456W
VN,OTW,B12 Oil Terminal,13,1-------,1101.0,2057N 10303E
VN,BNO,Ba Ngoi,34,1-3-----,1101.0,1154N 10909E
VN,BHO,Bach Ho,40,1-------,901.0,0950N 10800E
VN,BAO,Bao Loc,35,1-------,901.0,
VN,BCD,Ben Dam Con Dao Terminals,43,1-------,901.0,0839N 10633E
VN,BNG,Ben Nghe,SG,1-3-----,1307.0,1045N 10644E
VN,TRE,Ben Tre,50,1-------,1607.0,1014N 10623E
VN,BEN,Benthuy,,1-------,9501.0,
VN,BDU,Binh Duong,27,1-3-----,701.0,
VN,BDG,Binh Duong Terminal,57,1-3-----,1707.0,1054N 10650E
VN,BLG,Binh Long Port,44,1-------,1107.0,1034N 10515E
VN,BMH,Binh Minh,,1-3-----,1007.0,1020N 10549E
VN,BSE,Bong Sen,,1-3-----,401.0,1041N 10646E
VN,HNH,Bong Son,,1-------,212.0,1426N 10901E
VN,CCU,Cai Cui Port,CT,1-3-----,1401.0,0959N 10630E
VN,TOT,Cai Mep,43,1-------,1401.0,1023N 10705E
VN,CMT,Cai Mep International Terminal,43,1-3-----,1207.0,1031N 10700E
VN,BAN,Cam Lam,34,123-----,401.0,1154N 10909E
VN,CPH,Cam Pha,,1-------,9501.0,
VN,CRB,Camranh,,1-------,9501.0,
VN,VCA,Can Tho,CT,1-34----,1307.0,1002N 10547E
VN,CLI,Cat Lai,SG,1-3-----,1307.0,1046N 10647E
VN,OCL,Cat Lai Oil Port,SG,1-3-----,1307.0,1044N 10646E
VN,CMY,Chan May Port,26,1-3-----,901.0,1620N 10800E
VN,CVE,Chua Ve Terminal,HP,1-3-----,1307.0,2052N 10642E
VN,CCA,Cua Cam Terminal,HP,1-3-----,1307.0,2052N 10641E
VN,CUA,Cua Lo,22,1-3-----,2101.0,1849N 10543E
VN,CUV,Cua Viet Port,25,1-3-----,401.0,1654N 10710E
VN,CLO,Culao,,1-3-----,401.0,1848N 10542E
VN,DAD,Da Nang,27,1--4----,1601.0,1604N 10813E
VN,DMO,Dam Mon,34,1-------,901.0,1240N 10924E
VN,DVU,Dinh Vu Terminal,HP,1-3-----,1307.0,2054N 10646E
VN,DXA,Doan Xa Terminal,HP,1-3-----,1307.0,2052N 10641E
VN,DN3,Dong Hai,23,1-3-----,1307.0,1810N 10617E
VN,DOH,Dong Hoi,,1-------,9501.0,
VN,DNA,Dong Nai,,1-3-----,401.0,1805N 10619E
VN,DTH,Dong Thap,,1-3-----,401.0,1029N 10534E
VN,DXN,Dong Xuyen Port,43,1-3-----,1601.0,1024N 10706E
VN,DQT,Dung Quat,29,1-34-6--,701.0,1524N 10842E
VN,GDA,Go Dau A Terminal,39,1-3-----,901.0,1039N 10701E
VN,GDB,Go Dau B Terminal,39,1-3-----,901.0,1037N 10701E
VN,HLG,Ha Long,13,1-3-----,2207.0,2057N 10704E
VN,HAT,Ha Tinh,,1-------,9501.0,
VN,HDG,Hai Duong,61,1-3-----,901.0,
VN,HSN,Hai Son,DN,1-3-----,401.0,1606N 10814E
VN,HPH,Haiphong,HP,1234----,2407.0,2051N 10641E
VN,HAN,Hanoi,HN,1--45---,1607.0,2102N 10551E
VN,SPC,Hiep Phuoc Port,SG,1-3-----,1307.0,1038N 10645E
VN,SGN,Ho Chi Minh City,SG,1-3456--,1307.0,1046N 10640E
VN,VIC,"Ho Chi Minh, VICT",,1-------,212.0,
VN,HAA,Hoai An,,1-------,9501.0,
VN,HIA,Hoi An,,1-------,9501.0,
VN,HCH,Hon Chong,,1-------,9501.0,
VN,HLP,Hon La Port,24,1-------,1707.0,1756N 10631E
VN,HON,Hongai,,1-------,9501.0,
VN,HUI,Hue,,1--4----,9501.0,
VN,HYN,Hung Yen,66,1-3-----,901.0,
VN,STR,ICD Sotrans,SG,1-3--6--,1307.0,1049N 10645E
VN,ITX,ICD TRANSIMEX THU DUC,SG,1-3--6--,1407.0,1050N 10645E
VN,KHU,Khonh Hung,,1-------,9501.0,
VN,KYQ,Ky Ha Quang Nam Terminal,27,1-3-----,901.0,1528N 10841E
VN,KYH,Ky Ha Terminal,27,1-3-----,901.0,1529N 10841E
VN,LAP,Long An International Port,41,1-------,1601.0,1032N 10644E
VN,LBN,Long Binh,,1-3-----,1001.0,1115N 10690E
VN,LBT,Long Binh Tan,39,1-3-----,401.0,1056N 10650E
VN,LTH,Long Thanh,,1-------,1001.0,1047N 10657E
VN,LPO,Lotus Port,SG,1-3-----,1801.0,1044N 10644E
VN,MOC,Mong Cai,,1-------,9501.0,
VN,MUT,My Tho,,1-------,9501.0,
VN,MTH,My Thoi,53,1-3-----,401.0,1021N 10621E
VN,NCN,Nam Can Port,59,1-3-----,1601.0,0849N 10501E
VN,NMD,Nam Dinh,,1-------,9501.0,
VN,NHD,Nam Hai Dinh Vu Port,HP,123-----,1601.0,2049N 10651E
VN,NGT,Nghe Tinh,,1-3-----,401.0,2024N 10609E
VN,NGH,Nghi Son,,1-3-----,212.0,1920N 10550E
VN,NVT,Nguyen Van Troi Port,DN,1-3-----,401.0,1603N 10813E
VN,ONB,Nha Be Oil Port,SG,1-3-----,1307.0,1042N 10644E
VN,NHA,Nha Trang,,1--4----,9501.0,
VN,NHT,Nhon Trach,39,1-3--6--,1807.0,1043N 10651E
VN,NIH,Ninh Hoa,34,1-3-----,2001.0,1229N 10908E
VN,PHA,Phan Rang,,1--4----,9501.0,
VN,PHH,Phan Thiet,,1--4----,9501.0,
VN,PHB,Phu Bai,26,1-3-----,1001.0,1622N 10744E
VN,PHU,Phu My,,1-------,9901.0,
VN,PQC,Phu Quoc,,1--4----,2201.0,1013N 10358E
VN,PHG,Phuoc Long,,1-3-----,407.0,1043N 10657E
VN,IPH,Phuoc Long ICD,,1-3-----,501.0,1042N 10657E
VN,PHL,Phuoe Le,,1-------,9501.0,
VN,QBH,Quang Binh,24,1-3-----,401.0,1730N 10620E
VN,QUL,Quang Long,,1-------,9501.0,
VN,XNG,Quang Ngai,,1--4----,9501.0,
VN,QNH,Quang Ninh,13,1-3-----,401.0,1724N 10638E
VN,QUT,Quang Tri,,1-------,9501.0,
VN,UIH,Qui Nhon,31,1-34----,1301.0,1346N 10913E
VN,RDG,Rang Dong,,1-------,401.0,1000N 10820E
VN,RQU,Rao Qua,,1-3-----,401.0,1827N 10519E
VN,SAD,Sa Dec,45,1-3-----,401.0,1018N 10546E
VN,CSG,Sai Gon Port,SG,1-3-----,1307.0,1050N 10645E
VN,SIT,Saigon ITV/Phu My,43,1-3-----,1101.0,1036N 10701E
VN,OSP,Saigon Petro Oil Terminal,SG,1-3-----,1307.0,1045N 10647E
VN,SDP,Son Duong Port,23,1-------,1601.0,1806N 10627E
VN,SON,Song Doc,,1-------,1107.0,0709N 10405E
VN,SH9,Song Han 9,,1-3-----,1007.0,1603N 10813E
VN,STD,Su Tu Den,40,1-------,901.0,1025N 10824E
VN,TCG,Tan Cang,SG,1-------,407.0,
VN,TMT,Tan Cang - Mien Trung Terminal,31,1-3-----,1007.0,1346N 10914E
VN,HPP,Tan Cang Hiep Phuoc Port,SG,1-------,1501.0,1038N 10643E
VN,QNT,Tan Cang Qui Nhon,,1-3-----,1007.0,1346N 10950E
VN,TCN,Tan Canh,41,1-3-----,401.0,1439N 10750E
VN,TTD,Tan Thuan Dong,SG,1-3-----,401.0,1044N 10643E
VN,TAM,Tanamexco ICD,SG,1-3--67-,1401.0,
VN,TBI,Thang Binh,,1-------,9501.0,
VN,THO,Thanh Hoa,,1-------,9501.0,
VN,TPP,Thanh Phuoc Port,57,1-------,1301.0,1104N 10648E
VN,TNA,Thi Nai Port,31,1-3-----,901.0,1346N 10915E
VN,THD,Thu Dau Mot,05,1-3-----,901.0,1058N 10639E
VN,THU,Thuan An,31,1-3-----,401.0,1530N 10840E
VN,DTS,Tien Sa Terminal,DN,1-3-----,1401.0,1607N 10812E
VN,TNO,Tra Noc,,1-3-----,1007.0,1006N 10542E
VN,TVN,Transvina Terminal,HP,1-3-----,1307.0,2052N 10641E
VN,TBB,Tuy Hoa,,1--4----,9501.0,
VN,VPH,Van Phong,HP,1-------,2407.0,2048N 10652E
VN,VCH,Vat Cach,,1-------,1007.0,2053N 10636E
VN,LMP,Vietnam Lee & Man Port,73,1----6--,1601.0,2818N 10350E
VN,VHG,Vinalines Hau Giang Port,73,1-------,1801.0,0909N 10508E
VN,VNH,Vinh,22,1--4----,1101.0,1844N 10540E
VN,VLO,Vinh Loi,,1-------,9501.0,
VN,VLG,Vinh Long,,1-3-----,401.0,1014N 10558E
VN,VAG,Vung Ang,,1-------,1301.0,1804N 10626E
VN,VRO,Vung Ro,,1-3-----,1007.0,1251N 10925E
VN,VUT,Vung Tau,43,1-34----,1101.0,1021N 10704E
VU,LUG,Luganville,SAM,1-3-----,1501.0,1532S 16710E
VU,PSA,Port Sandwich,,1-------,9501.0,
VU,VLI,Port Vila,,1--45---,9501.0,
VU,SAN,Santo,,1-------,9501.0,
WF,HLO,Halalo,,1-3-----,2407.0,1320S 17613W
WF,MAU,Mata'utu,,1-3-5---,1901.0,1317S 17611W
WF,SIG,Sigave,,1-3-----,1901.0,1417S 17810W
WS,APW,Apia,,1--45---,9501.0,
WS,AAU,Asau,,1--4----,9501.0,
XZ,AAD,Aasgard,,1-------,212.0,6505N 00644E
XZ,SHA,Al Shaheen terminal,,1-------,207.0,2635N 05200E
XZ,ANU,Anoa Natuna,,1-------,207.0,0514N 10536E
XZ,ANT,Ardjuna,,1-------,207.0,0554S 10557E
XZ,BUV,Buffalo Venture,,1-------,501.0,
XZ,CMT,Camar Marine Terminal,,1-------,207.0,0618S 11300E
XZ,OCA,"Co-operation Zone A (AU,ID)",,1-------,9704.0,
XZ,DHS,Dai Hung (STS Load),,1-------,207.0,0852N 10318E
XZ,DHT,Dai Hung (Tandem Load),,1-------,207.0,0828N 10841E
XZ,DRA,Draugen,,1-------,212.0,6420N 00745E
XZ,DTL,Dulang Marine Terminal,,1-------,207.0,0548N 10410E
XZ,HEI,Heidrun,,1-------,212.0,6519N 00720E
XZ,KMT,Kakap Marine Terminal,,1-------,207.0,0501N 10557E
XZ,LAM,Laminaria Terminal,,1-------,212.0,1100S 12600E
XZ,LGT,Legendre Terminal,,1-------,501.0,
XZ,NJO,Njord,,1-------,212.0,6415N 00712E
XZ,NNE,Norne,,1-------,212.0,6600N 00759E
XZ,NTE,Northern Endeavour,,1-------,1601.0,
XZ,SBY,Sibuko Bay,,1-------,207.0,0351N 11806E
XZ,STP,Stage Platform,,1-------,501.0,
XZ,SUU,Suursaq,,1--4-6--,701.0,8049N 06638W
XZ,TGR,Tandjung Gerem,,1-------,207.0,0558N 10559E
XZ,WRT,Widuri Marine Terminal,,1-------,207.0,0440S 10639E
XZ,YET,Yetagun Field,,1-------,212.0,1303N 09651E
YE,ADE,Aden,,1--45---,9501.0,
YE,AHW,Ahwar,,1-------,9501.0,
YE,ELK,El Katieb,,1-------,9501.0,
YE,HAR,Harad,,1-------,9501.0,
YE,HAU,Haura,,1-------,9501.0,
YE,HOD,Hodeidah,,1--45---,401.0,1450N 04254E
YE,KHO,Khokha,,1-------,9501.0,
YE,LAD,Little Aden,AD,1-3-----,307.0,1244N 04452E
YE,MYN,Mareb,,1-34----,9501.0,
YE,MOK,Mokha,,1-------,9501.0,
YE,MKX,Mukalla,,1--4----,9501.0,
YE,PRM,Perim Island,TA,1-------,212.0,1239N 04325E
YE,RAK,Ras Al Kalib,,1-------,9501.0,
YE,RAI,Ras Isa Terminal,,1-------,212.0,1512N 04240E
YE,SYE,Sadah,,1-34----,9501.0,
YE,SAL,Saleef Port,,1-------,9501.0,
YE,SCT,Suqutra,,1--4----,212.0,1230N 05400E
YT,DZA,Dzaoudzi-Pamandzi Apt,,1--4----,1901.0,1248S 04517E
YT,KNK,Kani-Keli,,1-3-----,2201.0,1257S 04506E
YT,LON,Longoni,,1-3-----,1901.0,1243S 04510E
YT,MAM,Mamoudzou,,1-------,1901.0,1247S 04514E
ZA,AOB,Algoa Bay,,1-------,9501.0,
ZA,THR,Arcadia,EC,1-------,901.0,
ZA,BWA,Botswana,EC,1-3-----,901.0,
ZA,8GT,Bottelary,WC,1----6--,1601.0,3308S 01806E
ZA,CPT,Cape Town,WC,12345---,1207.0,3355S 01825E
ZA,ZBA,Coega,EC,1----6--,2107.0,3346S 02540E
ZA,DRU,De Rust,WC,1----6--,2007.0,3329S 02232E
ZA,DWK,De Waterkant,WC,1----6--,1801.0,3354S 01825E
ZA,DUR,Durban,KZN,12345---,1601.0,2951S 03101E
ZA,ELS,East London,,1234----,9501.0,
ZA,CTP,Eastern Cape,EC,1----6--,1201.0,3217S 02625E
ZA,EBY,Elands Bay,WC,1-------,1601.0,3218S 01819E
ZA,FHK,Fish Hoek,WC,1-3-----,901.0,
ZA,GSF,Garsfontein,GP,1-------,1601.0,2547S 02817E
ZA,GTY,Gately,EC,1-------,901.0,
ZA,3WC,Goudiniweg,WC,1----6--,1601.0,3436S 01919E
ZA,GRH,Grahamstown,EC,1-------,901.0,
ZA,IVI,Island View,KZN,1-------,701.0,2953S 03102E
ZA,RSS,Izmit,NL,1-------,901.0,
ZA,JTP,Jet Park,GT,1-------,901.0,2610S 02814E
ZA,KUU,Kasulu,,1----6--,1001.0,0434S 03006E
ZA,KOS,Kenton-on-Sea,EC,1-------,1601.0,3340S 02639E
ZA,BGR,Kingsford,,1----6--,1107.0,
ZA,2WC,Klipheuwel,WC,1----6--,1601.0,3342S 01842E
ZA,KKN,Komkans,WC,1-------,1707.0,3113S 01803E
ZA,KOM,Kommetjie,WC,1-3-----,1207.0,3408S 01819E
ZA,KYA,Kyalami,GP,1-3-----,407.0,
ZA,KOO,Langkloof,EC,1-------,901.0,
ZA,LER,Lerato,NC,1-3-----,1401.0,2934S 02131E
ZA,MD3,Madantsane,EC,1-3-----,1401.0,3257S 02746E
ZA,MWT,Maydon Whart,NL,1-3-----,901.0,
ZA,MDE,Meadowdale,GT,1-3-----,901.0,
ZA,MZY,Mossel Bay,,1--4----,9501.0,
ZA,EDG,Mount Edgecombe,NL,1-------,901.0,
ZA,NGG,New Germany,NL,1-3--6--,901.0,2948S 03053E
ZA,NNL,Nottingham Road,KZN,1----6--,1601.0,2921S 03000E
ZA,NUF,Nuffield Springs,,1-------,407.0,
ZA,PNL,Paardeneiland,,1-3-----,701.0,3355S 01828E
ZA,PEN,Pennington,KZN,1----6--,1601.0,3023S 03042E
ZA,PHX,Phoenix,EC,1-------,901.0,
ZA,PIT,Point,EC,1-------,901.0,
ZA,PED,Port Edward,,1-3-56--,601.0,3103S 03013E
ZA,PLZ,Port Elizabeth,,1--45---,9501.0,
ZA,NOL,Port Nolloth,,1-------,9501.0,
ZA,NGQ,Port of Ngqura,EC,1----6--,2407.0,3346S 02540E
ZA,JOH,Port Saint John's,EC,1-34----,212.0,3138S 02932E
ZA,RCB,Richards Bay,,1--4----,9501.0,
ZA,RWC,Riebeek West,WC,1----6--,1601.0,3321S 01852E
ZA,7WC,Riviersonderend,WC,1----6--,1601.0,3409S 01954E
ZA,SHM,Robertsham,EC,1-3-----,901.0,2615N 02801E
ZA,SDB,Saldanha Bay,,1--4----,9501.0,
ZA,ZE4,Sezela,KZN,1-3-----,1401.0,3025S 03041E
ZA,SID,Sidwell,EC,1-3-----,901.0,
ZA,SMN,Simon's Town,WC,1-3-----,212.0,3411S 01826E
ZA,SNL,Southbroom,KZN,1----6--,1601.0,3055S 03019E
ZA,STD,Strand,WC,123-----,507.0,3407S 01850E
ZA,STR,Struandale,EC,1-------,901.0,
ZA,VAC,Vaalcon,FS,123-----,407.0,
ZA,WAT,Waterfront,WC,1-------,901.0,
ZA,WWC,Wemmershoek,WC,1----6--,1601.0,3352S 01902E
ZA,WTN,Winterton,NL,1-------,901.0,
ZM,SIA,Siavonga,07,1-------,1401.0,1632S 02843E
ZW,CHE,Chegutu,MW,1----6--,1001.0,1808S 03009E
ZW,FLU,Filabusi,MS,1----6--,1601.0,2032S 02917E
ZW,GWA,Gwanda,MS,1----6--,1307.0,2056S 02900E
ZW,RSP,Rusape,MA,12------,1601.0,1832S 03207E
ZW,ZMZ,Zimbabwe,MV,1-3-----,1401.0,2016S 03055E
